^DUVM_INFO @ 0 ps: reporter [RNTST] Running test lc_ctrl_base_test...
UVM_INFO @         0 ps: [TPREGR] Original object type 'alert_esc_base_monitor' already registered to produce 'alert_monitor'.  Replacing with override to produce type 'alert_monitor'.
UVM_INFO @         0 ps: [TPREGR] Original object type 'alert_esc_base_driver' already registered to produce 'alert_receiver_driver'.  Replacing with override to produce type 'alert_receiver_driver'.
UVM_INFO @         0 ps: [TPREGR] Original object type 'alert_esc_base_monitor' already registered to produce 'alert_monitor'.  Replacing with override to produce type 'alert_monitor'.
UVM_INFO @         0 ps: [TPREGR] Original object type 'alert_esc_base_driver' already registered to produce 'alert_receiver_driver'.  Replacing with override to produce type 'alert_receiver_driver'.
UVM_INFO @         0 ps: [TPREGR] Original object type 'alert_esc_base_monitor' already registered to produce 'alert_monitor'.  Replacing with override to produce type 'esc_monitor'.
UVM_INFO @         0 ps: [TPREGR] Original object type 'alert_esc_base_driver' already registered to produce 'alert_receiver_driver'.  Replacing with override to produce type 'esc_sender_driver'.
UVM_INFO @         0 ps: [TPREGR] Original object type 'alert_esc_base_monitor' already registered to produce 'esc_monitor'.  Replacing with override to produce type 'esc_monitor'.
UVM_INFO @         0 ps: [TPREGR] Original object type 'alert_esc_base_driver' already registered to produce 'esc_sender_driver'.  Replacing with override to produce type 'esc_sender_driver'.
UVM_INFO @         0 ps: (lc_ctrl_env.sv:125) uvm_test_top.env [uvm_test_top.env] clk:41667 jtag:78000 ratio:530
UVM_INFO @         0 ps: (dv_base_test.sv:97) uvm_test_top [uvm_test_top] Starting test sequence lc_ctrl_smoke_vseq
UVM_INFO @         0 ps: (jtag_riscv_driver.sv:31) driver [driver] get_and_drive: STARTED
UVM_INFO @         0 ps: (jtag_riscv_driver.sv:16) driver [driver] reset_signals: cfg.in_reset=1'b1
1000 ps: (../src/lowrisc_dv_lc_ctrl_cov_0/lc_ctrl_fsm_cov_if.sv:106) [tb.dut.u_lc_ctrl_fsm.u_lc_ctrl_fsm_cov_if] Creating covergroup lc_ctrl_fsm_cg
1000 ps: (../src/lowrisc_dv_lc_ctrl_cov_0/lc_ctrl_fsm_cov_if.sv:107) [tb.dut.u_lc_ctrl_fsm.u_lc_ctrl_fsm_cov_if] Creating covergroup sec_token_mux_idx_error_cg
1000 ps: (../src/lowrisc_dv_lc_ctrl_cov_0/lc_ctrl_fsm_cov_if.sv:108) [tb.dut.u_lc_ctrl_fsm.u_lc_ctrl_fsm_cov_if] Creating covergroup sec_token_digest_error_cg
UVM_INFO @     20129 ps: (kmac_app_monitor.sv:86) uvm_test_top.env.m_kmac_app_agent.monitor [uvm_test_top.env.m_kmac_app_agent.monitor] Reset occurs
UVM_INFO @   2398556 ps: (jtag_riscv_driver.sv:25) driver [driver] reset_signals: cfg.in_reset=1'b0
UVM_INFO @   4440239 ps: (lc_ctrl_scoreboard.sv:391) uvm_test_top.env.scoreboard [uvm_test_top.env.scoreboard] process_tl_access: read predict device_id_0 

UVM_INFO @   4523573 ps: (lc_ctrl_scoreboard.sv:391) uvm_test_top.env.scoreboard [uvm_test_top.env.scoreboard] process_tl_access: read predict device_id_1 

UVM_INFO @   4606907 ps: (lc_ctrl_scoreboard.sv:391) uvm_test_top.env.scoreboard [uvm_test_top.env.scoreboard] process_tl_access: read predict device_id_2 

UVM_INFO @   4690241 ps: (lc_ctrl_scoreboard.sv:391) uvm_test_top.env.scoreboard [uvm_test_top.env.scoreboard] process_tl_access: read predict device_id_3 

UVM_INFO @   4773575 ps: (lc_ctrl_scoreboard.sv:391) uvm_test_top.env.scoreboard [uvm_test_top.env.scoreboard] process_tl_access: read predict device_id_4 

UVM_INFO @   4856909 ps: (lc_ctrl_scoreboard.sv:391) uvm_test_top.env.scoreboard [uvm_test_top.env.scoreboard] process_tl_access: read predict device_id_5 

UVM_INFO @   4940243 ps: (lc_ctrl_scoreboard.sv:391) uvm_test_top.env.scoreboard [uvm_test_top.env.scoreboard] process_tl_access: read predict device_id_6 

UVM_INFO @   5023577 ps: (lc_ctrl_scoreboard.sv:391) uvm_test_top.env.scoreboard [uvm_test_top.env.scoreboard] process_tl_access: read predict device_id_7 

UVM_INFO @   5106911 ps: (lc_ctrl_scoreboard.sv:391) uvm_test_top.env.scoreboard [uvm_test_top.env.scoreboard] process_tl_access: read predict manuf_state_0 

UVM_INFO @   5190245 ps: (lc_ctrl_scoreboard.sv:391) uvm_test_top.env.scoreboard [uvm_test_top.env.scoreboard] process_tl_access: read predict manuf_state_1 

UVM_INFO @   5273579 ps: (lc_ctrl_scoreboard.sv:391) uvm_test_top.env.scoreboard [uvm_test_top.env.scoreboard] process_tl_access: read predict manuf_state_2 

UVM_INFO @   5356913 ps: (lc_ctrl_scoreboard.sv:391) uvm_test_top.env.scoreboard [uvm_test_top.env.scoreboard] process_tl_access: read predict manuf_state_3 

UVM_INFO @   5440247 ps: (lc_ctrl_scoreboard.sv:391) uvm_test_top.env.scoreboard [uvm_test_top.env.scoreboard] process_tl_access: read predict manuf_state_4 

UVM_INFO @   5523581 ps: (lc_ctrl_scoreboard.sv:391) uvm_test_top.env.scoreboard [uvm_test_top.env.scoreboard] process_tl_access: read predict manuf_state_5 

UVM_INFO @   5606915 ps: (lc_ctrl_scoreboard.sv:391) uvm_test_top.env.scoreboard [uvm_test_top.env.scoreboard] process_tl_access: read predict manuf_state_6 

UVM_INFO @   5690249 ps: (lc_ctrl_scoreboard.sv:391) uvm_test_top.env.scoreboard [uvm_test_top.env.scoreboard] process_tl_access: read predict manuf_state_7 

UVM_INFO @   5773583 ps: (lc_ctrl_scoreboard.sv:391) uvm_test_top.env.scoreboard [uvm_test_top.env.scoreboard] process_tl_access: read predict hw_revision0 

UVM_INFO @   5856917 ps: (lc_ctrl_scoreboard.sv:391) uvm_test_top.env.scoreboard [uvm_test_top.env.scoreboard] process_tl_access: read predict hw_revision1 

UVM_INFO @   5856917 ps: (lc_ctrl_smoke_vseq.sv:65) uvm_test_top.env.virtual_sequencer [uvm_test_top.env.virtual_sequencer.lc_ctrl_smoke_vseq] starting seq 1/18, init LC_state is LcStTestUnlocked3, LC_cnt is LcCnt12
UVM_INFO @   5898584 ps: (lc_ctrl_scoreboard.sv:301) uvm_test_top.env.scoreboard [uvm_test_top.env.scoreboard] process_tl_access: write predict claim_transition_if 

UVM_INFO @   5981918 ps: (lc_ctrl_scoreboard.sv:301) uvm_test_top.env.scoreboard [uvm_test_top.env.scoreboard] process_tl_access: write predict transition_ctrl 

UVM_INFO @   6065252 ps: (lc_ctrl_scoreboard.sv:301) uvm_test_top.env.scoreboard [uvm_test_top.env.scoreboard] process_tl_access: write predict transition_target 

UVM_INFO @   6148586 ps: (lc_ctrl_scoreboard.sv:301) uvm_test_top.env.scoreboard [uvm_test_top.env.scoreboard] process_tl_access: write predict transition_token_0 

UVM_INFO @   6231920 ps: (lc_ctrl_scoreboard.sv:301) uvm_test_top.env.scoreboard [uvm_test_top.env.scoreboard] process_tl_access: write predict transition_token_1 

UVM_INFO @   6315254 ps: (lc_ctrl_scoreboard.sv:301) uvm_test_top.env.scoreboard [uvm_test_top.env.scoreboard] process_tl_access: write predict transition_token_2 

UVM_INFO @   6398588 ps: (lc_ctrl_scoreboard.sv:301) uvm_test_top.env.scoreboard [uvm_test_top.env.scoreboard] process_tl_access: write predict transition_token_3 

UVM_INFO @   6481922 ps: (lc_ctrl_scoreboard.sv:301) uvm_test_top.env.scoreboard [uvm_test_top.env.scoreboard] process_tl_access: write predict otp_vendor_test_ctrl 

UVM_INFO @   6606923 ps: (lc_ctrl_scoreboard.sv:391) uvm_test_top.env.scoreboard [uvm_test_top.env.scoreboard] process_tl_access: read predict otp_vendor_test_status 

UVM_INFO @   6648590 ps: (lc_ctrl_scoreboard.sv:301) uvm_test_top.env.scoreboard [uvm_test_top.env.scoreboard] process_tl_access: write predict transition_cmd 

UVM_INFO @   6773591 ps: (lc_ctrl_scoreboard.sv:391) uvm_test_top.env.scoreboard [uvm_test_top.env.scoreboard] process_tl_access: read predict status 

UVM_INFO @   6856925 ps: (lc_ctrl_scoreboard.sv:566) uvm_test_top.env.scoreboard [uvm_test_top.env.scoreboard] predict_otp_prog_req: state=LcStTestUnlocked3 count=LcCnt13
UVM_INFO @   6856925 ps: (lc_ctrl_scoreboard.sv:391) uvm_test_top.env.scoreboard [uvm_test_top.env.scoreboard] process_tl_access: read predict status 

UVM_INFO @   6940259 ps: (lc_ctrl_scoreboard.sv:391) uvm_test_top.env.scoreboard [uvm_test_top.env.scoreboard] process_tl_access: read predict status 

UVM_INFO @   7023593 ps: (lc_ctrl_scoreboard.sv:391) uvm_test_top.env.scoreboard [uvm_test_top.env.scoreboard] process_tl_access: read predict status 

UVM_INFO @   7106927 ps: (lc_ctrl_scoreboard.sv:391) uvm_test_top.env.scoreboard [uvm_test_top.env.scoreboard] process_tl_access: read predict status 

UVM_INFO @   7190261 ps: (lc_ctrl_scoreboard.sv:391) uvm_test_top.env.scoreboard [uvm_test_top.env.scoreboard] process_tl_access: read predict status 

UVM_INFO @   7273595 ps: (lc_ctrl_scoreboard.sv:391) uvm_test_top.env.scoreboard [uvm_test_top.env.scoreboard] process_tl_access: read predict status 

UVM_INFO @   7356929 ps: (lc_ctrl_scoreboard.sv:391) uvm_test_top.env.scoreboard [uvm_test_top.env.scoreboard] process_tl_access: read predict status 

UVM_INFO @   7440263 ps: (lc_ctrl_scoreboard.sv:391) uvm_test_top.env.scoreboard [uvm_test_top.env.scoreboard] process_tl_access: read predict status 

UVM_INFO @   7523597 ps: (lc_ctrl_scoreboard.sv:391) uvm_test_top.env.scoreboard [uvm_test_top.env.scoreboard] process_tl_access: read predict status 

UVM_INFO @   7606931 ps: (lc_ctrl_scoreboard.sv:391) uvm_test_top.env.scoreboard [uvm_test_top.env.scoreboard] process_tl_access: read predict status 

UVM_INFO @   7690265 ps: (lc_ctrl_scoreboard.sv:391) uvm_test_top.env.scoreboard [uvm_test_top.env.scoreboard] process_tl_access: read predict status 

UVM_INFO @   7773599 ps: (lc_ctrl_scoreboard.sv:391) uvm_test_top.env.scoreboard [uvm_test_top.env.scoreboard] process_tl_access: read predict status 

UVM_INFO @   7856933 ps: (lc_ctrl_scoreboard.sv:391) uvm_test_top.env.scoreboard [uvm_test_top.env.scoreboard] process_tl_access: read predict status 

UVM_INFO @   7940267 ps: (lc_ctrl_scoreboard.sv:391) uvm_test_top.env.scoreboard [uvm_test_top.env.scoreboard] process_tl_access: read predict status 

UVM_INFO @   8023601 ps: (lc_ctrl_scoreboard.sv:186) uvm_test_top.env.scoreboard [uvm_test_top.env.scoreboard] process_kmac_app_req: token received 8d373c84dc994b6ceccb315b3ed3ac37
UVM_INFO @   8023601 ps: (lc_ctrl_scoreboard.sv:391) uvm_test_top.env.scoreboard [uvm_test_top.env.scoreboard] process_tl_access: read predict status 

UVM_INFO @   8106935 ps: (lc_ctrl_scoreboard.sv:391) uvm_test_top.env.scoreboard [uvm_test_top.env.scoreboard] process_tl_access: read predict status 

UVM_INFO @   8190269 ps: (lc_ctrl_scoreboard.sv:391) uvm_test_top.env.scoreboard [uvm_test_top.env.scoreboard] process_tl_access: read predict status 

UVM_INFO @   8273603 ps: (lc_ctrl_scoreboard.sv:391) uvm_test_top.env.scoreboard [uvm_test_top.env.scoreboard] process_tl_access: read predict status 

UVM_INFO @   8356937 ps: (lc_ctrl_scoreboard.sv:391) uvm_test_top.env.scoreboard [uvm_test_top.env.scoreboard] process_tl_access: read predict status 

SVA NFA: attempt pool overflow (8 slots) -- attempts are being dropped; raise IVL_SVA_NFA_SLOTS
UVM_INFO @   8440271 ps: (lc_ctrl_scoreboard.sv:391) uvm_test_top.env.scoreboard [uvm_test_top.env.scoreboard] process_tl_access: read predict status 

UVM_INFO @   8523605 ps: (lc_ctrl_scoreboard.sv:566) uvm_test_top.env.scoreboard [uvm_test_top.env.scoreboard] predict_otp_prog_req: state=LcStTestLocked6 count=LcCnt13
UVM_INFO @   8523605 ps: (lc_ctrl_scoreboard.sv:391) uvm_test_top.env.scoreboard [uvm_test_top.env.scoreboard] process_tl_access: read predict status 

UVM_INFO @   8606939 ps: (lc_ctrl_scoreboard.sv:391) uvm_test_top.env.scoreboard [uvm_test_top.env.scoreboard] process_tl_access: read predict status 

UVM_INFO @   8606939 ps: (jtag_riscv_driver.sv:16) driver [driver] reset_signals: cfg.in_reset=1'b1
UVM_INFO @   8609550 ps: (kmac_app_monitor.sv:86) uvm_test_top.env.m_kmac_app_agent.monitor [uvm_test_top.env.m_kmac_app_agent.monitor] Reset occurs
UVM_INFO @  10856957 ps: (jtag_riscv_driver.sv:25) driver [driver] reset_signals: cfg.in_reset=1'b0
UVM_INFO @  13773647 ps: (lc_ctrl_scoreboard.sv:391) uvm_test_top.env.scoreboard [uvm_test_top.env.scoreboard] process_tl_access: read predict status 

UVM_INFO @  13773647 ps: (lc_ctrl_smoke_vseq.sv:65) uvm_test_top.env.virtual_sequencer [uvm_test_top.env.virtual_sequencer.lc_ctrl_smoke_vseq] starting seq 2/18, init LC_state is LcStTestLocked0, LC_cnt is LcCnt21
UVM_INFO @  13856981 ps: (lc_ctrl_scoreboard.sv:391) uvm_test_top.env.scoreboard [uvm_test_top.env.scoreboard] process_tl_access: read predict status 

UVM_INFO @  13898648 ps: (lc_ctrl_scoreboard.sv:486) uvm_test_top.env.scoreboard [uvm_test_top.env.scoreboard] predict_lc_state: lc_state_single_exp=DecLcStTestLocked0(02) lc_state_exp=04210842
UVM_INFO @  13940315 ps: (lc_ctrl_scoreboard.sv:391) uvm_test_top.env.scoreboard [uvm_test_top.env.scoreboard] process_tl_access: read predict lc_state 

UVM_INFO @  13981982 ps: (lc_ctrl_scoreboard.sv:526) uvm_test_top.env.scoreboard [uvm_test_top.env.scoreboard] predict_lc_transition_cnt: lc_transition_cnt_exp= 21
UVM_INFO @  14023649 ps: (lc_ctrl_scoreboard.sv:391) uvm_test_top.env.scoreboard [uvm_test_top.env.scoreboard] process_tl_access: read predict lc_transition_cnt 

UVM_INFO @  14065316 ps: (lc_ctrl_scoreboard.sv:301) uvm_test_top.env.scoreboard [uvm_test_top.env.scoreboard] process_tl_access: write predict claim_transition_if 

UVM_INFO @  14148650 ps: (lc_ctrl_scoreboard.sv:301) uvm_test_top.env.scoreboard [uvm_test_top.env.scoreboard] process_tl_access: write predict transition_ctrl 

UVM_INFO @  14231984 ps: (lc_ctrl_scoreboard.sv:301) uvm_test_top.env.scoreboard [uvm_test_top.env.scoreboard] process_tl_access: write predict transition_target 

UVM_INFO @  14315318 ps: (lc_ctrl_scoreboard.sv:301) uvm_test_top.env.scoreboard [uvm_test_top.env.scoreboard] process_tl_access: write predict transition_token_0 

UVM_INFO @  14398652 ps: (lc_ctrl_scoreboard.sv:301) uvm_test_top.env.scoreboard [uvm_test_top.env.scoreboard] process_tl_access: write predict transition_token_1 

UVM_INFO @  14481986 ps: (lc_ctrl_scoreboard.sv:301) uvm_test_top.env.scoreboard [uvm_test_top.env.scoreboard] process_tl_access: write predict transition_token_2 

UVM_INFO @  14565320 ps: (lc_ctrl_scoreboard.sv:301) uvm_test_top.env.scoreboard [uvm_test_top.env.scoreboard] process_tl_access: write predict transition_token_3 

UVM_INFO @  14648654 ps: (lc_ctrl_scoreboard.sv:301) uvm_test_top.env.scoreboard [uvm_test_top.env.scoreboard] process_tl_access: write predict otp_vendor_test_ctrl 

UVM_INFO @  14773655 ps: (lc_ctrl_scoreboard.sv:391) uvm_test_top.env.scoreboard [uvm_test_top.env.scoreboard] process_tl_access: read predict otp_vendor_test_status 

UVM_INFO @  14815322 ps: (lc_ctrl_scoreboard.sv:301) uvm_test_top.env.scoreboard [uvm_test_top.env.scoreboard] process_tl_access: write predict transition_cmd 

UVM_INFO @  14940323 ps: (lc_ctrl_scoreboard.sv:391) uvm_test_top.env.scoreboard [uvm_test_top.env.scoreboard] process_tl_access: read predict status 

UVM_INFO @  15023657 ps: (lc_ctrl_scoreboard.sv:391) uvm_test_top.env.scoreboard [uvm_test_top.env.scoreboard] process_tl_access: read predict status 

UVM_INFO @  15106991 ps: (lc_ctrl_scoreboard.sv:391) uvm_test_top.env.scoreboard [uvm_test_top.env.scoreboard] process_tl_access: read predict status 

UVM_INFO @  15190325 ps: (lc_ctrl_scoreboard.sv:391) uvm_test_top.env.scoreboard [uvm_test_top.env.scoreboard] process_tl_access: read predict status 

UVM_INFO @  15273659 ps: (lc_ctrl_scoreboard.sv:566) uvm_test_top.env.scoreboard [uvm_test_top.env.scoreboard] predict_otp_prog_req: state=LcStTestLocked0 count=LcCnt22
UVM_INFO @  15273659 ps: (lc_ctrl_scoreboard.sv:391) uvm_test_top.env.scoreboard [uvm_test_top.env.scoreboard] process_tl_access: read predict status 

UVM_INFO @  15356993 ps: (lc_ctrl_scoreboard.sv:391) uvm_test_top.env.scoreboard [uvm_test_top.env.scoreboard] process_tl_access: read predict status 

UVM_INFO @  15440327 ps: (lc_ctrl_scoreboard.sv:391) uvm_test_top.env.scoreboard [uvm_test_top.env.scoreboard] process_tl_access: read predict status 

UVM_INFO @  15523661 ps: (lc_ctrl_scoreboard.sv:391) uvm_test_top.env.scoreboard [uvm_test_top.env.scoreboard] process_tl_access: read predict status 

UVM_INFO @  15606995 ps: (lc_ctrl_scoreboard.sv:391) uvm_test_top.env.scoreboard [uvm_test_top.env.scoreboard] process_tl_access: read predict status 

UVM_INFO @  15690329 ps: (lc_ctrl_scoreboard.sv:186) uvm_test_top.env.scoreboard [uvm_test_top.env.scoreboard] process_kmac_app_req: token received 87befde61277da9088b3bbeea7278e86
UVM_INFO @  15690329 ps: (lc_ctrl_scoreboard.sv:391) uvm_test_top.env.scoreboard [uvm_test_top.env.scoreboard] process_tl_access: read predict status 

UVM_INFO @  15773663 ps: (lc_ctrl_scoreboard.sv:391) uvm_test_top.env.scoreboard [uvm_test_top.env.scoreboard] process_tl_access: read predict status 

UVM_INFO @  15856997 ps: (lc_ctrl_scoreboard.sv:391) uvm_test_top.env.scoreboard [uvm_test_top.env.scoreboard] process_tl_access: read predict status 

UVM_INFO @  15940331 ps: (lc_ctrl_scoreboard.sv:391) uvm_test_top.env.scoreboard [uvm_test_top.env.scoreboard] process_tl_access: read predict status 

UVM_INFO @  16023665 ps: (lc_ctrl_scoreboard.sv:391) uvm_test_top.env.scoreboard [uvm_test_top.env.scoreboard] process_tl_access: read predict status 

UVM_INFO @  16106999 ps: (lc_ctrl_scoreboard.sv:391) uvm_test_top.env.scoreboard [uvm_test_top.env.scoreboard] process_tl_access: read predict status 

UVM_INFO @  16190333 ps: (lc_ctrl_scoreboard.sv:391) uvm_test_top.env.scoreboard [uvm_test_top.env.scoreboard] process_tl_access: read predict status 

UVM_INFO @  16273667 ps: (lc_ctrl_scoreboard.sv:391) uvm_test_top.env.scoreboard [uvm_test_top.env.scoreboard] process_tl_access: read predict status 

UVM_INFO @  16357001 ps: (lc_ctrl_scoreboard.sv:391) uvm_test_top.env.scoreboard [uvm_test_top.env.scoreboard] process_tl_access: read predict status 

UVM_INFO @  16440335 ps: (lc_ctrl_scoreboard.sv:391) uvm_test_top.env.scoreboard [uvm_test_top.env.scoreboard] process_tl_access: read predict status 

UVM_INFO @  16523669 ps: (lc_ctrl_scoreboard.sv:391) uvm_test_top.env.scoreboard [uvm_test_top.env.scoreboard] process_tl_access: read predict status 

UVM_INFO @  16607003 ps: (lc_ctrl_scoreboard.sv:391) uvm_test_top.env.scoreboard [uvm_test_top.env.scoreboard] process_tl_access: read predict status 

UVM_INFO @  16690337 ps: (lc_ctrl_scoreboard.sv:391) uvm_test_top.env.scoreboard [uvm_test_top.env.scoreboard] process_tl_access: read predict status 

UVM_INFO @  16773671 ps: (lc_ctrl_scoreboard.sv:391) uvm_test_top.env.scoreboard [uvm_test_top.env.scoreboard] process_tl_access: read predict status 

UVM_INFO @  16857005 ps: (lc_ctrl_scoreboard.sv:391) uvm_test_top.env.scoreboard [uvm_test_top.env.scoreboard] process_tl_access: read predict status 

UVM_INFO @  16940339 ps: (lc_ctrl_scoreboard.sv:391) uvm_test_top.env.scoreboard [uvm_test_top.env.scoreboard] process_tl_access: read predict status 

UVM_INFO @  17023673 ps: (lc_ctrl_scoreboard.sv:391) uvm_test_top.env.scoreboard [uvm_test_top.env.scoreboard] process_tl_access: read predict status 

UVM_INFO @  17107007 ps: (lc_ctrl_scoreboard.sv:566) uvm_test_top.env.scoreboard [uvm_test_top.env.scoreboard] predict_otp_prog_req: state=LcStTestUnlocked6 count=LcCnt22
UVM_INFO @  17107007 ps: (lc_ctrl_scoreboard.sv:391) uvm_test_top.env.scoreboard [uvm_test_top.env.scoreboard] process_tl_access: read predict status 

UVM_INFO @  17190341 ps: (lc_ctrl_scoreboard.sv:391) uvm_test_top.env.scoreboard [uvm_test_top.env.scoreboard] process_tl_access: read predict status 

UVM_INFO @  17190341 ps: (jtag_riscv_driver.sv:16) driver [driver] reset_signals: cfg.in_reset=1'b1
UVM_INFO @  17213175 ps: (kmac_app_monitor.sv:86) uvm_test_top.env.m_kmac_app_agent.monitor [uvm_test_top.env.m_kmac_app_agent.monitor] Reset occurs
UVM_INFO @  19773695 ps: (jtag_riscv_driver.sv:25) driver [driver] reset_signals: cfg.in_reset=1'b0
UVM_INFO @  22898720 ps: (lc_ctrl_scoreboard.sv:391) uvm_test_top.env.scoreboard [uvm_test_top.env.scoreboard] process_tl_access: read predict status 

UVM_INFO @  22898720 ps: (lc_ctrl_smoke_vseq.sv:65) uvm_test_top.env.virtual_sequencer [uvm_test_top.env.virtual_sequencer.lc_ctrl_smoke_vseq] starting seq 3/18, init LC_state is LcStProdEnd, LC_cnt is LcCnt19
UVM_INFO @  22940387 ps: (lc_ctrl_scoreboard.sv:301) uvm_test_top.env.scoreboard [uvm_test_top.env.scoreboard] process_tl_access: write predict claim_transition_if 

UVM_INFO @  23023721 ps: (lc_ctrl_scoreboard.sv:301) uvm_test_top.env.scoreboard [uvm_test_top.env.scoreboard] process_tl_access: write predict transition_ctrl 

UVM_INFO @  23107055 ps: (lc_ctrl_scoreboard.sv:301) uvm_test_top.env.scoreboard [uvm_test_top.env.scoreboard] process_tl_access: write predict transition_target 

UVM_INFO @  23190389 ps: (lc_ctrl_scoreboard.sv:301) uvm_test_top.env.scoreboard [uvm_test_top.env.scoreboard] process_tl_access: write predict transition_token_0 

UVM_INFO @  23273723 ps: (lc_ctrl_scoreboard.sv:301) uvm_test_top.env.scoreboard [uvm_test_top.env.scoreboard] process_tl_access: write predict transition_token_1 

UVM_INFO @  23357057 ps: (lc_ctrl_scoreboard.sv:301) uvm_test_top.env.scoreboard [uvm_test_top.env.scoreboard] process_tl_access: write predict transition_token_2 

UVM_INFO @  23440391 ps: (lc_ctrl_scoreboard.sv:301) uvm_test_top.env.scoreboard [uvm_test_top.env.scoreboard] process_tl_access: write predict transition_token_3 

UVM_INFO @  23523725 ps: (lc_ctrl_scoreboard.sv:301) uvm_test_top.env.scoreboard [uvm_test_top.env.scoreboard] process_tl_access: write predict otp_vendor_test_ctrl 

UVM_INFO @  23648726 ps: (lc_ctrl_scoreboard.sv:391) uvm_test_top.env.scoreboard [uvm_test_top.env.scoreboard] process_tl_access: read predict otp_vendor_test_status 

UVM_INFO @  23690393 ps: (lc_ctrl_scoreboard.sv:301) uvm_test_top.env.scoreboard [uvm_test_top.env.scoreboard] process_tl_access: write predict transition_cmd 

UVM_INFO @  23815394 ps: (lc_ctrl_scoreboard.sv:391) uvm_test_top.env.scoreboard [uvm_test_top.env.scoreboard] process_tl_access: read predict status 

UVM_INFO @  23898728 ps: (lc_ctrl_scoreboard.sv:391) uvm_test_top.env.scoreboard [uvm_test_top.env.scoreboard] process_tl_access: read predict status 

UVM_INFO @  23982062 ps: (lc_ctrl_scoreboard.sv:391) uvm_test_top.env.scoreboard [uvm_test_top.env.scoreboard] process_tl_access: read predict status 

UVM_INFO @  24065396 ps: (lc_ctrl_scoreboard.sv:391) uvm_test_top.env.scoreboard [uvm_test_top.env.scoreboard] process_tl_access: read predict status 

UVM_INFO @  24148730 ps: (lc_ctrl_scoreboard.sv:391) uvm_test_top.env.scoreboard [uvm_test_top.env.scoreboard] process_tl_access: read predict status 

UVM_INFO @  24232064 ps: (lc_ctrl_scoreboard.sv:391) uvm_test_top.env.scoreboard [uvm_test_top.env.scoreboard] process_tl_access: read predict status 

UVM_INFO @  24315398 ps: (lc_ctrl_scoreboard.sv:391) uvm_test_top.env.scoreboard [uvm_test_top.env.scoreboard] process_tl_access: read predict status 

UVM_INFO @  24398732 ps: (lc_ctrl_scoreboard.sv:391) uvm_test_top.env.scoreboard [uvm_test_top.env.scoreboard] process_tl_access: read predict status 

UVM_INFO @  24398732 ps: (lc_ctrl_scoreboard.sv:566) uvm_test_top.env.scoreboard [uvm_test_top.env.scoreboard] predict_otp_prog_req: state=LcStScrap count=LcCnt24
UVM_INFO @  24482066 ps: (lc_ctrl_scoreboard.sv:391) uvm_test_top.env.scoreboard [uvm_test_top.env.scoreboard] process_tl_access: read predict status 

UVM_INFO @  24565400 ps: (lc_ctrl_scoreboard.sv:391) uvm_test_top.env.scoreboard [uvm_test_top.env.scoreboard] process_tl_access: read predict status 

UVM_INFO @  24648734 ps: (lc_ctrl_scoreboard.sv:391) uvm_test_top.env.scoreboard [uvm_test_top.env.scoreboard] process_tl_access: read predict status 

UVM_INFO @  24732068 ps: (lc_ctrl_scoreboard.sv:391) uvm_test_top.env.scoreboard [uvm_test_top.env.scoreboard] process_tl_access: read predict status 

UVM_INFO @  24815402 ps: (lc_ctrl_scoreboard.sv:391) uvm_test_top.env.scoreboard [uvm_test_top.env.scoreboard] process_tl_access: read predict status 

UVM_INFO @  24898736 ps: (lc_ctrl_scoreboard.sv:391) uvm_test_top.env.scoreboard [uvm_test_top.env.scoreboard] process_tl_access: read predict status 

UVM_INFO @  24982070 ps: (lc_ctrl_scoreboard.sv:391) uvm_test_top.env.scoreboard [uvm_test_top.env.scoreboard] process_tl_access: read predict status 

UVM_INFO @  25065404 ps: (lc_ctrl_scoreboard.sv:391) uvm_test_top.env.scoreboard [uvm_test_top.env.scoreboard] process_tl_access: read predict status 

UVM_INFO @  25148738 ps: (lc_ctrl_scoreboard.sv:391) uvm_test_top.env.scoreboard [uvm_test_top.env.scoreboard] process_tl_access: read predict status 

UVM_INFO @  25232072 ps: (lc_ctrl_scoreboard.sv:391) uvm_test_top.env.scoreboard [uvm_test_top.env.scoreboard] process_tl_access: read predict status 

UVM_INFO @  25315406 ps: (lc_ctrl_scoreboard.sv:391) uvm_test_top.env.scoreboard [uvm_test_top.env.scoreboard] process_tl_access: read predict status 

UVM_INFO @  25398740 ps: (lc_ctrl_scoreboard.sv:391) uvm_test_top.env.scoreboard [uvm_test_top.env.scoreboard] process_tl_access: read predict status 

UVM_INFO @  25482074 ps: (lc_ctrl_scoreboard.sv:391) uvm_test_top.env.scoreboard [uvm_test_top.env.scoreboard] process_tl_access: read predict status 

UVM_INFO @  25565408 ps: (lc_ctrl_scoreboard.sv:391) uvm_test_top.env.scoreboard [uvm_test_top.env.scoreboard] process_tl_access: read predict status 

UVM_INFO @  25648742 ps: (lc_ctrl_scoreboard.sv:391) uvm_test_top.env.scoreboard [uvm_test_top.env.scoreboard] process_tl_access: read predict status 

UVM_INFO @  25732076 ps: (lc_ctrl_scoreboard.sv:391) uvm_test_top.env.scoreboard [uvm_test_top.env.scoreboard] process_tl_access: read predict status 

UVM_INFO @  25815410 ps: (lc_ctrl_scoreboard.sv:391) uvm_test_top.env.scoreboard [uvm_test_top.env.scoreboard] process_tl_access: read predict status 

UVM_INFO @  25898744 ps: (lc_ctrl_scoreboard.sv:391) uvm_test_top.env.scoreboard [uvm_test_top.env.scoreboard] process_tl_access: read predict status 

UVM_INFO @  25982078 ps: (lc_ctrl_scoreboard.sv:391) uvm_test_top.env.scoreboard [uvm_test_top.env.scoreboard] process_tl_access: read predict status 

UVM_INFO @  26065412 ps: (lc_ctrl_scoreboard.sv:391) uvm_test_top.env.scoreboard [uvm_test_top.env.scoreboard] process_tl_access: read predict status 

UVM_INFO @  26148746 ps: (lc_ctrl_scoreboard.sv:391) uvm_test_top.env.scoreboard [uvm_test_top.env.scoreboard] process_tl_access: read predict status 

UVM_INFO @  26232080 ps: (lc_ctrl_scoreboard.sv:391) uvm_test_top.env.scoreboard [uvm_test_top.env.scoreboard] process_tl_access: read predict status 

UVM_INFO @  26315414 ps: (lc_ctrl_scoreboard.sv:391) uvm_test_top.env.scoreboard [uvm_test_top.env.scoreboard] process_tl_access: read predict status 

UVM_INFO @  26398748 ps: (lc_ctrl_scoreboard.sv:391) uvm_test_top.env.scoreboard [uvm_test_top.env.scoreboard] process_tl_access: read predict status 

UVM_INFO @  26482082 ps: (lc_ctrl_scoreboard.sv:391) uvm_test_top.env.scoreboard [uvm_test_top.env.scoreboard] process_tl_access: read predict status 

UVM_INFO @  26565416 ps: (lc_ctrl_scoreboard.sv:391) uvm_test_top.env.scoreboard [uvm_test_top.env.scoreboard] process_tl_access: read predict status 

UVM_INFO @  26648750 ps: (lc_ctrl_scoreboard.sv:391) uvm_test_top.env.scoreboard [uvm_test_top.env.scoreboard] process_tl_access: read predict status 

UVM_INFO @  26732084 ps: (lc_ctrl_scoreboard.sv:391) uvm_test_top.env.scoreboard [uvm_test_top.env.scoreboard] process_tl_access: read predict status 

UVM_INFO @  26815418 ps: (lc_ctrl_scoreboard.sv:391) uvm_test_top.env.scoreboard [uvm_test_top.env.scoreboard] process_tl_access: read predict status 

UVM_INFO @  26857085 ps: (lc_ctrl_scoreboard.sv:186) uvm_test_top.env.scoreboard [uvm_test_top.env.scoreboard] process_kmac_app_req: token received 7bdc5963fa31c9aeb6bae78f21721985
UVM_INFO @  26898752 ps: (lc_ctrl_scoreboard.sv:391) uvm_test_top.env.scoreboard [uvm_test_top.env.scoreboard] process_tl_access: read predict status 

UVM_INFO @  26982086 ps: (lc_ctrl_scoreboard.sv:391) uvm_test_top.env.scoreboard [uvm_test_top.env.scoreboard] process_tl_access: read predict status 

UVM_INFO @  27065420 ps: (lc_ctrl_scoreboard.sv:391) uvm_test_top.env.scoreboard [uvm_test_top.env.scoreboard] process_tl_access: read predict status 

UVM_INFO @  27148754 ps: (lc_ctrl_scoreboard.sv:391) uvm_test_top.env.scoreboard [uvm_test_top.env.scoreboard] process_tl_access: read predict status 

UVM_INFO @  27232088 ps: (lc_ctrl_scoreboard.sv:391) uvm_test_top.env.scoreboard [uvm_test_top.env.scoreboard] process_tl_access: read predict status 

UVM_INFO @  27315422 ps: (lc_ctrl_scoreboard.sv:391) uvm_test_top.env.scoreboard [uvm_test_top.env.scoreboard] process_tl_access: read predict status 

UVM_INFO @  27398756 ps: (lc_ctrl_scoreboard.sv:391) uvm_test_top.env.scoreboard [uvm_test_top.env.scoreboard] process_tl_access: read predict status 

UVM_INFO @  27482090 ps: (lc_ctrl_scoreboard.sv:391) uvm_test_top.env.scoreboard [uvm_test_top.env.scoreboard] process_tl_access: read predict status 

UVM_INFO @  27565424 ps: (lc_ctrl_scoreboard.sv:391) uvm_test_top.env.scoreboard [uvm_test_top.env.scoreboard] process_tl_access: read predict status 

UVM_INFO @  27648758 ps: (lc_ctrl_scoreboard.sv:391) uvm_test_top.env.scoreboard [uvm_test_top.env.scoreboard] process_tl_access: read predict status 

UVM_INFO @  27732092 ps: (lc_ctrl_scoreboard.sv:391) uvm_test_top.env.scoreboard [uvm_test_top.env.scoreboard] process_tl_access: read predict status 

UVM_INFO @  27815426 ps: (lc_ctrl_scoreboard.sv:391) uvm_test_top.env.scoreboard [uvm_test_top.env.scoreboard] process_tl_access: read predict status 

UVM_INFO @  27898760 ps: (lc_ctrl_scoreboard.sv:391) uvm_test_top.env.scoreboard [uvm_test_top.env.scoreboard] process_tl_access: read predict status 

UVM_INFO @  27898760 ps: (lc_ctrl_scoreboard.sv:566) uvm_test_top.env.scoreboard [uvm_test_top.env.scoreboard] predict_otp_prog_req: state=LcStScrap count=LcCnt24
UVM_INFO @  27982094 ps: (lc_ctrl_scoreboard.sv:391) uvm_test_top.env.scoreboard [uvm_test_top.env.scoreboard] process_tl_access: read predict status 

UVM_INFO @  27982094 ps: (jtag_riscv_driver.sv:16) driver [driver] reset_signals: cfg.in_reset=1'b1
UVM_INFO @  27996735 ps: (kmac_app_monitor.sv:86) uvm_test_top.env.m_kmac_app_agent.monitor [uvm_test_top.env.m_kmac_app_agent.monitor] Reset occurs
UVM_INFO @  30565448 ps: (jtag_riscv_driver.sv:25) driver [driver] reset_signals: cfg.in_reset=1'b0
UVM_INFO @  32273795 ps: (lc_ctrl_scoreboard.sv:391) uvm_test_top.env.scoreboard [uvm_test_top.env.scoreboard] process_tl_access: read predict status 

UVM_INFO @  32273795 ps: (lc_ctrl_smoke_vseq.sv:65) uvm_test_top.env.virtual_sequencer [uvm_test_top.env.virtual_sequencer.lc_ctrl_smoke_vseq] starting seq 4/18, init LC_state is LcStRaw, LC_cnt is LcCnt10
UVM_INFO @  32357129 ps: (lc_ctrl_scoreboard.sv:391) uvm_test_top.env.scoreboard [uvm_test_top.env.scoreboard] process_tl_access: read predict status 

UVM_INFO @  32398796 ps: (lc_ctrl_scoreboard.sv:486) uvm_test_top.env.scoreboard [uvm_test_top.env.scoreboard] predict_lc_state: lc_state_single_exp=DecLcStRaw(00) lc_state_exp=00000000
UVM_INFO @  32440463 ps: (lc_ctrl_scoreboard.sv:391) uvm_test_top.env.scoreboard [uvm_test_top.env.scoreboard] process_tl_access: read predict lc_state 

UVM_INFO @  32482130 ps: (lc_ctrl_scoreboard.sv:526) uvm_test_top.env.scoreboard [uvm_test_top.env.scoreboard] predict_lc_transition_cnt: lc_transition_cnt_exp= 10
UVM_INFO @  32523797 ps: (lc_ctrl_scoreboard.sv:391) uvm_test_top.env.scoreboard [uvm_test_top.env.scoreboard] process_tl_access: read predict lc_transition_cnt 

UVM_INFO @  32565464 ps: (lc_ctrl_scoreboard.sv:301) uvm_test_top.env.scoreboard [uvm_test_top.env.scoreboard] process_tl_access: write predict claim_transition_if 

UVM_INFO @  32648798 ps: (lc_ctrl_scoreboard.sv:301) uvm_test_top.env.scoreboard [uvm_test_top.env.scoreboard] process_tl_access: write predict transition_ctrl 

UVM_INFO @  32732132 ps: (lc_ctrl_scoreboard.sv:301) uvm_test_top.env.scoreboard [uvm_test_top.env.scoreboard] process_tl_access: write predict transition_target 

UVM_INFO @  32815466 ps: (lc_ctrl_scoreboard.sv:301) uvm_test_top.env.scoreboard [uvm_test_top.env.scoreboard] process_tl_access: write predict transition_token_0 

UVM_INFO @  32898800 ps: (lc_ctrl_scoreboard.sv:301) uvm_test_top.env.scoreboard [uvm_test_top.env.scoreboard] process_tl_access: write predict transition_token_1 

UVM_INFO @  32982134 ps: (lc_ctrl_scoreboard.sv:301) uvm_test_top.env.scoreboard [uvm_test_top.env.scoreboard] process_tl_access: write predict transition_token_2 

UVM_INFO @  33065468 ps: (lc_ctrl_scoreboard.sv:301) uvm_test_top.env.scoreboard [uvm_test_top.env.scoreboard] process_tl_access: write predict transition_token_3 

UVM_INFO @  33148802 ps: (lc_ctrl_scoreboard.sv:301) uvm_test_top.env.scoreboard [uvm_test_top.env.scoreboard] process_tl_access: write predict otp_vendor_test_ctrl 

UVM_INFO @  33273803 ps: (lc_ctrl_scoreboard.sv:391) uvm_test_top.env.scoreboard [uvm_test_top.env.scoreboard] process_tl_access: read predict otp_vendor_test_status 

UVM_INFO @  33315470 ps: (lc_ctrl_scoreboard.sv:301) uvm_test_top.env.scoreboard [uvm_test_top.env.scoreboard] process_tl_access: write predict transition_cmd 

UVM_INFO @  33440471 ps: (lc_ctrl_scoreboard.sv:391) uvm_test_top.env.scoreboard [uvm_test_top.env.scoreboard] process_tl_access: read predict status 

UVM_INFO @  33523805 ps: (lc_ctrl_scoreboard.sv:391) uvm_test_top.env.scoreboard [uvm_test_top.env.scoreboard] process_tl_access: read predict status 

UVM_INFO @  33565472 ps: (lc_ctrl_scoreboard.sv:566) uvm_test_top.env.scoreboard [uvm_test_top.env.scoreboard] predict_otp_prog_req: state=LcStScrap count=LcCnt24
UVM_INFO @  33607139 ps: (lc_ctrl_scoreboard.sv:391) uvm_test_top.env.scoreboard [uvm_test_top.env.scoreboard] process_tl_access: read predict status 

UVM_INFO @  33690473 ps: (lc_ctrl_scoreboard.sv:391) uvm_test_top.env.scoreboard [uvm_test_top.env.scoreboard] process_tl_access: read predict status 

UVM_INFO @  33773807 ps: (lc_ctrl_scoreboard.sv:391) uvm_test_top.env.scoreboard [uvm_test_top.env.scoreboard] process_tl_access: read predict status 

UVM_INFO @  33857141 ps: (lc_ctrl_scoreboard.sv:391) uvm_test_top.env.scoreboard [uvm_test_top.env.scoreboard] process_tl_access: read predict status 

UVM_INFO @  33940475 ps: (lc_ctrl_scoreboard.sv:391) uvm_test_top.env.scoreboard [uvm_test_top.env.scoreboard] process_tl_access: read predict status 

UVM_INFO @  34023809 ps: (lc_ctrl_scoreboard.sv:391) uvm_test_top.env.scoreboard [uvm_test_top.env.scoreboard] process_tl_access: read predict status 

UVM_INFO @  34107143 ps: (lc_ctrl_scoreboard.sv:391) uvm_test_top.env.scoreboard [uvm_test_top.env.scoreboard] process_tl_access: read predict status 

UVM_INFO @  34190477 ps: (lc_ctrl_scoreboard.sv:391) uvm_test_top.env.scoreboard [uvm_test_top.env.scoreboard] process_tl_access: read predict status 

UVM_INFO @  34273811 ps: (lc_ctrl_scoreboard.sv:391) uvm_test_top.env.scoreboard [uvm_test_top.env.scoreboard] process_tl_access: read predict status 

UVM_INFO @  34357145 ps: (lc_ctrl_scoreboard.sv:391) uvm_test_top.env.scoreboard [uvm_test_top.env.scoreboard] process_tl_access: read predict status 

UVM_INFO @  34440479 ps: (lc_ctrl_scoreboard.sv:391) uvm_test_top.env.scoreboard [uvm_test_top.env.scoreboard] process_tl_access: read predict status 

UVM_INFO @  34523813 ps: (lc_ctrl_scoreboard.sv:391) uvm_test_top.env.scoreboard [uvm_test_top.env.scoreboard] process_tl_access: read predict status 

UVM_INFO @  34607147 ps: (lc_ctrl_scoreboard.sv:391) uvm_test_top.env.scoreboard [uvm_test_top.env.scoreboard] process_tl_access: read predict status 

UVM_INFO @  34690481 ps: (lc_ctrl_scoreboard.sv:391) uvm_test_top.env.scoreboard [uvm_test_top.env.scoreboard] process_tl_access: read predict status 

UVM_INFO @  34773815 ps: (lc_ctrl_scoreboard.sv:391) uvm_test_top.env.scoreboard [uvm_test_top.env.scoreboard] process_tl_access: read predict status 

UVM_INFO @  34857149 ps: (lc_ctrl_scoreboard.sv:391) uvm_test_top.env.scoreboard [uvm_test_top.env.scoreboard] process_tl_access: read predict status 

UVM_INFO @  34940483 ps: (lc_ctrl_scoreboard.sv:391) uvm_test_top.env.scoreboard [uvm_test_top.env.scoreboard] process_tl_access: read predict status 

UVM_INFO @  35023817 ps: (lc_ctrl_scoreboard.sv:391) uvm_test_top.env.scoreboard [uvm_test_top.env.scoreboard] process_tl_access: read predict status 

UVM_INFO @  35107151 ps: (lc_ctrl_scoreboard.sv:391) uvm_test_top.env.scoreboard [uvm_test_top.env.scoreboard] process_tl_access: read predict status 

UVM_INFO @  35190485 ps: (lc_ctrl_scoreboard.sv:391) uvm_test_top.env.scoreboard [uvm_test_top.env.scoreboard] process_tl_access: read predict status 

UVM_INFO @  35273819 ps: (lc_ctrl_scoreboard.sv:391) uvm_test_top.env.scoreboard [uvm_test_top.env.scoreboard] process_tl_access: read predict status 

UVM_INFO @  35357153 ps: (lc_ctrl_scoreboard.sv:391) uvm_test_top.env.scoreboard [uvm_test_top.env.scoreboard] process_tl_access: read predict status 

UVM_INFO @  35440487 ps: (lc_ctrl_scoreboard.sv:391) uvm_test_top.env.scoreboard [uvm_test_top.env.scoreboard] process_tl_access: read predict status 

UVM_INFO @  35523821 ps: (lc_ctrl_scoreboard.sv:391) uvm_test_top.env.scoreboard [uvm_test_top.env.scoreboard] process_tl_access: read predict status 

UVM_INFO @  35607155 ps: (lc_ctrl_scoreboard.sv:391) uvm_test_top.env.scoreboard [uvm_test_top.env.scoreboard] process_tl_access: read predict status 

UVM_INFO @  35648822 ps: (lc_ctrl_scoreboard.sv:186) uvm_test_top.env.scoreboard [uvm_test_top.env.scoreboard] process_kmac_app_req: token received 0fcec6a7b74bc7707e0d900a013da2c9
UVM_INFO @  35690489 ps: (lc_ctrl_scoreboard.sv:391) uvm_test_top.env.scoreboard [uvm_test_top.env.scoreboard] process_tl_access: read predict status 

UVM_INFO @  35773823 ps: (lc_ctrl_scoreboard.sv:391) uvm_test_top.env.scoreboard [uvm_test_top.env.scoreboard] process_tl_access: read predict status 

UVM_INFO @  35857157 ps: (lc_ctrl_scoreboard.sv:391) uvm_test_top.env.scoreboard [uvm_test_top.env.scoreboard] process_tl_access: read predict status 

UVM_INFO @  35940491 ps: (lc_ctrl_scoreboard.sv:391) uvm_test_top.env.scoreboard [uvm_test_top.env.scoreboard] process_tl_access: read predict status 

UVM_INFO @  36023825 ps: (lc_ctrl_scoreboard.sv:391) uvm_test_top.env.scoreboard [uvm_test_top.env.scoreboard] process_tl_access: read predict status 

UVM_INFO @  36107159 ps: (lc_ctrl_scoreboard.sv:391) uvm_test_top.env.scoreboard [uvm_test_top.env.scoreboard] process_tl_access: read predict status 

UVM_INFO @  36190493 ps: (lc_ctrl_scoreboard.sv:391) uvm_test_top.env.scoreboard [uvm_test_top.env.scoreboard] process_tl_access: read predict status 

UVM_INFO @  36273827 ps: (lc_ctrl_scoreboard.sv:391) uvm_test_top.env.scoreboard [uvm_test_top.env.scoreboard] process_tl_access: read predict status 

UVM_INFO @  36357161 ps: (lc_ctrl_scoreboard.sv:391) uvm_test_top.env.scoreboard [uvm_test_top.env.scoreboard] process_tl_access: read predict status 

UVM_INFO @  36440495 ps: (lc_ctrl_scoreboard.sv:391) uvm_test_top.env.scoreboard [uvm_test_top.env.scoreboard] process_tl_access: read predict status 

UVM_INFO @  36523829 ps: (lc_ctrl_scoreboard.sv:391) uvm_test_top.env.scoreboard [uvm_test_top.env.scoreboard] process_tl_access: read predict status 

UVM_INFO @  36607163 ps: (lc_ctrl_scoreboard.sv:391) uvm_test_top.env.scoreboard [uvm_test_top.env.scoreboard] process_tl_access: read predict status 

UVM_INFO @  36648830 ps: (lc_ctrl_scoreboard.sv:566) uvm_test_top.env.scoreboard [uvm_test_top.env.scoreboard] predict_otp_prog_req: state=LcStScrap count=LcCnt24
UVM_INFO @  36690497 ps: (lc_ctrl_scoreboard.sv:391) uvm_test_top.env.scoreboard [uvm_test_top.env.scoreboard] process_tl_access: read predict status 

UVM_INFO @  36773831 ps: (lc_ctrl_scoreboard.sv:391) uvm_test_top.env.scoreboard [uvm_test_top.env.scoreboard] process_tl_access: read predict status 

UVM_INFO @  36773831 ps: (jtag_riscv_driver.sv:16) driver [driver] reset_signals: cfg.in_reset=1'b1
UVM_INFO @  36796638 ps: (kmac_app_monitor.sv:86) uvm_test_top.env.m_kmac_app_agent.monitor [uvm_test_top.env.m_kmac_app_agent.monitor] Reset occurs
UVM_INFO @  40232192 ps: (jtag_riscv_driver.sv:25) driver [driver] reset_signals: cfg.in_reset=1'b0
UVM_INFO @  41898872 ps: (lc_ctrl_scoreboard.sv:391) uvm_test_top.env.scoreboard [uvm_test_top.env.scoreboard] process_tl_access: read predict status 

UVM_INFO @  41898872 ps: (lc_ctrl_smoke_vseq.sv:65) uvm_test_top.env.virtual_sequencer [uvm_test_top.env.virtual_sequencer.lc_ctrl_smoke_vseq] starting seq 5/18, init LC_state is LcStDev, LC_cnt is LcCnt10
UVM_INFO @  41940539 ps: (lc_ctrl_scoreboard.sv:301) uvm_test_top.env.scoreboard [uvm_test_top.env.scoreboard] process_tl_access: write predict claim_transition_if 

UVM_INFO @  42023873 ps: (lc_ctrl_scoreboard.sv:301) uvm_test_top.env.scoreboard [uvm_test_top.env.scoreboard] process_tl_access: write predict transition_target 

UVM_INFO @  42107207 ps: (lc_ctrl_scoreboard.sv:301) uvm_test_top.env.scoreboard [uvm_test_top.env.scoreboard] process_tl_access: write predict transition_token_0 

UVM_INFO @  42190541 ps: (lc_ctrl_scoreboard.sv:301) uvm_test_top.env.scoreboard [uvm_test_top.env.scoreboard] process_tl_access: write predict transition_token_1 

UVM_INFO @  42273875 ps: (lc_ctrl_scoreboard.sv:301) uvm_test_top.env.scoreboard [uvm_test_top.env.scoreboard] process_tl_access: write predict transition_token_2 

UVM_INFO @  42357209 ps: (lc_ctrl_scoreboard.sv:301) uvm_test_top.env.scoreboard [uvm_test_top.env.scoreboard] process_tl_access: write predict transition_token_3 

UVM_INFO @  42440543 ps: (lc_ctrl_scoreboard.sv:301) uvm_test_top.env.scoreboard [uvm_test_top.env.scoreboard] process_tl_access: write predict otp_vendor_test_ctrl 

UVM_INFO @  42565544 ps: (lc_ctrl_scoreboard.sv:391) uvm_test_top.env.scoreboard [uvm_test_top.env.scoreboard] process_tl_access: read predict otp_vendor_test_status 

UVM_INFO @  42607211 ps: (lc_ctrl_scoreboard.sv:301) uvm_test_top.env.scoreboard [uvm_test_top.env.scoreboard] process_tl_access: write predict transition_cmd 

UVM_INFO @  42732212 ps: (lc_ctrl_scoreboard.sv:391) uvm_test_top.env.scoreboard [uvm_test_top.env.scoreboard] process_tl_access: read predict status 

UVM_INFO @  42815546 ps: (lc_ctrl_scoreboard.sv:391) uvm_test_top.env.scoreboard [uvm_test_top.env.scoreboard] process_tl_access: read predict status 

UVM_INFO @  42898880 ps: (lc_ctrl_scoreboard.sv:391) uvm_test_top.env.scoreboard [uvm_test_top.env.scoreboard] process_tl_access: read predict status 

UVM_INFO @  42982214 ps: (lc_ctrl_scoreboard.sv:391) uvm_test_top.env.scoreboard [uvm_test_top.env.scoreboard] process_tl_access: read predict status 

UVM_INFO @  43065548 ps: (lc_ctrl_scoreboard.sv:391) uvm_test_top.env.scoreboard [uvm_test_top.env.scoreboard] process_tl_access: read predict status 

UVM_INFO @  43148882 ps: (lc_ctrl_scoreboard.sv:391) uvm_test_top.env.scoreboard [uvm_test_top.env.scoreboard] process_tl_access: read predict status 

UVM_INFO @  43232216 ps: (lc_ctrl_scoreboard.sv:391) uvm_test_top.env.scoreboard [uvm_test_top.env.scoreboard] process_tl_access: read predict status 

UVM_INFO @  43315550 ps: (lc_ctrl_scoreboard.sv:391) uvm_test_top.env.scoreboard [uvm_test_top.env.scoreboard] process_tl_access: read predict status 

UVM_INFO @  43357217 ps: (lc_ctrl_scoreboard.sv:566) uvm_test_top.env.scoreboard [uvm_test_top.env.scoreboard] predict_otp_prog_req: state=LcStScrap count=LcCnt24
UVM_INFO @  43398884 ps: (lc_ctrl_scoreboard.sv:391) uvm_test_top.env.scoreboard [uvm_test_top.env.scoreboard] process_tl_access: read predict status 

UVM_INFO @  43482218 ps: (lc_ctrl_scoreboard.sv:391) uvm_test_top.env.scoreboard [uvm_test_top.env.scoreboard] process_tl_access: read predict status 

UVM_INFO @  43565552 ps: (lc_ctrl_scoreboard.sv:391) uvm_test_top.env.scoreboard [uvm_test_top.env.scoreboard] process_tl_access: read predict status 

UVM_INFO @  43648886 ps: (lc_ctrl_scoreboard.sv:391) uvm_test_top.env.scoreboard [uvm_test_top.env.scoreboard] process_tl_access: read predict status 

UVM_INFO @  43732220 ps: (lc_ctrl_scoreboard.sv:391) uvm_test_top.env.scoreboard [uvm_test_top.env.scoreboard] process_tl_access: read predict status 

UVM_INFO @  43815554 ps: (lc_ctrl_scoreboard.sv:391) uvm_test_top.env.scoreboard [uvm_test_top.env.scoreboard] process_tl_access: read predict status 

UVM_INFO @  43898888 ps: (lc_ctrl_scoreboard.sv:391) uvm_test_top.env.scoreboard [uvm_test_top.env.scoreboard] process_tl_access: read predict status 

UVM_INFO @  43982222 ps: (lc_ctrl_scoreboard.sv:391) uvm_test_top.env.scoreboard [uvm_test_top.env.scoreboard] process_tl_access: read predict status 

UVM_INFO @  44065556 ps: (lc_ctrl_scoreboard.sv:391) uvm_test_top.env.scoreboard [uvm_test_top.env.scoreboard] process_tl_access: read predict status 

UVM_INFO @  44148890 ps: (lc_ctrl_scoreboard.sv:391) uvm_test_top.env.scoreboard [uvm_test_top.env.scoreboard] process_tl_access: read predict status 

UVM_INFO @  44232224 ps: (lc_ctrl_scoreboard.sv:391) uvm_test_top.env.scoreboard [uvm_test_top.env.scoreboard] process_tl_access: read predict status 

UVM_INFO @  44315558 ps: (lc_ctrl_scoreboard.sv:391) uvm_test_top.env.scoreboard [uvm_test_top.env.scoreboard] process_tl_access: read predict status 

UVM_INFO @  44398892 ps: (lc_ctrl_scoreboard.sv:391) uvm_test_top.env.scoreboard [uvm_test_top.env.scoreboard] process_tl_access: read predict status 

UVM_INFO @  44482226 ps: (lc_ctrl_scoreboard.sv:391) uvm_test_top.env.scoreboard [uvm_test_top.env.scoreboard] process_tl_access: read predict status 

UVM_INFO @  44565560 ps: (lc_ctrl_scoreboard.sv:391) uvm_test_top.env.scoreboard [uvm_test_top.env.scoreboard] process_tl_access: read predict status 

UVM_INFO @  44648894 ps: (lc_ctrl_scoreboard.sv:391) uvm_test_top.env.scoreboard [uvm_test_top.env.scoreboard] process_tl_access: read predict status 

UVM_INFO @  44732228 ps: (lc_ctrl_scoreboard.sv:391) uvm_test_top.env.scoreboard [uvm_test_top.env.scoreboard] process_tl_access: read predict status 

UVM_INFO @  44815562 ps: (lc_ctrl_scoreboard.sv:391) uvm_test_top.env.scoreboard [uvm_test_top.env.scoreboard] process_tl_access: read predict status 

UVM_INFO @  44898896 ps: (lc_ctrl_scoreboard.sv:391) uvm_test_top.env.scoreboard [uvm_test_top.env.scoreboard] process_tl_access: read predict status 

UVM_INFO @  44982230 ps: (lc_ctrl_scoreboard.sv:391) uvm_test_top.env.scoreboard [uvm_test_top.env.scoreboard] process_tl_access: read predict status 

UVM_INFO @  45065564 ps: (lc_ctrl_scoreboard.sv:391) uvm_test_top.env.scoreboard [uvm_test_top.env.scoreboard] process_tl_access: read predict status 

UVM_INFO @  45148898 ps: (lc_ctrl_scoreboard.sv:391) uvm_test_top.env.scoreboard [uvm_test_top.env.scoreboard] process_tl_access: read predict status 

UVM_INFO @  45232232 ps: (lc_ctrl_scoreboard.sv:391) uvm_test_top.env.scoreboard [uvm_test_top.env.scoreboard] process_tl_access: read predict status 

UVM_INFO @  45315566 ps: (lc_ctrl_scoreboard.sv:391) uvm_test_top.env.scoreboard [uvm_test_top.env.scoreboard] process_tl_access: read predict status 

UVM_INFO @  45398900 ps: (lc_ctrl_scoreboard.sv:391) uvm_test_top.env.scoreboard [uvm_test_top.env.scoreboard] process_tl_access: read predict status 

UVM_INFO @  45482234 ps: (lc_ctrl_scoreboard.sv:391) uvm_test_top.env.scoreboard [uvm_test_top.env.scoreboard] process_tl_access: read predict status 

UVM_INFO @  45565568 ps: (lc_ctrl_scoreboard.sv:391) uvm_test_top.env.scoreboard [uvm_test_top.env.scoreboard] process_tl_access: read predict status 

UVM_INFO @  45648902 ps: (lc_ctrl_scoreboard.sv:391) uvm_test_top.env.scoreboard [uvm_test_top.env.scoreboard] process_tl_access: read predict status 

UVM_INFO @  45732236 ps: (lc_ctrl_scoreboard.sv:391) uvm_test_top.env.scoreboard [uvm_test_top.env.scoreboard] process_tl_access: read predict status 

UVM_INFO @  45773903 ps: (lc_ctrl_scoreboard.sv:186) uvm_test_top.env.scoreboard [uvm_test_top.env.scoreboard] process_kmac_app_req: token received 06f6ad2c854aeb2f7b1bd043fcec484d
UVM_INFO @  45815570 ps: (lc_ctrl_scoreboard.sv:391) uvm_test_top.env.scoreboard [uvm_test_top.env.scoreboard] process_tl_access: read predict status 

UVM_INFO @  45898904 ps: (lc_ctrl_scoreboard.sv:391) uvm_test_top.env.scoreboard [uvm_test_top.env.scoreboard] process_tl_access: read predict status 

UVM_INFO @  45982238 ps: (lc_ctrl_scoreboard.sv:391) uvm_test_top.env.scoreboard [uvm_test_top.env.scoreboard] process_tl_access: read predict status 

UVM_INFO @  46065572 ps: (lc_ctrl_scoreboard.sv:391) uvm_test_top.env.scoreboard [uvm_test_top.env.scoreboard] process_tl_access: read predict status 

UVM_INFO @  46148906 ps: (lc_ctrl_scoreboard.sv:391) uvm_test_top.env.scoreboard [uvm_test_top.env.scoreboard] process_tl_access: read predict status 

UVM_INFO @  46232240 ps: (lc_ctrl_scoreboard.sv:391) uvm_test_top.env.scoreboard [uvm_test_top.env.scoreboard] process_tl_access: read predict status 

UVM_INFO @  46315574 ps: (lc_ctrl_scoreboard.sv:391) uvm_test_top.env.scoreboard [uvm_test_top.env.scoreboard] process_tl_access: read predict status 

UVM_INFO @  46398908 ps: (lc_ctrl_scoreboard.sv:391) uvm_test_top.env.scoreboard [uvm_test_top.env.scoreboard] process_tl_access: read predict status 

UVM_INFO @  46482242 ps: (lc_ctrl_scoreboard.sv:391) uvm_test_top.env.scoreboard [uvm_test_top.env.scoreboard] process_tl_access: read predict status 

UVM_INFO @  46565576 ps: (lc_ctrl_scoreboard.sv:391) uvm_test_top.env.scoreboard [uvm_test_top.env.scoreboard] process_tl_access: read predict status 

UVM_INFO @  46648910 ps: (lc_ctrl_scoreboard.sv:391) uvm_test_top.env.scoreboard [uvm_test_top.env.scoreboard] process_tl_access: read predict status 

UVM_INFO @  46732244 ps: (lc_ctrl_scoreboard.sv:391) uvm_test_top.env.scoreboard [uvm_test_top.env.scoreboard] process_tl_access: read predict status 

UVM_INFO @  46815578 ps: (lc_ctrl_scoreboard.sv:391) uvm_test_top.env.scoreboard [uvm_test_top.env.scoreboard] process_tl_access: read predict status 

UVM_INFO @  46898912 ps: (lc_ctrl_scoreboard.sv:391) uvm_test_top.env.scoreboard [uvm_test_top.env.scoreboard] process_tl_access: read predict status 

UVM_INFO @  46982246 ps: (lc_ctrl_scoreboard.sv:391) uvm_test_top.env.scoreboard [uvm_test_top.env.scoreboard] process_tl_access: read predict status 

UVM_INFO @  47065580 ps: (lc_ctrl_scoreboard.sv:391) uvm_test_top.env.scoreboard [uvm_test_top.env.scoreboard] process_tl_access: read predict status 

UVM_INFO @  47148914 ps: (lc_ctrl_scoreboard.sv:391) uvm_test_top.env.scoreboard [uvm_test_top.env.scoreboard] process_tl_access: read predict status 

UVM_INFO @  47232248 ps: (lc_ctrl_scoreboard.sv:391) uvm_test_top.env.scoreboard [uvm_test_top.env.scoreboard] process_tl_access: read predict status 

UVM_INFO @  47315582 ps: (lc_ctrl_scoreboard.sv:391) uvm_test_top.env.scoreboard [uvm_test_top.env.scoreboard] process_tl_access: read predict status 

UVM_INFO @  47398916 ps: (lc_ctrl_scoreboard.sv:391) uvm_test_top.env.scoreboard [uvm_test_top.env.scoreboard] process_tl_access: read predict status 

UVM_INFO @  47482250 ps: (lc_ctrl_scoreboard.sv:391) uvm_test_top.env.scoreboard [uvm_test_top.env.scoreboard] process_tl_access: read predict status 

UVM_INFO @  47565584 ps: (lc_ctrl_scoreboard.sv:391) uvm_test_top.env.scoreboard [uvm_test_top.env.scoreboard] process_tl_access: read predict status 

UVM_INFO @  47565584 ps: (lc_ctrl_scoreboard.sv:566) uvm_test_top.env.scoreboard [uvm_test_top.env.scoreboard] predict_otp_prog_req: state=LcStScrap count=LcCnt24
UVM_INFO @  47648918 ps: (lc_ctrl_scoreboard.sv:391) uvm_test_top.env.scoreboard [uvm_test_top.env.scoreboard] process_tl_access: read predict status 

UVM_INFO @  47648918 ps: (jtag_riscv_driver.sv:16) driver [driver] reset_signals: cfg.in_reset=1'b1
UVM_INFO @  47685088 ps: (kmac_app_monitor.sv:86) uvm_test_top.env.m_kmac_app_agent.monitor [uvm_test_top.env.m_kmac_app_agent.monitor] Reset occurs
UVM_INFO @  51148946 ps: (jtag_riscv_driver.sv:25) driver [driver] reset_signals: cfg.in_reset=1'b0
UVM_INFO @  54232304 ps: (lc_ctrl_scoreboard.sv:391) uvm_test_top.env.scoreboard [uvm_test_top.env.scoreboard] process_tl_access: read predict status 

UVM_INFO @  54232304 ps: (lc_ctrl_smoke_vseq.sv:65) uvm_test_top.env.virtual_sequencer [uvm_test_top.env.virtual_sequencer.lc_ctrl_smoke_vseq] starting seq 6/18, init LC_state is LcStTestLocked4, LC_cnt is LcCnt16
UVM_INFO @  54273971 ps: (lc_ctrl_scoreboard.sv:301) uvm_test_top.env.scoreboard [uvm_test_top.env.scoreboard] process_tl_access: write predict claim_transition_if 

UVM_INFO @  54357305 ps: (lc_ctrl_scoreboard.sv:301) uvm_test_top.env.scoreboard [uvm_test_top.env.scoreboard] process_tl_access: write predict transition_ctrl 

UVM_INFO @  54440639 ps: (lc_ctrl_scoreboard.sv:301) uvm_test_top.env.scoreboard [uvm_test_top.env.scoreboard] process_tl_access: write predict transition_target 

UVM_INFO @  54523973 ps: (lc_ctrl_scoreboard.sv:301) uvm_test_top.env.scoreboard [uvm_test_top.env.scoreboard] process_tl_access: write predict transition_token_0 

UVM_INFO @  54607307 ps: (lc_ctrl_scoreboard.sv:301) uvm_test_top.env.scoreboard [uvm_test_top.env.scoreboard] process_tl_access: write predict transition_token_1 

UVM_INFO @  54690641 ps: (lc_ctrl_scoreboard.sv:301) uvm_test_top.env.scoreboard [uvm_test_top.env.scoreboard] process_tl_access: write predict transition_token_2 

UVM_INFO @  54773975 ps: (lc_ctrl_scoreboard.sv:301) uvm_test_top.env.scoreboard [uvm_test_top.env.scoreboard] process_tl_access: write predict transition_token_3 

UVM_INFO @  54857309 ps: (lc_ctrl_scoreboard.sv:301) uvm_test_top.env.scoreboard [uvm_test_top.env.scoreboard] process_tl_access: write predict otp_vendor_test_ctrl 

UVM_INFO @  54982310 ps: (lc_ctrl_scoreboard.sv:391) uvm_test_top.env.scoreboard [uvm_test_top.env.scoreboard] process_tl_access: read predict otp_vendor_test_status 

UVM_INFO @  55023977 ps: (lc_ctrl_scoreboard.sv:301) uvm_test_top.env.scoreboard [uvm_test_top.env.scoreboard] process_tl_access: write predict transition_cmd 

UVM_INFO @  55148978 ps: (lc_ctrl_scoreboard.sv:391) uvm_test_top.env.scoreboard [uvm_test_top.env.scoreboard] process_tl_access: read predict status 

UVM_INFO @  55232312 ps: (lc_ctrl_scoreboard.sv:391) uvm_test_top.env.scoreboard [uvm_test_top.env.scoreboard] process_tl_access: read predict status 

UVM_INFO @  55315646 ps: (lc_ctrl_scoreboard.sv:391) uvm_test_top.env.scoreboard [uvm_test_top.env.scoreboard] process_tl_access: read predict status 

UVM_INFO @  55398980 ps: (lc_ctrl_scoreboard.sv:391) uvm_test_top.env.scoreboard [uvm_test_top.env.scoreboard] process_tl_access: read predict status 

UVM_INFO @  55482314 ps: (lc_ctrl_scoreboard.sv:391) uvm_test_top.env.scoreboard [uvm_test_top.env.scoreboard] process_tl_access: read predict status 

UVM_INFO @  55523981 ps: (lc_ctrl_scoreboard.sv:566) uvm_test_top.env.scoreboard [uvm_test_top.env.scoreboard] predict_otp_prog_req: state=LcStScrap count=LcCnt24
UVM_INFO @  55565648 ps: (lc_ctrl_scoreboard.sv:391) uvm_test_top.env.scoreboard [uvm_test_top.env.scoreboard] process_tl_access: read predict status 

UVM_INFO @  55648982 ps: (lc_ctrl_scoreboard.sv:391) uvm_test_top.env.scoreboard [uvm_test_top.env.scoreboard] process_tl_access: read predict status 

UVM_INFO @  55732316 ps: (lc_ctrl_scoreboard.sv:391) uvm_test_top.env.scoreboard [uvm_test_top.env.scoreboard] process_tl_access: read predict status 

UVM_INFO @  55815650 ps: (lc_ctrl_scoreboard.sv:391) uvm_test_top.env.scoreboard [uvm_test_top.env.scoreboard] process_tl_access: read predict status 

UVM_INFO @  55898984 ps: (lc_ctrl_scoreboard.sv:391) uvm_test_top.env.scoreboard [uvm_test_top.env.scoreboard] process_tl_access: read predict status 

UVM_INFO @  55982318 ps: (lc_ctrl_scoreboard.sv:391) uvm_test_top.env.scoreboard [uvm_test_top.env.scoreboard] process_tl_access: read predict status 

UVM_INFO @  56065652 ps: (lc_ctrl_scoreboard.sv:391) uvm_test_top.env.scoreboard [uvm_test_top.env.scoreboard] process_tl_access: read predict status 

UVM_INFO @  56148986 ps: (lc_ctrl_scoreboard.sv:391) uvm_test_top.env.scoreboard [uvm_test_top.env.scoreboard] process_tl_access: read predict status 

UVM_INFO @  56232320 ps: (lc_ctrl_scoreboard.sv:391) uvm_test_top.env.scoreboard [uvm_test_top.env.scoreboard] process_tl_access: read predict status 

UVM_INFO @  56315654 ps: (lc_ctrl_scoreboard.sv:391) uvm_test_top.env.scoreboard [uvm_test_top.env.scoreboard] process_tl_access: read predict status 

UVM_INFO @  56398988 ps: (lc_ctrl_scoreboard.sv:391) uvm_test_top.env.scoreboard [uvm_test_top.env.scoreboard] process_tl_access: read predict status 

UVM_INFO @  56482322 ps: (lc_ctrl_scoreboard.sv:391) uvm_test_top.env.scoreboard [uvm_test_top.env.scoreboard] process_tl_access: read predict status 

UVM_INFO @  56565656 ps: (lc_ctrl_scoreboard.sv:391) uvm_test_top.env.scoreboard [uvm_test_top.env.scoreboard] process_tl_access: read predict status 

UVM_INFO @  56648990 ps: (lc_ctrl_scoreboard.sv:391) uvm_test_top.env.scoreboard [uvm_test_top.env.scoreboard] process_tl_access: read predict status 

UVM_INFO @  56732324 ps: (lc_ctrl_scoreboard.sv:391) uvm_test_top.env.scoreboard [uvm_test_top.env.scoreboard] process_tl_access: read predict status 

UVM_INFO @  56815658 ps: (lc_ctrl_scoreboard.sv:391) uvm_test_top.env.scoreboard [uvm_test_top.env.scoreboard] process_tl_access: read predict status 

UVM_INFO @  56898992 ps: (lc_ctrl_scoreboard.sv:391) uvm_test_top.env.scoreboard [uvm_test_top.env.scoreboard] process_tl_access: read predict status 

UVM_INFO @  56982326 ps: (lc_ctrl_scoreboard.sv:391) uvm_test_top.env.scoreboard [uvm_test_top.env.scoreboard] process_tl_access: read predict status 

UVM_INFO @  57065660 ps: (lc_ctrl_scoreboard.sv:391) uvm_test_top.env.scoreboard [uvm_test_top.env.scoreboard] process_tl_access: read predict status 

UVM_INFO @  57148994 ps: (lc_ctrl_scoreboard.sv:391) uvm_test_top.env.scoreboard [uvm_test_top.env.scoreboard] process_tl_access: read predict status 

UVM_INFO @  57232328 ps: (lc_ctrl_scoreboard.sv:391) uvm_test_top.env.scoreboard [uvm_test_top.env.scoreboard] process_tl_access: read predict status 

UVM_INFO @  57315662 ps: (lc_ctrl_scoreboard.sv:391) uvm_test_top.env.scoreboard [uvm_test_top.env.scoreboard] process_tl_access: read predict status 

UVM_INFO @  57398996 ps: (lc_ctrl_scoreboard.sv:391) uvm_test_top.env.scoreboard [uvm_test_top.env.scoreboard] process_tl_access: read predict status 

UVM_INFO @  57482330 ps: (lc_ctrl_scoreboard.sv:391) uvm_test_top.env.scoreboard [uvm_test_top.env.scoreboard] process_tl_access: read predict status 

UVM_INFO @  57523997 ps: (lc_ctrl_scoreboard.sv:186) uvm_test_top.env.scoreboard [uvm_test_top.env.scoreboard] process_kmac_app_req: token received ed9b831065e89882eb124f8f64552e50
UVM_INFO @  57565664 ps: (lc_ctrl_scoreboard.sv:391) uvm_test_top.env.scoreboard [uvm_test_top.env.scoreboard] process_tl_access: read predict status 

UVM_INFO @  57648998 ps: (lc_ctrl_scoreboard.sv:391) uvm_test_top.env.scoreboard [uvm_test_top.env.scoreboard] process_tl_access: read predict status 

UVM_INFO @  57732332 ps: (lc_ctrl_scoreboard.sv:391) uvm_test_top.env.scoreboard [uvm_test_top.env.scoreboard] process_tl_access: read predict status 

UVM_INFO @  57815666 ps: (lc_ctrl_scoreboard.sv:391) uvm_test_top.env.scoreboard [uvm_test_top.env.scoreboard] process_tl_access: read predict status 

UVM_INFO @  57899000 ps: (lc_ctrl_scoreboard.sv:391) uvm_test_top.env.scoreboard [uvm_test_top.env.scoreboard] process_tl_access: read predict status 

UVM_INFO @  57982334 ps: (lc_ctrl_scoreboard.sv:391) uvm_test_top.env.scoreboard [uvm_test_top.env.scoreboard] process_tl_access: read predict status 

UVM_INFO @  58065668 ps: (lc_ctrl_scoreboard.sv:391) uvm_test_top.env.scoreboard [uvm_test_top.env.scoreboard] process_tl_access: read predict status 

UVM_INFO @  58149002 ps: (lc_ctrl_scoreboard.sv:391) uvm_test_top.env.scoreboard [uvm_test_top.env.scoreboard] process_tl_access: read predict status 

UVM_INFO @  58232336 ps: (lc_ctrl_scoreboard.sv:391) uvm_test_top.env.scoreboard [uvm_test_top.env.scoreboard] process_tl_access: read predict status 

UVM_INFO @  58315670 ps: (lc_ctrl_scoreboard.sv:391) uvm_test_top.env.scoreboard [uvm_test_top.env.scoreboard] process_tl_access: read predict status 

UVM_INFO @  58399004 ps: (lc_ctrl_scoreboard.sv:391) uvm_test_top.env.scoreboard [uvm_test_top.env.scoreboard] process_tl_access: read predict status 

UVM_INFO @  58482338 ps: (lc_ctrl_scoreboard.sv:391) uvm_test_top.env.scoreboard [uvm_test_top.env.scoreboard] process_tl_access: read predict status 

UVM_INFO @  58565672 ps: (lc_ctrl_scoreboard.sv:391) uvm_test_top.env.scoreboard [uvm_test_top.env.scoreboard] process_tl_access: read predict status 

UVM_INFO @  58649006 ps: (lc_ctrl_scoreboard.sv:391) uvm_test_top.env.scoreboard [uvm_test_top.env.scoreboard] process_tl_access: read predict status 

UVM_INFO @  58732340 ps: (lc_ctrl_scoreboard.sv:391) uvm_test_top.env.scoreboard [uvm_test_top.env.scoreboard] process_tl_access: read predict status 

UVM_INFO @  58815674 ps: (lc_ctrl_scoreboard.sv:391) uvm_test_top.env.scoreboard [uvm_test_top.env.scoreboard] process_tl_access: read predict status 

UVM_INFO @  58899008 ps: (lc_ctrl_scoreboard.sv:391) uvm_test_top.env.scoreboard [uvm_test_top.env.scoreboard] process_tl_access: read predict status 

UVM_INFO @  58982342 ps: (lc_ctrl_scoreboard.sv:391) uvm_test_top.env.scoreboard [uvm_test_top.env.scoreboard] process_tl_access: read predict status 

UVM_INFO @  59065676 ps: (lc_ctrl_scoreboard.sv:391) uvm_test_top.env.scoreboard [uvm_test_top.env.scoreboard] process_tl_access: read predict status 

UVM_INFO @  59107343 ps: (lc_ctrl_scoreboard.sv:566) uvm_test_top.env.scoreboard [uvm_test_top.env.scoreboard] predict_otp_prog_req: state=LcStScrap count=LcCnt24
UVM_INFO @  59149010 ps: (lc_ctrl_scoreboard.sv:391) uvm_test_top.env.scoreboard [uvm_test_top.env.scoreboard] process_tl_access: read predict status 

UVM_INFO @  59232344 ps: (lc_ctrl_scoreboard.sv:391) uvm_test_top.env.scoreboard [uvm_test_top.env.scoreboard] process_tl_access: read predict status 

UVM_INFO @  59232344 ps: (jtag_riscv_driver.sv:16) driver [driver] reset_signals: cfg.in_reset=1'b1
UVM_INFO @  59242257 ps: (kmac_app_monitor.sv:86) uvm_test_top.env.m_kmac_app_agent.monitor [uvm_test_top.env.m_kmac_app_agent.monitor] Reset occurs
UVM_INFO @  61440695 ps: (jtag_riscv_driver.sv:25) driver [driver] reset_signals: cfg.in_reset=1'b0
UVM_INFO @  64107383 ps: (lc_ctrl_scoreboard.sv:391) uvm_test_top.env.scoreboard [uvm_test_top.env.scoreboard] process_tl_access: read predict status 

UVM_INFO @  64107383 ps: (lc_ctrl_smoke_vseq.sv:65) uvm_test_top.env.virtual_sequencer [uvm_test_top.env.virtual_sequencer.lc_ctrl_smoke_vseq] starting seq 7/18, init LC_state is LcStTestLocked4, LC_cnt is LcCnt19
UVM_INFO @  64149050 ps: (lc_ctrl_scoreboard.sv:301) uvm_test_top.env.scoreboard [uvm_test_top.env.scoreboard] process_tl_access: write predict claim_transition_if 

UVM_INFO @  64232384 ps: (lc_ctrl_scoreboard.sv:301) uvm_test_top.env.scoreboard [uvm_test_top.env.scoreboard] process_tl_access: write predict transition_ctrl 

UVM_INFO @  64315718 ps: (lc_ctrl_scoreboard.sv:301) uvm_test_top.env.scoreboard [uvm_test_top.env.scoreboard] process_tl_access: write predict transition_target 

UVM_INFO @  64399052 ps: (lc_ctrl_scoreboard.sv:301) uvm_test_top.env.scoreboard [uvm_test_top.env.scoreboard] process_tl_access: write predict transition_token_0 

UVM_INFO @  64482386 ps: (lc_ctrl_scoreboard.sv:301) uvm_test_top.env.scoreboard [uvm_test_top.env.scoreboard] process_tl_access: write predict transition_token_1 

UVM_INFO @  64565720 ps: (lc_ctrl_scoreboard.sv:301) uvm_test_top.env.scoreboard [uvm_test_top.env.scoreboard] process_tl_access: write predict transition_token_2 

UVM_INFO @  64649054 ps: (lc_ctrl_scoreboard.sv:301) uvm_test_top.env.scoreboard [uvm_test_top.env.scoreboard] process_tl_access: write predict transition_token_3 

UVM_INFO @  64732388 ps: (lc_ctrl_scoreboard.sv:301) uvm_test_top.env.scoreboard [uvm_test_top.env.scoreboard] process_tl_access: write predict otp_vendor_test_ctrl 

UVM_INFO @  64857389 ps: (lc_ctrl_scoreboard.sv:391) uvm_test_top.env.scoreboard [uvm_test_top.env.scoreboard] process_tl_access: read predict otp_vendor_test_status 

UVM_INFO @  64899056 ps: (lc_ctrl_scoreboard.sv:301) uvm_test_top.env.scoreboard [uvm_test_top.env.scoreboard] process_tl_access: write predict transition_cmd 

UVM_INFO @  65024057 ps: (lc_ctrl_scoreboard.sv:391) uvm_test_top.env.scoreboard [uvm_test_top.env.scoreboard] process_tl_access: read predict status 

UVM_INFO @  65107391 ps: (lc_ctrl_scoreboard.sv:391) uvm_test_top.env.scoreboard [uvm_test_top.env.scoreboard] process_tl_access: read predict status 

UVM_INFO @  65190725 ps: (lc_ctrl_scoreboard.sv:391) uvm_test_top.env.scoreboard [uvm_test_top.env.scoreboard] process_tl_access: read predict status 

UVM_INFO @  65274059 ps: (lc_ctrl_scoreboard.sv:391) uvm_test_top.env.scoreboard [uvm_test_top.env.scoreboard] process_tl_access: read predict status 

UVM_INFO @  65357393 ps: (lc_ctrl_scoreboard.sv:391) uvm_test_top.env.scoreboard [uvm_test_top.env.scoreboard] process_tl_access: read predict status 

UVM_INFO @  65440727 ps: (lc_ctrl_scoreboard.sv:391) uvm_test_top.env.scoreboard [uvm_test_top.env.scoreboard] process_tl_access: read predict status 

UVM_INFO @  65524061 ps: (lc_ctrl_scoreboard.sv:391) uvm_test_top.env.scoreboard [uvm_test_top.env.scoreboard] process_tl_access: read predict status 

UVM_INFO @  65607395 ps: (lc_ctrl_scoreboard.sv:391) uvm_test_top.env.scoreboard [uvm_test_top.env.scoreboard] process_tl_access: read predict status 

UVM_INFO @  65690729 ps: (lc_ctrl_scoreboard.sv:391) uvm_test_top.env.scoreboard [uvm_test_top.env.scoreboard] process_tl_access: read predict status 

UVM_INFO @  65732396 ps: (lc_ctrl_scoreboard.sv:566) uvm_test_top.env.scoreboard [uvm_test_top.env.scoreboard] predict_otp_prog_req: state=LcStTestLocked4 count=LcCnt20
UVM_INFO @  65774063 ps: (lc_ctrl_scoreboard.sv:391) uvm_test_top.env.scoreboard [uvm_test_top.env.scoreboard] process_tl_access: read predict status 

UVM_INFO @  65857397 ps: (lc_ctrl_scoreboard.sv:391) uvm_test_top.env.scoreboard [uvm_test_top.env.scoreboard] process_tl_access: read predict status 

UVM_INFO @  65940731 ps: (lc_ctrl_scoreboard.sv:391) uvm_test_top.env.scoreboard [uvm_test_top.env.scoreboard] process_tl_access: read predict status 

UVM_INFO @  66024065 ps: (lc_ctrl_scoreboard.sv:391) uvm_test_top.env.scoreboard [uvm_test_top.env.scoreboard] process_tl_access: read predict status 

UVM_INFO @  66107399 ps: (lc_ctrl_scoreboard.sv:391) uvm_test_top.env.scoreboard [uvm_test_top.env.scoreboard] process_tl_access: read predict status 

UVM_INFO @  66190733 ps: (lc_ctrl_scoreboard.sv:391) uvm_test_top.env.scoreboard [uvm_test_top.env.scoreboard] process_tl_access: read predict status 

UVM_INFO @  66274067 ps: (lc_ctrl_scoreboard.sv:391) uvm_test_top.env.scoreboard [uvm_test_top.env.scoreboard] process_tl_access: read predict status 

UVM_INFO @  66357401 ps: (lc_ctrl_scoreboard.sv:391) uvm_test_top.env.scoreboard [uvm_test_top.env.scoreboard] process_tl_access: read predict status 

UVM_INFO @  66440735 ps: (lc_ctrl_scoreboard.sv:391) uvm_test_top.env.scoreboard [uvm_test_top.env.scoreboard] process_tl_access: read predict status 

UVM_INFO @  66524069 ps: (lc_ctrl_scoreboard.sv:391) uvm_test_top.env.scoreboard [uvm_test_top.env.scoreboard] process_tl_access: read predict status 

UVM_INFO @  66607403 ps: (lc_ctrl_scoreboard.sv:391) uvm_test_top.env.scoreboard [uvm_test_top.env.scoreboard] process_tl_access: read predict status 

UVM_INFO @  66690737 ps: (lc_ctrl_scoreboard.sv:391) uvm_test_top.env.scoreboard [uvm_test_top.env.scoreboard] process_tl_access: read predict status 

UVM_INFO @  66774071 ps: (lc_ctrl_scoreboard.sv:391) uvm_test_top.env.scoreboard [uvm_test_top.env.scoreboard] process_tl_access: read predict status 

UVM_INFO @  66857405 ps: (lc_ctrl_scoreboard.sv:391) uvm_test_top.env.scoreboard [uvm_test_top.env.scoreboard] process_tl_access: read predict status 

UVM_INFO @  66940739 ps: (lc_ctrl_scoreboard.sv:391) uvm_test_top.env.scoreboard [uvm_test_top.env.scoreboard] process_tl_access: read predict status 

UVM_INFO @  67024073 ps: (lc_ctrl_scoreboard.sv:391) uvm_test_top.env.scoreboard [uvm_test_top.env.scoreboard] process_tl_access: read predict status 

UVM_INFO @  67107407 ps: (lc_ctrl_scoreboard.sv:391) uvm_test_top.env.scoreboard [uvm_test_top.env.scoreboard] process_tl_access: read predict status 

UVM_INFO @  67190741 ps: (lc_ctrl_scoreboard.sv:391) uvm_test_top.env.scoreboard [uvm_test_top.env.scoreboard] process_tl_access: read predict status 

UVM_INFO @  67274075 ps: (lc_ctrl_scoreboard.sv:391) uvm_test_top.env.scoreboard [uvm_test_top.env.scoreboard] process_tl_access: read predict status 

UVM_INFO @  67357409 ps: (lc_ctrl_scoreboard.sv:391) uvm_test_top.env.scoreboard [uvm_test_top.env.scoreboard] process_tl_access: read predict status 

UVM_INFO @  67440743 ps: (lc_ctrl_scoreboard.sv:391) uvm_test_top.env.scoreboard [uvm_test_top.env.scoreboard] process_tl_access: read predict status 

UVM_INFO @  67524077 ps: (lc_ctrl_scoreboard.sv:391) uvm_test_top.env.scoreboard [uvm_test_top.env.scoreboard] process_tl_access: read predict status 

UVM_INFO @  67607411 ps: (lc_ctrl_scoreboard.sv:391) uvm_test_top.env.scoreboard [uvm_test_top.env.scoreboard] process_tl_access: read predict status 

UVM_INFO @  67690745 ps: (lc_ctrl_scoreboard.sv:391) uvm_test_top.env.scoreboard [uvm_test_top.env.scoreboard] process_tl_access: read predict status 

UVM_INFO @  67774079 ps: (lc_ctrl_scoreboard.sv:391) uvm_test_top.env.scoreboard [uvm_test_top.env.scoreboard] process_tl_access: read predict status 

UVM_INFO @  67857413 ps: (lc_ctrl_scoreboard.sv:391) uvm_test_top.env.scoreboard [uvm_test_top.env.scoreboard] process_tl_access: read predict status 

UVM_INFO @  67940747 ps: (lc_ctrl_scoreboard.sv:391) uvm_test_top.env.scoreboard [uvm_test_top.env.scoreboard] process_tl_access: read predict status 

UVM_INFO @  68024081 ps: (lc_ctrl_scoreboard.sv:391) uvm_test_top.env.scoreboard [uvm_test_top.env.scoreboard] process_tl_access: read predict status 

UVM_INFO @  68107415 ps: (lc_ctrl_scoreboard.sv:391) uvm_test_top.env.scoreboard [uvm_test_top.env.scoreboard] process_tl_access: read predict status 

UVM_INFO @  68190749 ps: (lc_ctrl_scoreboard.sv:391) uvm_test_top.env.scoreboard [uvm_test_top.env.scoreboard] process_tl_access: read predict status 

UVM_INFO @  68274083 ps: (lc_ctrl_scoreboard.sv:391) uvm_test_top.env.scoreboard [uvm_test_top.env.scoreboard] process_tl_access: read predict status 

UVM_INFO @  68357417 ps: (lc_ctrl_scoreboard.sv:391) uvm_test_top.env.scoreboard [uvm_test_top.env.scoreboard] process_tl_access: read predict status 

UVM_INFO @  68440751 ps: (lc_ctrl_scoreboard.sv:391) uvm_test_top.env.scoreboard [uvm_test_top.env.scoreboard] process_tl_access: read predict status 

UVM_INFO @  68524085 ps: (lc_ctrl_scoreboard.sv:391) uvm_test_top.env.scoreboard [uvm_test_top.env.scoreboard] process_tl_access: read predict status 

UVM_INFO @  68607419 ps: (lc_ctrl_scoreboard.sv:391) uvm_test_top.env.scoreboard [uvm_test_top.env.scoreboard] process_tl_access: read predict status 

UVM_INFO @  68690753 ps: (lc_ctrl_scoreboard.sv:391) uvm_test_top.env.scoreboard [uvm_test_top.env.scoreboard] process_tl_access: read predict status 

UVM_INFO @  68774087 ps: (lc_ctrl_scoreboard.sv:391) uvm_test_top.env.scoreboard [uvm_test_top.env.scoreboard] process_tl_access: read predict status 

UVM_INFO @  68857421 ps: (lc_ctrl_scoreboard.sv:391) uvm_test_top.env.scoreboard [uvm_test_top.env.scoreboard] process_tl_access: read predict status 

UVM_INFO @  68940755 ps: (lc_ctrl_scoreboard.sv:391) uvm_test_top.env.scoreboard [uvm_test_top.env.scoreboard] process_tl_access: read predict status 

UVM_INFO @  69024089 ps: (lc_ctrl_scoreboard.sv:391) uvm_test_top.env.scoreboard [uvm_test_top.env.scoreboard] process_tl_access: read predict status 

UVM_INFO @  69107423 ps: (lc_ctrl_scoreboard.sv:391) uvm_test_top.env.scoreboard [uvm_test_top.env.scoreboard] process_tl_access: read predict status 

UVM_INFO @  69190757 ps: (lc_ctrl_scoreboard.sv:391) uvm_test_top.env.scoreboard [uvm_test_top.env.scoreboard] process_tl_access: read predict status 

UVM_INFO @  69274091 ps: (lc_ctrl_scoreboard.sv:391) uvm_test_top.env.scoreboard [uvm_test_top.env.scoreboard] process_tl_access: read predict status 

UVM_INFO @  69357425 ps: (lc_ctrl_scoreboard.sv:391) uvm_test_top.env.scoreboard [uvm_test_top.env.scoreboard] process_tl_access: read predict status 

UVM_INFO @  69440759 ps: (lc_ctrl_scoreboard.sv:391) uvm_test_top.env.scoreboard [uvm_test_top.env.scoreboard] process_tl_access: read predict status 

UVM_INFO @  69482426 ps: (lc_ctrl_scoreboard.sv:186) uvm_test_top.env.scoreboard [uvm_test_top.env.scoreboard] process_kmac_app_req: token received 300330deaf6f28be0c33326157695f19
UVM_INFO @  69524093 ps: (lc_ctrl_scoreboard.sv:391) uvm_test_top.env.scoreboard [uvm_test_top.env.scoreboard] process_tl_access: read predict status 

UVM_INFO @  69607427 ps: (lc_ctrl_scoreboard.sv:391) uvm_test_top.env.scoreboard [uvm_test_top.env.scoreboard] process_tl_access: read predict status 

UVM_INFO @  69690761 ps: (lc_ctrl_scoreboard.sv:391) uvm_test_top.env.scoreboard [uvm_test_top.env.scoreboard] process_tl_access: read predict status 

UVM_INFO @  69774095 ps: (lc_ctrl_scoreboard.sv:391) uvm_test_top.env.scoreboard [uvm_test_top.env.scoreboard] process_tl_access: read predict status 

UVM_INFO @  69857429 ps: (lc_ctrl_scoreboard.sv:391) uvm_test_top.env.scoreboard [uvm_test_top.env.scoreboard] process_tl_access: read predict status 

UVM_INFO @  69940763 ps: (lc_ctrl_scoreboard.sv:391) uvm_test_top.env.scoreboard [uvm_test_top.env.scoreboard] process_tl_access: read predict status 

UVM_INFO @  70024097 ps: (lc_ctrl_scoreboard.sv:391) uvm_test_top.env.scoreboard [uvm_test_top.env.scoreboard] process_tl_access: read predict status 

UVM_INFO @  70107431 ps: (lc_ctrl_scoreboard.sv:391) uvm_test_top.env.scoreboard [uvm_test_top.env.scoreboard] process_tl_access: read predict status 

UVM_INFO @  70190765 ps: (lc_ctrl_scoreboard.sv:391) uvm_test_top.env.scoreboard [uvm_test_top.env.scoreboard] process_tl_access: read predict status 

UVM_INFO @  70274099 ps: (lc_ctrl_scoreboard.sv:391) uvm_test_top.env.scoreboard [uvm_test_top.env.scoreboard] process_tl_access: read predict status 

UVM_INFO @  70357433 ps: (lc_ctrl_scoreboard.sv:391) uvm_test_top.env.scoreboard [uvm_test_top.env.scoreboard] process_tl_access: read predict status 

UVM_INFO @  70440767 ps: (lc_ctrl_scoreboard.sv:391) uvm_test_top.env.scoreboard [uvm_test_top.env.scoreboard] process_tl_access: read predict status 

UVM_INFO @  70524101 ps: (lc_ctrl_scoreboard.sv:391) uvm_test_top.env.scoreboard [uvm_test_top.env.scoreboard] process_tl_access: read predict status 

UVM_INFO @  70607435 ps: (lc_ctrl_scoreboard.sv:391) uvm_test_top.env.scoreboard [uvm_test_top.env.scoreboard] process_tl_access: read predict status 

UVM_INFO @  70690769 ps: (lc_ctrl_scoreboard.sv:566) uvm_test_top.env.scoreboard [uvm_test_top.env.scoreboard] predict_otp_prog_req: state=LcStDev count=LcCnt20
UVM_INFO @  70690769 ps: (lc_ctrl_scoreboard.sv:391) uvm_test_top.env.scoreboard [uvm_test_top.env.scoreboard] process_tl_access: read predict status 

UVM_INFO @  70774103 ps: (lc_ctrl_scoreboard.sv:391) uvm_test_top.env.scoreboard [uvm_test_top.env.scoreboard] process_tl_access: read predict status 

UVM_INFO @  70774103 ps: (jtag_riscv_driver.sv:16) driver [driver] reset_signals: cfg.in_reset=1'b1
UVM_INFO @  70774631 ps: (kmac_app_monitor.sv:86) uvm_test_top.env.m_kmac_app_agent.monitor [uvm_test_top.env.m_kmac_app_agent.monitor] Reset occurs
UVM_INFO @  73524125 ps: (jtag_riscv_driver.sv:25) driver [driver] reset_signals: cfg.in_reset=1'b0
UVM_INFO @  77024153 ps: (lc_ctrl_scoreboard.sv:391) uvm_test_top.env.scoreboard [uvm_test_top.env.scoreboard] process_tl_access: read predict status 

UVM_INFO @  77024153 ps: (lc_ctrl_smoke_vseq.sv:65) uvm_test_top.env.virtual_sequencer [uvm_test_top.env.virtual_sequencer.lc_ctrl_smoke_vseq] starting seq 8/18, init LC_state is LcStTestLocked2, LC_cnt is LcCnt1
UVM_INFO @  77107487 ps: (lc_ctrl_scoreboard.sv:391) uvm_test_top.env.scoreboard [uvm_test_top.env.scoreboard] process_tl_access: read predict status 

UVM_INFO @  77149154 ps: (lc_ctrl_scoreboard.sv:486) uvm_test_top.env.scoreboard [uvm_test_top.env.scoreboard] predict_lc_state: lc_state_single_exp=DecLcStTestLocked2(06) lc_state_exp=0c6318c6
UVM_INFO @  77190821 ps: (lc_ctrl_scoreboard.sv:391) uvm_test_top.env.scoreboard [uvm_test_top.env.scoreboard] process_tl_access: read predict lc_state 

UVM_INFO @  77232488 ps: (lc_ctrl_scoreboard.sv:526) uvm_test_top.env.scoreboard [uvm_test_top.env.scoreboard] predict_lc_transition_cnt: lc_transition_cnt_exp= 1
UVM_INFO @  77274155 ps: (lc_ctrl_scoreboard.sv:391) uvm_test_top.env.scoreboard [uvm_test_top.env.scoreboard] process_tl_access: read predict lc_transition_cnt 

UVM_INFO @  77315822 ps: (lc_ctrl_scoreboard.sv:301) uvm_test_top.env.scoreboard [uvm_test_top.env.scoreboard] process_tl_access: write predict claim_transition_if 

UVM_INFO @  77399156 ps: (lc_ctrl_scoreboard.sv:301) uvm_test_top.env.scoreboard [uvm_test_top.env.scoreboard] process_tl_access: write predict transition_ctrl 

UVM_INFO @  77482490 ps: (lc_ctrl_scoreboard.sv:301) uvm_test_top.env.scoreboard [uvm_test_top.env.scoreboard] process_tl_access: write predict transition_target 

UVM_INFO @  77565824 ps: (lc_ctrl_scoreboard.sv:301) uvm_test_top.env.scoreboard [uvm_test_top.env.scoreboard] process_tl_access: write predict transition_token_0 

UVM_INFO @  77649158 ps: (lc_ctrl_scoreboard.sv:301) uvm_test_top.env.scoreboard [uvm_test_top.env.scoreboard] process_tl_access: write predict transition_token_1 

UVM_INFO @  77732492 ps: (lc_ctrl_scoreboard.sv:301) uvm_test_top.env.scoreboard [uvm_test_top.env.scoreboard] process_tl_access: write predict transition_token_2 

UVM_INFO @  77815826 ps: (lc_ctrl_scoreboard.sv:301) uvm_test_top.env.scoreboard [uvm_test_top.env.scoreboard] process_tl_access: write predict transition_token_3 

UVM_INFO @  77899160 ps: (lc_ctrl_scoreboard.sv:301) uvm_test_top.env.scoreboard [uvm_test_top.env.scoreboard] process_tl_access: write predict otp_vendor_test_ctrl 

UVM_INFO @  78024161 ps: (lc_ctrl_scoreboard.sv:391) uvm_test_top.env.scoreboard [uvm_test_top.env.scoreboard] process_tl_access: read predict otp_vendor_test_status 

UVM_INFO @  78065828 ps: (lc_ctrl_scoreboard.sv:301) uvm_test_top.env.scoreboard [uvm_test_top.env.scoreboard] process_tl_access: write predict transition_cmd 

UVM_INFO @  78190829 ps: (lc_ctrl_scoreboard.sv:391) uvm_test_top.env.scoreboard [uvm_test_top.env.scoreboard] process_tl_access: read predict status 

UVM_INFO @  78274163 ps: (lc_ctrl_scoreboard.sv:391) uvm_test_top.env.scoreboard [uvm_test_top.env.scoreboard] process_tl_access: read predict status 

UVM_INFO @  78357497 ps: (lc_ctrl_scoreboard.sv:391) uvm_test_top.env.scoreboard [uvm_test_top.env.scoreboard] process_tl_access: read predict status 

UVM_INFO @  78399164 ps: (lc_ctrl_scoreboard.sv:566) uvm_test_top.env.scoreboard [uvm_test_top.env.scoreboard] predict_otp_prog_req: state=LcStTestLocked2 count=LcCnt2
UVM_INFO @  78440831 ps: (lc_ctrl_scoreboard.sv:391) uvm_test_top.env.scoreboard [uvm_test_top.env.scoreboard] process_tl_access: read predict status 

UVM_INFO @  78524165 ps: (lc_ctrl_scoreboard.sv:391) uvm_test_top.env.scoreboard [uvm_test_top.env.scoreboard] process_tl_access: read predict status 

UVM_INFO @  78607499 ps: (lc_ctrl_scoreboard.sv:391) uvm_test_top.env.scoreboard [uvm_test_top.env.scoreboard] process_tl_access: read predict status 

UVM_INFO @  78690833 ps: (lc_ctrl_scoreboard.sv:391) uvm_test_top.env.scoreboard [uvm_test_top.env.scoreboard] process_tl_access: read predict status 

UVM_INFO @  78774167 ps: (lc_ctrl_scoreboard.sv:391) uvm_test_top.env.scoreboard [uvm_test_top.env.scoreboard] process_tl_access: read predict status 

UVM_INFO @  78857501 ps: (lc_ctrl_scoreboard.sv:391) uvm_test_top.env.scoreboard [uvm_test_top.env.scoreboard] process_tl_access: read predict status 

UVM_INFO @  78940835 ps: (lc_ctrl_scoreboard.sv:391) uvm_test_top.env.scoreboard [uvm_test_top.env.scoreboard] process_tl_access: read predict status 

UVM_INFO @  79024169 ps: (lc_ctrl_scoreboard.sv:391) uvm_test_top.env.scoreboard [uvm_test_top.env.scoreboard] process_tl_access: read predict status 

UVM_INFO @  79107503 ps: (lc_ctrl_scoreboard.sv:391) uvm_test_top.env.scoreboard [uvm_test_top.env.scoreboard] process_tl_access: read predict status 

UVM_INFO @  79190837 ps: (lc_ctrl_scoreboard.sv:391) uvm_test_top.env.scoreboard [uvm_test_top.env.scoreboard] process_tl_access: read predict status 

UVM_INFO @  79274171 ps: (lc_ctrl_scoreboard.sv:391) uvm_test_top.env.scoreboard [uvm_test_top.env.scoreboard] process_tl_access: read predict status 

UVM_INFO @  79357505 ps: (lc_ctrl_scoreboard.sv:391) uvm_test_top.env.scoreboard [uvm_test_top.env.scoreboard] process_tl_access: read predict status 

UVM_INFO @  79440839 ps: (lc_ctrl_scoreboard.sv:391) uvm_test_top.env.scoreboard [uvm_test_top.env.scoreboard] process_tl_access: read predict status 

UVM_INFO @  79524173 ps: (lc_ctrl_scoreboard.sv:391) uvm_test_top.env.scoreboard [uvm_test_top.env.scoreboard] process_tl_access: read predict status 

UVM_INFO @  79607507 ps: (lc_ctrl_scoreboard.sv:391) uvm_test_top.env.scoreboard [uvm_test_top.env.scoreboard] process_tl_access: read predict status 

UVM_INFO @  79690841 ps: (lc_ctrl_scoreboard.sv:391) uvm_test_top.env.scoreboard [uvm_test_top.env.scoreboard] process_tl_access: read predict status 

UVM_INFO @  79774175 ps: (lc_ctrl_scoreboard.sv:391) uvm_test_top.env.scoreboard [uvm_test_top.env.scoreboard] process_tl_access: read predict status 

UVM_INFO @  79857509 ps: (lc_ctrl_scoreboard.sv:391) uvm_test_top.env.scoreboard [uvm_test_top.env.scoreboard] process_tl_access: read predict status 

UVM_INFO @  79940843 ps: (lc_ctrl_scoreboard.sv:391) uvm_test_top.env.scoreboard [uvm_test_top.env.scoreboard] process_tl_access: read predict status 

UVM_INFO @  80024177 ps: (lc_ctrl_scoreboard.sv:391) uvm_test_top.env.scoreboard [uvm_test_top.env.scoreboard] process_tl_access: read predict status 

UVM_INFO @  80107511 ps: (lc_ctrl_scoreboard.sv:391) uvm_test_top.env.scoreboard [uvm_test_top.env.scoreboard] process_tl_access: read predict status 

UVM_INFO @  80190845 ps: (lc_ctrl_scoreboard.sv:186) uvm_test_top.env.scoreboard [uvm_test_top.env.scoreboard] process_kmac_app_req: token received 0b91370bfa60b7bcf842f77f39d7c5e9
UVM_INFO @  80190845 ps: (lc_ctrl_scoreboard.sv:391) uvm_test_top.env.scoreboard [uvm_test_top.env.scoreboard] process_tl_access: read predict status 

UVM_INFO @  80274179 ps: (lc_ctrl_scoreboard.sv:391) uvm_test_top.env.scoreboard [uvm_test_top.env.scoreboard] process_tl_access: read predict status 

UVM_INFO @  80357513 ps: (lc_ctrl_scoreboard.sv:391) uvm_test_top.env.scoreboard [uvm_test_top.env.scoreboard] process_tl_access: read predict status 

UVM_INFO @  80440847 ps: (lc_ctrl_scoreboard.sv:391) uvm_test_top.env.scoreboard [uvm_test_top.env.scoreboard] process_tl_access: read predict status 

UVM_INFO @  80524181 ps: (lc_ctrl_scoreboard.sv:391) uvm_test_top.env.scoreboard [uvm_test_top.env.scoreboard] process_tl_access: read predict status 

UVM_INFO @  80607515 ps: (lc_ctrl_scoreboard.sv:391) uvm_test_top.env.scoreboard [uvm_test_top.env.scoreboard] process_tl_access: read predict status 

UVM_INFO @  80690849 ps: (lc_ctrl_scoreboard.sv:391) uvm_test_top.env.scoreboard [uvm_test_top.env.scoreboard] process_tl_access: read predict status 

UVM_INFO @  80774183 ps: (lc_ctrl_scoreboard.sv:391) uvm_test_top.env.scoreboard [uvm_test_top.env.scoreboard] process_tl_access: read predict status 

UVM_INFO @  80857517 ps: (lc_ctrl_scoreboard.sv:391) uvm_test_top.env.scoreboard [uvm_test_top.env.scoreboard] process_tl_access: read predict status 

UVM_INFO @  80940851 ps: (lc_ctrl_scoreboard.sv:391) uvm_test_top.env.scoreboard [uvm_test_top.env.scoreboard] process_tl_access: read predict status 

UVM_INFO @  81024185 ps: (lc_ctrl_scoreboard.sv:391) uvm_test_top.env.scoreboard [uvm_test_top.env.scoreboard] process_tl_access: read predict status 

UVM_INFO @  81107519 ps: (lc_ctrl_scoreboard.sv:391) uvm_test_top.env.scoreboard [uvm_test_top.env.scoreboard] process_tl_access: read predict status 

UVM_INFO @  81190853 ps: (lc_ctrl_scoreboard.sv:391) uvm_test_top.env.scoreboard [uvm_test_top.env.scoreboard] process_tl_access: read predict status 

UVM_INFO @  81274187 ps: (lc_ctrl_scoreboard.sv:391) uvm_test_top.env.scoreboard [uvm_test_top.env.scoreboard] process_tl_access: read predict status 

UVM_INFO @  81357521 ps: (lc_ctrl_scoreboard.sv:391) uvm_test_top.env.scoreboard [uvm_test_top.env.scoreboard] process_tl_access: read predict status 

UVM_INFO @  81440855 ps: (lc_ctrl_scoreboard.sv:391) uvm_test_top.env.scoreboard [uvm_test_top.env.scoreboard] process_tl_access: read predict status 

UVM_INFO @  81524189 ps: (lc_ctrl_scoreboard.sv:391) uvm_test_top.env.scoreboard [uvm_test_top.env.scoreboard] process_tl_access: read predict status 

UVM_INFO @  81607523 ps: (lc_ctrl_scoreboard.sv:391) uvm_test_top.env.scoreboard [uvm_test_top.env.scoreboard] process_tl_access: read predict status 

UVM_INFO @  81649190 ps: (lc_ctrl_scoreboard.sv:566) uvm_test_top.env.scoreboard [uvm_test_top.env.scoreboard] predict_otp_prog_req: state=LcStProdEnd count=LcCnt2
UVM_INFO @  81690857 ps: (lc_ctrl_scoreboard.sv:391) uvm_test_top.env.scoreboard [uvm_test_top.env.scoreboard] process_tl_access: read predict status 

UVM_INFO @  81774191 ps: (lc_ctrl_scoreboard.sv:391) uvm_test_top.env.scoreboard [uvm_test_top.env.scoreboard] process_tl_access: read predict status 

UVM_INFO @  81774191 ps: (jtag_riscv_driver.sv:16) driver [driver] reset_signals: cfg.in_reset=1'b1
UVM_INFO @  81808053 ps: (kmac_app_monitor.sv:86) uvm_test_top.env.m_kmac_app_agent.monitor [uvm_test_top.env.m_kmac_app_agent.monitor] Reset occurs
UVM_INFO @  84440879 ps: (jtag_riscv_driver.sv:25) driver [driver] reset_signals: cfg.in_reset=1'b0
UVM_INFO @  85399220 ps: (lc_ctrl_scoreboard.sv:391) uvm_test_top.env.scoreboard [uvm_test_top.env.scoreboard] process_tl_access: read predict status 

UVM_INFO @  85399220 ps: (lc_ctrl_smoke_vseq.sv:65) uvm_test_top.env.virtual_sequencer [uvm_test_top.env.virtual_sequencer.lc_ctrl_smoke_vseq] starting seq 9/18, init LC_state is LcStTestUnlocked5, LC_cnt is LcCnt18
UVM_INFO @  85482554 ps: (lc_ctrl_scoreboard.sv:391) uvm_test_top.env.scoreboard [uvm_test_top.env.scoreboard] process_tl_access: read predict status 

UVM_INFO @  85524221 ps: (lc_ctrl_scoreboard.sv:486) uvm_test_top.env.scoreboard [uvm_test_top.env.scoreboard] predict_lc_state: lc_state_single_exp=DecLcStTestUnlocked5(0b) lc_state_exp=16b5ad6b
UVM_INFO @  85565888 ps: (lc_ctrl_scoreboard.sv:391) uvm_test_top.env.scoreboard [uvm_test_top.env.scoreboard] process_tl_access: read predict lc_state 

UVM_INFO @  85607555 ps: (lc_ctrl_scoreboard.sv:526) uvm_test_top.env.scoreboard [uvm_test_top.env.scoreboard] predict_lc_transition_cnt: lc_transition_cnt_exp= 18
UVM_INFO @  85649222 ps: (lc_ctrl_scoreboard.sv:391) uvm_test_top.env.scoreboard [uvm_test_top.env.scoreboard] process_tl_access: read predict lc_transition_cnt 

UVM_INFO @  85690889 ps: (lc_ctrl_scoreboard.sv:301) uvm_test_top.env.scoreboard [uvm_test_top.env.scoreboard] process_tl_access: write predict claim_transition_if 

UVM_INFO @  85774223 ps: (lc_ctrl_scoreboard.sv:301) uvm_test_top.env.scoreboard [uvm_test_top.env.scoreboard] process_tl_access: write predict transition_ctrl 

UVM_INFO @  85857557 ps: (lc_ctrl_scoreboard.sv:301) uvm_test_top.env.scoreboard [uvm_test_top.env.scoreboard] process_tl_access: write predict transition_target 

UVM_INFO @  85940891 ps: (lc_ctrl_scoreboard.sv:301) uvm_test_top.env.scoreboard [uvm_test_top.env.scoreboard] process_tl_access: write predict transition_token_0 

UVM_INFO @  86024225 ps: (lc_ctrl_scoreboard.sv:301) uvm_test_top.env.scoreboard [uvm_test_top.env.scoreboard] process_tl_access: write predict transition_token_1 

UVM_INFO @  86107559 ps: (lc_ctrl_scoreboard.sv:301) uvm_test_top.env.scoreboard [uvm_test_top.env.scoreboard] process_tl_access: write predict transition_token_2 

UVM_INFO @  86190893 ps: (lc_ctrl_scoreboard.sv:301) uvm_test_top.env.scoreboard [uvm_test_top.env.scoreboard] process_tl_access: write predict transition_token_3 

UVM_INFO @  86274227 ps: (lc_ctrl_scoreboard.sv:301) uvm_test_top.env.scoreboard [uvm_test_top.env.scoreboard] process_tl_access: write predict otp_vendor_test_ctrl 

UVM_INFO @  86399228 ps: (lc_ctrl_scoreboard.sv:391) uvm_test_top.env.scoreboard [uvm_test_top.env.scoreboard] process_tl_access: read predict otp_vendor_test_status 

UVM_INFO @  86440895 ps: (lc_ctrl_scoreboard.sv:301) uvm_test_top.env.scoreboard [uvm_test_top.env.scoreboard] process_tl_access: write predict transition_cmd 

UVM_INFO @  86565896 ps: (lc_ctrl_scoreboard.sv:391) uvm_test_top.env.scoreboard [uvm_test_top.env.scoreboard] process_tl_access: read predict status 

UVM_INFO @  86649230 ps: (lc_ctrl_scoreboard.sv:391) uvm_test_top.env.scoreboard [uvm_test_top.env.scoreboard] process_tl_access: read predict status 

UVM_INFO @  86732564 ps: (lc_ctrl_scoreboard.sv:391) uvm_test_top.env.scoreboard [uvm_test_top.env.scoreboard] process_tl_access: read predict status 

UVM_INFO @  86815898 ps: (lc_ctrl_scoreboard.sv:391) uvm_test_top.env.scoreboard [uvm_test_top.env.scoreboard] process_tl_access: read predict status 

UVM_INFO @  86899232 ps: (lc_ctrl_scoreboard.sv:391) uvm_test_top.env.scoreboard [uvm_test_top.env.scoreboard] process_tl_access: read predict status 

UVM_INFO @  86899232 ps: (lc_ctrl_scoreboard.sv:566) uvm_test_top.env.scoreboard [uvm_test_top.env.scoreboard] predict_otp_prog_req: state=LcStTestUnlocked5 count=LcCnt19
UVM_INFO @  86982566 ps: (lc_ctrl_scoreboard.sv:391) uvm_test_top.env.scoreboard [uvm_test_top.env.scoreboard] process_tl_access: read predict status 

UVM_INFO @  87065900 ps: (lc_ctrl_scoreboard.sv:391) uvm_test_top.env.scoreboard [uvm_test_top.env.scoreboard] process_tl_access: read predict status 

UVM_INFO @  87149234 ps: (lc_ctrl_scoreboard.sv:391) uvm_test_top.env.scoreboard [uvm_test_top.env.scoreboard] process_tl_access: read predict status 

UVM_INFO @  87232568 ps: (lc_ctrl_scoreboard.sv:391) uvm_test_top.env.scoreboard [uvm_test_top.env.scoreboard] process_tl_access: read predict status 

UVM_INFO @  87315902 ps: (lc_ctrl_scoreboard.sv:391) uvm_test_top.env.scoreboard [uvm_test_top.env.scoreboard] process_tl_access: read predict status 

UVM_INFO @  87399236 ps: (lc_ctrl_scoreboard.sv:391) uvm_test_top.env.scoreboard [uvm_test_top.env.scoreboard] process_tl_access: read predict status 

UVM_INFO @  87482570 ps: (lc_ctrl_scoreboard.sv:391) uvm_test_top.env.scoreboard [uvm_test_top.env.scoreboard] process_tl_access: read predict status 

UVM_INFO @  87565904 ps: (lc_ctrl_scoreboard.sv:391) uvm_test_top.env.scoreboard [uvm_test_top.env.scoreboard] process_tl_access: read predict status 

UVM_INFO @  87649238 ps: (lc_ctrl_scoreboard.sv:391) uvm_test_top.env.scoreboard [uvm_test_top.env.scoreboard] process_tl_access: read predict status 

UVM_INFO @  87732572 ps: (lc_ctrl_scoreboard.sv:391) uvm_test_top.env.scoreboard [uvm_test_top.env.scoreboard] process_tl_access: read predict status 

UVM_INFO @  87815906 ps: (lc_ctrl_scoreboard.sv:391) uvm_test_top.env.scoreboard [uvm_test_top.env.scoreboard] process_tl_access: read predict status 

UVM_INFO @  87899240 ps: (lc_ctrl_scoreboard.sv:391) uvm_test_top.env.scoreboard [uvm_test_top.env.scoreboard] process_tl_access: read predict status 

UVM_INFO @  87982574 ps: (lc_ctrl_scoreboard.sv:391) uvm_test_top.env.scoreboard [uvm_test_top.env.scoreboard] process_tl_access: read predict status 

UVM_INFO @  88065908 ps: (lc_ctrl_scoreboard.sv:391) uvm_test_top.env.scoreboard [uvm_test_top.env.scoreboard] process_tl_access: read predict status 

UVM_INFO @  88149242 ps: (lc_ctrl_scoreboard.sv:391) uvm_test_top.env.scoreboard [uvm_test_top.env.scoreboard] process_tl_access: read predict status 

UVM_INFO @  88232576 ps: (lc_ctrl_scoreboard.sv:391) uvm_test_top.env.scoreboard [uvm_test_top.env.scoreboard] process_tl_access: read predict status 

UVM_INFO @  88315910 ps: (lc_ctrl_scoreboard.sv:391) uvm_test_top.env.scoreboard [uvm_test_top.env.scoreboard] process_tl_access: read predict status 

UVM_INFO @  88399244 ps: (lc_ctrl_scoreboard.sv:391) uvm_test_top.env.scoreboard [uvm_test_top.env.scoreboard] process_tl_access: read predict status 

UVM_INFO @  88482578 ps: (lc_ctrl_scoreboard.sv:391) uvm_test_top.env.scoreboard [uvm_test_top.env.scoreboard] process_tl_access: read predict status 

UVM_INFO @  88565912 ps: (lc_ctrl_scoreboard.sv:391) uvm_test_top.env.scoreboard [uvm_test_top.env.scoreboard] process_tl_access: read predict status 

UVM_INFO @  88649246 ps: (lc_ctrl_scoreboard.sv:391) uvm_test_top.env.scoreboard [uvm_test_top.env.scoreboard] process_tl_access: read predict status 

UVM_INFO @  88732580 ps: (lc_ctrl_scoreboard.sv:391) uvm_test_top.env.scoreboard [uvm_test_top.env.scoreboard] process_tl_access: read predict status 

UVM_INFO @  88815914 ps: (lc_ctrl_scoreboard.sv:391) uvm_test_top.env.scoreboard [uvm_test_top.env.scoreboard] process_tl_access: read predict status 

UVM_INFO @  88899248 ps: (lc_ctrl_scoreboard.sv:391) uvm_test_top.env.scoreboard [uvm_test_top.env.scoreboard] process_tl_access: read predict status 

UVM_INFO @  88982582 ps: (lc_ctrl_scoreboard.sv:391) uvm_test_top.env.scoreboard [uvm_test_top.env.scoreboard] process_tl_access: read predict status 

UVM_INFO @  89065916 ps: (lc_ctrl_scoreboard.sv:391) uvm_test_top.env.scoreboard [uvm_test_top.env.scoreboard] process_tl_access: read predict status 

UVM_INFO @  89149250 ps: (lc_ctrl_scoreboard.sv:391) uvm_test_top.env.scoreboard [uvm_test_top.env.scoreboard] process_tl_access: read predict status 

UVM_INFO @  89232584 ps: (lc_ctrl_scoreboard.sv:391) uvm_test_top.env.scoreboard [uvm_test_top.env.scoreboard] process_tl_access: read predict status 

UVM_INFO @  89315918 ps: (lc_ctrl_scoreboard.sv:391) uvm_test_top.env.scoreboard [uvm_test_top.env.scoreboard] process_tl_access: read predict status 

UVM_INFO @  89399252 ps: (lc_ctrl_scoreboard.sv:391) uvm_test_top.env.scoreboard [uvm_test_top.env.scoreboard] process_tl_access: read predict status 

UVM_INFO @  89482586 ps: (lc_ctrl_scoreboard.sv:391) uvm_test_top.env.scoreboard [uvm_test_top.env.scoreboard] process_tl_access: read predict status 

UVM_INFO @  89482586 ps: (lc_ctrl_scoreboard.sv:186) uvm_test_top.env.scoreboard [uvm_test_top.env.scoreboard] process_kmac_app_req: token received 50726a04f19cdf6b0be55f66cf6a8890
UVM_INFO @  89565920 ps: (lc_ctrl_scoreboard.sv:391) uvm_test_top.env.scoreboard [uvm_test_top.env.scoreboard] process_tl_access: read predict status 

UVM_INFO @  89649254 ps: (lc_ctrl_scoreboard.sv:391) uvm_test_top.env.scoreboard [uvm_test_top.env.scoreboard] process_tl_access: read predict status 

UVM_INFO @  89732588 ps: (lc_ctrl_scoreboard.sv:391) uvm_test_top.env.scoreboard [uvm_test_top.env.scoreboard] process_tl_access: read predict status 

UVM_INFO @  89815922 ps: (lc_ctrl_scoreboard.sv:391) uvm_test_top.env.scoreboard [uvm_test_top.env.scoreboard] process_tl_access: read predict status 

UVM_INFO @  89899256 ps: (lc_ctrl_scoreboard.sv:391) uvm_test_top.env.scoreboard [uvm_test_top.env.scoreboard] process_tl_access: read predict status 

UVM_INFO @  89982590 ps: (lc_ctrl_scoreboard.sv:391) uvm_test_top.env.scoreboard [uvm_test_top.env.scoreboard] process_tl_access: read predict status 

UVM_INFO @  90065924 ps: (lc_ctrl_scoreboard.sv:391) uvm_test_top.env.scoreboard [uvm_test_top.env.scoreboard] process_tl_access: read predict status 

UVM_INFO @  90149258 ps: (lc_ctrl_scoreboard.sv:391) uvm_test_top.env.scoreboard [uvm_test_top.env.scoreboard] process_tl_access: read predict status 

UVM_INFO @  90232592 ps: (lc_ctrl_scoreboard.sv:391) uvm_test_top.env.scoreboard [uvm_test_top.env.scoreboard] process_tl_access: read predict status 

UVM_INFO @  90315926 ps: (lc_ctrl_scoreboard.sv:391) uvm_test_top.env.scoreboard [uvm_test_top.env.scoreboard] process_tl_access: read predict status 

UVM_INFO @  90399260 ps: (lc_ctrl_scoreboard.sv:391) uvm_test_top.env.scoreboard [uvm_test_top.env.scoreboard] process_tl_access: read predict status 

UVM_INFO @  90482594 ps: (lc_ctrl_scoreboard.sv:391) uvm_test_top.env.scoreboard [uvm_test_top.env.scoreboard] process_tl_access: read predict status 

UVM_INFO @  90565928 ps: (lc_ctrl_scoreboard.sv:391) uvm_test_top.env.scoreboard [uvm_test_top.env.scoreboard] process_tl_access: read predict status 

UVM_INFO @  90649262 ps: (lc_ctrl_scoreboard.sv:391) uvm_test_top.env.scoreboard [uvm_test_top.env.scoreboard] process_tl_access: read predict status 

UVM_INFO @  90732596 ps: (lc_ctrl_scoreboard.sv:391) uvm_test_top.env.scoreboard [uvm_test_top.env.scoreboard] process_tl_access: read predict status 

UVM_INFO @  90732596 ps: (lc_ctrl_scoreboard.sv:566) uvm_test_top.env.scoreboard [uvm_test_top.env.scoreboard] predict_otp_prog_req: state=LcStTestLocked5 count=LcCnt19
UVM_INFO @  90815930 ps: (lc_ctrl_scoreboard.sv:391) uvm_test_top.env.scoreboard [uvm_test_top.env.scoreboard] process_tl_access: read predict status 

UVM_INFO @  90815930 ps: (jtag_riscv_driver.sv:16) driver [driver] reset_signals: cfg.in_reset=1'b1
UVM_INFO @  90829424 ps: (kmac_app_monitor.sv:86) uvm_test_top.env.m_kmac_app_agent.monitor [uvm_test_top.env.m_kmac_app_agent.monitor] Reset occurs
UVM_INFO @  94190957 ps: (jtag_riscv_driver.sv:25) driver [driver] reset_signals: cfg.in_reset=1'b0
UVM_INFO @  96232640 ps: (lc_ctrl_scoreboard.sv:391) uvm_test_top.env.scoreboard [uvm_test_top.env.scoreboard] process_tl_access: read predict status 

UVM_INFO @  96232640 ps: (lc_ctrl_smoke_vseq.sv:65) uvm_test_top.env.virtual_sequencer [uvm_test_top.env.virtual_sequencer.lc_ctrl_smoke_vseq] starting seq 10/18, init LC_state is LcStTestLocked1, LC_cnt is LcCnt15
UVM_INFO @  96315974 ps: (lc_ctrl_scoreboard.sv:391) uvm_test_top.env.scoreboard [uvm_test_top.env.scoreboard] process_tl_access: read predict status 

UVM_INFO @  96357641 ps: (lc_ctrl_scoreboard.sv:486) uvm_test_top.env.scoreboard [uvm_test_top.env.scoreboard] predict_lc_state: lc_state_single_exp=DecLcStTestLocked1(04) lc_state_exp=08421084
UVM_INFO @  96399308 ps: (lc_ctrl_scoreboard.sv:391) uvm_test_top.env.scoreboard [uvm_test_top.env.scoreboard] process_tl_access: read predict lc_state 

UVM_INFO @  96440975 ps: (lc_ctrl_scoreboard.sv:526) uvm_test_top.env.scoreboard [uvm_test_top.env.scoreboard] predict_lc_transition_cnt: lc_transition_cnt_exp= 15
UVM_INFO @  96482642 ps: (lc_ctrl_scoreboard.sv:391) uvm_test_top.env.scoreboard [uvm_test_top.env.scoreboard] process_tl_access: read predict lc_transition_cnt 

UVM_INFO @  96524309 ps: (lc_ctrl_scoreboard.sv:301) uvm_test_top.env.scoreboard [uvm_test_top.env.scoreboard] process_tl_access: write predict claim_transition_if 

UVM_INFO @  96607643 ps: (lc_ctrl_scoreboard.sv:301) uvm_test_top.env.scoreboard [uvm_test_top.env.scoreboard] process_tl_access: write predict transition_target 

UVM_INFO @  96690977 ps: (lc_ctrl_scoreboard.sv:301) uvm_test_top.env.scoreboard [uvm_test_top.env.scoreboard] process_tl_access: write predict transition_token_0 

UVM_INFO @  96774311 ps: (lc_ctrl_scoreboard.sv:301) uvm_test_top.env.scoreboard [uvm_test_top.env.scoreboard] process_tl_access: write predict transition_token_1 

UVM_INFO @  96857645 ps: (lc_ctrl_scoreboard.sv:301) uvm_test_top.env.scoreboard [uvm_test_top.env.scoreboard] process_tl_access: write predict transition_token_2 

UVM_INFO @  96940979 ps: (lc_ctrl_scoreboard.sv:301) uvm_test_top.env.scoreboard [uvm_test_top.env.scoreboard] process_tl_access: write predict transition_token_3 

UVM_INFO @  97024313 ps: (lc_ctrl_scoreboard.sv:301) uvm_test_top.env.scoreboard [uvm_test_top.env.scoreboard] process_tl_access: write predict otp_vendor_test_ctrl 

UVM_INFO @  97149314 ps: (lc_ctrl_scoreboard.sv:391) uvm_test_top.env.scoreboard [uvm_test_top.env.scoreboard] process_tl_access: read predict otp_vendor_test_status 

UVM_INFO @  97190981 ps: (lc_ctrl_scoreboard.sv:301) uvm_test_top.env.scoreboard [uvm_test_top.env.scoreboard] process_tl_access: write predict transition_cmd 

UVM_INFO @  97315982 ps: (lc_ctrl_scoreboard.sv:391) uvm_test_top.env.scoreboard [uvm_test_top.env.scoreboard] process_tl_access: read predict status 

UVM_INFO @  97399316 ps: (lc_ctrl_scoreboard.sv:391) uvm_test_top.env.scoreboard [uvm_test_top.env.scoreboard] process_tl_access: read predict status 

UVM_INFO @  97482650 ps: (lc_ctrl_scoreboard.sv:391) uvm_test_top.env.scoreboard [uvm_test_top.env.scoreboard] process_tl_access: read predict status 

UVM_INFO @  97565984 ps: (lc_ctrl_scoreboard.sv:391) uvm_test_top.env.scoreboard [uvm_test_top.env.scoreboard] process_tl_access: read predict status 

UVM_INFO @  97649318 ps: (lc_ctrl_scoreboard.sv:391) uvm_test_top.env.scoreboard [uvm_test_top.env.scoreboard] process_tl_access: read predict status 

UVM_INFO @  97732652 ps: (lc_ctrl_scoreboard.sv:391) uvm_test_top.env.scoreboard [uvm_test_top.env.scoreboard] process_tl_access: read predict status 

UVM_INFO @  97815986 ps: (lc_ctrl_scoreboard.sv:391) uvm_test_top.env.scoreboard [uvm_test_top.env.scoreboard] process_tl_access: read predict status 

UVM_INFO @  97815986 ps: (lc_ctrl_scoreboard.sv:566) uvm_test_top.env.scoreboard [uvm_test_top.env.scoreboard] predict_otp_prog_req: state=LcStScrap count=LcCnt24
UVM_INFO @  97899320 ps: (lc_ctrl_scoreboard.sv:391) uvm_test_top.env.scoreboard [uvm_test_top.env.scoreboard] process_tl_access: read predict status 

UVM_INFO @  97982654 ps: (lc_ctrl_scoreboard.sv:391) uvm_test_top.env.scoreboard [uvm_test_top.env.scoreboard] process_tl_access: read predict status 

UVM_INFO @  98065988 ps: (lc_ctrl_scoreboard.sv:391) uvm_test_top.env.scoreboard [uvm_test_top.env.scoreboard] process_tl_access: read predict status 

UVM_INFO @  98149322 ps: (lc_ctrl_scoreboard.sv:391) uvm_test_top.env.scoreboard [uvm_test_top.env.scoreboard] process_tl_access: read predict status 

UVM_INFO @  98232656 ps: (lc_ctrl_scoreboard.sv:391) uvm_test_top.env.scoreboard [uvm_test_top.env.scoreboard] process_tl_access: read predict status 

UVM_INFO @  98315990 ps: (lc_ctrl_scoreboard.sv:391) uvm_test_top.env.scoreboard [uvm_test_top.env.scoreboard] process_tl_access: read predict status 

UVM_INFO @  98399324 ps: (lc_ctrl_scoreboard.sv:391) uvm_test_top.env.scoreboard [uvm_test_top.env.scoreboard] process_tl_access: read predict status 

UVM_INFO @  98482658 ps: (lc_ctrl_scoreboard.sv:391) uvm_test_top.env.scoreboard [uvm_test_top.env.scoreboard] process_tl_access: read predict status 

UVM_INFO @  98565992 ps: (lc_ctrl_scoreboard.sv:391) uvm_test_top.env.scoreboard [uvm_test_top.env.scoreboard] process_tl_access: read predict status 

UVM_INFO @  98649326 ps: (lc_ctrl_scoreboard.sv:391) uvm_test_top.env.scoreboard [uvm_test_top.env.scoreboard] process_tl_access: read predict status 

UVM_INFO @  98649326 ps: (lc_ctrl_scoreboard.sv:186) uvm_test_top.env.scoreboard [uvm_test_top.env.scoreboard] process_kmac_app_req: token received e15ac76300a75725343816c76dda0d43
UVM_INFO @  98732660 ps: (lc_ctrl_scoreboard.sv:391) uvm_test_top.env.scoreboard [uvm_test_top.env.scoreboard] process_tl_access: read predict status 

UVM_INFO @  98815994 ps: (lc_ctrl_scoreboard.sv:391) uvm_test_top.env.scoreboard [uvm_test_top.env.scoreboard] process_tl_access: read predict status 

UVM_INFO @  98899328 ps: (lc_ctrl_scoreboard.sv:391) uvm_test_top.env.scoreboard [uvm_test_top.env.scoreboard] process_tl_access: read predict status 

UVM_INFO @  98982662 ps: (lc_ctrl_scoreboard.sv:391) uvm_test_top.env.scoreboard [uvm_test_top.env.scoreboard] process_tl_access: read predict status 

UVM_INFO @  99065996 ps: (lc_ctrl_scoreboard.sv:391) uvm_test_top.env.scoreboard [uvm_test_top.env.scoreboard] process_tl_access: read predict status 

UVM_INFO @  99149330 ps: (lc_ctrl_scoreboard.sv:391) uvm_test_top.env.scoreboard [uvm_test_top.env.scoreboard] process_tl_access: read predict status 

UVM_INFO @  99232664 ps: (lc_ctrl_scoreboard.sv:391) uvm_test_top.env.scoreboard [uvm_test_top.env.scoreboard] process_tl_access: read predict status 

UVM_INFO @  99315998 ps: (lc_ctrl_scoreboard.sv:391) uvm_test_top.env.scoreboard [uvm_test_top.env.scoreboard] process_tl_access: read predict status 

UVM_INFO @  99399332 ps: (lc_ctrl_scoreboard.sv:391) uvm_test_top.env.scoreboard [uvm_test_top.env.scoreboard] process_tl_access: read predict status 

UVM_INFO @  99482666 ps: (lc_ctrl_scoreboard.sv:391) uvm_test_top.env.scoreboard [uvm_test_top.env.scoreboard] process_tl_access: read predict status 

UVM_INFO @  99566000 ps: (lc_ctrl_scoreboard.sv:391) uvm_test_top.env.scoreboard [uvm_test_top.env.scoreboard] process_tl_access: read predict status 

UVM_INFO @  99649334 ps: (lc_ctrl_scoreboard.sv:391) uvm_test_top.env.scoreboard [uvm_test_top.env.scoreboard] process_tl_access: read predict status 

UVM_INFO @  99732668 ps: (lc_ctrl_scoreboard.sv:391) uvm_test_top.env.scoreboard [uvm_test_top.env.scoreboard] process_tl_access: read predict status 

UVM_INFO @  99816002 ps: (lc_ctrl_scoreboard.sv:391) uvm_test_top.env.scoreboard [uvm_test_top.env.scoreboard] process_tl_access: read predict status 

UVM_INFO @  99899336 ps: (lc_ctrl_scoreboard.sv:391) uvm_test_top.env.scoreboard [uvm_test_top.env.scoreboard] process_tl_access: read predict status 

UVM_INFO @  99941003 ps: (lc_ctrl_scoreboard.sv:566) uvm_test_top.env.scoreboard [uvm_test_top.env.scoreboard] predict_otp_prog_req: state=LcStScrap count=LcCnt24
UVM_INFO @  99982670 ps: (lc_ctrl_scoreboard.sv:391) uvm_test_top.env.scoreboard [uvm_test_top.env.scoreboard] process_tl_access: read predict status 

UVM_INFO @ 100066004 ps: (lc_ctrl_scoreboard.sv:391) uvm_test_top.env.scoreboard [uvm_test_top.env.scoreboard] process_tl_access: read predict status 

UVM_INFO @ 100066004 ps: (jtag_riscv_driver.sv:16) driver [driver] reset_signals: cfg.in_reset=1'b1
UVM_INFO @ 100092076 ps: (kmac_app_monitor.sv:86) uvm_test_top.env.m_kmac_app_agent.monitor [uvm_test_top.env.m_kmac_app_agent.monitor] Reset occurs
UVM_INFO @ 103857701 ps: (jtag_riscv_driver.sv:25) driver [driver] reset_signals: cfg.in_reset=1'b0
UVM_INFO @ 106066052 ps: (lc_ctrl_scoreboard.sv:391) uvm_test_top.env.scoreboard [uvm_test_top.env.scoreboard] process_tl_access: read predict status 

UVM_INFO @ 106066052 ps: (lc_ctrl_smoke_vseq.sv:65) uvm_test_top.env.virtual_sequencer [uvm_test_top.env.virtual_sequencer.lc_ctrl_smoke_vseq] starting seq 11/18, init LC_state is LcStTestLocked2, LC_cnt is LcCnt8
UVM_INFO @ 106149386 ps: (lc_ctrl_scoreboard.sv:391) uvm_test_top.env.scoreboard [uvm_test_top.env.scoreboard] process_tl_access: read predict status 

UVM_INFO @ 106191053 ps: (lc_ctrl_scoreboard.sv:486) uvm_test_top.env.scoreboard [uvm_test_top.env.scoreboard] predict_lc_state: lc_state_single_exp=DecLcStTestLocked2(06) lc_state_exp=0c6318c6
UVM_INFO @ 106232720 ps: (lc_ctrl_scoreboard.sv:391) uvm_test_top.env.scoreboard [uvm_test_top.env.scoreboard] process_tl_access: read predict lc_state 

UVM_INFO @ 106274387 ps: (lc_ctrl_scoreboard.sv:526) uvm_test_top.env.scoreboard [uvm_test_top.env.scoreboard] predict_lc_transition_cnt: lc_transition_cnt_exp= 8
UVM_INFO @ 106316054 ps: (lc_ctrl_scoreboard.sv:391) uvm_test_top.env.scoreboard [uvm_test_top.env.scoreboard] process_tl_access: read predict lc_transition_cnt 

UVM_INFO @ 106357721 ps: (lc_ctrl_scoreboard.sv:301) uvm_test_top.env.scoreboard [uvm_test_top.env.scoreboard] process_tl_access: write predict claim_transition_if 

UVM_INFO @ 106441055 ps: (lc_ctrl_scoreboard.sv:301) uvm_test_top.env.scoreboard [uvm_test_top.env.scoreboard] process_tl_access: write predict transition_target 

UVM_INFO @ 106524389 ps: (lc_ctrl_scoreboard.sv:301) uvm_test_top.env.scoreboard [uvm_test_top.env.scoreboard] process_tl_access: write predict transition_token_0 

UVM_INFO @ 106607723 ps: (lc_ctrl_scoreboard.sv:301) uvm_test_top.env.scoreboard [uvm_test_top.env.scoreboard] process_tl_access: write predict transition_token_1 

UVM_INFO @ 106691057 ps: (lc_ctrl_scoreboard.sv:301) uvm_test_top.env.scoreboard [uvm_test_top.env.scoreboard] process_tl_access: write predict transition_token_2 

UVM_INFO @ 106774391 ps: (lc_ctrl_scoreboard.sv:301) uvm_test_top.env.scoreboard [uvm_test_top.env.scoreboard] process_tl_access: write predict transition_token_3 

UVM_INFO @ 106857725 ps: (lc_ctrl_scoreboard.sv:301) uvm_test_top.env.scoreboard [uvm_test_top.env.scoreboard] process_tl_access: write predict otp_vendor_test_ctrl 

UVM_INFO @ 106982726 ps: (lc_ctrl_scoreboard.sv:391) uvm_test_top.env.scoreboard [uvm_test_top.env.scoreboard] process_tl_access: read predict otp_vendor_test_status 

UVM_INFO @ 107024393 ps: (lc_ctrl_scoreboard.sv:301) uvm_test_top.env.scoreboard [uvm_test_top.env.scoreboard] process_tl_access: write predict transition_cmd 

UVM_INFO @ 107149394 ps: (lc_ctrl_scoreboard.sv:391) uvm_test_top.env.scoreboard [uvm_test_top.env.scoreboard] process_tl_access: read predict status 

UVM_INFO @ 107232728 ps: (lc_ctrl_scoreboard.sv:391) uvm_test_top.env.scoreboard [uvm_test_top.env.scoreboard] process_tl_access: read predict status 

UVM_INFO @ 107316062 ps: (lc_ctrl_scoreboard.sv:391) uvm_test_top.env.scoreboard [uvm_test_top.env.scoreboard] process_tl_access: read predict status 

UVM_INFO @ 107399396 ps: (lc_ctrl_scoreboard.sv:391) uvm_test_top.env.scoreboard [uvm_test_top.env.scoreboard] process_tl_access: read predict status 

UVM_INFO @ 107482730 ps: (lc_ctrl_scoreboard.sv:391) uvm_test_top.env.scoreboard [uvm_test_top.env.scoreboard] process_tl_access: read predict status 

UVM_INFO @ 107566064 ps: (lc_ctrl_scoreboard.sv:391) uvm_test_top.env.scoreboard [uvm_test_top.env.scoreboard] process_tl_access: read predict status 

UVM_INFO @ 107607731 ps: (lc_ctrl_scoreboard.sv:566) uvm_test_top.env.scoreboard [uvm_test_top.env.scoreboard] predict_otp_prog_req: state=LcStTestLocked2 count=LcCnt9
UVM_INFO @ 107649398 ps: (lc_ctrl_scoreboard.sv:391) uvm_test_top.env.scoreboard [uvm_test_top.env.scoreboard] process_tl_access: read predict status 

UVM_INFO @ 107732732 ps: (lc_ctrl_scoreboard.sv:391) uvm_test_top.env.scoreboard [uvm_test_top.env.scoreboard] process_tl_access: read predict status 

UVM_INFO @ 107816066 ps: (lc_ctrl_scoreboard.sv:391) uvm_test_top.env.scoreboard [uvm_test_top.env.scoreboard] process_tl_access: read predict status 

UVM_INFO @ 107899400 ps: (lc_ctrl_scoreboard.sv:391) uvm_test_top.env.scoreboard [uvm_test_top.env.scoreboard] process_tl_access: read predict status 

UVM_INFO @ 107982734 ps: (lc_ctrl_scoreboard.sv:391) uvm_test_top.env.scoreboard [uvm_test_top.env.scoreboard] process_tl_access: read predict status 

UVM_INFO @ 108066068 ps: (lc_ctrl_scoreboard.sv:391) uvm_test_top.env.scoreboard [uvm_test_top.env.scoreboard] process_tl_access: read predict status 

UVM_INFO @ 108149402 ps: (lc_ctrl_scoreboard.sv:391) uvm_test_top.env.scoreboard [uvm_test_top.env.scoreboard] process_tl_access: read predict status 

UVM_INFO @ 108232736 ps: (lc_ctrl_scoreboard.sv:391) uvm_test_top.env.scoreboard [uvm_test_top.env.scoreboard] process_tl_access: read predict status 

UVM_INFO @ 108316070 ps: (lc_ctrl_scoreboard.sv:391) uvm_test_top.env.scoreboard [uvm_test_top.env.scoreboard] process_tl_access: read predict status 

UVM_INFO @ 108399404 ps: (lc_ctrl_scoreboard.sv:391) uvm_test_top.env.scoreboard [uvm_test_top.env.scoreboard] process_tl_access: read predict status 

UVM_INFO @ 108482738 ps: (lc_ctrl_scoreboard.sv:391) uvm_test_top.env.scoreboard [uvm_test_top.env.scoreboard] process_tl_access: read predict status 

UVM_INFO @ 108566072 ps: (lc_ctrl_scoreboard.sv:391) uvm_test_top.env.scoreboard [uvm_test_top.env.scoreboard] process_tl_access: read predict status 

UVM_INFO @ 108649406 ps: (lc_ctrl_scoreboard.sv:391) uvm_test_top.env.scoreboard [uvm_test_top.env.scoreboard] process_tl_access: read predict status 

UVM_INFO @ 108649406 ps: (lc_ctrl_scoreboard.sv:186) uvm_test_top.env.scoreboard [uvm_test_top.env.scoreboard] process_kmac_app_req: token received 607524d599980235bb4c2cb1dc8a55eb
UVM_INFO @ 108732740 ps: (lc_ctrl_scoreboard.sv:391) uvm_test_top.env.scoreboard [uvm_test_top.env.scoreboard] process_tl_access: read predict status 

UVM_INFO @ 108816074 ps: (lc_ctrl_scoreboard.sv:391) uvm_test_top.env.scoreboard [uvm_test_top.env.scoreboard] process_tl_access: read predict status 

UVM_INFO @ 108899408 ps: (lc_ctrl_scoreboard.sv:391) uvm_test_top.env.scoreboard [uvm_test_top.env.scoreboard] process_tl_access: read predict status 

UVM_INFO @ 108982742 ps: (lc_ctrl_scoreboard.sv:391) uvm_test_top.env.scoreboard [uvm_test_top.env.scoreboard] process_tl_access: read predict status 

UVM_INFO @ 109066076 ps: (lc_ctrl_scoreboard.sv:391) uvm_test_top.env.scoreboard [uvm_test_top.env.scoreboard] process_tl_access: read predict status 

UVM_INFO @ 109149410 ps: (lc_ctrl_scoreboard.sv:391) uvm_test_top.env.scoreboard [uvm_test_top.env.scoreboard] process_tl_access: read predict status 

UVM_INFO @ 109232744 ps: (lc_ctrl_scoreboard.sv:391) uvm_test_top.env.scoreboard [uvm_test_top.env.scoreboard] process_tl_access: read predict status 

UVM_INFO @ 109316078 ps: (lc_ctrl_scoreboard.sv:391) uvm_test_top.env.scoreboard [uvm_test_top.env.scoreboard] process_tl_access: read predict status 

UVM_INFO @ 109399412 ps: (lc_ctrl_scoreboard.sv:391) uvm_test_top.env.scoreboard [uvm_test_top.env.scoreboard] process_tl_access: read predict status 

UVM_INFO @ 109482746 ps: (lc_ctrl_scoreboard.sv:391) uvm_test_top.env.scoreboard [uvm_test_top.env.scoreboard] process_tl_access: read predict status 

UVM_INFO @ 109566080 ps: (lc_ctrl_scoreboard.sv:391) uvm_test_top.env.scoreboard [uvm_test_top.env.scoreboard] process_tl_access: read predict status 

UVM_INFO @ 109649414 ps: (lc_ctrl_scoreboard.sv:391) uvm_test_top.env.scoreboard [uvm_test_top.env.scoreboard] process_tl_access: read predict status 

UVM_INFO @ 109732748 ps: (lc_ctrl_scoreboard.sv:391) uvm_test_top.env.scoreboard [uvm_test_top.env.scoreboard] process_tl_access: read predict status 

UVM_INFO @ 109816082 ps: (lc_ctrl_scoreboard.sv:391) uvm_test_top.env.scoreboard [uvm_test_top.env.scoreboard] process_tl_access: read predict status 

UVM_INFO @ 109899416 ps: (lc_ctrl_scoreboard.sv:391) uvm_test_top.env.scoreboard [uvm_test_top.env.scoreboard] process_tl_access: read predict status 

UVM_INFO @ 109941083 ps: (lc_ctrl_scoreboard.sv:566) uvm_test_top.env.scoreboard [uvm_test_top.env.scoreboard] predict_otp_prog_req: state=LcStDev count=LcCnt9
UVM_INFO @ 109982750 ps: (lc_ctrl_scoreboard.sv:391) uvm_test_top.env.scoreboard [uvm_test_top.env.scoreboard] process_tl_access: read predict status 

UVM_INFO @ 110066084 ps: (lc_ctrl_scoreboard.sv:391) uvm_test_top.env.scoreboard [uvm_test_top.env.scoreboard] process_tl_access: read predict status 

UVM_INFO @ 110066084 ps: (jtag_riscv_driver.sv:16) driver [driver] reset_signals: cfg.in_reset=1'b1
UVM_INFO @ 110086175 ps: (kmac_app_monitor.sv:86) uvm_test_top.env.m_kmac_app_agent.monitor [uvm_test_top.env.m_kmac_app_agent.monitor] Reset occurs
UVM_INFO @ 112982774 ps: (jtag_riscv_driver.sv:25) driver [driver] reset_signals: cfg.in_reset=1'b0
UVM_INFO @ 115857797 ps: (lc_ctrl_scoreboard.sv:391) uvm_test_top.env.scoreboard [uvm_test_top.env.scoreboard] process_tl_access: read predict status 

UVM_INFO @ 115857797 ps: (lc_ctrl_smoke_vseq.sv:65) uvm_test_top.env.virtual_sequencer [uvm_test_top.env.virtual_sequencer.lc_ctrl_smoke_vseq] starting seq 12/18, init LC_state is LcStProdEnd, LC_cnt is LcCnt13
UVM_INFO @ 115941131 ps: (lc_ctrl_scoreboard.sv:391) uvm_test_top.env.scoreboard [uvm_test_top.env.scoreboard] process_tl_access: read predict status 

UVM_INFO @ 115982798 ps: (lc_ctrl_scoreboard.sv:486) uvm_test_top.env.scoreboard [uvm_test_top.env.scoreboard] predict_lc_state: lc_state_single_exp=DecLcStProdEnd(12) lc_state_exp=25294a52
UVM_INFO @ 116024465 ps: (lc_ctrl_scoreboard.sv:391) uvm_test_top.env.scoreboard [uvm_test_top.env.scoreboard] process_tl_access: read predict lc_state 

UVM_INFO @ 116066132 ps: (lc_ctrl_scoreboard.sv:526) uvm_test_top.env.scoreboard [uvm_test_top.env.scoreboard] predict_lc_transition_cnt: lc_transition_cnt_exp= 13
UVM_INFO @ 116107799 ps: (lc_ctrl_scoreboard.sv:391) uvm_test_top.env.scoreboard [uvm_test_top.env.scoreboard] process_tl_access: read predict lc_transition_cnt 

UVM_INFO @ 116149466 ps: (lc_ctrl_scoreboard.sv:301) uvm_test_top.env.scoreboard [uvm_test_top.env.scoreboard] process_tl_access: write predict claim_transition_if 

UVM_INFO @ 116232800 ps: (lc_ctrl_scoreboard.sv:301) uvm_test_top.env.scoreboard [uvm_test_top.env.scoreboard] process_tl_access: write predict transition_ctrl 

UVM_INFO @ 116316134 ps: (lc_ctrl_scoreboard.sv:301) uvm_test_top.env.scoreboard [uvm_test_top.env.scoreboard] process_tl_access: write predict transition_target 

UVM_INFO @ 116399468 ps: (lc_ctrl_scoreboard.sv:301) uvm_test_top.env.scoreboard [uvm_test_top.env.scoreboard] process_tl_access: write predict transition_token_0 

UVM_INFO @ 116482802 ps: (lc_ctrl_scoreboard.sv:301) uvm_test_top.env.scoreboard [uvm_test_top.env.scoreboard] process_tl_access: write predict transition_token_1 

UVM_INFO @ 116566136 ps: (lc_ctrl_scoreboard.sv:301) uvm_test_top.env.scoreboard [uvm_test_top.env.scoreboard] process_tl_access: write predict transition_token_2 

UVM_INFO @ 116649470 ps: (lc_ctrl_scoreboard.sv:301) uvm_test_top.env.scoreboard [uvm_test_top.env.scoreboard] process_tl_access: write predict transition_token_3 

UVM_INFO @ 116732804 ps: (lc_ctrl_scoreboard.sv:301) uvm_test_top.env.scoreboard [uvm_test_top.env.scoreboard] process_tl_access: write predict otp_vendor_test_ctrl 

UVM_INFO @ 116857805 ps: (lc_ctrl_scoreboard.sv:391) uvm_test_top.env.scoreboard [uvm_test_top.env.scoreboard] process_tl_access: read predict otp_vendor_test_status 

UVM_INFO @ 116899472 ps: (lc_ctrl_scoreboard.sv:301) uvm_test_top.env.scoreboard [uvm_test_top.env.scoreboard] process_tl_access: write predict transition_cmd 

UVM_INFO @ 117024473 ps: (lc_ctrl_scoreboard.sv:391) uvm_test_top.env.scoreboard [uvm_test_top.env.scoreboard] process_tl_access: read predict status 

UVM_INFO @ 117107807 ps: (lc_ctrl_scoreboard.sv:391) uvm_test_top.env.scoreboard [uvm_test_top.env.scoreboard] process_tl_access: read predict status 

UVM_INFO @ 117149474 ps: (lc_ctrl_scoreboard.sv:566) uvm_test_top.env.scoreboard [uvm_test_top.env.scoreboard] predict_otp_prog_req: state=LcStScrap count=LcCnt24
UVM_INFO @ 117191141 ps: (lc_ctrl_scoreboard.sv:391) uvm_test_top.env.scoreboard [uvm_test_top.env.scoreboard] process_tl_access: read predict status 

UVM_INFO @ 117274475 ps: (lc_ctrl_scoreboard.sv:391) uvm_test_top.env.scoreboard [uvm_test_top.env.scoreboard] process_tl_access: read predict status 

UVM_INFO @ 117357809 ps: (lc_ctrl_scoreboard.sv:391) uvm_test_top.env.scoreboard [uvm_test_top.env.scoreboard] process_tl_access: read predict status 

UVM_INFO @ 117441143 ps: (lc_ctrl_scoreboard.sv:391) uvm_test_top.env.scoreboard [uvm_test_top.env.scoreboard] process_tl_access: read predict status 

UVM_INFO @ 117524477 ps: (lc_ctrl_scoreboard.sv:391) uvm_test_top.env.scoreboard [uvm_test_top.env.scoreboard] process_tl_access: read predict status 

UVM_INFO @ 117607811 ps: (lc_ctrl_scoreboard.sv:391) uvm_test_top.env.scoreboard [uvm_test_top.env.scoreboard] process_tl_access: read predict status 

UVM_INFO @ 117691145 ps: (lc_ctrl_scoreboard.sv:391) uvm_test_top.env.scoreboard [uvm_test_top.env.scoreboard] process_tl_access: read predict status 

UVM_INFO @ 117774479 ps: (lc_ctrl_scoreboard.sv:391) uvm_test_top.env.scoreboard [uvm_test_top.env.scoreboard] process_tl_access: read predict status 

UVM_INFO @ 117857813 ps: (lc_ctrl_scoreboard.sv:391) uvm_test_top.env.scoreboard [uvm_test_top.env.scoreboard] process_tl_access: read predict status 

UVM_INFO @ 117941147 ps: (lc_ctrl_scoreboard.sv:391) uvm_test_top.env.scoreboard [uvm_test_top.env.scoreboard] process_tl_access: read predict status 

UVM_INFO @ 118024481 ps: (lc_ctrl_scoreboard.sv:391) uvm_test_top.env.scoreboard [uvm_test_top.env.scoreboard] process_tl_access: read predict status 

UVM_INFO @ 118107815 ps: (lc_ctrl_scoreboard.sv:391) uvm_test_top.env.scoreboard [uvm_test_top.env.scoreboard] process_tl_access: read predict status 

UVM_INFO @ 118191149 ps: (lc_ctrl_scoreboard.sv:391) uvm_test_top.env.scoreboard [uvm_test_top.env.scoreboard] process_tl_access: read predict status 

UVM_INFO @ 118274483 ps: (lc_ctrl_scoreboard.sv:391) uvm_test_top.env.scoreboard [uvm_test_top.env.scoreboard] process_tl_access: read predict status 

UVM_INFO @ 118357817 ps: (lc_ctrl_scoreboard.sv:391) uvm_test_top.env.scoreboard [uvm_test_top.env.scoreboard] process_tl_access: read predict status 

UVM_INFO @ 118441151 ps: (lc_ctrl_scoreboard.sv:391) uvm_test_top.env.scoreboard [uvm_test_top.env.scoreboard] process_tl_access: read predict status 

UVM_INFO @ 118524485 ps: (lc_ctrl_scoreboard.sv:391) uvm_test_top.env.scoreboard [uvm_test_top.env.scoreboard] process_tl_access: read predict status 

UVM_INFO @ 118607819 ps: (lc_ctrl_scoreboard.sv:391) uvm_test_top.env.scoreboard [uvm_test_top.env.scoreboard] process_tl_access: read predict status 

UVM_INFO @ 118691153 ps: (lc_ctrl_scoreboard.sv:391) uvm_test_top.env.scoreboard [uvm_test_top.env.scoreboard] process_tl_access: read predict status 

UVM_INFO @ 118774487 ps: (lc_ctrl_scoreboard.sv:391) uvm_test_top.env.scoreboard [uvm_test_top.env.scoreboard] process_tl_access: read predict status 

UVM_INFO @ 118857821 ps: (lc_ctrl_scoreboard.sv:391) uvm_test_top.env.scoreboard [uvm_test_top.env.scoreboard] process_tl_access: read predict status 

UVM_INFO @ 118941155 ps: (lc_ctrl_scoreboard.sv:391) uvm_test_top.env.scoreboard [uvm_test_top.env.scoreboard] process_tl_access: read predict status 

UVM_INFO @ 119024489 ps: (lc_ctrl_scoreboard.sv:391) uvm_test_top.env.scoreboard [uvm_test_top.env.scoreboard] process_tl_access: read predict status 

UVM_INFO @ 119107823 ps: (lc_ctrl_scoreboard.sv:391) uvm_test_top.env.scoreboard [uvm_test_top.env.scoreboard] process_tl_access: read predict status 

UVM_INFO @ 119191157 ps: (lc_ctrl_scoreboard.sv:391) uvm_test_top.env.scoreboard [uvm_test_top.env.scoreboard] process_tl_access: read predict status 

UVM_INFO @ 119274491 ps: (lc_ctrl_scoreboard.sv:391) uvm_test_top.env.scoreboard [uvm_test_top.env.scoreboard] process_tl_access: read predict status 

UVM_INFO @ 119357825 ps: (lc_ctrl_scoreboard.sv:391) uvm_test_top.env.scoreboard [uvm_test_top.env.scoreboard] process_tl_access: read predict status 

UVM_INFO @ 119441159 ps: (lc_ctrl_scoreboard.sv:391) uvm_test_top.env.scoreboard [uvm_test_top.env.scoreboard] process_tl_access: read predict status 

UVM_INFO @ 119524493 ps: (lc_ctrl_scoreboard.sv:391) uvm_test_top.env.scoreboard [uvm_test_top.env.scoreboard] process_tl_access: read predict status 

UVM_INFO @ 119607827 ps: (lc_ctrl_scoreboard.sv:391) uvm_test_top.env.scoreboard [uvm_test_top.env.scoreboard] process_tl_access: read predict status 

UVM_INFO @ 119691161 ps: (lc_ctrl_scoreboard.sv:391) uvm_test_top.env.scoreboard [uvm_test_top.env.scoreboard] process_tl_access: read predict status 

UVM_INFO @ 119774495 ps: (lc_ctrl_scoreboard.sv:391) uvm_test_top.env.scoreboard [uvm_test_top.env.scoreboard] process_tl_access: read predict status 

UVM_INFO @ 119857829 ps: (lc_ctrl_scoreboard.sv:391) uvm_test_top.env.scoreboard [uvm_test_top.env.scoreboard] process_tl_access: read predict status 

UVM_INFO @ 119941163 ps: (lc_ctrl_scoreboard.sv:391) uvm_test_top.env.scoreboard [uvm_test_top.env.scoreboard] process_tl_access: read predict status 

UVM_INFO @ 120024497 ps: (lc_ctrl_scoreboard.sv:391) uvm_test_top.env.scoreboard [uvm_test_top.env.scoreboard] process_tl_access: read predict status 

UVM_INFO @ 120107831 ps: (lc_ctrl_scoreboard.sv:391) uvm_test_top.env.scoreboard [uvm_test_top.env.scoreboard] process_tl_access: read predict status 

UVM_INFO @ 120191165 ps: (lc_ctrl_scoreboard.sv:391) uvm_test_top.env.scoreboard [uvm_test_top.env.scoreboard] process_tl_access: read predict status 

UVM_INFO @ 120274499 ps: (lc_ctrl_scoreboard.sv:186) uvm_test_top.env.scoreboard [uvm_test_top.env.scoreboard] process_kmac_app_req: token received b8a0f2f0f93cb69ce2e7ee2ea7483dd3
UVM_INFO @ 120274499 ps: (lc_ctrl_scoreboard.sv:391) uvm_test_top.env.scoreboard [uvm_test_top.env.scoreboard] process_tl_access: read predict status 

UVM_INFO @ 120357833 ps: (lc_ctrl_scoreboard.sv:391) uvm_test_top.env.scoreboard [uvm_test_top.env.scoreboard] process_tl_access: read predict status 

UVM_INFO @ 120441167 ps: (lc_ctrl_scoreboard.sv:391) uvm_test_top.env.scoreboard [uvm_test_top.env.scoreboard] process_tl_access: read predict status 

UVM_INFO @ 120524501 ps: (lc_ctrl_scoreboard.sv:391) uvm_test_top.env.scoreboard [uvm_test_top.env.scoreboard] process_tl_access: read predict status 

UVM_INFO @ 120607835 ps: (lc_ctrl_scoreboard.sv:391) uvm_test_top.env.scoreboard [uvm_test_top.env.scoreboard] process_tl_access: read predict status 

UVM_INFO @ 120691169 ps: (lc_ctrl_scoreboard.sv:391) uvm_test_top.env.scoreboard [uvm_test_top.env.scoreboard] process_tl_access: read predict status 

UVM_INFO @ 120774503 ps: (lc_ctrl_scoreboard.sv:391) uvm_test_top.env.scoreboard [uvm_test_top.env.scoreboard] process_tl_access: read predict status 

UVM_INFO @ 120857837 ps: (lc_ctrl_scoreboard.sv:391) uvm_test_top.env.scoreboard [uvm_test_top.env.scoreboard] process_tl_access: read predict status 

UVM_INFO @ 120941171 ps: (lc_ctrl_scoreboard.sv:391) uvm_test_top.env.scoreboard [uvm_test_top.env.scoreboard] process_tl_access: read predict status 

UVM_INFO @ 121024505 ps: (lc_ctrl_scoreboard.sv:391) uvm_test_top.env.scoreboard [uvm_test_top.env.scoreboard] process_tl_access: read predict status 

UVM_INFO @ 121107839 ps: (lc_ctrl_scoreboard.sv:391) uvm_test_top.env.scoreboard [uvm_test_top.env.scoreboard] process_tl_access: read predict status 

UVM_INFO @ 121191173 ps: (lc_ctrl_scoreboard.sv:391) uvm_test_top.env.scoreboard [uvm_test_top.env.scoreboard] process_tl_access: read predict status 

UVM_INFO @ 121274507 ps: (lc_ctrl_scoreboard.sv:391) uvm_test_top.env.scoreboard [uvm_test_top.env.scoreboard] process_tl_access: read predict status 

UVM_INFO @ 121357841 ps: (lc_ctrl_scoreboard.sv:391) uvm_test_top.env.scoreboard [uvm_test_top.env.scoreboard] process_tl_access: read predict status 

UVM_INFO @ 121441175 ps: (lc_ctrl_scoreboard.sv:391) uvm_test_top.env.scoreboard [uvm_test_top.env.scoreboard] process_tl_access: read predict status 

UVM_INFO @ 121524509 ps: (lc_ctrl_scoreboard.sv:391) uvm_test_top.env.scoreboard [uvm_test_top.env.scoreboard] process_tl_access: read predict status 

UVM_INFO @ 121607843 ps: (lc_ctrl_scoreboard.sv:391) uvm_test_top.env.scoreboard [uvm_test_top.env.scoreboard] process_tl_access: read predict status 

UVM_INFO @ 121691177 ps: (lc_ctrl_scoreboard.sv:391) uvm_test_top.env.scoreboard [uvm_test_top.env.scoreboard] process_tl_access: read predict status 

UVM_INFO @ 121774511 ps: (lc_ctrl_scoreboard.sv:566) uvm_test_top.env.scoreboard [uvm_test_top.env.scoreboard] predict_otp_prog_req: state=LcStScrap count=LcCnt24
UVM_INFO @ 121774511 ps: (lc_ctrl_scoreboard.sv:391) uvm_test_top.env.scoreboard [uvm_test_top.env.scoreboard] process_tl_access: read predict status 

UVM_INFO @ 121857845 ps: (lc_ctrl_scoreboard.sv:391) uvm_test_top.env.scoreboard [uvm_test_top.env.scoreboard] process_tl_access: read predict status 

UVM_INFO @ 121857845 ps: (jtag_riscv_driver.sv:16) driver [driver] reset_signals: cfg.in_reset=1'b1
UVM_INFO @ 121882641 ps: (kmac_app_monitor.sv:86) uvm_test_top.env.m_kmac_app_agent.monitor [uvm_test_top.env.m_kmac_app_agent.monitor] Reset occurs
UVM_INFO @ 125441207 ps: (jtag_riscv_driver.sv:25) driver [driver] reset_signals: cfg.in_reset=1'b0
UVM_INFO @ 128232896 ps: (lc_ctrl_scoreboard.sv:391) uvm_test_top.env.scoreboard [uvm_test_top.env.scoreboard] process_tl_access: read predict status 

UVM_INFO @ 128232896 ps: (lc_ctrl_smoke_vseq.sv:65) uvm_test_top.env.virtual_sequencer [uvm_test_top.env.virtual_sequencer.lc_ctrl_smoke_vseq] starting seq 13/18, init LC_state is LcStProd, LC_cnt is LcCnt11
UVM_INFO @ 128316230 ps: (lc_ctrl_scoreboard.sv:391) uvm_test_top.env.scoreboard [uvm_test_top.env.scoreboard] process_tl_access: read predict status 

UVM_INFO @ 128357897 ps: (lc_ctrl_scoreboard.sv:486) uvm_test_top.env.scoreboard [uvm_test_top.env.scoreboard] predict_lc_state: lc_state_single_exp=DecLcStProd(11) lc_state_exp=2318c631
UVM_INFO @ 128399564 ps: (lc_ctrl_scoreboard.sv:391) uvm_test_top.env.scoreboard [uvm_test_top.env.scoreboard] process_tl_access: read predict lc_state 

UVM_INFO @ 128441231 ps: (lc_ctrl_scoreboard.sv:526) uvm_test_top.env.scoreboard [uvm_test_top.env.scoreboard] predict_lc_transition_cnt: lc_transition_cnt_exp= 11
UVM_INFO @ 128482898 ps: (lc_ctrl_scoreboard.sv:391) uvm_test_top.env.scoreboard [uvm_test_top.env.scoreboard] process_tl_access: read predict lc_transition_cnt 

UVM_INFO @ 128524565 ps: (lc_ctrl_scoreboard.sv:301) uvm_test_top.env.scoreboard [uvm_test_top.env.scoreboard] process_tl_access: write predict claim_transition_if 

UVM_INFO @ 128607899 ps: (lc_ctrl_scoreboard.sv:301) uvm_test_top.env.scoreboard [uvm_test_top.env.scoreboard] process_tl_access: write predict transition_target 

UVM_INFO @ 128691233 ps: (lc_ctrl_scoreboard.sv:301) uvm_test_top.env.scoreboard [uvm_test_top.env.scoreboard] process_tl_access: write predict transition_token_0 

UVM_INFO @ 128774567 ps: (lc_ctrl_scoreboard.sv:301) uvm_test_top.env.scoreboard [uvm_test_top.env.scoreboard] process_tl_access: write predict transition_token_1 

UVM_INFO @ 128857901 ps: (lc_ctrl_scoreboard.sv:301) uvm_test_top.env.scoreboard [uvm_test_top.env.scoreboard] process_tl_access: write predict transition_token_2 

UVM_INFO @ 128941235 ps: (lc_ctrl_scoreboard.sv:301) uvm_test_top.env.scoreboard [uvm_test_top.env.scoreboard] process_tl_access: write predict transition_token_3 

UVM_INFO @ 129024569 ps: (lc_ctrl_scoreboard.sv:301) uvm_test_top.env.scoreboard [uvm_test_top.env.scoreboard] process_tl_access: write predict otp_vendor_test_ctrl 

UVM_INFO @ 129149570 ps: (lc_ctrl_scoreboard.sv:391) uvm_test_top.env.scoreboard [uvm_test_top.env.scoreboard] process_tl_access: read predict otp_vendor_test_status 

UVM_INFO @ 129191237 ps: (lc_ctrl_scoreboard.sv:301) uvm_test_top.env.scoreboard [uvm_test_top.env.scoreboard] process_tl_access: write predict transition_cmd 

UVM_INFO @ 129316238 ps: (lc_ctrl_scoreboard.sv:391) uvm_test_top.env.scoreboard [uvm_test_top.env.scoreboard] process_tl_access: read predict status 

UVM_INFO @ 129399572 ps: (lc_ctrl_scoreboard.sv:391) uvm_test_top.env.scoreboard [uvm_test_top.env.scoreboard] process_tl_access: read predict status 

UVM_INFO @ 129441239 ps: (lc_ctrl_scoreboard.sv:566) uvm_test_top.env.scoreboard [uvm_test_top.env.scoreboard] predict_otp_prog_req: state=LcStProd count=LcCnt12
UVM_INFO @ 129482906 ps: (lc_ctrl_scoreboard.sv:391) uvm_test_top.env.scoreboard [uvm_test_top.env.scoreboard] process_tl_access: read predict status 

UVM_INFO @ 129566240 ps: (lc_ctrl_scoreboard.sv:391) uvm_test_top.env.scoreboard [uvm_test_top.env.scoreboard] process_tl_access: read predict status 

UVM_INFO @ 129649574 ps: (lc_ctrl_scoreboard.sv:391) uvm_test_top.env.scoreboard [uvm_test_top.env.scoreboard] process_tl_access: read predict status 

UVM_INFO @ 129732908 ps: (lc_ctrl_scoreboard.sv:391) uvm_test_top.env.scoreboard [uvm_test_top.env.scoreboard] process_tl_access: read predict status 

UVM_INFO @ 129816242 ps: (lc_ctrl_scoreboard.sv:391) uvm_test_top.env.scoreboard [uvm_test_top.env.scoreboard] process_tl_access: read predict status 

UVM_INFO @ 129899576 ps: (lc_ctrl_scoreboard.sv:391) uvm_test_top.env.scoreboard [uvm_test_top.env.scoreboard] process_tl_access: read predict status 

UVM_INFO @ 129982910 ps: (lc_ctrl_scoreboard.sv:391) uvm_test_top.env.scoreboard [uvm_test_top.env.scoreboard] process_tl_access: read predict status 

UVM_INFO @ 130066244 ps: (lc_ctrl_scoreboard.sv:391) uvm_test_top.env.scoreboard [uvm_test_top.env.scoreboard] process_tl_access: read predict status 

UVM_INFO @ 130149578 ps: (lc_ctrl_scoreboard.sv:391) uvm_test_top.env.scoreboard [uvm_test_top.env.scoreboard] process_tl_access: read predict status 

UVM_INFO @ 130232912 ps: (lc_ctrl_scoreboard.sv:391) uvm_test_top.env.scoreboard [uvm_test_top.env.scoreboard] process_tl_access: read predict status 

UVM_INFO @ 130316246 ps: (lc_ctrl_scoreboard.sv:391) uvm_test_top.env.scoreboard [uvm_test_top.env.scoreboard] process_tl_access: read predict status 

UVM_INFO @ 130399580 ps: (lc_ctrl_scoreboard.sv:391) uvm_test_top.env.scoreboard [uvm_test_top.env.scoreboard] process_tl_access: read predict status 

UVM_INFO @ 130482914 ps: (lc_ctrl_scoreboard.sv:391) uvm_test_top.env.scoreboard [uvm_test_top.env.scoreboard] process_tl_access: read predict status 

UVM_INFO @ 130566248 ps: (lc_ctrl_scoreboard.sv:391) uvm_test_top.env.scoreboard [uvm_test_top.env.scoreboard] process_tl_access: read predict status 

UVM_INFO @ 130649582 ps: (lc_ctrl_scoreboard.sv:391) uvm_test_top.env.scoreboard [uvm_test_top.env.scoreboard] process_tl_access: read predict status 

UVM_INFO @ 130732916 ps: (lc_ctrl_scoreboard.sv:391) uvm_test_top.env.scoreboard [uvm_test_top.env.scoreboard] process_tl_access: read predict status 

UVM_INFO @ 130816250 ps: (lc_ctrl_scoreboard.sv:391) uvm_test_top.env.scoreboard [uvm_test_top.env.scoreboard] process_tl_access: read predict status 

UVM_INFO @ 130899584 ps: (lc_ctrl_scoreboard.sv:391) uvm_test_top.env.scoreboard [uvm_test_top.env.scoreboard] process_tl_access: read predict status 

UVM_INFO @ 130982918 ps: (lc_ctrl_scoreboard.sv:391) uvm_test_top.env.scoreboard [uvm_test_top.env.scoreboard] process_tl_access: read predict status 

UVM_INFO @ 131066252 ps: (lc_ctrl_scoreboard.sv:391) uvm_test_top.env.scoreboard [uvm_test_top.env.scoreboard] process_tl_access: read predict status 

UVM_INFO @ 131149586 ps: (lc_ctrl_scoreboard.sv:391) uvm_test_top.env.scoreboard [uvm_test_top.env.scoreboard] process_tl_access: read predict status 

UVM_INFO @ 131232920 ps: (lc_ctrl_scoreboard.sv:391) uvm_test_top.env.scoreboard [uvm_test_top.env.scoreboard] process_tl_access: read predict status 

UVM_INFO @ 131316254 ps: (lc_ctrl_scoreboard.sv:391) uvm_test_top.env.scoreboard [uvm_test_top.env.scoreboard] process_tl_access: read predict status 

UVM_INFO @ 131399588 ps: (lc_ctrl_scoreboard.sv:391) uvm_test_top.env.scoreboard [uvm_test_top.env.scoreboard] process_tl_access: read predict status 

UVM_INFO @ 131482922 ps: (lc_ctrl_scoreboard.sv:391) uvm_test_top.env.scoreboard [uvm_test_top.env.scoreboard] process_tl_access: read predict status 

UVM_INFO @ 131566256 ps: (lc_ctrl_scoreboard.sv:391) uvm_test_top.env.scoreboard [uvm_test_top.env.scoreboard] process_tl_access: read predict status 

UVM_INFO @ 131649590 ps: (lc_ctrl_scoreboard.sv:391) uvm_test_top.env.scoreboard [uvm_test_top.env.scoreboard] process_tl_access: read predict status 

UVM_INFO @ 131649590 ps: (lc_ctrl_scoreboard.sv:186) uvm_test_top.env.scoreboard [uvm_test_top.env.scoreboard] process_kmac_app_req: token received e4fd5c3e42d5cd1e234b34c7dbdf6464
UVM_INFO @ 131732924 ps: (lc_ctrl_scoreboard.sv:391) uvm_test_top.env.scoreboard [uvm_test_top.env.scoreboard] process_tl_access: read predict status 

UVM_INFO @ 131816258 ps: (lc_ctrl_scoreboard.sv:391) uvm_test_top.env.scoreboard [uvm_test_top.env.scoreboard] process_tl_access: read predict status 

UVM_INFO @ 131899592 ps: (lc_ctrl_scoreboard.sv:391) uvm_test_top.env.scoreboard [uvm_test_top.env.scoreboard] process_tl_access: read predict status 

UVM_INFO @ 131982926 ps: (lc_ctrl_scoreboard.sv:391) uvm_test_top.env.scoreboard [uvm_test_top.env.scoreboard] process_tl_access: read predict status 

UVM_INFO @ 132066260 ps: (lc_ctrl_scoreboard.sv:391) uvm_test_top.env.scoreboard [uvm_test_top.env.scoreboard] process_tl_access: read predict status 

UVM_INFO @ 132149594 ps: (lc_ctrl_scoreboard.sv:391) uvm_test_top.env.scoreboard [uvm_test_top.env.scoreboard] process_tl_access: read predict status 

UVM_INFO @ 132232928 ps: (lc_ctrl_scoreboard.sv:391) uvm_test_top.env.scoreboard [uvm_test_top.env.scoreboard] process_tl_access: read predict status 

UVM_INFO @ 132316262 ps: (lc_ctrl_scoreboard.sv:391) uvm_test_top.env.scoreboard [uvm_test_top.env.scoreboard] process_tl_access: read predict status 

UVM_INFO @ 132399596 ps: (lc_ctrl_scoreboard.sv:391) uvm_test_top.env.scoreboard [uvm_test_top.env.scoreboard] process_tl_access: read predict status 

UVM_INFO @ 132482930 ps: (lc_ctrl_scoreboard.sv:391) uvm_test_top.env.scoreboard [uvm_test_top.env.scoreboard] process_tl_access: read predict status 

UVM_INFO @ 132566264 ps: (lc_ctrl_scoreboard.sv:391) uvm_test_top.env.scoreboard [uvm_test_top.env.scoreboard] process_tl_access: read predict status 

UVM_INFO @ 132649598 ps: (lc_ctrl_scoreboard.sv:391) uvm_test_top.env.scoreboard [uvm_test_top.env.scoreboard] process_tl_access: read predict status 

UVM_INFO @ 132732932 ps: (lc_ctrl_scoreboard.sv:391) uvm_test_top.env.scoreboard [uvm_test_top.env.scoreboard] process_tl_access: read predict status 

UVM_INFO @ 132816266 ps: (lc_ctrl_scoreboard.sv:391) uvm_test_top.env.scoreboard [uvm_test_top.env.scoreboard] process_tl_access: read predict status 

UVM_INFO @ 132899600 ps: (lc_ctrl_scoreboard.sv:391) uvm_test_top.env.scoreboard [uvm_test_top.env.scoreboard] process_tl_access: read predict status 

UVM_INFO @ 132982934 ps: (lc_ctrl_scoreboard.sv:391) uvm_test_top.env.scoreboard [uvm_test_top.env.scoreboard] process_tl_access: read predict status 

UVM_INFO @ 133066268 ps: (lc_ctrl_scoreboard.sv:391) uvm_test_top.env.scoreboard [uvm_test_top.env.scoreboard] process_tl_access: read predict status 

UVM_INFO @ 133149602 ps: (lc_ctrl_scoreboard.sv:391) uvm_test_top.env.scoreboard [uvm_test_top.env.scoreboard] process_tl_access: read predict status 

UVM_INFO @ 133232936 ps: (lc_ctrl_scoreboard.sv:391) uvm_test_top.env.scoreboard [uvm_test_top.env.scoreboard] process_tl_access: read predict status 

UVM_INFO @ 133316270 ps: (lc_ctrl_scoreboard.sv:391) uvm_test_top.env.scoreboard [uvm_test_top.env.scoreboard] process_tl_access: read predict status 

UVM_INFO @ 133399604 ps: (lc_ctrl_scoreboard.sv:391) uvm_test_top.env.scoreboard [uvm_test_top.env.scoreboard] process_tl_access: read predict status 

UVM_INFO @ 133399604 ps: (lc_ctrl_scoreboard.sv:566) uvm_test_top.env.scoreboard [uvm_test_top.env.scoreboard] predict_otp_prog_req: state=LcStRma count=LcCnt12
UVM_INFO @ 133482938 ps: (lc_ctrl_scoreboard.sv:391) uvm_test_top.env.scoreboard [uvm_test_top.env.scoreboard] process_tl_access: read predict status 

UVM_INFO @ 133482938 ps: (jtag_riscv_driver.sv:16) driver [driver] reset_signals: cfg.in_reset=1'b1
UVM_INFO @ 133502949 ps: (kmac_app_monitor.sv:86) uvm_test_top.env.m_kmac_app_agent.monitor [uvm_test_top.env.m_kmac_app_agent.monitor] Reset occurs
UVM_INFO @ 137316302 ps: (jtag_riscv_driver.sv:25) driver [driver] reset_signals: cfg.in_reset=1'b0
UVM_INFO @ 138357977 ps: (lc_ctrl_scoreboard.sv:391) uvm_test_top.env.scoreboard [uvm_test_top.env.scoreboard] process_tl_access: read predict status 

UVM_INFO @ 138357977 ps: (lc_ctrl_smoke_vseq.sv:65) uvm_test_top.env.virtual_sequencer [uvm_test_top.env.virtual_sequencer.lc_ctrl_smoke_vseq] starting seq 14/18, init LC_state is LcStTestUnlocked4, LC_cnt is LcCnt15
UVM_INFO @ 138399644 ps: (lc_ctrl_scoreboard.sv:301) uvm_test_top.env.scoreboard [uvm_test_top.env.scoreboard] process_tl_access: write predict claim_transition_if 

UVM_INFO @ 138482978 ps: (lc_ctrl_scoreboard.sv:301) uvm_test_top.env.scoreboard [uvm_test_top.env.scoreboard] process_tl_access: write predict transition_ctrl 

UVM_INFO @ 138566312 ps: (lc_ctrl_scoreboard.sv:301) uvm_test_top.env.scoreboard [uvm_test_top.env.scoreboard] process_tl_access: write predict transition_target 

UVM_INFO @ 138649646 ps: (lc_ctrl_scoreboard.sv:301) uvm_test_top.env.scoreboard [uvm_test_top.env.scoreboard] process_tl_access: write predict transition_token_0 

UVM_INFO @ 138732980 ps: (lc_ctrl_scoreboard.sv:301) uvm_test_top.env.scoreboard [uvm_test_top.env.scoreboard] process_tl_access: write predict transition_token_1 

UVM_INFO @ 138816314 ps: (lc_ctrl_scoreboard.sv:301) uvm_test_top.env.scoreboard [uvm_test_top.env.scoreboard] process_tl_access: write predict transition_token_2 

UVM_INFO @ 138899648 ps: (lc_ctrl_scoreboard.sv:301) uvm_test_top.env.scoreboard [uvm_test_top.env.scoreboard] process_tl_access: write predict transition_token_3 

UVM_INFO @ 138982982 ps: (lc_ctrl_scoreboard.sv:301) uvm_test_top.env.scoreboard [uvm_test_top.env.scoreboard] process_tl_access: write predict otp_vendor_test_ctrl 

UVM_INFO @ 139107983 ps: (lc_ctrl_scoreboard.sv:391) uvm_test_top.env.scoreboard [uvm_test_top.env.scoreboard] process_tl_access: read predict otp_vendor_test_status 

UVM_INFO @ 139149650 ps: (lc_ctrl_scoreboard.sv:301) uvm_test_top.env.scoreboard [uvm_test_top.env.scoreboard] process_tl_access: write predict transition_cmd 

UVM_INFO @ 139274651 ps: (lc_ctrl_scoreboard.sv:391) uvm_test_top.env.scoreboard [uvm_test_top.env.scoreboard] process_tl_access: read predict status 

UVM_INFO @ 139316318 ps: (lc_ctrl_scoreboard.sv:566) uvm_test_top.env.scoreboard [uvm_test_top.env.scoreboard] predict_otp_prog_req: state=LcStTestUnlocked4 count=LcCnt16
UVM_INFO @ 139357985 ps: (lc_ctrl_scoreboard.sv:391) uvm_test_top.env.scoreboard [uvm_test_top.env.scoreboard] process_tl_access: read predict status 

UVM_INFO @ 139441319 ps: (lc_ctrl_scoreboard.sv:391) uvm_test_top.env.scoreboard [uvm_test_top.env.scoreboard] process_tl_access: read predict status 

UVM_INFO @ 139524653 ps: (lc_ctrl_scoreboard.sv:391) uvm_test_top.env.scoreboard [uvm_test_top.env.scoreboard] process_tl_access: read predict status 

UVM_INFO @ 139607987 ps: (lc_ctrl_scoreboard.sv:391) uvm_test_top.env.scoreboard [uvm_test_top.env.scoreboard] process_tl_access: read predict status 

UVM_INFO @ 139691321 ps: (lc_ctrl_scoreboard.sv:391) uvm_test_top.env.scoreboard [uvm_test_top.env.scoreboard] process_tl_access: read predict status 

UVM_INFO @ 139774655 ps: (lc_ctrl_scoreboard.sv:391) uvm_test_top.env.scoreboard [uvm_test_top.env.scoreboard] process_tl_access: read predict status 

UVM_INFO @ 139857989 ps: (lc_ctrl_scoreboard.sv:391) uvm_test_top.env.scoreboard [uvm_test_top.env.scoreboard] process_tl_access: read predict status 

UVM_INFO @ 139941323 ps: (lc_ctrl_scoreboard.sv:391) uvm_test_top.env.scoreboard [uvm_test_top.env.scoreboard] process_tl_access: read predict status 

UVM_INFO @ 140024657 ps: (lc_ctrl_scoreboard.sv:391) uvm_test_top.env.scoreboard [uvm_test_top.env.scoreboard] process_tl_access: read predict status 

UVM_INFO @ 140107991 ps: (lc_ctrl_scoreboard.sv:391) uvm_test_top.env.scoreboard [uvm_test_top.env.scoreboard] process_tl_access: read predict status 

UVM_INFO @ 140191325 ps: (lc_ctrl_scoreboard.sv:391) uvm_test_top.env.scoreboard [uvm_test_top.env.scoreboard] process_tl_access: read predict status 

UVM_INFO @ 140274659 ps: (lc_ctrl_scoreboard.sv:391) uvm_test_top.env.scoreboard [uvm_test_top.env.scoreboard] process_tl_access: read predict status 

UVM_INFO @ 140357993 ps: (lc_ctrl_scoreboard.sv:391) uvm_test_top.env.scoreboard [uvm_test_top.env.scoreboard] process_tl_access: read predict status 

UVM_INFO @ 140441327 ps: (lc_ctrl_scoreboard.sv:391) uvm_test_top.env.scoreboard [uvm_test_top.env.scoreboard] process_tl_access: read predict status 

UVM_INFO @ 140524661 ps: (lc_ctrl_scoreboard.sv:391) uvm_test_top.env.scoreboard [uvm_test_top.env.scoreboard] process_tl_access: read predict status 

UVM_INFO @ 140607995 ps: (lc_ctrl_scoreboard.sv:391) uvm_test_top.env.scoreboard [uvm_test_top.env.scoreboard] process_tl_access: read predict status 

UVM_INFO @ 140691329 ps: (lc_ctrl_scoreboard.sv:391) uvm_test_top.env.scoreboard [uvm_test_top.env.scoreboard] process_tl_access: read predict status 

UVM_INFO @ 140774663 ps: (lc_ctrl_scoreboard.sv:391) uvm_test_top.env.scoreboard [uvm_test_top.env.scoreboard] process_tl_access: read predict status 

UVM_INFO @ 140857997 ps: (lc_ctrl_scoreboard.sv:391) uvm_test_top.env.scoreboard [uvm_test_top.env.scoreboard] process_tl_access: read predict status 

UVM_INFO @ 140941331 ps: (lc_ctrl_scoreboard.sv:391) uvm_test_top.env.scoreboard [uvm_test_top.env.scoreboard] process_tl_access: read predict status 

UVM_INFO @ 141024665 ps: (lc_ctrl_scoreboard.sv:391) uvm_test_top.env.scoreboard [uvm_test_top.env.scoreboard] process_tl_access: read predict status 

UVM_INFO @ 141107999 ps: (lc_ctrl_scoreboard.sv:391) uvm_test_top.env.scoreboard [uvm_test_top.env.scoreboard] process_tl_access: read predict status 

UVM_INFO @ 141191333 ps: (lc_ctrl_scoreboard.sv:391) uvm_test_top.env.scoreboard [uvm_test_top.env.scoreboard] process_tl_access: read predict status 

UVM_INFO @ 141274667 ps: (lc_ctrl_scoreboard.sv:391) uvm_test_top.env.scoreboard [uvm_test_top.env.scoreboard] process_tl_access: read predict status 

UVM_INFO @ 141358001 ps: (lc_ctrl_scoreboard.sv:391) uvm_test_top.env.scoreboard [uvm_test_top.env.scoreboard] process_tl_access: read predict status 

UVM_INFO @ 141441335 ps: (lc_ctrl_scoreboard.sv:391) uvm_test_top.env.scoreboard [uvm_test_top.env.scoreboard] process_tl_access: read predict status 

UVM_INFO @ 141524669 ps: (lc_ctrl_scoreboard.sv:186) uvm_test_top.env.scoreboard [uvm_test_top.env.scoreboard] process_kmac_app_req: token received 164b5ff9757bc75922063e9247902455
UVM_INFO @ 141524669 ps: (lc_ctrl_scoreboard.sv:391) uvm_test_top.env.scoreboard [uvm_test_top.env.scoreboard] process_tl_access: read predict status 

UVM_INFO @ 141608003 ps: (lc_ctrl_scoreboard.sv:391) uvm_test_top.env.scoreboard [uvm_test_top.env.scoreboard] process_tl_access: read predict status 

UVM_INFO @ 141691337 ps: (lc_ctrl_scoreboard.sv:391) uvm_test_top.env.scoreboard [uvm_test_top.env.scoreboard] process_tl_access: read predict status 

UVM_INFO @ 141774671 ps: (lc_ctrl_scoreboard.sv:391) uvm_test_top.env.scoreboard [uvm_test_top.env.scoreboard] process_tl_access: read predict status 

UVM_INFO @ 141858005 ps: (lc_ctrl_scoreboard.sv:391) uvm_test_top.env.scoreboard [uvm_test_top.env.scoreboard] process_tl_access: read predict status 

UVM_INFO @ 141941339 ps: (lc_ctrl_scoreboard.sv:391) uvm_test_top.env.scoreboard [uvm_test_top.env.scoreboard] process_tl_access: read predict status 

UVM_INFO @ 142024673 ps: (lc_ctrl_scoreboard.sv:391) uvm_test_top.env.scoreboard [uvm_test_top.env.scoreboard] process_tl_access: read predict status 

UVM_INFO @ 142108007 ps: (lc_ctrl_scoreboard.sv:391) uvm_test_top.env.scoreboard [uvm_test_top.env.scoreboard] process_tl_access: read predict status 

UVM_INFO @ 142191341 ps: (lc_ctrl_scoreboard.sv:391) uvm_test_top.env.scoreboard [uvm_test_top.env.scoreboard] process_tl_access: read predict status 

UVM_INFO @ 142274675 ps: (lc_ctrl_scoreboard.sv:391) uvm_test_top.env.scoreboard [uvm_test_top.env.scoreboard] process_tl_access: read predict status 

UVM_INFO @ 142358009 ps: (lc_ctrl_scoreboard.sv:391) uvm_test_top.env.scoreboard [uvm_test_top.env.scoreboard] process_tl_access: read predict status 

UVM_INFO @ 142441343 ps: (lc_ctrl_scoreboard.sv:391) uvm_test_top.env.scoreboard [uvm_test_top.env.scoreboard] process_tl_access: read predict status 

UVM_INFO @ 142483010 ps: (lc_ctrl_scoreboard.sv:566) uvm_test_top.env.scoreboard [uvm_test_top.env.scoreboard] predict_otp_prog_req: state=LcStProd count=LcCnt16
UVM_INFO @ 142524677 ps: (lc_ctrl_scoreboard.sv:391) uvm_test_top.env.scoreboard [uvm_test_top.env.scoreboard] process_tl_access: read predict status 

UVM_INFO @ 142608011 ps: (lc_ctrl_scoreboard.sv:391) uvm_test_top.env.scoreboard [uvm_test_top.env.scoreboard] process_tl_access: read predict status 

UVM_INFO @ 142608011 ps: (jtag_riscv_driver.sv:16) driver [driver] reset_signals: cfg.in_reset=1'b1
UVM_INFO @ 142617286 ps: (kmac_app_monitor.sv:86) uvm_test_top.env.m_kmac_app_agent.monitor [uvm_test_top.env.m_kmac_app_agent.monitor] Reset occurs
UVM_INFO @ 146774711 ps: (jtag_riscv_driver.sv:25) driver [driver] reset_signals: cfg.in_reset=1'b0
UVM_INFO @ 148358057 ps: (lc_ctrl_scoreboard.sv:391) uvm_test_top.env.scoreboard [uvm_test_top.env.scoreboard] process_tl_access: read predict status 

UVM_INFO @ 148358057 ps: (lc_ctrl_smoke_vseq.sv:65) uvm_test_top.env.virtual_sequencer [uvm_test_top.env.virtual_sequencer.lc_ctrl_smoke_vseq] starting seq 15/18, init LC_state is LcStRma, LC_cnt is LcCnt15
UVM_INFO @ 148399724 ps: (lc_ctrl_scoreboard.sv:301) uvm_test_top.env.scoreboard [uvm_test_top.env.scoreboard] process_tl_access: write predict claim_transition_if 

UVM_INFO @ 148483058 ps: (lc_ctrl_scoreboard.sv:301) uvm_test_top.env.scoreboard [uvm_test_top.env.scoreboard] process_tl_access: write predict transition_ctrl 

UVM_INFO @ 148566392 ps: (lc_ctrl_scoreboard.sv:301) uvm_test_top.env.scoreboard [uvm_test_top.env.scoreboard] process_tl_access: write predict transition_target 

UVM_INFO @ 148649726 ps: (lc_ctrl_scoreboard.sv:301) uvm_test_top.env.scoreboard [uvm_test_top.env.scoreboard] process_tl_access: write predict transition_token_0 

UVM_INFO @ 148733060 ps: (lc_ctrl_scoreboard.sv:301) uvm_test_top.env.scoreboard [uvm_test_top.env.scoreboard] process_tl_access: write predict transition_token_1 

UVM_INFO @ 148816394 ps: (lc_ctrl_scoreboard.sv:301) uvm_test_top.env.scoreboard [uvm_test_top.env.scoreboard] process_tl_access: write predict transition_token_2 

UVM_INFO @ 148899728 ps: (lc_ctrl_scoreboard.sv:301) uvm_test_top.env.scoreboard [uvm_test_top.env.scoreboard] process_tl_access: write predict transition_token_3 

UVM_INFO @ 148983062 ps: (lc_ctrl_scoreboard.sv:301) uvm_test_top.env.scoreboard [uvm_test_top.env.scoreboard] process_tl_access: write predict otp_vendor_test_ctrl 

UVM_INFO @ 149108063 ps: (lc_ctrl_scoreboard.sv:391) uvm_test_top.env.scoreboard [uvm_test_top.env.scoreboard] process_tl_access: read predict otp_vendor_test_status 

UVM_INFO @ 149149730 ps: (lc_ctrl_scoreboard.sv:301) uvm_test_top.env.scoreboard [uvm_test_top.env.scoreboard] process_tl_access: write predict transition_cmd 

UVM_INFO @ 149274731 ps: (lc_ctrl_scoreboard.sv:391) uvm_test_top.env.scoreboard [uvm_test_top.env.scoreboard] process_tl_access: read predict status 

UVM_INFO @ 149358065 ps: (lc_ctrl_scoreboard.sv:566) uvm_test_top.env.scoreboard [uvm_test_top.env.scoreboard] predict_otp_prog_req: state=LcStScrap count=LcCnt24
UVM_INFO @ 149358065 ps: (lc_ctrl_scoreboard.sv:391) uvm_test_top.env.scoreboard [uvm_test_top.env.scoreboard] process_tl_access: read predict status 

UVM_INFO @ 149441399 ps: (lc_ctrl_scoreboard.sv:391) uvm_test_top.env.scoreboard [uvm_test_top.env.scoreboard] process_tl_access: read predict status 

UVM_INFO @ 149524733 ps: (lc_ctrl_scoreboard.sv:391) uvm_test_top.env.scoreboard [uvm_test_top.env.scoreboard] process_tl_access: read predict status 

UVM_INFO @ 149608067 ps: (lc_ctrl_scoreboard.sv:391) uvm_test_top.env.scoreboard [uvm_test_top.env.scoreboard] process_tl_access: read predict status 

UVM_INFO @ 149691401 ps: (lc_ctrl_scoreboard.sv:391) uvm_test_top.env.scoreboard [uvm_test_top.env.scoreboard] process_tl_access: read predict status 

UVM_INFO @ 149774735 ps: (lc_ctrl_scoreboard.sv:391) uvm_test_top.env.scoreboard [uvm_test_top.env.scoreboard] process_tl_access: read predict status 

UVM_INFO @ 149858069 ps: (lc_ctrl_scoreboard.sv:391) uvm_test_top.env.scoreboard [uvm_test_top.env.scoreboard] process_tl_access: read predict status 

UVM_INFO @ 149941403 ps: (lc_ctrl_scoreboard.sv:391) uvm_test_top.env.scoreboard [uvm_test_top.env.scoreboard] process_tl_access: read predict status 

UVM_INFO @ 150024737 ps: (lc_ctrl_scoreboard.sv:391) uvm_test_top.env.scoreboard [uvm_test_top.env.scoreboard] process_tl_access: read predict status 

UVM_INFO @ 150108071 ps: (lc_ctrl_scoreboard.sv:391) uvm_test_top.env.scoreboard [uvm_test_top.env.scoreboard] process_tl_access: read predict status 

UVM_INFO @ 150191405 ps: (lc_ctrl_scoreboard.sv:391) uvm_test_top.env.scoreboard [uvm_test_top.env.scoreboard] process_tl_access: read predict status 

UVM_INFO @ 150274739 ps: (lc_ctrl_scoreboard.sv:391) uvm_test_top.env.scoreboard [uvm_test_top.env.scoreboard] process_tl_access: read predict status 

UVM_INFO @ 150358073 ps: (lc_ctrl_scoreboard.sv:391) uvm_test_top.env.scoreboard [uvm_test_top.env.scoreboard] process_tl_access: read predict status 

UVM_INFO @ 150441407 ps: (lc_ctrl_scoreboard.sv:391) uvm_test_top.env.scoreboard [uvm_test_top.env.scoreboard] process_tl_access: read predict status 

UVM_INFO @ 150524741 ps: (lc_ctrl_scoreboard.sv:391) uvm_test_top.env.scoreboard [uvm_test_top.env.scoreboard] process_tl_access: read predict status 

UVM_INFO @ 150608075 ps: (lc_ctrl_scoreboard.sv:391) uvm_test_top.env.scoreboard [uvm_test_top.env.scoreboard] process_tl_access: read predict status 

UVM_INFO @ 150691409 ps: (lc_ctrl_scoreboard.sv:391) uvm_test_top.env.scoreboard [uvm_test_top.env.scoreboard] process_tl_access: read predict status 

UVM_INFO @ 150774743 ps: (lc_ctrl_scoreboard.sv:391) uvm_test_top.env.scoreboard [uvm_test_top.env.scoreboard] process_tl_access: read predict status 

UVM_INFO @ 150858077 ps: (lc_ctrl_scoreboard.sv:391) uvm_test_top.env.scoreboard [uvm_test_top.env.scoreboard] process_tl_access: read predict status 

UVM_INFO @ 150941411 ps: (lc_ctrl_scoreboard.sv:391) uvm_test_top.env.scoreboard [uvm_test_top.env.scoreboard] process_tl_access: read predict status 

UVM_INFO @ 151024745 ps: (lc_ctrl_scoreboard.sv:391) uvm_test_top.env.scoreboard [uvm_test_top.env.scoreboard] process_tl_access: read predict status 

UVM_INFO @ 151108079 ps: (lc_ctrl_scoreboard.sv:391) uvm_test_top.env.scoreboard [uvm_test_top.env.scoreboard] process_tl_access: read predict status 

UVM_INFO @ 151191413 ps: (lc_ctrl_scoreboard.sv:391) uvm_test_top.env.scoreboard [uvm_test_top.env.scoreboard] process_tl_access: read predict status 

UVM_INFO @ 151274747 ps: (lc_ctrl_scoreboard.sv:391) uvm_test_top.env.scoreboard [uvm_test_top.env.scoreboard] process_tl_access: read predict status 

UVM_INFO @ 151358081 ps: (lc_ctrl_scoreboard.sv:186) uvm_test_top.env.scoreboard [uvm_test_top.env.scoreboard] process_kmac_app_req: token received 0e41f47a7c43186166a3e7b9839fd79d
UVM_INFO @ 151358081 ps: (lc_ctrl_scoreboard.sv:391) uvm_test_top.env.scoreboard [uvm_test_top.env.scoreboard] process_tl_access: read predict status 

UVM_INFO @ 151441415 ps: (lc_ctrl_scoreboard.sv:391) uvm_test_top.env.scoreboard [uvm_test_top.env.scoreboard] process_tl_access: read predict status 

UVM_INFO @ 151524749 ps: (lc_ctrl_scoreboard.sv:391) uvm_test_top.env.scoreboard [uvm_test_top.env.scoreboard] process_tl_access: read predict status 

UVM_INFO @ 151608083 ps: (lc_ctrl_scoreboard.sv:391) uvm_test_top.env.scoreboard [uvm_test_top.env.scoreboard] process_tl_access: read predict status 

UVM_INFO @ 151691417 ps: (lc_ctrl_scoreboard.sv:391) uvm_test_top.env.scoreboard [uvm_test_top.env.scoreboard] process_tl_access: read predict status 

UVM_INFO @ 151774751 ps: (lc_ctrl_scoreboard.sv:391) uvm_test_top.env.scoreboard [uvm_test_top.env.scoreboard] process_tl_access: read predict status 

UVM_INFO @ 151858085 ps: (lc_ctrl_scoreboard.sv:391) uvm_test_top.env.scoreboard [uvm_test_top.env.scoreboard] process_tl_access: read predict status 

UVM_INFO @ 151941419 ps: (lc_ctrl_scoreboard.sv:391) uvm_test_top.env.scoreboard [uvm_test_top.env.scoreboard] process_tl_access: read predict status 

UVM_INFO @ 152024753 ps: (lc_ctrl_scoreboard.sv:391) uvm_test_top.env.scoreboard [uvm_test_top.env.scoreboard] process_tl_access: read predict status 

UVM_INFO @ 152108087 ps: (lc_ctrl_scoreboard.sv:391) uvm_test_top.env.scoreboard [uvm_test_top.env.scoreboard] process_tl_access: read predict status 

UVM_INFO @ 152191421 ps: (lc_ctrl_scoreboard.sv:391) uvm_test_top.env.scoreboard [uvm_test_top.env.scoreboard] process_tl_access: read predict status 

UVM_INFO @ 152274755 ps: (lc_ctrl_scoreboard.sv:391) uvm_test_top.env.scoreboard [uvm_test_top.env.scoreboard] process_tl_access: read predict status 

UVM_INFO @ 152358089 ps: (lc_ctrl_scoreboard.sv:391) uvm_test_top.env.scoreboard [uvm_test_top.env.scoreboard] process_tl_access: read predict status 

UVM_INFO @ 152441423 ps: (lc_ctrl_scoreboard.sv:391) uvm_test_top.env.scoreboard [uvm_test_top.env.scoreboard] process_tl_access: read predict status 

UVM_INFO @ 152524757 ps: (lc_ctrl_scoreboard.sv:391) uvm_test_top.env.scoreboard [uvm_test_top.env.scoreboard] process_tl_access: read predict status 

UVM_INFO @ 152608091 ps: (lc_ctrl_scoreboard.sv:566) uvm_test_top.env.scoreboard [uvm_test_top.env.scoreboard] predict_otp_prog_req: state=LcStScrap count=LcCnt24
UVM_INFO @ 152608091 ps: (lc_ctrl_scoreboard.sv:391) uvm_test_top.env.scoreboard [uvm_test_top.env.scoreboard] process_tl_access: read predict status 

UVM_INFO @ 152691425 ps: (lc_ctrl_scoreboard.sv:391) uvm_test_top.env.scoreboard [uvm_test_top.env.scoreboard] process_tl_access: read predict status 

UVM_INFO @ 152691425 ps: (jtag_riscv_driver.sv:16) driver [driver] reset_signals: cfg.in_reset=1'b1
UVM_INFO @ 152714550 ps: (kmac_app_monitor.sv:86) uvm_test_top.env.m_kmac_app_agent.monitor [uvm_test_top.env.m_kmac_app_agent.monitor] Reset occurs
UVM_INFO @ 155399780 ps: (jtag_riscv_driver.sv:25) driver [driver] reset_signals: cfg.in_reset=1'b0
UVM_INFO @ 157399796 ps: (lc_ctrl_scoreboard.sv:391) uvm_test_top.env.scoreboard [uvm_test_top.env.scoreboard] process_tl_access: read predict status 

UVM_INFO @ 157399796 ps: (lc_ctrl_smoke_vseq.sv:65) uvm_test_top.env.virtual_sequencer [uvm_test_top.env.virtual_sequencer.lc_ctrl_smoke_vseq] starting seq 16/18, init LC_state is LcStRma, LC_cnt is LcCnt7
UVM_INFO @ 157483130 ps: (lc_ctrl_scoreboard.sv:391) uvm_test_top.env.scoreboard [uvm_test_top.env.scoreboard] process_tl_access: read predict status 

UVM_INFO @ 157524797 ps: (lc_ctrl_scoreboard.sv:486) uvm_test_top.env.scoreboard [uvm_test_top.env.scoreboard] predict_lc_state: lc_state_single_exp=DecLcStRma(13) lc_state_exp=2739ce73
UVM_INFO @ 157566464 ps: (lc_ctrl_scoreboard.sv:391) uvm_test_top.env.scoreboard [uvm_test_top.env.scoreboard] process_tl_access: read predict lc_state 

UVM_INFO @ 157608131 ps: (lc_ctrl_scoreboard.sv:526) uvm_test_top.env.scoreboard [uvm_test_top.env.scoreboard] predict_lc_transition_cnt: lc_transition_cnt_exp= 7
UVM_INFO @ 157649798 ps: (lc_ctrl_scoreboard.sv:391) uvm_test_top.env.scoreboard [uvm_test_top.env.scoreboard] process_tl_access: read predict lc_transition_cnt 

UVM_INFO @ 157691465 ps: (lc_ctrl_scoreboard.sv:301) uvm_test_top.env.scoreboard [uvm_test_top.env.scoreboard] process_tl_access: write predict claim_transition_if 

UVM_INFO @ 157774799 ps: (lc_ctrl_scoreboard.sv:301) uvm_test_top.env.scoreboard [uvm_test_top.env.scoreboard] process_tl_access: write predict transition_ctrl 

UVM_INFO @ 157858133 ps: (lc_ctrl_scoreboard.sv:301) uvm_test_top.env.scoreboard [uvm_test_top.env.scoreboard] process_tl_access: write predict transition_target 

UVM_INFO @ 157941467 ps: (lc_ctrl_scoreboard.sv:301) uvm_test_top.env.scoreboard [uvm_test_top.env.scoreboard] process_tl_access: write predict transition_token_0 

UVM_INFO @ 158024801 ps: (lc_ctrl_scoreboard.sv:301) uvm_test_top.env.scoreboard [uvm_test_top.env.scoreboard] process_tl_access: write predict transition_token_1 

UVM_INFO @ 158108135 ps: (lc_ctrl_scoreboard.sv:301) uvm_test_top.env.scoreboard [uvm_test_top.env.scoreboard] process_tl_access: write predict transition_token_2 

UVM_INFO @ 158191469 ps: (lc_ctrl_scoreboard.sv:301) uvm_test_top.env.scoreboard [uvm_test_top.env.scoreboard] process_tl_access: write predict transition_token_3 

UVM_INFO @ 158274803 ps: (lc_ctrl_scoreboard.sv:301) uvm_test_top.env.scoreboard [uvm_test_top.env.scoreboard] process_tl_access: write predict otp_vendor_test_ctrl 

UVM_INFO @ 158399804 ps: (lc_ctrl_scoreboard.sv:391) uvm_test_top.env.scoreboard [uvm_test_top.env.scoreboard] process_tl_access: read predict otp_vendor_test_status 

UVM_INFO @ 158441471 ps: (lc_ctrl_scoreboard.sv:301) uvm_test_top.env.scoreboard [uvm_test_top.env.scoreboard] process_tl_access: write predict transition_cmd 

UVM_INFO @ 158566472 ps: (lc_ctrl_scoreboard.sv:391) uvm_test_top.env.scoreboard [uvm_test_top.env.scoreboard] process_tl_access: read predict status 

UVM_INFO @ 158649806 ps: (lc_ctrl_scoreboard.sv:391) uvm_test_top.env.scoreboard [uvm_test_top.env.scoreboard] process_tl_access: read predict status 

UVM_INFO @ 158733140 ps: (lc_ctrl_scoreboard.sv:391) uvm_test_top.env.scoreboard [uvm_test_top.env.scoreboard] process_tl_access: read predict status 

UVM_INFO @ 158816474 ps: (lc_ctrl_scoreboard.sv:391) uvm_test_top.env.scoreboard [uvm_test_top.env.scoreboard] process_tl_access: read predict status 

UVM_INFO @ 158899808 ps: (lc_ctrl_scoreboard.sv:391) uvm_test_top.env.scoreboard [uvm_test_top.env.scoreboard] process_tl_access: read predict status 

UVM_INFO @ 158983142 ps: (lc_ctrl_scoreboard.sv:391) uvm_test_top.env.scoreboard [uvm_test_top.env.scoreboard] process_tl_access: read predict status 

UVM_INFO @ 159024809 ps: (lc_ctrl_scoreboard.sv:566) uvm_test_top.env.scoreboard [uvm_test_top.env.scoreboard] predict_otp_prog_req: state=LcStScrap count=LcCnt24
UVM_INFO @ 159066476 ps: (lc_ctrl_scoreboard.sv:391) uvm_test_top.env.scoreboard [uvm_test_top.env.scoreboard] process_tl_access: read predict status 

UVM_INFO @ 159149810 ps: (lc_ctrl_scoreboard.sv:391) uvm_test_top.env.scoreboard [uvm_test_top.env.scoreboard] process_tl_access: read predict status 

UVM_INFO @ 159233144 ps: (lc_ctrl_scoreboard.sv:391) uvm_test_top.env.scoreboard [uvm_test_top.env.scoreboard] process_tl_access: read predict status 

UVM_INFO @ 159316478 ps: (lc_ctrl_scoreboard.sv:391) uvm_test_top.env.scoreboard [uvm_test_top.env.scoreboard] process_tl_access: read predict status 

UVM_INFO @ 159399812 ps: (lc_ctrl_scoreboard.sv:391) uvm_test_top.env.scoreboard [uvm_test_top.env.scoreboard] process_tl_access: read predict status 

UVM_INFO @ 159483146 ps: (lc_ctrl_scoreboard.sv:391) uvm_test_top.env.scoreboard [uvm_test_top.env.scoreboard] process_tl_access: read predict status 

UVM_INFO @ 159566480 ps: (lc_ctrl_scoreboard.sv:391) uvm_test_top.env.scoreboard [uvm_test_top.env.scoreboard] process_tl_access: read predict status 

UVM_INFO @ 159649814 ps: (lc_ctrl_scoreboard.sv:391) uvm_test_top.env.scoreboard [uvm_test_top.env.scoreboard] process_tl_access: read predict status 

UVM_INFO @ 159733148 ps: (lc_ctrl_scoreboard.sv:391) uvm_test_top.env.scoreboard [uvm_test_top.env.scoreboard] process_tl_access: read predict status 

UVM_INFO @ 159816482 ps: (lc_ctrl_scoreboard.sv:391) uvm_test_top.env.scoreboard [uvm_test_top.env.scoreboard] process_tl_access: read predict status 

UVM_INFO @ 159899816 ps: (lc_ctrl_scoreboard.sv:391) uvm_test_top.env.scoreboard [uvm_test_top.env.scoreboard] process_tl_access: read predict status 

UVM_INFO @ 159983150 ps: (lc_ctrl_scoreboard.sv:391) uvm_test_top.env.scoreboard [uvm_test_top.env.scoreboard] process_tl_access: read predict status 

UVM_INFO @ 160066484 ps: (lc_ctrl_scoreboard.sv:391) uvm_test_top.env.scoreboard [uvm_test_top.env.scoreboard] process_tl_access: read predict status 

UVM_INFO @ 160149818 ps: (lc_ctrl_scoreboard.sv:391) uvm_test_top.env.scoreboard [uvm_test_top.env.scoreboard] process_tl_access: read predict status 

UVM_INFO @ 160233152 ps: (lc_ctrl_scoreboard.sv:391) uvm_test_top.env.scoreboard [uvm_test_top.env.scoreboard] process_tl_access: read predict status 

UVM_INFO @ 160316486 ps: (lc_ctrl_scoreboard.sv:391) uvm_test_top.env.scoreboard [uvm_test_top.env.scoreboard] process_tl_access: read predict status 

UVM_INFO @ 160399820 ps: (lc_ctrl_scoreboard.sv:391) uvm_test_top.env.scoreboard [uvm_test_top.env.scoreboard] process_tl_access: read predict status 

UVM_INFO @ 160483154 ps: (lc_ctrl_scoreboard.sv:391) uvm_test_top.env.scoreboard [uvm_test_top.env.scoreboard] process_tl_access: read predict status 

UVM_INFO @ 160524821 ps: (lc_ctrl_scoreboard.sv:186) uvm_test_top.env.scoreboard [uvm_test_top.env.scoreboard] process_kmac_app_req: token received 45a8c90ba3c47e7435ab429d96b822ed
UVM_INFO @ 160566488 ps: (lc_ctrl_scoreboard.sv:391) uvm_test_top.env.scoreboard [uvm_test_top.env.scoreboard] process_tl_access: read predict status 

UVM_INFO @ 160649822 ps: (lc_ctrl_scoreboard.sv:391) uvm_test_top.env.scoreboard [uvm_test_top.env.scoreboard] process_tl_access: read predict status 

UVM_INFO @ 160733156 ps: (lc_ctrl_scoreboard.sv:391) uvm_test_top.env.scoreboard [uvm_test_top.env.scoreboard] process_tl_access: read predict status 

UVM_INFO @ 160816490 ps: (lc_ctrl_scoreboard.sv:391) uvm_test_top.env.scoreboard [uvm_test_top.env.scoreboard] process_tl_access: read predict status 

UVM_INFO @ 160899824 ps: (lc_ctrl_scoreboard.sv:391) uvm_test_top.env.scoreboard [uvm_test_top.env.scoreboard] process_tl_access: read predict status 

UVM_INFO @ 160983158 ps: (lc_ctrl_scoreboard.sv:391) uvm_test_top.env.scoreboard [uvm_test_top.env.scoreboard] process_tl_access: read predict status 

UVM_INFO @ 161066492 ps: (lc_ctrl_scoreboard.sv:391) uvm_test_top.env.scoreboard [uvm_test_top.env.scoreboard] process_tl_access: read predict status 

UVM_INFO @ 161149826 ps: (lc_ctrl_scoreboard.sv:391) uvm_test_top.env.scoreboard [uvm_test_top.env.scoreboard] process_tl_access: read predict status 

UVM_INFO @ 161233160 ps: (lc_ctrl_scoreboard.sv:391) uvm_test_top.env.scoreboard [uvm_test_top.env.scoreboard] process_tl_access: read predict status 

UVM_INFO @ 161316494 ps: (lc_ctrl_scoreboard.sv:391) uvm_test_top.env.scoreboard [uvm_test_top.env.scoreboard] process_tl_access: read predict status 

UVM_INFO @ 161399828 ps: (lc_ctrl_scoreboard.sv:391) uvm_test_top.env.scoreboard [uvm_test_top.env.scoreboard] process_tl_access: read predict status 

UVM_INFO @ 161483162 ps: (lc_ctrl_scoreboard.sv:391) uvm_test_top.env.scoreboard [uvm_test_top.env.scoreboard] process_tl_access: read predict status 

UVM_INFO @ 161566496 ps: (lc_ctrl_scoreboard.sv:391) uvm_test_top.env.scoreboard [uvm_test_top.env.scoreboard] process_tl_access: read predict status 

UVM_INFO @ 161649830 ps: (lc_ctrl_scoreboard.sv:391) uvm_test_top.env.scoreboard [uvm_test_top.env.scoreboard] process_tl_access: read predict status 

UVM_INFO @ 161733164 ps: (lc_ctrl_scoreboard.sv:391) uvm_test_top.env.scoreboard [uvm_test_top.env.scoreboard] process_tl_access: read predict status 

UVM_INFO @ 161816498 ps: (lc_ctrl_scoreboard.sv:391) uvm_test_top.env.scoreboard [uvm_test_top.env.scoreboard] process_tl_access: read predict status 

UVM_INFO @ 161899832 ps: (lc_ctrl_scoreboard.sv:391) uvm_test_top.env.scoreboard [uvm_test_top.env.scoreboard] process_tl_access: read predict status 

UVM_INFO @ 161983166 ps: (lc_ctrl_scoreboard.sv:391) uvm_test_top.env.scoreboard [uvm_test_top.env.scoreboard] process_tl_access: read predict status 

UVM_INFO @ 161983166 ps: (lc_ctrl_scoreboard.sv:566) uvm_test_top.env.scoreboard [uvm_test_top.env.scoreboard] predict_otp_prog_req: state=LcStScrap count=LcCnt24
UVM_INFO @ 162066500 ps: (lc_ctrl_scoreboard.sv:391) uvm_test_top.env.scoreboard [uvm_test_top.env.scoreboard] process_tl_access: read predict status 

UVM_INFO @ 162066500 ps: (jtag_riscv_driver.sv:16) driver [driver] reset_signals: cfg.in_reset=1'b1
UVM_INFO @ 162079151 ps: (kmac_app_monitor.sv:86) uvm_test_top.env.m_kmac_app_agent.monitor [uvm_test_top.env.m_kmac_app_agent.monitor] Reset occurs
UVM_INFO @ 165108191 ps: (jtag_riscv_driver.sv:25) driver [driver] reset_signals: cfg.in_reset=1'b0
UVM_INFO @ 168774887 ps: (lc_ctrl_scoreboard.sv:391) uvm_test_top.env.scoreboard [uvm_test_top.env.scoreboard] process_tl_access: read predict status 

UVM_INFO @ 168774887 ps: (lc_ctrl_smoke_vseq.sv:65) uvm_test_top.env.virtual_sequencer [uvm_test_top.env.virtual_sequencer.lc_ctrl_smoke_vseq] starting seq 17/18, init LC_state is LcStTestLocked6, LC_cnt is LcCnt1
UVM_INFO @ 168858221 ps: (lc_ctrl_scoreboard.sv:391) uvm_test_top.env.scoreboard [uvm_test_top.env.scoreboard] process_tl_access: read predict status 

UVM_INFO @ 168899888 ps: (lc_ctrl_scoreboard.sv:486) uvm_test_top.env.scoreboard [uvm_test_top.env.scoreboard] predict_lc_state: lc_state_single_exp=DecLcStTestLocked6(0e) lc_state_exp=1ce739ce
UVM_INFO @ 168941555 ps: (lc_ctrl_scoreboard.sv:391) uvm_test_top.env.scoreboard [uvm_test_top.env.scoreboard] process_tl_access: read predict lc_state 

UVM_INFO @ 168983222 ps: (lc_ctrl_scoreboard.sv:526) uvm_test_top.env.scoreboard [uvm_test_top.env.scoreboard] predict_lc_transition_cnt: lc_transition_cnt_exp= 1
UVM_INFO @ 169024889 ps: (lc_ctrl_scoreboard.sv:391) uvm_test_top.env.scoreboard [uvm_test_top.env.scoreboard] process_tl_access: read predict lc_transition_cnt 

UVM_INFO @ 169066556 ps: (lc_ctrl_scoreboard.sv:301) uvm_test_top.env.scoreboard [uvm_test_top.env.scoreboard] process_tl_access: write predict claim_transition_if 

UVM_INFO @ 169149890 ps: (lc_ctrl_scoreboard.sv:301) uvm_test_top.env.scoreboard [uvm_test_top.env.scoreboard] process_tl_access: write predict transition_ctrl 

UVM_INFO @ 169233224 ps: (lc_ctrl_scoreboard.sv:301) uvm_test_top.env.scoreboard [uvm_test_top.env.scoreboard] process_tl_access: write predict transition_target 

UVM_INFO @ 169316558 ps: (lc_ctrl_scoreboard.sv:301) uvm_test_top.env.scoreboard [uvm_test_top.env.scoreboard] process_tl_access: write predict transition_token_0 

UVM_INFO @ 169399892 ps: (lc_ctrl_scoreboard.sv:301) uvm_test_top.env.scoreboard [uvm_test_top.env.scoreboard] process_tl_access: write predict transition_token_1 

UVM_INFO @ 169483226 ps: (lc_ctrl_scoreboard.sv:301) uvm_test_top.env.scoreboard [uvm_test_top.env.scoreboard] process_tl_access: write predict transition_token_2 

UVM_INFO @ 169566560 ps: (lc_ctrl_scoreboard.sv:301) uvm_test_top.env.scoreboard [uvm_test_top.env.scoreboard] process_tl_access: write predict transition_token_3 

UVM_INFO @ 169649894 ps: (lc_ctrl_scoreboard.sv:301) uvm_test_top.env.scoreboard [uvm_test_top.env.scoreboard] process_tl_access: write predict otp_vendor_test_ctrl 

UVM_INFO @ 169774895 ps: (lc_ctrl_scoreboard.sv:391) uvm_test_top.env.scoreboard [uvm_test_top.env.scoreboard] process_tl_access: read predict otp_vendor_test_status 

UVM_INFO @ 169816562 ps: (lc_ctrl_scoreboard.sv:301) uvm_test_top.env.scoreboard [uvm_test_top.env.scoreboard] process_tl_access: write predict transition_cmd 

UVM_INFO @ 169941563 ps: (lc_ctrl_scoreboard.sv:391) uvm_test_top.env.scoreboard [uvm_test_top.env.scoreboard] process_tl_access: read predict status 

UVM_INFO @ 170024897 ps: (lc_ctrl_scoreboard.sv:391) uvm_test_top.env.scoreboard [uvm_test_top.env.scoreboard] process_tl_access: read predict status 

UVM_INFO @ 170108231 ps: (lc_ctrl_scoreboard.sv:391) uvm_test_top.env.scoreboard [uvm_test_top.env.scoreboard] process_tl_access: read predict status 

UVM_INFO @ 170191565 ps: (lc_ctrl_scoreboard.sv:566) uvm_test_top.env.scoreboard [uvm_test_top.env.scoreboard] predict_otp_prog_req: state=LcStTestLocked6 count=LcCnt2
UVM_INFO @ 170191565 ps: (lc_ctrl_scoreboard.sv:391) uvm_test_top.env.scoreboard [uvm_test_top.env.scoreboard] process_tl_access: read predict status 

UVM_INFO @ 170274899 ps: (lc_ctrl_scoreboard.sv:391) uvm_test_top.env.scoreboard [uvm_test_top.env.scoreboard] process_tl_access: read predict status 

UVM_INFO @ 170358233 ps: (lc_ctrl_scoreboard.sv:391) uvm_test_top.env.scoreboard [uvm_test_top.env.scoreboard] process_tl_access: read predict status 

UVM_INFO @ 170441567 ps: (lc_ctrl_scoreboard.sv:391) uvm_test_top.env.scoreboard [uvm_test_top.env.scoreboard] process_tl_access: read predict status 

UVM_INFO @ 170524901 ps: (lc_ctrl_scoreboard.sv:391) uvm_test_top.env.scoreboard [uvm_test_top.env.scoreboard] process_tl_access: read predict status 

UVM_INFO @ 170608235 ps: (lc_ctrl_scoreboard.sv:391) uvm_test_top.env.scoreboard [uvm_test_top.env.scoreboard] process_tl_access: read predict status 

UVM_INFO @ 170691569 ps: (lc_ctrl_scoreboard.sv:391) uvm_test_top.env.scoreboard [uvm_test_top.env.scoreboard] process_tl_access: read predict status 

UVM_INFO @ 170774903 ps: (lc_ctrl_scoreboard.sv:391) uvm_test_top.env.scoreboard [uvm_test_top.env.scoreboard] process_tl_access: read predict status 

UVM_INFO @ 170858237 ps: (lc_ctrl_scoreboard.sv:391) uvm_test_top.env.scoreboard [uvm_test_top.env.scoreboard] process_tl_access: read predict status 

UVM_INFO @ 170941571 ps: (lc_ctrl_scoreboard.sv:391) uvm_test_top.env.scoreboard [uvm_test_top.env.scoreboard] process_tl_access: read predict status 

UVM_INFO @ 171024905 ps: (lc_ctrl_scoreboard.sv:391) uvm_test_top.env.scoreboard [uvm_test_top.env.scoreboard] process_tl_access: read predict status 

UVM_INFO @ 171108239 ps: (lc_ctrl_scoreboard.sv:391) uvm_test_top.env.scoreboard [uvm_test_top.env.scoreboard] process_tl_access: read predict status 

UVM_INFO @ 171191573 ps: (lc_ctrl_scoreboard.sv:391) uvm_test_top.env.scoreboard [uvm_test_top.env.scoreboard] process_tl_access: read predict status 

UVM_INFO @ 171274907 ps: (lc_ctrl_scoreboard.sv:391) uvm_test_top.env.scoreboard [uvm_test_top.env.scoreboard] process_tl_access: read predict status 

UVM_INFO @ 171358241 ps: (lc_ctrl_scoreboard.sv:391) uvm_test_top.env.scoreboard [uvm_test_top.env.scoreboard] process_tl_access: read predict status 

UVM_INFO @ 171441575 ps: (lc_ctrl_scoreboard.sv:391) uvm_test_top.env.scoreboard [uvm_test_top.env.scoreboard] process_tl_access: read predict status 

UVM_INFO @ 171524909 ps: (lc_ctrl_scoreboard.sv:391) uvm_test_top.env.scoreboard [uvm_test_top.env.scoreboard] process_tl_access: read predict status 

UVM_INFO @ 171608243 ps: (lc_ctrl_scoreboard.sv:391) uvm_test_top.env.scoreboard [uvm_test_top.env.scoreboard] process_tl_access: read predict status 

UVM_INFO @ 171691577 ps: (lc_ctrl_scoreboard.sv:391) uvm_test_top.env.scoreboard [uvm_test_top.env.scoreboard] process_tl_access: read predict status 

UVM_INFO @ 171774911 ps: (lc_ctrl_scoreboard.sv:391) uvm_test_top.env.scoreboard [uvm_test_top.env.scoreboard] process_tl_access: read predict status 

UVM_INFO @ 171858245 ps: (lc_ctrl_scoreboard.sv:391) uvm_test_top.env.scoreboard [uvm_test_top.env.scoreboard] process_tl_access: read predict status 

UVM_INFO @ 171941579 ps: (lc_ctrl_scoreboard.sv:391) uvm_test_top.env.scoreboard [uvm_test_top.env.scoreboard] process_tl_access: read predict status 

UVM_INFO @ 172024913 ps: (lc_ctrl_scoreboard.sv:391) uvm_test_top.env.scoreboard [uvm_test_top.env.scoreboard] process_tl_access: read predict status 

UVM_INFO @ 172108247 ps: (lc_ctrl_scoreboard.sv:391) uvm_test_top.env.scoreboard [uvm_test_top.env.scoreboard] process_tl_access: read predict status 

UVM_INFO @ 172191581 ps: (lc_ctrl_scoreboard.sv:391) uvm_test_top.env.scoreboard [uvm_test_top.env.scoreboard] process_tl_access: read predict status 

UVM_INFO @ 172274915 ps: (lc_ctrl_scoreboard.sv:391) uvm_test_top.env.scoreboard [uvm_test_top.env.scoreboard] process_tl_access: read predict status 

UVM_INFO @ 172358249 ps: (lc_ctrl_scoreboard.sv:391) uvm_test_top.env.scoreboard [uvm_test_top.env.scoreboard] process_tl_access: read predict status 

UVM_INFO @ 172441583 ps: (lc_ctrl_scoreboard.sv:391) uvm_test_top.env.scoreboard [uvm_test_top.env.scoreboard] process_tl_access: read predict status 

UVM_INFO @ 172524917 ps: (lc_ctrl_scoreboard.sv:391) uvm_test_top.env.scoreboard [uvm_test_top.env.scoreboard] process_tl_access: read predict status 

UVM_INFO @ 172608251 ps: (lc_ctrl_scoreboard.sv:391) uvm_test_top.env.scoreboard [uvm_test_top.env.scoreboard] process_tl_access: read predict status 

UVM_INFO @ 172691585 ps: (lc_ctrl_scoreboard.sv:391) uvm_test_top.env.scoreboard [uvm_test_top.env.scoreboard] process_tl_access: read predict status 

UVM_INFO @ 172774919 ps: (lc_ctrl_scoreboard.sv:391) uvm_test_top.env.scoreboard [uvm_test_top.env.scoreboard] process_tl_access: read predict status 

UVM_INFO @ 172858253 ps: (lc_ctrl_scoreboard.sv:391) uvm_test_top.env.scoreboard [uvm_test_top.env.scoreboard] process_tl_access: read predict status 

UVM_INFO @ 172941587 ps: (lc_ctrl_scoreboard.sv:391) uvm_test_top.env.scoreboard [uvm_test_top.env.scoreboard] process_tl_access: read predict status 

UVM_INFO @ 173024921 ps: (lc_ctrl_scoreboard.sv:391) uvm_test_top.env.scoreboard [uvm_test_top.env.scoreboard] process_tl_access: read predict status 

UVM_INFO @ 173108255 ps: (lc_ctrl_scoreboard.sv:391) uvm_test_top.env.scoreboard [uvm_test_top.env.scoreboard] process_tl_access: read predict status 

UVM_INFO @ 173191589 ps: (lc_ctrl_scoreboard.sv:391) uvm_test_top.env.scoreboard [uvm_test_top.env.scoreboard] process_tl_access: read predict status 

UVM_INFO @ 173274923 ps: (lc_ctrl_scoreboard.sv:391) uvm_test_top.env.scoreboard [uvm_test_top.env.scoreboard] process_tl_access: read predict status 

UVM_INFO @ 173316590 ps: (lc_ctrl_scoreboard.sv:186) uvm_test_top.env.scoreboard [uvm_test_top.env.scoreboard] process_kmac_app_req: token received 050dd077e5c49a93b632304115ca1995
UVM_INFO @ 173358257 ps: (lc_ctrl_scoreboard.sv:391) uvm_test_top.env.scoreboard [uvm_test_top.env.scoreboard] process_tl_access: read predict status 

UVM_INFO @ 173441591 ps: (lc_ctrl_scoreboard.sv:391) uvm_test_top.env.scoreboard [uvm_test_top.env.scoreboard] process_tl_access: read predict status 

UVM_INFO @ 173524925 ps: (lc_ctrl_scoreboard.sv:391) uvm_test_top.env.scoreboard [uvm_test_top.env.scoreboard] process_tl_access: read predict status 

UVM_INFO @ 173608259 ps: (lc_ctrl_scoreboard.sv:391) uvm_test_top.env.scoreboard [uvm_test_top.env.scoreboard] process_tl_access: read predict status 

UVM_INFO @ 173691593 ps: (lc_ctrl_scoreboard.sv:391) uvm_test_top.env.scoreboard [uvm_test_top.env.scoreboard] process_tl_access: read predict status 

UVM_INFO @ 173774927 ps: (lc_ctrl_scoreboard.sv:391) uvm_test_top.env.scoreboard [uvm_test_top.env.scoreboard] process_tl_access: read predict status 

UVM_INFO @ 173858261 ps: (lc_ctrl_scoreboard.sv:391) uvm_test_top.env.scoreboard [uvm_test_top.env.scoreboard] process_tl_access: read predict status 

UVM_INFO @ 173941595 ps: (lc_ctrl_scoreboard.sv:391) uvm_test_top.env.scoreboard [uvm_test_top.env.scoreboard] process_tl_access: read predict status 

UVM_INFO @ 174024929 ps: (lc_ctrl_scoreboard.sv:391) uvm_test_top.env.scoreboard [uvm_test_top.env.scoreboard] process_tl_access: read predict status 

UVM_INFO @ 174108263 ps: (lc_ctrl_scoreboard.sv:391) uvm_test_top.env.scoreboard [uvm_test_top.env.scoreboard] process_tl_access: read predict status 

UVM_INFO @ 174191597 ps: (lc_ctrl_scoreboard.sv:391) uvm_test_top.env.scoreboard [uvm_test_top.env.scoreboard] process_tl_access: read predict status 

UVM_INFO @ 174274931 ps: (lc_ctrl_scoreboard.sv:391) uvm_test_top.env.scoreboard [uvm_test_top.env.scoreboard] process_tl_access: read predict status 

UVM_INFO @ 174358265 ps: (lc_ctrl_scoreboard.sv:566) uvm_test_top.env.scoreboard [uvm_test_top.env.scoreboard] predict_otp_prog_req: state=LcStProdEnd count=LcCnt2
UVM_INFO @ 174358265 ps: (lc_ctrl_scoreboard.sv:391) uvm_test_top.env.scoreboard [uvm_test_top.env.scoreboard] process_tl_access: read predict status 

UVM_INFO @ 174441599 ps: (lc_ctrl_scoreboard.sv:391) uvm_test_top.env.scoreboard [uvm_test_top.env.scoreboard] process_tl_access: read predict status 

UVM_INFO @ 174441599 ps: (jtag_riscv_driver.sv:16) driver [driver] reset_signals: cfg.in_reset=1'b1
UVM_INFO @ 174462683 ps: (kmac_app_monitor.sv:86) uvm_test_top.env.m_kmac_app_agent.monitor [uvm_test_top.env.m_kmac_app_agent.monitor] Reset occurs
UVM_INFO @ 177816626 ps: (jtag_riscv_driver.sv:25) driver [driver] reset_signals: cfg.in_reset=1'b0
UVM_INFO @ 180274979 ps: (lc_ctrl_scoreboard.sv:391) uvm_test_top.env.scoreboard [uvm_test_top.env.scoreboard] process_tl_access: read predict status 

UVM_INFO @ 180274979 ps: (lc_ctrl_smoke_vseq.sv:65) uvm_test_top.env.virtual_sequencer [uvm_test_top.env.virtual_sequencer.lc_ctrl_smoke_vseq] starting seq 18/18, init LC_state is LcStTestUnlocked6, LC_cnt is LcCnt21
UVM_INFO @ 180358313 ps: (lc_ctrl_scoreboard.sv:391) uvm_test_top.env.scoreboard [uvm_test_top.env.scoreboard] process_tl_access: read predict status 

UVM_INFO @ 180399980 ps: (lc_ctrl_scoreboard.sv:486) uvm_test_top.env.scoreboard [uvm_test_top.env.scoreboard] predict_lc_state: lc_state_single_exp=DecLcStTestUnlocked6(0d) lc_state_exp=1ad6b5ad
UVM_INFO @ 180441647 ps: (lc_ctrl_scoreboard.sv:391) uvm_test_top.env.scoreboard [uvm_test_top.env.scoreboard] process_tl_access: read predict lc_state 

UVM_INFO @ 180483314 ps: (lc_ctrl_scoreboard.sv:526) uvm_test_top.env.scoreboard [uvm_test_top.env.scoreboard] predict_lc_transition_cnt: lc_transition_cnt_exp= 21
UVM_INFO @ 180524981 ps: (lc_ctrl_scoreboard.sv:391) uvm_test_top.env.scoreboard [uvm_test_top.env.scoreboard] process_tl_access: read predict lc_transition_cnt 

UVM_INFO @ 180566648 ps: (lc_ctrl_scoreboard.sv:301) uvm_test_top.env.scoreboard [uvm_test_top.env.scoreboard] process_tl_access: write predict claim_transition_if 

UVM_INFO @ 180649982 ps: (lc_ctrl_scoreboard.sv:301) uvm_test_top.env.scoreboard [uvm_test_top.env.scoreboard] process_tl_access: write predict transition_ctrl 

UVM_INFO @ 180733316 ps: (lc_ctrl_scoreboard.sv:301) uvm_test_top.env.scoreboard [uvm_test_top.env.scoreboard] process_tl_access: write predict transition_target 

UVM_INFO @ 180816650 ps: (lc_ctrl_scoreboard.sv:301) uvm_test_top.env.scoreboard [uvm_test_top.env.scoreboard] process_tl_access: write predict transition_token_0 

UVM_INFO @ 180899984 ps: (lc_ctrl_scoreboard.sv:301) uvm_test_top.env.scoreboard [uvm_test_top.env.scoreboard] process_tl_access: write predict transition_token_1 

UVM_INFO @ 180983318 ps: (lc_ctrl_scoreboard.sv:301) uvm_test_top.env.scoreboard [uvm_test_top.env.scoreboard] process_tl_access: write predict transition_token_2 

UVM_INFO @ 181066652 ps: (lc_ctrl_scoreboard.sv:301) uvm_test_top.env.scoreboard [uvm_test_top.env.scoreboard] process_tl_access: write predict transition_token_3 

UVM_INFO @ 181149986 ps: (lc_ctrl_scoreboard.sv:301) uvm_test_top.env.scoreboard [uvm_test_top.env.scoreboard] process_tl_access: write predict otp_vendor_test_ctrl 

UVM_INFO @ 181274987 ps: (lc_ctrl_scoreboard.sv:391) uvm_test_top.env.scoreboard [uvm_test_top.env.scoreboard] process_tl_access: read predict otp_vendor_test_status 

UVM_INFO @ 181316654 ps: (lc_ctrl_scoreboard.sv:301) uvm_test_top.env.scoreboard [uvm_test_top.env.scoreboard] process_tl_access: write predict transition_cmd 

UVM_INFO @ 181441655 ps: (lc_ctrl_scoreboard.sv:391) uvm_test_top.env.scoreboard [uvm_test_top.env.scoreboard] process_tl_access: read predict status 

UVM_INFO @ 181483322 ps: (lc_ctrl_scoreboard.sv:566) uvm_test_top.env.scoreboard [uvm_test_top.env.scoreboard] predict_otp_prog_req: state=LcStTestUnlocked6 count=LcCnt22
UVM_INFO @ 181524989 ps: (lc_ctrl_scoreboard.sv:391) uvm_test_top.env.scoreboard [uvm_test_top.env.scoreboard] process_tl_access: read predict status 

UVM_INFO @ 181608323 ps: (lc_ctrl_scoreboard.sv:391) uvm_test_top.env.scoreboard [uvm_test_top.env.scoreboard] process_tl_access: read predict status 

UVM_INFO @ 181691657 ps: (lc_ctrl_scoreboard.sv:391) uvm_test_top.env.scoreboard [uvm_test_top.env.scoreboard] process_tl_access: read predict status 

UVM_INFO @ 181774991 ps: (lc_ctrl_scoreboard.sv:391) uvm_test_top.env.scoreboard [uvm_test_top.env.scoreboard] process_tl_access: read predict status 

UVM_INFO @ 181858325 ps: (lc_ctrl_scoreboard.sv:391) uvm_test_top.env.scoreboard [uvm_test_top.env.scoreboard] process_tl_access: read predict status 

UVM_INFO @ 181941659 ps: (lc_ctrl_scoreboard.sv:391) uvm_test_top.env.scoreboard [uvm_test_top.env.scoreboard] process_tl_access: read predict status 

UVM_INFO @ 182024993 ps: (lc_ctrl_scoreboard.sv:391) uvm_test_top.env.scoreboard [uvm_test_top.env.scoreboard] process_tl_access: read predict status 

UVM_INFO @ 182108327 ps: (lc_ctrl_scoreboard.sv:391) uvm_test_top.env.scoreboard [uvm_test_top.env.scoreboard] process_tl_access: read predict status 

UVM_INFO @ 182191661 ps: (lc_ctrl_scoreboard.sv:391) uvm_test_top.env.scoreboard [uvm_test_top.env.scoreboard] process_tl_access: read predict status 

UVM_INFO @ 182274995 ps: (lc_ctrl_scoreboard.sv:391) uvm_test_top.env.scoreboard [uvm_test_top.env.scoreboard] process_tl_access: read predict status 

UVM_INFO @ 182358329 ps: (lc_ctrl_scoreboard.sv:391) uvm_test_top.env.scoreboard [uvm_test_top.env.scoreboard] process_tl_access: read predict status 

UVM_INFO @ 182441663 ps: (lc_ctrl_scoreboard.sv:391) uvm_test_top.env.scoreboard [uvm_test_top.env.scoreboard] process_tl_access: read predict status 

UVM_INFO @ 182524997 ps: (lc_ctrl_scoreboard.sv:391) uvm_test_top.env.scoreboard [uvm_test_top.env.scoreboard] process_tl_access: read predict status 

UVM_INFO @ 182608331 ps: (lc_ctrl_scoreboard.sv:391) uvm_test_top.env.scoreboard [uvm_test_top.env.scoreboard] process_tl_access: read predict status 

UVM_INFO @ 182691665 ps: (lc_ctrl_scoreboard.sv:391) uvm_test_top.env.scoreboard [uvm_test_top.env.scoreboard] process_tl_access: read predict status 

UVM_INFO @ 182774999 ps: (lc_ctrl_scoreboard.sv:391) uvm_test_top.env.scoreboard [uvm_test_top.env.scoreboard] process_tl_access: read predict status 

UVM_INFO @ 182858333 ps: (lc_ctrl_scoreboard.sv:391) uvm_test_top.env.scoreboard [uvm_test_top.env.scoreboard] process_tl_access: read predict status 

UVM_INFO @ 182941667 ps: (lc_ctrl_scoreboard.sv:391) uvm_test_top.env.scoreboard [uvm_test_top.env.scoreboard] process_tl_access: read predict status 

UVM_INFO @ 183025001 ps: (lc_ctrl_scoreboard.sv:391) uvm_test_top.env.scoreboard [uvm_test_top.env.scoreboard] process_tl_access: read predict status 

UVM_INFO @ 183108335 ps: (lc_ctrl_scoreboard.sv:391) uvm_test_top.env.scoreboard [uvm_test_top.env.scoreboard] process_tl_access: read predict status 

UVM_INFO @ 183191669 ps: (lc_ctrl_scoreboard.sv:186) uvm_test_top.env.scoreboard [uvm_test_top.env.scoreboard] process_kmac_app_req: token received 3123e71b60f95fc8e91a7c9d785afb6f
UVM_INFO @ 183191669 ps: (lc_ctrl_scoreboard.sv:391) uvm_test_top.env.scoreboard [uvm_test_top.env.scoreboard] process_tl_access: read predict status 

UVM_INFO @ 183275003 ps: (lc_ctrl_scoreboard.sv:391) uvm_test_top.env.scoreboard [uvm_test_top.env.scoreboard] process_tl_access: read predict status 

UVM_INFO @ 183358337 ps: (lc_ctrl_scoreboard.sv:391) uvm_test_top.env.scoreboard [uvm_test_top.env.scoreboard] process_tl_access: read predict status 

UVM_INFO @ 183441671 ps: (lc_ctrl_scoreboard.sv:391) uvm_test_top.env.scoreboard [uvm_test_top.env.scoreboard] process_tl_access: read predict status 

UVM_INFO @ 183525005 ps: (lc_ctrl_scoreboard.sv:391) uvm_test_top.env.scoreboard [uvm_test_top.env.scoreboard] process_tl_access: read predict status 

UVM_INFO @ 183608339 ps: (lc_ctrl_scoreboard.sv:391) uvm_test_top.env.scoreboard [uvm_test_top.env.scoreboard] process_tl_access: read predict status 

UVM_INFO @ 183691673 ps: (lc_ctrl_scoreboard.sv:391) uvm_test_top.env.scoreboard [uvm_test_top.env.scoreboard] process_tl_access: read predict status 

UVM_INFO @ 183775007 ps: (lc_ctrl_scoreboard.sv:391) uvm_test_top.env.scoreboard [uvm_test_top.env.scoreboard] process_tl_access: read predict status 

UVM_INFO @ 183858341 ps: (lc_ctrl_scoreboard.sv:391) uvm_test_top.env.scoreboard [uvm_test_top.env.scoreboard] process_tl_access: read predict status 

UVM_INFO @ 183941675 ps: (lc_ctrl_scoreboard.sv:391) uvm_test_top.env.scoreboard [uvm_test_top.env.scoreboard] process_tl_access: read predict status 

UVM_INFO @ 184025009 ps: (lc_ctrl_scoreboard.sv:391) uvm_test_top.env.scoreboard [uvm_test_top.env.scoreboard] process_tl_access: read predict status 

UVM_INFO @ 184066676 ps: (lc_ctrl_scoreboard.sv:566) uvm_test_top.env.scoreboard [uvm_test_top.env.scoreboard] predict_otp_prog_req: state=LcStProdEnd count=LcCnt22
UVM_INFO @ 184108343 ps: (lc_ctrl_scoreboard.sv:391) uvm_test_top.env.scoreboard [uvm_test_top.env.scoreboard] process_tl_access: read predict status 

UVM_INFO @ 184191677 ps: (lc_ctrl_scoreboard.sv:391) uvm_test_top.env.scoreboard [uvm_test_top.env.scoreboard] process_tl_access: read predict status 

UVM_INFO @ 204316838 ps: (dv_base_test.sv:101) uvm_test_top [uvm_test_top] Finished test sequence lc_ctrl_smoke_vseq
UVM_INFO @ 206316838 ps: (dv_base_monitor.sv:74) uvm_test_top.env.m_tl_agent_lc_ctrl_reg_block.monitor [uvm_test_top.env.m_tl_agent_lc_ctrl_reg_block.monitor] watchdog_ok_to_end: raising objection
UVM_INFO @ 206316838 ps: (dv_base_monitor.sv:82) uvm_test_top.env.m_tl_agent_lc_ctrl_reg_block.monitor [uvm_test_top.env.m_tl_agent_lc_ctrl_reg_block.monitor] watchdog_ok_to_end: starting the timer (count: 1)
UVM_INFO @ 206316838 ps: (dv_base_monitor.sv:74) uvm_test_top.env.m_otp_prog_pull_agent.monitor [uvm_test_top.env.m_otp_prog_pull_agent.monitor] watchdog_ok_to_end: raising objection
UVM_INFO @ 206316838 ps: (dv_base_monitor.sv:82) uvm_test_top.env.m_otp_prog_pull_agent.monitor [uvm_test_top.env.m_otp_prog_pull_agent.monitor] watchdog_ok_to_end: starting the timer (count: 1)
UVM_INFO @ 206316838 ps: (dv_base_monitor.sv:74) uvm_test_top.env.m_kmac_app_agent.monitor [uvm_test_top.env.m_kmac_app_agent.monitor] watchdog_ok_to_end: raising objection
UVM_INFO @ 206316838 ps: (dv_base_monitor.sv:82) uvm_test_top.env.m_kmac_app_agent.monitor [uvm_test_top.env.m_kmac_app_agent.monitor] watchdog_ok_to_end: starting the timer (count: 1)
UVM_INFO @ 206316838 ps: (dv_base_monitor.sv:74) uvm_test_top.env.m_kmac_app_agent.m_data_push_agent.monitor [uvm_test_top.env.m_kmac_app_agent.m_data_push_agent.monitor] watchdog_ok_to_end: raising objection
UVM_INFO @ 206316838 ps: (dv_base_monitor.sv:82) uvm_test_top.env.m_kmac_app_agent.m_data_push_agent.monitor [uvm_test_top.env.m_kmac_app_agent.m_data_push_agent.monitor] watchdog_ok_to_end: starting the timer (count: 1)
UVM_INFO @ 206316838 ps: (dv_base_monitor.sv:74) uvm_test_top.env.m_jtag_riscv_agent.monitor [uvm_test_top.env.m_jtag_riscv_agent.monitor] watchdog_ok_to_end: raising objection
UVM_INFO @ 206316838 ps: (dv_base_monitor.sv:82) uvm_test_top.env.m_jtag_riscv_agent.monitor [uvm_test_top.env.m_jtag_riscv_agent.monitor] watchdog_ok_to_end: starting the timer (count: 1)
UVM_INFO @ 206316838 ps: (dv_base_monitor.sv:74) uvm_test_top.env.m_jtag_riscv_agent.m_jtag_agent.monitor [uvm_test_top.env.m_jtag_riscv_agent.m_jtag_agent.monitor] watchdog_ok_to_end: raising objection
UVM_INFO @ 206316838 ps: (dv_base_monitor.sv:82) uvm_test_top.env.m_jtag_riscv_agent.m_jtag_agent.monitor [uvm_test_top.env.m_jtag_riscv_agent.m_jtag_agent.monitor] watchdog_ok_to_end: starting the timer (count: 1)
UVM_INFO @ 206316838 ps: (dv_base_monitor.sv:74) uvm_test_top.env.m_esc_scrap_state1_agent.monitor [uvm_test_top.env.m_esc_scrap_state1_agent.monitor] watchdog_ok_to_end: raising objection
UVM_INFO @ 206316838 ps: (dv_base_monitor.sv:82) uvm_test_top.env.m_esc_scrap_state1_agent.monitor [uvm_test_top.env.m_esc_scrap_state1_agent.monitor] watchdog_ok_to_end: starting the timer (count: 1)
UVM_INFO @ 206316838 ps: (dv_base_monitor.sv:74) uvm_test_top.env.m_esc_scrap_state0_agent.monitor [uvm_test_top.env.m_esc_scrap_state0_agent.monitor] watchdog_ok_to_end: raising objection
UVM_INFO @ 206316838 ps: (dv_base_monitor.sv:82) uvm_test_top.env.m_esc_scrap_state0_agent.monitor [uvm_test_top.env.m_esc_scrap_state0_agent.monitor] watchdog_ok_to_end: starting the timer (count: 1)
UVM_INFO @ 206316838 ps: (dv_base_monitor.sv:74) uvm_test_top.env.m_alert_agent_fatal_state_error.monitor [uvm_test_top.env.m_alert_agent_fatal_state_error.monitor] watchdog_ok_to_end: raising objection
UVM_INFO @ 206316838 ps: (dv_base_monitor.sv:82) uvm_test_top.env.m_alert_agent_fatal_state_error.monitor [uvm_test_top.env.m_alert_agent_fatal_state_error.monitor] watchdog_ok_to_end: starting the timer (count: 1)
UVM_INFO @ 206316838 ps: (dv_base_monitor.sv:74) uvm_test_top.env.m_alert_agent_fatal_prog_error.monitor [uvm_test_top.env.m_alert_agent_fatal_prog_error.monitor] watchdog_ok_to_end: raising objection
UVM_INFO @ 206316838 ps: (dv_base_monitor.sv:82) uvm_test_top.env.m_alert_agent_fatal_prog_error.monitor [uvm_test_top.env.m_alert_agent_fatal_prog_error.monitor] watchdog_ok_to_end: starting the timer (count: 1)
UVM_INFO @ 206316838 ps: (dv_base_monitor.sv:74) uvm_test_top.env.m_alert_agent_fatal_bus_integ_error.monitor [uvm_test_top.env.m_alert_agent_fatal_bus_integ_error.monitor] watchdog_ok_to_end: raising objection
UVM_INFO @ 206316838 ps: (dv_base_monitor.sv:82) uvm_test_top.env.m_alert_agent_fatal_bus_integ_error.monitor [uvm_test_top.env.m_alert_agent_fatal_bus_integ_error.monitor] watchdog_ok_to_end: starting the timer (count: 1)
UVM_INFO @ 207316838 ps: (dv_base_monitor.sv:99) uvm_test_top.env.m_tl_agent_lc_ctrl_reg_block.monitor [uvm_test_top.env.m_tl_agent_lc_ctrl_reg_block.monitor] watchdog_ok_to_end: dropping objection
UVM_INFO @ 207316838 ps: (dv_base_monitor.sv:99) uvm_test_top.env.m_otp_prog_pull_agent.monitor [uvm_test_top.env.m_otp_prog_pull_agent.monitor] watchdog_ok_to_end: dropping objection
UVM_INFO @ 207316838 ps: (dv_base_monitor.sv:99) uvm_test_top.env.m_kmac_app_agent.monitor [uvm_test_top.env.m_kmac_app_agent.monitor] watchdog_ok_to_end: dropping objection
UVM_INFO @ 207316838 ps: (dv_base_monitor.sv:99) uvm_test_top.env.m_kmac_app_agent.m_data_push_agent.monitor [uvm_test_top.env.m_kmac_app_agent.m_data_push_agent.monitor] watchdog_ok_to_end: dropping objection
UVM_INFO @ 207316838 ps: (dv_base_monitor.sv:99) uvm_test_top.env.m_jtag_riscv_agent.monitor [uvm_test_top.env.m_jtag_riscv_agent.monitor] watchdog_ok_to_end: dropping objection
UVM_INFO @ 207316838 ps: (dv_base_monitor.sv:99) uvm_test_top.env.m_jtag_riscv_agent.m_jtag_agent.monitor [uvm_test_top.env.m_jtag_riscv_agent.m_jtag_agent.monitor] watchdog_ok_to_end: dropping objection
UVM_INFO @ 207316838 ps: (dv_base_monitor.sv:99) uvm_test_top.env.m_esc_scrap_state1_agent.monitor [uvm_test_top.env.m_esc_scrap_state1_agent.monitor] watchdog_ok_to_end: dropping objection
UVM_INFO @ 207316838 ps: (dv_base_monitor.sv:99) uvm_test_top.env.m_esc_scrap_state0_agent.monitor [uvm_test_top.env.m_esc_scrap_state0_agent.monitor] watchdog_ok_to_end: dropping objection
UVM_INFO @ 207316838 ps: (dv_base_monitor.sv:99) uvm_test_top.env.m_alert_agent_fatal_state_error.monitor [uvm_test_top.env.m_alert_agent_fatal_state_error.monitor] watchdog_ok_to_end: dropping objection
UVM_INFO @ 207316838 ps: (dv_base_monitor.sv:99) uvm_test_top.env.m_alert_agent_fatal_prog_error.monitor [uvm_test_top.env.m_alert_agent_fatal_prog_error.monitor] watchdog_ok_to_end: dropping objection
UVM_INFO @ 207316838 ps: (dv_base_monitor.sv:99) uvm_test_top.env.m_alert_agent_fatal_bus_integ_error.monitor [uvm_test_top.env.m_alert_agent_fatal_bus_integ_error.monitor] watchdog_ok_to_end: dropping objection
UVM_INFO @ 209316838 ps: (uvm_report_catcher.svh:705) [UVM/REPORT/CATCHER] 
--- UVM Report catcher Summary ---


Number of demoted UVM_FATAL reports  :    0
Number of demoted UVM_ERROR reports  :    0
Number of demoted UVM_WARNING reports:    0
Number of caught UVM_FATAL reports   :    0
Number of caught UVM_ERROR reports   :    0
Number of caught UVM_WARNING reports :    0

UVM_INFO @ 209316838 ps: (uvm_report_server.svh:847) [UVM/REPORT/SERVER] 
--- UVM Report Summary ---

Quit count :     0 of     1
** Report counts by severity
UVM_INFO : 1253
UVM_WARNING :    0
UVM_ERROR :    0
UVM_FATAL :    0
** Report counts by id
[RNTST]     1
[TPREGR]     8
[UVM/REPORT/CATCHER]     1
[driver]    37
[uvm_test_top]     2
[uvm_test_top.env]     1
[uvm_test_top.env.m_alert_agent_fatal_bus_integ_error.monitor]     3
[uvm_test_top.env.m_alert_agent_fatal_prog_error.monitor]     3
[uvm_test_top.env.m_alert_agent_fatal_state_error.monitor]     3
[uvm_test_top.env.m_esc_scrap_state0_agent.monitor]     3
[uvm_test_top.env.m_esc_scrap_state1_agent.monitor]     3
[uvm_test_top.env.m_jtag_riscv_agent.m_jtag_agent.monitor]     3
[uvm_test_top.env.m_jtag_riscv_agent.monitor]     3
[uvm_test_top.env.m_kmac_app_agent.m_data_push_agent.monitor]     3
[uvm_test_top.env.m_kmac_app_agent.monitor]    21
[uvm_test_top.env.m_otp_prog_pull_agent.monitor]     3
[uvm_test_top.env.m_tl_agent_lc_ctrl_reg_block.monitor]     3
[uvm_test_top.env.scoreboard]  1134
[uvm_test_top.env.virtual_sequencer.lc_ctrl_smoke_vseq]    18


TEST PASSED CHECKS
 _____         _                                  _ _ 
|_   _|__  ___| |_   _ __   __ _ ___ ___  ___  __| | |
  | |/ _ \/ __| __| | '_ \ / _` / __/ __|/ _ \/ _` | |
  | |  __/\__ \ |_  | |_) | (_| \__ \__ \  __/ (_| |_|
  |_|\___||___/\__| | .__/ \__,_|___/___/\___|\__,_(_)
                    |_|                               

/Users/danielellerbrock/projects/iverilog_uvm/iverilog-uvm-campaign-20260908/third_party/uvm-releases/sources/1.2/uvm-1.2/src/base/uvm_root.svh:517: $finish called at 209316838 (1ps)
