OpenTitan Icarus compile
command: /private/tmp/current-tools/bin/iverilog -g2012 -stb -sentropy_src_bind -sentropy_src_cov_bind -ssec_cm_prim_count_bind -ssec_cm_prim_double_lfsr_bind -ssec_cm_prim_onehot_check_bind -ssec_cm_prim_sparse_fsm_flop_bind -gcommercial-unsafe -uvm -DUVM -DUVM_NO_DEPRECATED -DUVM_REG_ADDR_WIDTH=32 -DUVM_REG_DATA_WIDTH=32 -DUVM_REG_BYTENABLE_WIDTH=4 -DUVM_REGEX_NO_DPI -DSIMULATION -DDUT_HIER=tb.dut --uvm-home=/Users/danielellerbrock/projects/iverilog_uvm/iverilog-uvm-campaign-20260908/third_party/uvm-releases/sources/1.2/uvm-1.2/src -o /private/tmp/pi/entropy-src-current-image-overlay-20261002/build/runtime/lowrisc_dv_entropy_src_sim_0.1/matrix-runtime.vvp -c /private/tmp/pi/entropy-src-current-image-overlay-20261002/build/runtime/lowrisc_dv_entropy_src_sim_0.1/matrix-iverilog.scr
returncode: 0
duration_seconds: 2.972

../src/lowrisc_dv_entropy_src_sim_0.1/tb/tb.sv:45: warning: input port rst_n is coerced to inout.
../src/lowrisc_fpv_entropy_src_csr_assert_0/entropy_src_csr_assert_fpv.sv:91: warning: A non-blocking assignment should not be used in an always_comb process.
../src/lowrisc_fpv_entropy_src_csr_assert_0/entropy_src_csr_assert_fpv.sv:92: warning: A non-blocking assignment should not be used in an always_comb process.
../src/lowrisc_fpv_entropy_src_csr_assert_0/entropy_src_csr_assert_fpv.sv:93: warning: A non-blocking assignment should not be used in an always_comb process.
../src/lowrisc_fpv_entropy_src_csr_assert_0/entropy_src_csr_assert_fpv.sv:94: warning: A non-blocking assignment should not be used in an always_comb process.
../src/lowrisc_fpv_entropy_src_csr_assert_0/entropy_src_csr_assert_fpv.sv:95: warning: A non-blocking assignment should not be used in an always_comb process.
../src/lowrisc_fpv_entropy_src_csr_assert_0/entropy_src_csr_assert_fpv.sv:96: warning: A non-blocking assignment should not be used in an always_comb process.
../src/lowrisc_fpv_entropy_src_csr_assert_0/entropy_src_csr_assert_fpv.sv:97: warning: A non-blocking assignment should not be used in an always_comb process.
../src/lowrisc_fpv_entropy_src_csr_assert_0/entropy_src_csr_assert_fpv.sv:98: warning: A non-blocking assignment should not be used in an always_comb process.
../src/lowrisc_fpv_entropy_src_csr_assert_0/entropy_src_csr_assert_fpv.sv:99: warning: A non-blocking assignment should not be used in an always_comb process.
../src/lowrisc_fpv_entropy_src_csr_assert_0/entropy_src_csr_assert_fpv.sv:100: warning: A non-blocking assignment should not be used in an always_comb process.
../src/lowrisc_fpv_entropy_src_csr_assert_0/entropy_src_csr_assert_fpv.sv:101: warning: A non-blocking assignment should not be used in an always_comb process.
../src/lowrisc_fpv_entropy_src_csr_assert_0/entropy_src_csr_assert_fpv.sv:102: warning: A non-blocking assignment should not be used in an always_comb process.
../src/lowrisc_fpv_entropy_src_csr_assert_0/entropy_src_csr_assert_fpv.sv:103: warning: A non-blocking assignment should not be used in an always_comb process.
../src/lowrisc_fpv_entropy_src_csr_assert_0/entropy_src_csr_assert_fpv.sv:104: warning: A non-blocking assignment should not be used in an always_comb process.
../src/lowrisc_fpv_entropy_src_csr_assert_0/entropy_src_csr_assert_fpv.sv:105: warning: A non-blocking assignment should not be used in an always_comb process.
../src/lowrisc_fpv_entropy_src_csr_assert_0/entropy_src_csr_assert_fpv.sv:106: warning: A non-blocking assignment should not be used in an always_comb process.
../src/lowrisc_fpv_entropy_src_csr_assert_0/entropy_src_csr_assert_fpv.sv:108: warning: A non-blocking assignment should not be used in an always_comb process.
../src/lowrisc_ip_entropy_src_0.1/rtl/entropy_src_core.sv:3393: warning: Assigning to a non-integral variable (id) cannot be synthesized in an always_comb process.
../src/lowrisc_ip_entropy_src_0.1/rtl/entropy_src_core.sv:3393: warning: Assigning to a non-integral variable (message) cannot be synthesized in an always_comb process.
../src/lowrisc_ip_entropy_src_0.1/rtl/entropy_src_core.sv:3393: warning: Assigning to a non-integral variable (filename) cannot be synthesized in an always_comb process.
../src/lowrisc_ip_entropy_src_0.1/rtl/entropy_src_core.sv:3393: warning: Assigning to a non-integral variable (context_name) cannot be synthesized in an always_comb process.
/Users/danielellerbrock/projects/iverilog_uvm/iverilog-uvm-campaign-20260908/third_party/uvm-releases/sources/1.2/uvm-1.2/src/base/uvm_globals.svh:214: warning: A non-integral variable (context_name) cannot be synthesized in an always_comb process.
/Users/danielellerbrock/projects/iverilog_uvm/iverilog-uvm-campaign-20260908/third_party/uvm-releases/sources/1.2/uvm-1.2/src/base/uvm_globals.svh:217: warning: A non-integral variable (cs) cannot be synthesized in an always_comb process.
/Users/danielellerbrock/projects/iverilog_uvm/iverilog-uvm-campaign-20260908/third_party/uvm-releases/sources/1.2/uvm-1.2/src/base/uvm_globals.svh:212: warning: A non-integral variable (filename) cannot be synthesized in an always_comb process.
/Users/danielellerbrock/projects/iverilog_uvm/iverilog-uvm-campaign-20260908/third_party/uvm-releases/sources/1.2/uvm-1.2/src/base/uvm_globals.svh:209: warning: A non-integral variable (id) cannot be synthesized in an always_comb process.
/Users/danielellerbrock/projects/iverilog_uvm/iverilog-uvm-campaign-20260908/third_party/uvm-releases/sources/1.2/uvm-1.2/src/base/uvm_globals.svh:210: warning: A non-integral variable (message) cannot be synthesized in an always_comb process.
/Users/danielellerbrock/projects/iverilog_uvm/iverilog-uvm-campaign-20260908/third_party/uvm-releases/sources/1.2/uvm-1.2/src/base/uvm_globals.svh:216: warning: A non-integral variable (top) cannot be synthesized in an always_comb process.
/Users/danielellerbrock/projects/iverilog_uvm/iverilog-uvm-campaign-20260908/third_party/uvm-releases/sources/1.2/uvm-1.2/src/base/uvm_globals.svh:209: warning: user task (uvm_report_error) must be automatic to be synthesized in an always_comb process.
/Users/danielellerbrock/projects/iverilog_uvm/iverilog-uvm-campaign-20260908/third_party/uvm-releases/sources/1.2/uvm-1.2/src/base/uvm_globals.svh:218: warning: Assigning to a non-integral variable (cs) cannot be synthesized in an always_comb process.
/Users/danielellerbrock/projects/iverilog_uvm/iverilog-uvm-campaign-20260908/third_party/uvm-releases/sources/1.2/uvm-1.2/src/base/uvm_globals.svh:219: warning: Assigning to a non-integral variable (top) cannot be synthesized in an always_comb process.
/Users/danielellerbrock/projects/iverilog_uvm/iverilog-uvm-campaign-20260908/third_party/uvm-releases/sources/1.2/uvm-1.2/src/base/uvm_globals.svh:220: warning: Assigning to a non-integral variable (@) cannot be synthesized in an always_comb process.
/Users/danielellerbrock/projects/iverilog_uvm/iverilog-uvm-campaign-20260908/third_party/uvm-releases/sources/1.2/uvm-1.2/src/base/uvm_globals.svh:220: warning: Assigning to a non-integral variable (id) cannot be synthesized in an always_comb process.
/Users/danielellerbrock/projects/iverilog_uvm/iverilog-uvm-campaign-20260908/third_party/uvm-releases/sources/1.2/uvm-1.2/src/base/uvm_globals.svh:220: warning: Assigning to a non-integral variable (message) cannot be synthesized in an always_comb process.
/Users/danielellerbrock/projects/iverilog_uvm/iverilog-uvm-campaign-20260908/third_party/uvm-releases/sources/1.2/uvm-1.2/src/base/uvm_globals.svh:220: warning: Assigning to a non-integral variable (filename) cannot be synthesized in an always_comb process.
/Users/danielellerbrock/projects/iverilog_uvm/iverilog-uvm-campaign-20260908/third_party/uvm-releases/sources/1.2/uvm-1.2/src/base/uvm_globals.svh:220: warning: Assigning to a non-integral variable (context_name) cannot be synthesized in an always_comb process.
/Users/danielellerbrock/projects/iverilog_uvm/iverilog-uvm-campaign-20260908/third_party/uvm-releases/sources/1.2/uvm-1.2/src/base/uvm_report_object.svh:180: warning: A non-integral variable (@) cannot be synthesized in an always_comb process.
/Users/danielellerbrock/projects/iverilog_uvm/iverilog-uvm-campaign-20260908/third_party/uvm-releases/sources/1.2/uvm-1.2/src/base/uvm_report_object.svh:185: warning: A non-integral variable (context_name) cannot be synthesized in an always_comb process.
/Users/danielellerbrock/projects/iverilog_uvm/iverilog-uvm-campaign-20260908/third_party/uvm-releases/sources/1.2/uvm-1.2/src/base/uvm_report_object.svh:183: warning: A non-integral variable (filename) cannot be synthesized in an always_comb process.
/Users/danielellerbrock/projects/iverilog_uvm/iverilog-uvm-campaign-20260908/third_party/uvm-releases/sources/1.2/uvm-1.2/src/base/uvm_report_object.svh:180: warning: A non-integral variable (id) cannot be synthesized in an always_comb process.
/Users/danielellerbrock/projects/iverilog_uvm/iverilog-uvm-campaign-20260908/third_party/uvm-releases/sources/1.2/uvm-1.2/src/base/uvm_report_object.svh:181: warning: A non-integral variable (message) cannot be synthesized in an always_comb process.
/Users/danielellerbrock/projects/iverilog_uvm/iverilog-uvm-campaign-20260908/third_party/uvm-releases/sources/1.2/uvm-1.2/src/base/uvm_report_object.svh:188: warning: Assigning to a non-integral variable (@) cannot be synthesized in an always_comb process.
/Users/danielellerbrock/projects/iverilog_uvm/iverilog-uvm-campaign-20260908/third_party/uvm-releases/sources/1.2/uvm-1.2/src/base/uvm_report_object.svh:188: warning: Assigning to a non-integral variable (id) cannot be synthesized in an always_comb process.
/Users/danielellerbrock/projects/iverilog_uvm/iverilog-uvm-campaign-20260908/third_party/uvm-releases/sources/1.2/uvm-1.2/src/base/uvm_report_object.svh:188: warning: Assigning to a non-integral variable (message) cannot be synthesized in an always_comb process.
/Users/danielellerbrock/projects/iverilog_uvm/iverilog-uvm-campaign-20260908/third_party/uvm-releases/sources/1.2/uvm-1.2/src/base/uvm_report_object.svh:188: warning: Assigning to a non-integral variable (filename) cannot be synthesized in an always_comb process.
/Users/danielellerbrock/projects/iverilog_uvm/iverilog-uvm-campaign-20260908/third_party/uvm-releases/sources/1.2/uvm-1.2/src/base/uvm_report_object.svh:188: warning: Assigning to a non-integral variable (context_name) cannot be synthesized in an always_comb process.
/Users/danielellerbrock/projects/iverilog_uvm/iverilog-uvm-campaign-20260908/third_party/uvm-releases/sources/1.2/uvm-1.2/src/base/uvm_report_object.svh:129: warning: A non-integral variable (@) cannot be synthesized in an always_comb process.
/Users/danielellerbrock/projects/iverilog_uvm/iverilog-uvm-campaign-20260908/third_party/uvm-releases/sources/1.2/uvm-1.2/src/base/uvm_report_object.svh:136: warning: A non-integral variable (context_name) cannot be synthesized in an always_comb process.
/Users/danielellerbrock/projects/iverilog_uvm/iverilog-uvm-campaign-20260908/third_party/uvm-releases/sources/1.2/uvm-1.2/src/base/uvm_report_object.svh:134: warning: A non-integral variable (filename) cannot be synthesized in an always_comb process.
/Users/danielellerbrock/projects/iverilog_uvm/iverilog-uvm-campaign-20260908/third_party/uvm-releases/sources/1.2/uvm-1.2/src/base/uvm_report_object.svh:130: warning: A non-integral variable (id) cannot be synthesized in an always_comb process.
/Users/danielellerbrock/projects/iverilog_uvm/iverilog-uvm-campaign-20260908/third_party/uvm-releases/sources/1.2/uvm-1.2/src/base/uvm_report_object.svh:138: warning: A non-integral variable (l_report_message) cannot be synthesized in an always_comb process.
/Users/danielellerbrock/projects/iverilog_uvm/iverilog-uvm-campaign-20260908/third_party/uvm-releases/sources/1.2/uvm-1.2/src/base/uvm_report_object.svh:131: warning: A non-integral variable (message) cannot be synthesized in an always_comb process.
/Users/danielellerbrock/projects/iverilog_uvm/iverilog-uvm-campaign-20260908/third_party/uvm-releases/sources/1.2/uvm-1.2/src/base/uvm_report_object.svh:143: warning: Assigning to a non-integral variable (l_report_message) cannot be synthesized in an always_comb process.
/Users/danielellerbrock/projects/iverilog_uvm/iverilog-uvm-campaign-20260908/third_party/uvm-releases/sources/1.2/uvm-1.2/src/base/uvm_report_object.svh:144: warning: Assigning to a non-integral variable (@) cannot be synthesized in an always_comb process.
/Users/danielellerbrock/projects/iverilog_uvm/iverilog-uvm-campaign-20260908/third_party/uvm-releases/sources/1.2/uvm-1.2/src/base/uvm_report_object.svh:144: warning: Assigning to a non-integral variable (id) cannot be synthesized in an always_comb process.
/Users/danielellerbrock/projects/iverilog_uvm/iverilog-uvm-campaign-20260908/third_party/uvm-releases/sources/1.2/uvm-1.2/src/base/uvm_report_object.svh:144: warning: Assigning to a non-integral variable (message) cannot be synthesized in an always_comb process.
/Users/danielellerbrock/projects/iverilog_uvm/iverilog-uvm-campaign-20260908/third_party/uvm-releases/sources/1.2/uvm-1.2/src/base/uvm_report_object.svh:144: warning: Assigning to a non-integral variable (filename) cannot be synthesized in an always_comb process.
/Users/danielellerbrock/projects/iverilog_uvm/iverilog-uvm-campaign-20260908/third_party/uvm-releases/sources/1.2/uvm-1.2/src/base/uvm_report_object.svh:144: warning: Assigning to a non-integral variable (context_name) cannot be synthesized in an always_comb process.
/Users/danielellerbrock/projects/iverilog_uvm/iverilog-uvm-campaign-20260908/third_party/uvm-releases/sources/1.2/uvm-1.2/src/base/uvm_report_message.svh:830: warning: A non-integral variable (@) cannot be synthesized in an always_comb process.
/Users/danielellerbrock/projects/iverilog_uvm/iverilog-uvm-campaign-20260908/third_party/uvm-releases/sources/1.2/uvm-1.2/src/base/uvm_report_message.svh:836: warning: A non-integral variable (context_name) cannot be synthesized in an always_comb process.
/Users/danielellerbrock/projects/iverilog_uvm/iverilog-uvm-campaign-20260908/third_party/uvm-releases/sources/1.2/uvm-1.2/src/base/uvm_report_message.svh:834: warning: A non-integral variable (filename) cannot be synthesized in an always_comb process.
/Users/danielellerbrock/projects/iverilog_uvm/iverilog-uvm-campaign-20260908/third_party/uvm-releases/sources/1.2/uvm-1.2/src/base/uvm_report_message.svh:831: warning: A non-integral variable (id) cannot be synthesized in an always_comb process.
/Users/danielellerbrock/projects/iverilog_uvm/iverilog-uvm-campaign-20260908/third_party/uvm-releases/sources/1.2/uvm-1.2/src/base/uvm_report_message.svh:832: warning: A non-integral variable (message) cannot be synthesized in an always_comb process.
/Users/danielellerbrock/projects/iverilog_uvm/iverilog-uvm-campaign-20260908/third_party/uvm-releases/sources/1.2/uvm-1.2/src/base/uvm_report_message.svh:837: warning: Assigning to a non-integral variable (@) cannot be synthesized in an always_comb process.
/Users/danielellerbrock/projects/iverilog_uvm/iverilog-uvm-campaign-20260908/third_party/uvm-releases/sources/1.2/uvm-1.2/src/base/uvm_report_message.svh:838: warning: Assigning to a non-integral variable (@) cannot be synthesized in an always_comb process.
/Users/danielellerbrock/projects/iverilog_uvm/iverilog-uvm-campaign-20260908/third_party/uvm-releases/sources/1.2/uvm-1.2/src/base/uvm_report_message.svh:841: warning: Assigning to a non-integral variable (@) cannot be synthesized in an always_comb process.
/Users/danielellerbrock/projects/iverilog_uvm/iverilog-uvm-campaign-20260908/third_party/uvm-releases/sources/1.2/uvm-1.2/src/base/uvm_report_message.svh:842: warning: Assigning to a non-integral variable (@) cannot be synthesized in an always_comb process.
/Users/danielellerbrock/projects/iverilog_uvm/iverilog-uvm-campaign-20260908/third_party/uvm-releases/sources/1.2/uvm-1.2/src/base/uvm_report_object.svh:146: warning: Assigning to a non-integral variable (@) cannot be synthesized in an always_comb process.
/Users/danielellerbrock/projects/iverilog_uvm/iverilog-uvm-campaign-20260908/third_party/uvm-releases/sources/1.2/uvm-1.2/src/base/uvm_report_object.svh:146: warning: Assigning to a non-integral variable (report_message) cannot be synthesized in an always_comb process.
/Users/danielellerbrock/projects/iverilog_uvm/iverilog-uvm-campaign-20260908/third_party/uvm-releases/sources/1.2/uvm-1.2/src/base/uvm_report_object.svh:249: warning: A non-integral variable (@) cannot be synthesized in an always_comb process.
/Users/danielellerbrock/projects/iverilog_uvm/iverilog-uvm-campaign-20260908/third_party/uvm-releases/sources/1.2/uvm-1.2/src/base/uvm_report_object.svh:249: warning: A non-integral variable (report_message) cannot be synthesized in an always_comb process.
/Users/danielellerbrock/projects/iverilog_uvm/iverilog-uvm-campaign-20260908/third_party/uvm-releases/sources/1.2/uvm-1.2/src/base/uvm_report_object.svh:250: warning: Assigning to a non-integral variable (@) cannot be synthesized in an always_comb process.
/Users/danielellerbrock/projects/iverilog_uvm/iverilog-uvm-campaign-20260908/third_party/uvm-releases/sources/1.2/uvm-1.2/src/base/uvm_report_object.svh:250: warning: Assigning to a non-integral variable (ro) cannot be synthesized in an always_comb process.
/Users/danielellerbrock/projects/iverilog_uvm/iverilog-uvm-campaign-20260908/third_party/uvm-releases/sources/1.2/uvm-1.2/src/base/uvm_report_message.svh:624: warning: A non-integral variable (@) cannot be synthesized in an always_comb process.
/Users/danielellerbrock/projects/iverilog_uvm/iverilog-uvm-campaign-20260908/third_party/uvm-releases/sources/1.2/uvm-1.2/src/base/uvm_report_message.svh:624: warning: A non-integral variable (ro) cannot be synthesized in an always_comb process.
/Users/danielellerbrock/projects/iverilog_uvm/iverilog-uvm-campaign-20260908/third_party/uvm-releases/sources/1.2/uvm-1.2/src/base/uvm_report_message.svh:625: warning: Assigning to a non-integral variable (@) cannot be synthesized in an always_comb process.
/Users/danielellerbrock/projects/iverilog_uvm/iverilog-uvm-campaign-20260908/third_party/uvm-releases/sources/1.2/uvm-1.2/src/base/uvm_report_object.svh:251: warning: Assigning to a non-integral variable (@) cannot be synthesized in an always_comb process.
/Users/danielellerbrock/projects/iverilog_uvm/iverilog-uvm-campaign-20260908/third_party/uvm-releases/sources/1.2/uvm-1.2/src/base/uvm_report_object.svh:251: warning: Assigning to a non-integral variable (report_message) cannot be synthesized in an always_comb process.
/Users/danielellerbrock/projects/iverilog_uvm/iverilog-uvm-campaign-20260908/third_party/uvm-releases/sources/1.2/uvm-1.2/src/base/uvm_report_handler.svh:310: warning: A non-integral variable (@) cannot be synthesized in an always_comb process.
/Users/danielellerbrock/projects/iverilog_uvm/iverilog-uvm-campaign-20260908/third_party/uvm-releases/sources/1.2/uvm-1.2/src/base/uvm_report_handler.svh:313: warning: A non-integral variable (id) cannot be synthesized in an always_comb process.
/Users/danielellerbrock/projects/iverilog_uvm/iverilog-uvm-campaign-20260908/third_party/uvm-releases/sources/1.2/uvm-1.2/src/base/uvm_report_handler.svh:311: warning: A non-integral variable (p) cannot be synthesized in an always_comb process.
/Users/danielellerbrock/projects/iverilog_uvm/iverilog-uvm-campaign-20260908/third_party/uvm-releases/sources/1.2/uvm-1.2/src/base/uvm_report_handler.svh:310: warning: A non-integral variable (report_message) cannot be synthesized in an always_comb process.
/Users/danielellerbrock/projects/iverilog_uvm/iverilog-uvm-campaign-20260908/third_party/uvm-releases/sources/1.2/uvm-1.2/src/base/uvm_report_handler.svh:312: warning: A non-integral variable (srvr) cannot be synthesized in an always_comb process.
/Users/danielellerbrock/projects/iverilog_uvm/iverilog-uvm-campaign-20260908/third_party/uvm-releases/sources/1.2/uvm-1.2/src/base/uvm_report_handler.svh:311: warning: Assigning to a non-integral variable (p) cannot be synthesized in an always_comb process.
/Users/danielellerbrock/projects/iverilog_uvm/iverilog-uvm-campaign-20260908/third_party/uvm-releases/sources/1.2/uvm-1.2/src/base/uvm_report_handler.svh:312: warning: Assigning to a non-integral variable (srvr) cannot be synthesized in an always_comb process.
/Users/danielellerbrock/projects/iverilog_uvm/iverilog-uvm-campaign-20260908/third_party/uvm-releases/sources/1.2/uvm-1.2/src/base/uvm_report_handler.svh:313: warning: Assigning to a non-integral variable (id) cannot be synthesized in an always_comb process.
/Users/danielellerbrock/projects/iverilog_uvm/iverilog-uvm-campaign-20260908/third_party/uvm-releases/sources/1.2/uvm-1.2/src/base/uvm_report_handler.svh:321: warning: Assigning to a non-integral variable (@) cannot be synthesized in an always_comb process.
/Users/danielellerbrock/projects/iverilog_uvm/iverilog-uvm-campaign-20260908/third_party/uvm-releases/sources/1.2/uvm-1.2/src/base/uvm_report_message.svh:678: warning: A non-integral variable (@) cannot be synthesized in an always_comb process.
/Users/danielellerbrock/projects/iverilog_uvm/iverilog-uvm-campaign-20260908/third_party/uvm-releases/sources/1.2/uvm-1.2/src/base/uvm_report_handler.svh:327: warning: Assigning to a non-integral variable (@) cannot be synthesized in an always_comb process.
/Users/danielellerbrock/projects/iverilog_uvm/iverilog-uvm-campaign-20260908/third_party/uvm-releases/sources/1.2/uvm-1.2/src/base/uvm_report_handler.svh:330: warning: Assigning to a non-integral variable (@) cannot be synthesized in an always_comb process.
/Users/danielellerbrock/projects/iverilog_uvm/iverilog-uvm-campaign-20260908/third_party/uvm-releases/sources/1.2/uvm-1.2/src/base/uvm_report_message.svh:811: warning: A non-integral variable (@) cannot be synthesized in an always_comb process.
/Users/danielellerbrock/projects/iverilog_uvm/iverilog-uvm-campaign-20260908/third_party/uvm-releases/sources/1.2/uvm-1.2/src/base/uvm_report_handler.svh:331: warning: Assigning to a non-integral variable (@) cannot be synthesized in an always_comb process.
/Users/danielellerbrock/projects/iverilog_uvm/iverilog-uvm-campaign-20260908/third_party/uvm-releases/sources/1.2/uvm-1.2/src/base/uvm_report_handler.svh:331: warning: Assigning to a non-integral variable (rh) cannot be synthesized in an always_comb process.
/Users/danielellerbrock/projects/iverilog_uvm/iverilog-uvm-campaign-20260908/third_party/uvm-releases/sources/1.2/uvm-1.2/src/base/uvm_report_message.svh:640: warning: A non-integral variable (@) cannot be synthesized in an always_comb process.
/Users/danielellerbrock/projects/iverilog_uvm/iverilog-uvm-campaign-20260908/third_party/uvm-releases/sources/1.2/uvm-1.2/src/base/uvm_report_message.svh:640: warning: A non-integral variable (rh) cannot be synthesized in an always_comb process.
/Users/danielellerbrock/projects/iverilog_uvm/iverilog-uvm-campaign-20260908/third_party/uvm-releases/sources/1.2/uvm-1.2/src/base/uvm_report_message.svh:641: warning: Assigning to a non-integral variable (@) cannot be synthesized in an always_comb process.
/Users/danielellerbrock/projects/iverilog_uvm/iverilog-uvm-campaign-20260908/third_party/uvm-releases/sources/1.2/uvm-1.2/src/base/uvm_report_handler.svh:332: warning: Assigning to a non-integral variable (@) cannot be synthesized in an always_comb process.
/Users/danielellerbrock/projects/iverilog_uvm/iverilog-uvm-campaign-20260908/third_party/uvm-releases/sources/1.2/uvm-1.2/src/base/uvm_report_message.svh:794: warning: A non-integral variable (@) cannot be synthesized in an always_comb process.
/Users/danielellerbrock/projects/iverilog_uvm/iverilog-uvm-campaign-20260908/third_party/uvm-releases/sources/1.2/uvm-1.2/src/base/uvm_report_handler.svh:333: warning: Assigning to a non-integral variable (@) cannot be synthesized in an always_comb process.
/Users/danielellerbrock/projects/iverilog_uvm/iverilog-uvm-campaign-20260908/third_party/uvm-releases/sources/1.2/uvm-1.2/src/base/uvm_report_handler.svh:333: warning: Assigning to a non-integral variable (report_message) cannot be synthesized in an always_comb process.
/Users/danielellerbrock/projects/iverilog_uvm/iverilog-uvm-campaign-20260908/third_party/uvm-releases/sources/1.2/uvm-1.2/src/base/uvm_report_server.svh:560: warning: A non-integral variable (@) cannot be synthesized in an always_comb process.
/Users/danielellerbrock/projects/iverilog_uvm/iverilog-uvm-campaign-20260908/third_party/uvm-releases/sources/1.2/uvm-1.2/src/base/uvm_report_server.svh:562: warning: A non-integral variable (l_report_handler) cannot be synthesized in an always_comb process.
/Users/danielellerbrock/projects/iverilog_uvm/iverilog-uvm-campaign-20260908/third_party/uvm-releases/sources/1.2/uvm-1.2/src/base/uvm_report_server.svh:563: warning: A non-integral variable (p) cannot be synthesized in an always_comb process.
/Users/danielellerbrock/projects/iverilog_uvm/iverilog-uvm-campaign-20260908/third_party/uvm-releases/sources/1.2/uvm-1.2/src/base/uvm_report_server.svh:560: warning: A non-integral variable (report_message) cannot be synthesized in an always_comb process.
/Users/danielellerbrock/projects/iverilog_uvm/iverilog-uvm-campaign-20260908/third_party/uvm-releases/sources/1.2/uvm-1.2/src/base/uvm_report_server.svh:562: warning: Assigning to a non-integral variable (l_report_handler) cannot be synthesized in an always_comb process.
/Users/danielellerbrock/projects/iverilog_uvm/iverilog-uvm-campaign-20260908/third_party/uvm-releases/sources/1.2/uvm-1.2/src/base/uvm_report_server.svh:563: warning: Assigning to a non-integral variable (p) cannot be synthesized in an always_comb process.
/Users/danielellerbrock/projects/iverilog_uvm/iverilog-uvm-campaign-20260908/third_party/uvm-releases/sources/1.2/uvm-1.2/src/base/uvm_report_server.svh:567: warning: Assigning to a non-integral variable (@) cannot be synthesized in an always_comb process.
/Users/danielellerbrock/projects/iverilog_uvm/iverilog-uvm-campaign-20260908/third_party/uvm-releases/sources/1.2/uvm-1.2/src/base/uvm_report_server.svh:567: warning: Assigning to a non-integral variable (rs) cannot be synthesized in an always_comb process.
/Users/danielellerbrock/projects/iverilog_uvm/iverilog-uvm-campaign-20260908/third_party/uvm-releases/sources/1.2/uvm-1.2/src/base/uvm_report_message.svh:656: warning: A non-integral variable (@) cannot be synthesized in an always_comb process.
/Users/danielellerbrock/projects/iverilog_uvm/iverilog-uvm-campaign-20260908/third_party/uvm-releases/sources/1.2/uvm-1.2/src/base/uvm_report_message.svh:656: warning: A non-integral variable (rs) cannot be synthesized in an always_comb process.
/Users/danielellerbrock/projects/iverilog_uvm/iverilog-uvm-campaign-20260908/third_party/uvm-releases/sources/1.2/uvm-1.2/src/base/uvm_report_message.svh:657: warning: Assigning to a non-integral variable (@) cannot be synthesized in an always_comb process.
/Users/danielellerbrock/projects/iverilog_uvm/iverilog-uvm-campaign-20260908/third_party/uvm-releases/sources/1.2/uvm-1.2/src/base/uvm_report_server.svh:595: warning: Assigning to a non-integral variable (cs) cannot be synthesized in an always_comb process.
/Users/danielellerbrock/projects/iverilog_uvm/iverilog-uvm-campaign-20260908/third_party/uvm-releases/sources/1.2/uvm-1.2/src/base/uvm_report_server.svh:597: warning: Assigning to a non-integral variable (svr) cannot be synthesized in an always_comb process.
/Users/danielellerbrock/projects/iverilog_uvm/iverilog-uvm-campaign-20260908/third_party/uvm-releases/sources/1.2/uvm-1.2/src/base/uvm_report_server.svh:595: warning: A non-integral variable (cs) cannot be synthesized in an always_comb process.
/Users/danielellerbrock/projects/iverilog_uvm/iverilog-uvm-campaign-20260908/third_party/uvm-releases/sources/1.2/uvm-1.2/src/base/uvm_report_server.svh:594: warning: A non-integral variable (m) cannot be synthesized in an always_comb process.
/Users/danielellerbrock/projects/iverilog_uvm/iverilog-uvm-campaign-20260908/third_party/uvm-releases/sources/1.2/uvm-1.2/src/base/uvm_report_server.svh:597: warning: A non-integral variable (svr) cannot be synthesized in an always_comb process.
/Users/danielellerbrock/projects/iverilog_uvm/iverilog-uvm-campaign-20260908/third_party/uvm-releases/sources/1.2/uvm-1.2/src/base/uvm_report_server.svh:626: warning: Assigning to a non-integral variable (m) cannot be synthesized in an always_comb process.
/Users/danielellerbrock/projects/iverilog_uvm/iverilog-uvm-campaign-20260908/third_party/uvm-releases/sources/1.2/uvm-1.2/src/base/uvm_report_server.svh:628: warning: Assigning to a non-integral variable (@) cannot be synthesized in an always_comb process.
/Users/danielellerbrock/projects/iverilog_uvm/iverilog-uvm-campaign-20260908/third_party/uvm-releases/sources/1.2/uvm-1.2/src/base/uvm_report_server.svh:628: warning: Assigning to a non-integral variable (report_message) cannot be synthesized in an always_comb process.
/Users/danielellerbrock/projects/iverilog_uvm/iverilog-uvm-campaign-20260908/third_party/uvm-releases/sources/1.2/uvm-1.2/src/base/uvm_report_server.svh:628: warning: Assigning to a non-integral variable (composed_message) cannot be synthesized in an always_comb process.
/Users/danielellerbrock/projects/iverilog_uvm/iverilog-uvm-campaign-20260908/third_party/uvm-releases/sources/1.2/uvm-1.2/src/base/uvm_report_server.svh:647: warning: A non-integral variable (@) cannot be synthesized in an always_comb process.
/Users/danielellerbrock/projects/iverilog_uvm/iverilog-uvm-campaign-20260908/third_party/uvm-releases/sources/1.2/uvm-1.2/src/base/uvm_report_server.svh:648: warning: A non-integral variable (composed_message) cannot be synthesized in an always_comb process.
/Users/danielellerbrock/projects/iverilog_uvm/iverilog-uvm-campaign-20260908/third_party/uvm-releases/sources/1.2/uvm-1.2/src/base/uvm_report_server.svh:650: warning: A non-integral variable (p) cannot be synthesized in an always_comb process.
/Users/danielellerbrock/projects/iverilog_uvm/iverilog-uvm-campaign-20260908/third_party/uvm-releases/sources/1.2/uvm-1.2/src/base/uvm_report_server.svh:647: warning: A non-integral variable (report_message) cannot be synthesized in an always_comb process.
/Users/danielellerbrock/projects/iverilog_uvm/iverilog-uvm-campaign-20260908/third_party/uvm-releases/sources/1.2/uvm-1.2/src/base/uvm_report_server.svh:650: warning: Assigning to a non-integral variable (p) cannot be synthesized in an always_comb process.
/Users/danielellerbrock/projects/iverilog_uvm/iverilog-uvm-campaign-20260908/third_party/uvm-releases/sources/1.2/uvm-1.2/src/base/uvm_report_server.svh:653: warning: Assigning to a non-integral variable (@) cannot be synthesized in an always_comb process.
/Users/danielellerbrock/projects/iverilog_uvm/iverilog-uvm-campaign-20260908/third_party/uvm-releases/sources/1.2/uvm-1.2/src/base/uvm_report_server.svh:458: warning: A non-integral variable (@) cannot be synthesized in an always_comb process.
/Users/danielellerbrock/projects/iverilog_uvm/iverilog-uvm-campaign-20260908/third_party/uvm-releases/sources/1.2/uvm-1.2/src/base/uvm_report_server.svh:654: warning: Assigning to a non-integral variable (@) cannot be synthesized in an always_comb process.
/Users/danielellerbrock/projects/iverilog_uvm/iverilog-uvm-campaign-20260908/third_party/uvm-releases/sources/1.2/uvm-1.2/src/base/uvm_report_server.svh:654: warning: Assigning to a non-integral variable (id) cannot be synthesized in an always_comb process.
/Users/danielellerbrock/projects/iverilog_uvm/iverilog-uvm-campaign-20260908/third_party/uvm-releases/sources/1.2/uvm-1.2/src/base/uvm_report_server.svh:501: warning: A non-integral variable (@) cannot be synthesized in an always_comb process.
/Users/danielellerbrock/projects/iverilog_uvm/iverilog-uvm-campaign-20260908/third_party/uvm-releases/sources/1.2/uvm-1.2/src/base/uvm_report_server.svh:501: warning: A non-integral variable (id) cannot be synthesized in an always_comb process.
/Users/danielellerbrock/projects/iverilog_uvm/iverilog-uvm-campaign-20260908/third_party/uvm-releases/sources/1.2/uvm-1.2/src/base/uvm_report_server.svh:657: warning: Assigning to a non-integral variable (@) cannot be synthesized in an always_comb process.
/Users/danielellerbrock/projects/iverilog_uvm/iverilog-uvm-campaign-20260908/third_party/uvm-releases/sources/1.2/uvm-1.2/src/base/uvm_report_server.svh:662: warning: Assigning to a non-integral variable (ro) cannot be synthesized in an always_comb process.
/Users/danielellerbrock/projects/iverilog_uvm/iverilog-uvm-campaign-20260908/third_party/uvm-releases/sources/1.2/uvm-1.2/src/base/uvm_report_server.svh:663: warning: Assigning to a non-integral variable (rh) cannot be synthesized in an always_comb process.
/Users/danielellerbrock/projects/iverilog_uvm/iverilog-uvm-campaign-20260908/third_party/uvm-releases/sources/1.2/uvm-1.2/src/base/uvm_report_server.svh:663: warning: A non-integral variable (rh) cannot be synthesized in an always_comb process.
/Users/danielellerbrock/projects/iverilog_uvm/iverilog-uvm-campaign-20260908/third_party/uvm-releases/sources/1.2/uvm-1.2/src/base/uvm_report_server.svh:662: warning: A non-integral variable (ro) cannot be synthesized in an always_comb process.
/Users/danielellerbrock/projects/iverilog_uvm/iverilog-uvm-campaign-20260908/third_party/uvm-releases/sources/1.2/uvm-1.2/src/base/uvm_report_server.svh:661: warning: A non-integral variable (stream) cannot be synthesized in an always_comb process.
/Users/danielellerbrock/projects/iverilog_uvm/iverilog-uvm-campaign-20260908/third_party/uvm-releases/sources/1.2/uvm-1.2/src/base/uvm_report_server.svh:667: warning: Assigning to a non-integral variable (stream) cannot be synthesized in an always_comb process.
/Users/danielellerbrock/projects/iverilog_uvm/iverilog-uvm-campaign-20260908/third_party/uvm-releases/sources/1.2/uvm-1.2/src/base/uvm_report_server.svh:671: warning: A non-integral variable (db) cannot be synthesized in an always_comb process.
/Users/danielellerbrock/projects/iverilog_uvm/iverilog-uvm-campaign-20260908/third_party/uvm-releases/sources/1.2/uvm-1.2/src/base/uvm_report_server.svh:674: warning: Assigning to a non-integral variable (db) cannot be synthesized in an always_comb process.
/Users/danielellerbrock/projects/iverilog_uvm/iverilog-uvm-campaign-20260908/third_party/uvm-releases/sources/1.2/uvm-1.2/src/base/uvm_report_server.svh:678: warning: Assigning to a non-integral variable (cs) cannot be synthesized in an always_comb process.
/Users/danielellerbrock/projects/iverilog_uvm/iverilog-uvm-campaign-20260908/third_party/uvm-releases/sources/1.2/uvm-1.2/src/base/uvm_report_server.svh:678: warning: A non-integral variable (cs) cannot be synthesized in an always_comb process.
/Users/danielellerbrock/projects/iverilog_uvm/iverilog-uvm-campaign-20260908/third_party/uvm-releases/sources/1.2/uvm-1.2/src/base/uvm_report_server.svh:679: warning: Assigning to a non-integral variable (db) cannot be synthesized in an always_comb process.
/Users/danielellerbrock/projects/iverilog_uvm/iverilog-uvm-campaign-20260908/third_party/uvm-releases/sources/1.2/uvm-1.2/src/base/uvm_report_server.svh:683: warning: Assigning to a non-integral variable (stream) cannot be synthesized in an always_comb process.
/Users/danielellerbrock/projects/iverilog_uvm/iverilog-uvm-campaign-20260908/third_party/uvm-releases/sources/1.2/uvm-1.2/src/base/uvm_report_server.svh:685: warning: System task ($ivl_assoc$store2) cannot be synthesized in an always_comb process.
/Users/danielellerbrock/projects/iverilog_uvm/iverilog-uvm-campaign-20260908/third_party/uvm-releases/sources/1.2/uvm-1.2/src/base/uvm_report_server.svh:689: warning: Assigning to a non-integral variable (recorder) cannot be synthesized in an always_comb process.
/Users/danielellerbrock/projects/iverilog_uvm/iverilog-uvm-campaign-20260908/third_party/uvm-releases/sources/1.2/uvm-1.2/src/base/uvm_report_server.svh:689: warning: A non-integral variable (recorder) cannot be synthesized in an always_comb process.
/Users/danielellerbrock/projects/iverilog_uvm/iverilog-uvm-campaign-20260908/third_party/uvm-releases/sources/1.2/uvm-1.2/src/base/uvm_report_server.svh:691: warning: Assigning to a non-integral variable (@) cannot be synthesized in an always_comb process.
/Users/danielellerbrock/projects/iverilog_uvm/iverilog-uvm-campaign-20260908/third_party/uvm-releases/sources/1.2/uvm-1.2/src/base/uvm_report_server.svh:691: warning: Assigning to a non-integral variable (recorder) cannot be synthesized in an always_comb process.
/Users/danielellerbrock/projects/iverilog_uvm/iverilog-uvm-campaign-20260908/third_party/uvm-releases/sources/1.2/uvm-1.2/src/base/uvm_object.svh:1295: warning: A non-integral variable (@) cannot be synthesized in an always_comb process.
/Users/danielellerbrock/projects/iverilog_uvm/iverilog-uvm-campaign-20260908/third_party/uvm-releases/sources/1.2/uvm-1.2/src/base/uvm_object.svh:1295: warning: A non-integral variable (recorder) cannot be synthesized in an always_comb process.
/Users/danielellerbrock/projects/iverilog_uvm/iverilog-uvm-campaign-20260908/third_party/uvm-releases/sources/1.2/uvm-1.2/src/base/uvm_object.svh:1303: warning: Assigning to a non-integral variable (__m_uvm_status_container) cannot be synthesized in an always_comb process.
/Users/danielellerbrock/projects/iverilog_uvm/iverilog-uvm-campaign-20260908/third_party/uvm-releases/sources/1.2/uvm-1.2/src/base/uvm_object.svh:1305: warning: Assigning to a non-integral variable (@) cannot be synthesized in an always_comb process.
/Users/danielellerbrock/projects/iverilog_uvm/iverilog-uvm-campaign-20260908/third_party/uvm-releases/sources/1.2/uvm-1.2/src/base/uvm_object.svh:1305: warning: Assigning to a non-integral variable (tmp_data__) cannot be synthesized in an always_comb process.
/Users/danielellerbrock/projects/iverilog_uvm/iverilog-uvm-campaign-20260908/third_party/uvm-releases/sources/1.2/uvm-1.2/src/base/uvm_object.svh:1305: warning: Assigning to a non-integral variable (str__) cannot be synthesized in an always_comb process.
/Users/danielellerbrock/projects/iverilog_uvm/iverilog-uvm-campaign-20260908/third_party/uvm-releases/sources/1.2/uvm-1.2/src/base/uvm_object.svh:1126: warning: A non-integral variable (@) cannot be synthesized in an always_comb process.
/Users/danielellerbrock/projects/iverilog_uvm/iverilog-uvm-campaign-20260908/third_party/uvm-releases/sources/1.2/uvm-1.2/src/base/uvm_object.svh:1128: warning: A non-integral variable (str__) cannot be synthesized in an always_comb process.
/Users/danielellerbrock/projects/iverilog_uvm/iverilog-uvm-campaign-20260908/third_party/uvm-releases/sources/1.2/uvm-1.2/src/base/uvm_object.svh:1126: warning: A non-integral variable (tmp_data__) cannot be synthesized in an always_comb process.
/Users/danielellerbrock/projects/iverilog_uvm/iverilog-uvm-campaign-20260908/third_party/uvm-releases/sources/1.2/uvm-1.2/src/base/uvm_object.svh:1306: warning: Assigning to a non-integral variable (@) cannot be synthesized in an always_comb process.
/Users/danielellerbrock/projects/iverilog_uvm/iverilog-uvm-campaign-20260908/third_party/uvm-releases/sources/1.2/uvm-1.2/src/base/uvm_object.svh:1306: warning: Assigning to a non-integral variable (recorder) cannot be synthesized in an always_comb process.
/Users/danielellerbrock/projects/iverilog_uvm/iverilog-uvm-campaign-20260908/third_party/uvm-releases/sources/1.2/uvm-1.2/src/base/uvm_object.svh:1319: warning: A non-integral variable (@) cannot be synthesized in an always_comb process.
/Users/danielellerbrock/projects/iverilog_uvm/iverilog-uvm-campaign-20260908/third_party/uvm-releases/sources/1.2/uvm-1.2/src/base/uvm_object.svh:1319: warning: A non-integral variable (recorder) cannot be synthesized in an always_comb process.
/Users/danielellerbrock/projects/iverilog_uvm/iverilog-uvm-campaign-20260908/third_party/uvm-releases/sources/1.2/uvm-1.2/src/base/uvm_report_server.svh:692: warning: Assigning to a non-integral variable (@) cannot be synthesized in an always_comb process.
/Users/danielellerbrock/projects/iverilog_uvm/iverilog-uvm-campaign-20260908/third_party/uvm-releases/sources/1.2/uvm-1.2/src/base/uvm_recorder.svh:208: warning: A non-integral variable (@) cannot be synthesized in an always_comb process.
/Users/danielellerbrock/projects/iverilog_uvm/iverilog-uvm-campaign-20260908/third_party/uvm-releases/sources/1.2/uvm-1.2/src/base/uvm_recorder.svh:209: warning: A non-integral variable (p) cannot be synthesized in an always_comb process.
/Users/danielellerbrock/projects/iverilog_uvm/iverilog-uvm-campaign-20260908/third_party/uvm-releases/sources/1.2/uvm-1.2/src/base/uvm_recorder.svh:210: warning: A non-integral variable (s) cannot be synthesized in an always_comb process.
/Users/danielellerbrock/projects/iverilog_uvm/iverilog-uvm-campaign-20260908/third_party/uvm-releases/sources/1.2/uvm-1.2/src/base/uvm_recorder.svh:212: warning: A non-integral variable (stream) cannot be synthesized in an always_comb process.
/Users/danielellerbrock/projects/iverilog_uvm/iverilog-uvm-campaign-20260908/third_party/uvm-releases/sources/1.2/uvm-1.2/src/base/uvm_recorder.svh:209: warning: Assigning to a non-integral variable (p) cannot be synthesized in an always_comb process.
/Users/danielellerbrock/projects/iverilog_uvm/iverilog-uvm-campaign-20260908/third_party/uvm-releases/sources/1.2/uvm-1.2/src/base/uvm_recorder.svh:218: warning: Assigning to a non-integral variable (@) cannot be synthesized in an always_comb process.
/Users/danielellerbrock/projects/iverilog_uvm/iverilog-uvm-campaign-20260908/third_party/uvm-releases/sources/1.2/uvm-1.2/src/base/uvm_recorder.svh:180: warning: A non-integral variable (@) cannot be synthesized in an always_comb process.
/Users/danielellerbrock/projects/iverilog_uvm/iverilog-uvm-campaign-20260908/third_party/uvm-releases/sources/1.2/uvm-1.2/src/base/uvm_recorder.svh:187: warning: Assigning to a non-integral variable (@) cannot be synthesized in an always_comb process.
/Users/danielellerbrock/projects/iverilog_uvm/iverilog-uvm-campaign-20260908/third_party/uvm-releases/sources/1.2/uvm-1.2/src/base/uvm_recorder.svh:555: warning: A non-integral variable (@) cannot be synthesized in an always_comb process.
/Users/danielellerbrock/projects/iverilog_uvm/iverilog-uvm-campaign-20260908/third_party/uvm-releases/sources/1.2/uvm-1.2/src/base/uvm_recorder.svh:221: warning: Assigning to a non-integral variable (@) cannot be synthesized in an always_comb process.
/Users/danielellerbrock/projects/iverilog_uvm/iverilog-uvm-campaign-20260908/third_party/uvm-releases/sources/1.2/uvm-1.2/src/base/uvm_recorder.svh:564: warning: A non-integral variable (@) cannot be synthesized in an always_comb process.
/Users/danielellerbrock/projects/iverilog_uvm/iverilog-uvm-campaign-20260908/third_party/uvm-releases/sources/1.2/uvm-1.2/src/base/uvm_recorder.svh:224: warning: Assigning to a non-integral variable (stream) cannot be synthesized in an always_comb process.
/Users/danielellerbrock/projects/iverilog_uvm/iverilog-uvm-campaign-20260908/third_party/uvm-releases/sources/1.2/uvm-1.2/src/base/uvm_recorder.svh:228: warning: Assigning to a non-integral variable (s) cannot be synthesized in an always_comb process.
/Users/danielellerbrock/projects/iverilog_uvm/iverilog-uvm-campaign-20260908/third_party/uvm-releases/sources/1.2/uvm-1.2/src/base/uvm_recorder.svh:229: warning: Assigning to a non-integral variable (@) cannot be synthesized in an always_comb process.
/Users/danielellerbrock/projects/iverilog_uvm/iverilog-uvm-campaign-20260908/third_party/uvm-releases/sources/1.2/uvm-1.2/src/base/uvm_recorder.svh:231: warning: System task ($ivl_class_method$set_randstate) cannot be synthesized in an always_comb process.
/Users/danielellerbrock/projects/iverilog_uvm/iverilog-uvm-campaign-20260908/third_party/uvm-releases/sources/1.2/uvm-1.2/src/base/uvm_recorder.svh:234: warning: Assigning to a non-integral variable (@) cannot be synthesized in an always_comb process.
/Users/danielellerbrock/projects/iverilog_uvm/iverilog-uvm-campaign-20260908/third_party/uvm-releases/sources/1.2/uvm-1.2/src/base/uvm_recorder.svh:321: warning: A non-integral variable (@) cannot be synthesized in an always_comb process.
/Users/danielellerbrock/projects/iverilog_uvm/iverilog-uvm-campaign-20260908/third_party/uvm-releases/sources/1.2/uvm-1.2/src/base/uvm_recorder.svh:322: warning: A non-integral variable (recorder) cannot be synthesized in an always_comb process.
/Users/danielellerbrock/projects/iverilog_uvm/iverilog-uvm-campaign-20260908/third_party/uvm-releases/sources/1.2/uvm-1.2/src/base/uvm_recorder.svh:324: warning: Assigning to a non-integral variable (recorder) cannot be synthesized in an always_comb process.
/Users/danielellerbrock/projects/iverilog_uvm/iverilog-uvm-campaign-20260908/third_party/uvm-releases/sources/1.2/uvm-1.2/src/base/uvm_recorder.svh:327: warning: Dynamic array delete method cannot be synthesized in an always_comb process.
/Users/danielellerbrock/projects/iverilog_uvm/iverilog-uvm-campaign-20260908/third_party/uvm-releases/sources/1.2/uvm-1.2/src/base/uvm_recorder.svh:328: warning: Dynamic array delete method cannot be synthesized in an always_comb process.
/Users/danielellerbrock/projects/iverilog_uvm/iverilog-uvm-campaign-20260908/third_party/uvm-releases/sources/1.2/uvm-1.2/src/base/uvm_recorder.svh:238: warning: Assigning to a non-integral variable (@) cannot be synthesized in an always_comb process.
/Users/danielellerbrock/projects/iverilog_uvm/iverilog-uvm-campaign-20260908/third_party/uvm-releases/sources/1.2/uvm-1.2/src/base/uvm_recorder.svh:238: warning: Assigning to a non-integral variable (recorder) cannot be synthesized in an always_comb process.
/Users/danielellerbrock/projects/iverilog_uvm/iverilog-uvm-campaign-20260908/third_party/uvm-releases/sources/1.2/uvm-1.2/src/base/uvm_tr_stream.svh:352: warning: A non-integral variable (@) cannot be synthesized in an always_comb process.
/Users/danielellerbrock/projects/iverilog_uvm/iverilog-uvm-campaign-20260908/third_party/uvm-releases/sources/1.2/uvm-1.2/src/base/uvm_tr_stream.svh:352: warning: A non-integral variable (recorder) cannot be synthesized in an always_comb process.
/Users/danielellerbrock/projects/iverilog_uvm/iverilog-uvm-campaign-20260908/third_party/uvm-releases/sources/1.2/uvm-1.2/src/base/uvm_tr_stream.svh:354: warning: Dynamic array delete method cannot be synthesized in an always_comb process.
/Users/danielellerbrock/projects/iverilog_uvm/iverilog-uvm-campaign-20260908/third_party/uvm-releases/sources/1.2/uvm-1.2/src/base/uvm_report_server.svh:699: warning: System task ($display) cannot be synthesized in an always_comb process.
/Users/danielellerbrock/projects/iverilog_uvm/iverilog-uvm-campaign-20260908/third_party/uvm-releases/sources/1.2/uvm-1.2/src/base/uvm_report_server.svh:712: warning: Assigning to a non-integral variable (@) cannot be synthesized in an always_comb process.
/Users/danielellerbrock/projects/iverilog_uvm/iverilog-uvm-campaign-20260908/third_party/uvm-releases/sources/1.2/uvm-1.2/src/base/uvm_report_server.svh:712: warning: Assigning to a non-integral variable (str) cannot be synthesized in an always_comb process.
/Users/danielellerbrock/projects/iverilog_uvm/iverilog-uvm-campaign-20260908/third_party/uvm-releases/sources/1.2/uvm-1.2/src/base/uvm_report_server.svh:548: warning: A non-integral variable (@) cannot be synthesized in an always_comb process.
/Users/danielellerbrock/projects/iverilog_uvm/iverilog-uvm-campaign-20260908/third_party/uvm-releases/sources/1.2/uvm-1.2/src/base/uvm_report_server.svh:548: warning: A non-integral variable (str) cannot be synthesized in an always_comb process.
/Users/danielellerbrock/projects/iverilog_uvm/iverilog-uvm-campaign-20260908/third_party/uvm-releases/sources/1.2/uvm-1.2/src/base/uvm_report_server.svh:550: warning: System task ($display) cannot be synthesized in an always_comb process.
/Users/danielellerbrock/projects/iverilog_uvm/iverilog-uvm-campaign-20260908/third_party/uvm-releases/sources/1.2/uvm-1.2/src/base/uvm_report_server.svh:552: warning: System task ($fdisplay) cannot be synthesized in an always_comb process.
/Users/danielellerbrock/projects/iverilog_uvm/iverilog-uvm-campaign-20260908/third_party/uvm-releases/sources/1.2/uvm-1.2/src/base/uvm_report_server.svh:718: warning: Assigning to a non-integral variable (@) cannot be synthesized in an always_comb process.
/Users/danielellerbrock/projects/iverilog_uvm/iverilog-uvm-campaign-20260908/third_party/uvm-releases/sources/1.2/uvm-1.2/src/base/uvm_report_server.svh:416: warning: A non-integral variable (@) cannot be synthesized in an always_comb process.
/Users/danielellerbrock/projects/iverilog_uvm/iverilog-uvm-campaign-20260908/third_party/uvm-releases/sources/1.2/uvm-1.2/src/base/uvm_report_server.svh:721: warning: Assigning to a non-integral variable (@) cannot be synthesized in an always_comb process.
/Users/danielellerbrock/projects/iverilog_uvm/iverilog-uvm-campaign-20260908/third_party/uvm-releases/sources/1.2/uvm-1.2/src/base/uvm_report_server.svh:729: warning: A non-integral variable (cs) cannot be synthesized in an always_comb process.
/Users/danielellerbrock/projects/iverilog_uvm/iverilog-uvm-campaign-20260908/third_party/uvm-releases/sources/1.2/uvm-1.2/src/base/uvm_report_server.svh:728: warning: A non-integral variable (l_root) cannot be synthesized in an always_comb process.
/Users/danielellerbrock/projects/iverilog_uvm/iverilog-uvm-campaign-20260908/third_party/uvm-releases/sources/1.2/uvm-1.2/src/base/uvm_report_server.svh:730: warning: Assigning to a non-integral variable (cs) cannot be synthesized in an always_comb process.
/Users/danielellerbrock/projects/iverilog_uvm/iverilog-uvm-campaign-20260908/third_party/uvm-releases/sources/1.2/uvm-1.2/src/base/uvm_report_server.svh:731: warning: Assigning to a non-integral variable (l_root) cannot be synthesized in an always_comb process.
/Users/danielellerbrock/projects/iverilog_uvm/iverilog-uvm-campaign-20260908/third_party/uvm-releases/sources/1.2/uvm-1.2/src/base/uvm_report_server.svh:732: warning: Assigning to a non-integral variable (@) cannot be synthesized in an always_comb process.
/Users/danielellerbrock/projects/iverilog_uvm/iverilog-uvm-campaign-20260908/third_party/uvm-releases/sources/1.2/uvm-1.2/src/base/uvm_root.svh:129: warning: A non-integral variable (@) cannot be synthesized in an always_comb process.
/Users/danielellerbrock/projects/iverilog_uvm/iverilog-uvm-campaign-20260908/third_party/uvm-releases/sources/1.2/uvm-1.2/src/base/uvm_root.svh:130: warning: A non-integral variable (l_rs) cannot be synthesized in an always_comb process.
/Users/danielellerbrock/projects/iverilog_uvm/iverilog-uvm-campaign-20260908/third_party/uvm-releases/sources/1.2/uvm-1.2/src/base/uvm_root.svh:130: warning: Assigning to a non-integral variable (l_rs) cannot be synthesized in an always_comb process.
/Users/danielellerbrock/projects/iverilog_uvm/iverilog-uvm-campaign-20260908/third_party/uvm-releases/sources/1.2/uvm-1.2/src/base/uvm_root.svh:132: warning: Assigning to a non-integral variable (@) cannot be synthesized in an always_comb process.
/Users/danielellerbrock/projects/iverilog_uvm/iverilog-uvm-campaign-20260908/third_party/uvm-releases/sources/1.2/uvm-1.2/src/base/uvm_component.svh:3634: warning: A non-integral variable (@) cannot be synthesized in an always_comb process.
/Users/danielellerbrock/projects/iverilog_uvm/iverilog-uvm-campaign-20260908/third_party/uvm-releases/sources/1.2/uvm-1.2/src/base/uvm_component.svh:3635: warning: A non-integral variable (i) cannot be synthesized in an always_comb process.
/Users/danielellerbrock/projects/iverilog_uvm/iverilog-uvm-campaign-20260908/third_party/uvm-releases/sources/1.2/uvm-1.2/src/base/uvm_component.svh:3635: warning: A do/while statement cannot be synthesized in an always_comb process.
/Users/danielellerbrock/projects/iverilog_uvm/iverilog-uvm-campaign-20260908/third_party/uvm-releases/sources/1.2/uvm-1.2/src/base/uvm_component.svh:3636: warning: Assigning to a non-integral variable (@) cannot be synthesized in an always_comb process.
/Users/danielellerbrock/projects/iverilog_uvm/iverilog-uvm-campaign-20260908/third_party/uvm-releases/sources/1.2/uvm-1.2/src/base/uvm_component.svh:3637: warning: Assigning to a non-integral variable (@) cannot be synthesized in an always_comb process.
/Users/danielellerbrock/projects/iverilog_uvm/iverilog-uvm-campaign-20260908/third_party/uvm-releases/sources/1.2/uvm-1.2/src/base/uvm_component.svh:1385: warning: A non-integral variable (@) cannot be synthesized in an always_comb process.
/Users/danielellerbrock/projects/iverilog_uvm/iverilog-uvm-campaign-20260908/third_party/uvm-releases/sources/1.2/uvm-1.2/src/base/uvm_root.svh:134: warning: Assigning to a non-integral variable (@) cannot be synthesized in an always_comb process.
/Users/danielellerbrock/projects/iverilog_uvm/iverilog-uvm-campaign-20260908/third_party/uvm-releases/sources/1.2/uvm-1.2/src/base/uvm_report_server.svh:172: warning: A non-integral variable (@) cannot be synthesized in an always_comb process.
/Users/danielellerbrock/projects/iverilog_uvm/iverilog-uvm-campaign-20260908/third_party/uvm-releases/sources/1.2/uvm-1.2/src/base/uvm_root.svh:135: warning: System task ($finish) cannot be synthesized in an always_comb process.
/Users/danielellerbrock/projects/iverilog_uvm/iverilog-uvm-campaign-20260908/third_party/uvm-releases/sources/1.2/uvm-1.2/src/base/uvm_report_server.svh:737: warning: System task ($stop) cannot be synthesized in an always_comb process.
../src/lowrisc_ip_entropy_src_0.1/rtl/entropy_src_core.sv:3396: warning: Assigning to a non-integral variable (id) cannot be synthesized in an always_comb process.
../src/lowrisc_ip_entropy_src_0.1/rtl/entropy_src_core.sv:3396: warning: Assigning to a non-integral variable (message) cannot be synthesized in an always_comb process.
../src/lowrisc_ip_entropy_src_0.1/rtl/entropy_src_core.sv:3396: warning: Assigning to a non-integral variable (filename) cannot be synthesized in an always_comb process.
../src/lowrisc_ip_entropy_src_0.1/rtl/entropy_src_core.sv:3396: warning: Assigning to a non-integral variable (context_name) cannot be synthesized in an always_comb process.
../src/lowrisc_ip_entropy_src_0.1/rtl/entropy_src_core.sv:3346: warning: Assigning to a non-integral variable (id) cannot be synthesized in an always_comb process.
../src/lowrisc_ip_entropy_src_0.1/rtl/entropy_src_core.sv:3346: warning: Assigning to a non-integral variable (message) cannot be synthesized in an always_comb process.
../src/lowrisc_ip_entropy_src_0.1/rtl/entropy_src_core.sv:3346: warning: Assigning to a non-integral variable (filename) cannot be synthesized in an always_comb process.
../src/lowrisc_ip_entropy_src_0.1/rtl/entropy_src_core.sv:3346: warning: Assigning to a non-integral variable (context_name) cannot be synthesized in an always_comb process.
/Users/danielellerbrock/projects/iverilog_uvm/iverilog-uvm-campaign-20260908/third_party/uvm-releases/sources/1.2/uvm-1.2/src/base/uvm_globals.svh:214: warning: A non-integral variable (context_name) cannot be synthesized in an always_comb process.
/Users/danielellerbrock/projects/iverilog_uvm/iverilog-uvm-campaign-20260908/third_party/uvm-releases/sources/1.2/uvm-1.2/src/base/uvm_globals.svh:217: warning: A non-integral variable (cs) cannot be synthesized in an always_comb process.
/Users/danielellerbrock/projects/iverilog_uvm/iverilog-uvm-campaign-20260908/third_party/uvm-releases/sources/1.2/uvm-1.2/src/base/uvm_globals.svh:212: warning: A non-integral variable (filename) cannot be synthesized in an always_comb process.
/Users/danielellerbrock/projects/iverilog_uvm/iverilog-uvm-campaign-20260908/third_party/uvm-releases/sources/1.2/uvm-1.2/src/base/uvm_globals.svh:209: warning: A non-integral variable (id) cannot be synthesized in an always_comb process.
/Users/danielellerbrock/projects/iverilog_uvm/iverilog-uvm-campaign-20260908/third_party/uvm-releases/sources/1.2/uvm-1.2/src/base/uvm_globals.svh:210: warning: A non-integral variable (message) cannot be synthesized in an always_comb process.
/Users/danielellerbrock/projects/iverilog_uvm/iverilog-uvm-campaign-20260908/third_party/uvm-releases/sources/1.2/uvm-1.2/src/base/uvm_globals.svh:216: warning: A non-integral variable (top) cannot be synthesized in an always_comb process.
/Users/danielellerbrock/projects/iverilog_uvm/iverilog-uvm-campaign-20260908/third_party/uvm-releases/sources/1.2/uvm-1.2/src/base/uvm_globals.svh:209: warning: user task (uvm_report_error) must be automatic to be synthesized in an always_comb process.
/Users/danielellerbrock/projects/iverilog_uvm/iverilog-uvm-campaign-20260908/third_party/uvm-releases/sources/1.2/uvm-1.2/src/base/uvm_globals.svh:218: warning: Assigning to a non-integral variable (cs) cannot be synthesized in an always_comb process.
/Users/danielellerbrock/projects/iverilog_uvm/iverilog-uvm-campaign-20260908/third_party/uvm-releases/sources/1.2/uvm-1.2/src/base/uvm_globals.svh:219: warning: Assigning to a non-integral variable (top) cannot be synthesized in an always_comb process.
/Users/danielellerbrock/projects/iverilog_uvm/iverilog-uvm-campaign-20260908/third_party/uvm-releases/sources/1.2/uvm-1.2/src/base/uvm_globals.svh:220: warning: Assigning to a non-integral variable (@) cannot be synthesized in an always_comb process.
/Users/danielellerbrock/projects/iverilog_uvm/iverilog-uvm-campaign-20260908/third_party/uvm-releases/sources/1.2/uvm-1.2/src/base/uvm_globals.svh:220: warning: Assigning to a non-integral variable (id) cannot be synthesized in an always_comb process.
/Users/danielellerbrock/projects/iverilog_uvm/iverilog-uvm-campaign-20260908/third_party/uvm-releases/sources/1.2/uvm-1.2/src/base/uvm_globals.svh:220: warning: Assigning to a non-integral variable (message) cannot be synthesized in an always_comb process.
/Users/danielellerbrock/projects/iverilog_uvm/iverilog-uvm-campaign-20260908/third_party/uvm-releases/sources/1.2/uvm-1.2/src/base/uvm_globals.svh:220: warning: Assigning to a non-integral variable (filename) cannot be synthesized in an always_comb process.
/Users/danielellerbrock/projects/iverilog_uvm/iverilog-uvm-campaign-20260908/third_party/uvm-releases/sources/1.2/uvm-1.2/src/base/uvm_globals.svh:220: warning: Assigning to a non-integral variable (context_name) cannot be synthesized in an always_comb process.
/Users/danielellerbrock/projects/iverilog_uvm/iverilog-uvm-campaign-20260908/third_party/uvm-releases/sources/1.2/uvm-1.2/src/base/uvm_report_object.svh:180: warning: A non-integral variable (@) cannot be synthesized in an always_comb process.
/Users/danielellerbrock/projects/iverilog_uvm/iverilog-uvm-campaign-20260908/third_party/uvm-releases/sources/1.2/uvm-1.2/src/base/uvm_report_object.svh:185: warning: A non-integral variable (context_name) cannot be synthesized in an always_comb process.
/Users/danielellerbrock/projects/iverilog_uvm/iverilog-uvm-campaign-20260908/third_party/uvm-releases/sources/1.2/uvm-1.2/src/base/uvm_report_object.svh:183: warning: A non-integral variable (filename) cannot be synthesized in an always_comb process.
/Users/danielellerbrock/projects/iverilog_uvm/iverilog-uvm-campaign-20260908/third_party/uvm-releases/sources/1.2/uvm-1.2/src/base/uvm_report_object.svh:180: warning: A non-integral variable (id) cannot be synthesized in an always_comb process.
/Users/danielellerbrock/projects/iverilog_uvm/iverilog-uvm-campaign-20260908/third_party/uvm-releases/sources/1.2/uvm-1.2/src/base/uvm_report_object.svh:181: warning: A non-integral variable (message) cannot be synthesized in an always_comb process.
/Users/danielellerbrock/projects/iverilog_uvm/iverilog-uvm-campaign-20260908/third_party/uvm-releases/sources/1.2/uvm-1.2/src/base/uvm_report_object.svh:188: warning: Assigning to a non-integral variable (@) cannot be synthesized in an always_comb process.
/Users/danielellerbrock/projects/iverilog_uvm/iverilog-uvm-campaign-20260908/third_party/uvm-releases/sources/1.2/uvm-1.2/src/base/uvm_report_object.svh:188: warning: Assigning to a non-integral variable (id) cannot be synthesized in an always_comb process.
/Users/danielellerbrock/projects/iverilog_uvm/iverilog-uvm-campaign-20260908/third_party/uvm-releases/sources/1.2/uvm-1.2/src/base/uvm_report_object.svh:188: warning: Assigning to a non-integral variable (message) cannot be synthesized in an always_comb process.
/Users/danielellerbrock/projects/iverilog_uvm/iverilog-uvm-campaign-20260908/third_party/uvm-releases/sources/1.2/uvm-1.2/src/base/uvm_report_object.svh:188: warning: Assigning to a non-integral variable (filename) cannot be synthesized in an always_comb process.
/Users/danielellerbrock/projects/iverilog_uvm/iverilog-uvm-campaign-20260908/third_party/uvm-releases/sources/1.2/uvm-1.2/src/base/uvm_report_object.svh:188: warning: Assigning to a non-integral variable (context_name) cannot be synthesized in an always_comb process.
/Users/danielellerbrock/projects/iverilog_uvm/iverilog-uvm-campaign-20260908/third_party/uvm-releases/sources/1.2/uvm-1.2/src/base/uvm_report_object.svh:129: warning: A non-integral variable (@) cannot be synthesized in an always_comb process.
/Users/danielellerbrock/projects/iverilog_uvm/iverilog-uvm-campaign-20260908/third_party/uvm-releases/sources/1.2/uvm-1.2/src/base/uvm_report_object.svh:136: warning: A non-integral variable (context_name) cannot be synthesized in an always_comb process.
/Users/danielellerbrock/projects/iverilog_uvm/iverilog-uvm-campaign-20260908/third_party/uvm-releases/sources/1.2/uvm-1.2/src/base/uvm_report_object.svh:134: warning: A non-integral variable (filename) cannot be synthesized in an always_comb process.
/Users/danielellerbrock/projects/iverilog_uvm/iverilog-uvm-campaign-20260908/third_party/uvm-releases/sources/1.2/uvm-1.2/src/base/uvm_report_object.svh:130: warning: A non-integral variable (id) cannot be synthesized in an always_comb process.
/Users/danielellerbrock/projects/iverilog_uvm/iverilog-uvm-campaign-20260908/third_party/uvm-releases/sources/1.2/uvm-1.2/src/base/uvm_report_object.svh:138: warning: A non-integral variable (l_report_message) cannot be synthesized in an always_comb process.
/Users/danielellerbrock/projects/iverilog_uvm/iverilog-uvm-campaign-20260908/third_party/uvm-releases/sources/1.2/uvm-1.2/src/base/uvm_report_object.svh:131: warning: A non-integral variable (message) cannot be synthesized in an always_comb process.
/Users/danielellerbrock/projects/iverilog_uvm/iverilog-uvm-campaign-20260908/third_party/uvm-releases/sources/1.2/uvm-1.2/src/base/uvm_report_object.svh:143: warning: Assigning to a non-integral variable (l_report_message) cannot be synthesized in an always_comb process.
/Users/danielellerbrock/projects/iverilog_uvm/iverilog-uvm-campaign-20260908/third_party/uvm-releases/sources/1.2/uvm-1.2/src/base/uvm_report_object.svh:144: warning: Assigning to a non-integral variable (@) cannot be synthesized in an always_comb process.
/Users/danielellerbrock/projects/iverilog_uvm/iverilog-uvm-campaign-20260908/third_party/uvm-releases/sources/1.2/uvm-1.2/src/base/uvm_report_object.svh:144: warning: Assigning to a non-integral variable (id) cannot be synthesized in an always_comb process.
/Users/danielellerbrock/projects/iverilog_uvm/iverilog-uvm-campaign-20260908/third_party/uvm-releases/sources/1.2/uvm-1.2/src/base/uvm_report_object.svh:144: warning: Assigning to a non-integral variable (message) cannot be synthesized in an always_comb process.
/Users/danielellerbrock/projects/iverilog_uvm/iverilog-uvm-campaign-20260908/third_party/uvm-releases/sources/1.2/uvm-1.2/src/base/uvm_report_object.svh:144: warning: Assigning to a non-integral variable (filename) cannot be synthesized in an always_comb process.
/Users/danielellerbrock/projects/iverilog_uvm/iverilog-uvm-campaign-20260908/third_party/uvm-releases/sources/1.2/uvm-1.2/src/base/uvm_report_object.svh:144: warning: Assigning to a non-integral variable (context_name) cannot be synthesized in an always_comb process.
/Users/danielellerbrock/projects/iverilog_uvm/iverilog-uvm-campaign-20260908/third_party/uvm-releases/sources/1.2/uvm-1.2/src/base/uvm_report_message.svh:830: warning: A non-integral variable (@) cannot be synthesized in an always_comb process.
/Users/danielellerbrock/projects/iverilog_uvm/iverilog-uvm-campaign-20260908/third_party/uvm-releases/sources/1.2/uvm-1.2/src/base/uvm_report_message.svh:836: warning: A non-integral variable (context_name) cannot be synthesized in an always_comb process.
/Users/danielellerbrock/projects/iverilog_uvm/iverilog-uvm-campaign-20260908/third_party/uvm-releases/sources/1.2/uvm-1.2/src/base/uvm_report_message.svh:834: warning: A non-integral variable (filename) cannot be synthesized in an always_comb process.
/Users/danielellerbrock/projects/iverilog_uvm/iverilog-uvm-campaign-20260908/third_party/uvm-releases/sources/1.2/uvm-1.2/src/base/uvm_report_message.svh:831: warning: A non-integral variable (id) cannot be synthesized in an always_comb process.
/Users/danielellerbrock/projects/iverilog_uvm/iverilog-uvm-campaign-20260908/third_party/uvm-releases/sources/1.2/uvm-1.2/src/base/uvm_report_message.svh:832: warning: A non-integral variable (message) cannot be synthesized in an always_comb process.
/Users/danielellerbrock/projects/iverilog_uvm/iverilog-uvm-campaign-20260908/third_party/uvm-releases/sources/1.2/uvm-1.2/src/base/uvm_report_message.svh:837: warning: Assigning to a non-integral variable (@) cannot be synthesized in an always_comb process.
/Users/danielellerbrock/projects/iverilog_uvm/iverilog-uvm-campaign-20260908/third_party/uvm-releases/sources/1.2/uvm-1.2/src/base/uvm_report_message.svh:838: warning: Assigning to a non-integral variable (@) cannot be synthesized in an always_comb process.
/Users/danielellerbrock/projects/iverilog_uvm/iverilog-uvm-campaign-20260908/third_party/uvm-releases/sources/1.2/uvm-1.2/src/base/uvm_report_message.svh:841: warning: Assigning to a non-integral variable (@) cannot be synthesized in an always_comb process.
/Users/danielellerbrock/projects/iverilog_uvm/iverilog-uvm-campaign-20260908/third_party/uvm-releases/sources/1.2/uvm-1.2/src/base/uvm_report_message.svh:842: warning: Assigning to a non-integral variable (@) cannot be synthesized in an always_comb process.
/Users/danielellerbrock/projects/iverilog_uvm/iverilog-uvm-campaign-20260908/third_party/uvm-releases/sources/1.2/uvm-1.2/src/base/uvm_report_object.svh:146: warning: Assigning to a non-integral variable (@) cannot be synthesized in an always_comb process.
/Users/danielellerbrock/projects/iverilog_uvm/iverilog-uvm-campaign-20260908/third_party/uvm-releases/sources/1.2/uvm-1.2/src/base/uvm_report_object.svh:146: warning: Assigning to a non-integral variable (report_message) cannot be synthesized in an always_comb process.
/Users/danielellerbrock/projects/iverilog_uvm/iverilog-uvm-campaign-20260908/third_party/uvm-releases/sources/1.2/uvm-1.2/src/base/uvm_report_object.svh:249: warning: A non-integral variable (@) cannot be synthesized in an always_comb process.
/Users/danielellerbrock/projects/iverilog_uvm/iverilog-uvm-campaign-20260908/third_party/uvm-releases/sources/1.2/uvm-1.2/src/base/uvm_report_object.svh:249: warning: A non-integral variable (report_message) cannot be synthesized in an always_comb process.
/Users/danielellerbrock/projects/iverilog_uvm/iverilog-uvm-campaign-20260908/third_party/uvm-releases/sources/1.2/uvm-1.2/src/base/uvm_report_object.svh:250: warning: Assigning to a non-integral variable (@) cannot be synthesized in an always_comb process.
/Users/danielellerbrock/projects/iverilog_uvm/iverilog-uvm-campaign-20260908/third_party/uvm-releases/sources/1.2/uvm-1.2/src/base/uvm_report_object.svh:250: warning: Assigning to a non-integral variable (ro) cannot be synthesized in an always_comb process.
/Users/danielellerbrock/projects/iverilog_uvm/iverilog-uvm-campaign-20260908/third_party/uvm-releases/sources/1.2/uvm-1.2/src/base/uvm_report_message.svh:624: warning: A non-integral variable (@) cannot be synthesized in an always_comb process.
/Users/danielellerbrock/projects/iverilog_uvm/iverilog-uvm-campaign-20260908/third_party/uvm-releases/sources/1.2/uvm-1.2/src/base/uvm_report_message.svh:624: warning: A non-integral variable (ro) cannot be synthesized in an always_comb process.
/Users/danielellerbrock/projects/iverilog_uvm/iverilog-uvm-campaign-20260908/third_party/uvm-releases/sources/1.2/uvm-1.2/src/base/uvm_report_message.svh:625: warning: Assigning to a non-integral variable (@) cannot be synthesized in an always_comb process.
/Users/danielellerbrock/projects/iverilog_uvm/iverilog-uvm-campaign-20260908/third_party/uvm-releases/sources/1.2/uvm-1.2/src/base/uvm_report_object.svh:251: warning: Assigning to a non-integral variable (@) cannot be synthesized in an always_comb process.
/Users/danielellerbrock/projects/iverilog_uvm/iverilog-uvm-campaign-20260908/third_party/uvm-releases/sources/1.2/uvm-1.2/src/base/uvm_report_object.svh:251: warning: Assigning to a non-integral variable (report_message) cannot be synthesized in an always_comb process.
/Users/danielellerbrock/projects/iverilog_uvm/iverilog-uvm-campaign-20260908/third_party/uvm-releases/sources/1.2/uvm-1.2/src/base/uvm_report_handler.svh:310: warning: A non-integral variable (@) cannot be synthesized in an always_comb process.
/Users/danielellerbrock/projects/iverilog_uvm/iverilog-uvm-campaign-20260908/third_party/uvm-releases/sources/1.2/uvm-1.2/src/base/uvm_report_handler.svh:313: warning: A non-integral variable (id) cannot be synthesized in an always_comb process.
/Users/danielellerbrock/projects/iverilog_uvm/iverilog-uvm-campaign-20260908/third_party/uvm-releases/sources/1.2/uvm-1.2/src/base/uvm_report_handler.svh:311: warning: A non-integral variable (p) cannot be synthesized in an always_comb process.
/Users/danielellerbrock/projects/iverilog_uvm/iverilog-uvm-campaign-20260908/third_party/uvm-releases/sources/1.2/uvm-1.2/src/base/uvm_report_handler.svh:310: warning: A non-integral variable (report_message) cannot be synthesized in an always_comb process.
/Users/danielellerbrock/projects/iverilog_uvm/iverilog-uvm-campaign-20260908/third_party/uvm-releases/sources/1.2/uvm-1.2/src/base/uvm_report_handler.svh:312: warning: A non-integral variable (srvr) cannot be synthesized in an always_comb process.
/Users/danielellerbrock/projects/iverilog_uvm/iverilog-uvm-campaign-20260908/third_party/uvm-releases/sources/1.2/uvm-1.2/src/base/uvm_report_handler.svh:311: warning: Assigning to a non-integral variable (p) cannot be synthesized in an always_comb process.
/Users/danielellerbrock/projects/iverilog_uvm/iverilog-uvm-campaign-20260908/third_party/uvm-releases/sources/1.2/uvm-1.2/src/base/uvm_report_handler.svh:312: warning: Assigning to a non-integral variable (srvr) cannot be synthesized in an always_comb process.
/Users/danielellerbrock/projects/iverilog_uvm/iverilog-uvm-campaign-20260908/third_party/uvm-releases/sources/1.2/uvm-1.2/src/base/uvm_report_handler.svh:313: warning: Assigning to a non-integral variable (id) cannot be synthesized in an always_comb process.
/Users/danielellerbrock/projects/iverilog_uvm/iverilog-uvm-campaign-20260908/third_party/uvm-releases/sources/1.2/uvm-1.2/src/base/uvm_report_handler.svh:321: warning: Assigning to a non-integral variable (@) cannot be synthesized in an always_comb process.
/Users/danielellerbrock/projects/iverilog_uvm/iverilog-uvm-campaign-20260908/third_party/uvm-releases/sources/1.2/uvm-1.2/src/base/uvm_report_message.svh:678: warning: A non-integral variable (@) cannot be synthesized in an always_comb process.
/Users/danielellerbrock/projects/iverilog_uvm/iverilog-uvm-campaign-20260908/third_party/uvm-releases/sources/1.2/uvm-1.2/src/base/uvm_report_handler.svh:327: warning: Assigning to a non-integral variable (@) cannot be synthesized in an always_comb process.
/Users/danielellerbrock/projects/iverilog_uvm/iverilog-uvm-campaign-20260908/third_party/uvm-releases/sources/1.2/uvm-1.2/src/base/uvm_report_handler.svh:330: warning: Assigning to a non-integral variable (@) cannot be synthesized in an always_comb process.
/Users/danielellerbrock/projects/iverilog_uvm/iverilog-uvm-campaign-20260908/third_party/uvm-releases/sources/1.2/uvm-1.2/src/base/uvm_report_message.svh:811: warning: A non-integral variable (@) cannot be synthesized in an always_comb process.
/Users/danielellerbrock/projects/iverilog_uvm/iverilog-uvm-campaign-20260908/third_party/uvm-releases/sources/1.2/uvm-1.2/src/base/uvm_report_handler.svh:331: warning: Assigning to a non-integral variable (@) cannot be synthesized in an always_comb process.
/Users/danielellerbrock/projects/iverilog_uvm/iverilog-uvm-campaign-20260908/third_party/uvm-releases/sources/1.2/uvm-1.2/src/base/uvm_report_handler.svh:331: warning: Assigning to a non-integral variable (rh) cannot be synthesized in an always_comb process.
/Users/danielellerbrock/projects/iverilog_uvm/iverilog-uvm-campaign-20260908/third_party/uvm-releases/sources/1.2/uvm-1.2/src/base/uvm_report_message.svh:640: warning: A non-integral variable (@) cannot be synthesized in an always_comb process.
/Users/danielellerbrock/projects/iverilog_uvm/iverilog-uvm-campaign-20260908/third_party/uvm-releases/sources/1.2/uvm-1.2/src/base/uvm_report_message.svh:640: warning: A non-integral variable (rh) cannot be synthesized in an always_comb process.
/Users/danielellerbrock/projects/iverilog_uvm/iverilog-uvm-campaign-20260908/third_party/uvm-releases/sources/1.2/uvm-1.2/src/base/uvm_report_message.svh:641: warning: Assigning to a non-integral variable (@) cannot be synthesized in an always_comb process.
/Users/danielellerbrock/projects/iverilog_uvm/iverilog-uvm-campaign-20260908/third_party/uvm-releases/sources/1.2/uvm-1.2/src/base/uvm_report_handler.svh:332: warning: Assigning to a non-integral variable (@) cannot be synthesized in an always_comb process.
/Users/danielellerbrock/projects/iverilog_uvm/iverilog-uvm-campaign-20260908/third_party/uvm-releases/sources/1.2/uvm-1.2/src/base/uvm_report_message.svh:794: warning: A non-integral variable (@) cannot be synthesized in an always_comb process.
/Users/danielellerbrock/projects/iverilog_uvm/iverilog-uvm-campaign-20260908/third_party/uvm-releases/sources/1.2/uvm-1.2/src/base/uvm_report_handler.svh:333: warning: Assigning to a non-integral variable (@) cannot be synthesized in an always_comb process.
/Users/danielellerbrock/projects/iverilog_uvm/iverilog-uvm-campaign-20260908/third_party/uvm-releases/sources/1.2/uvm-1.2/src/base/uvm_report_handler.svh:333: warning: Assigning to a non-integral variable (report_message) cannot be synthesized in an always_comb process.
/Users/danielellerbrock/projects/iverilog_uvm/iverilog-uvm-campaign-20260908/third_party/uvm-releases/sources/1.2/uvm-1.2/src/base/uvm_report_server.svh:560: warning: A non-integral variable (@) cannot be synthesized in an always_comb process.
/Users/danielellerbrock/projects/iverilog_uvm/iverilog-uvm-campaign-20260908/third_party/uvm-releases/sources/1.2/uvm-1.2/src/base/uvm_report_server.svh:562: warning: A non-integral variable (l_report_handler) cannot be synthesized in an always_comb process.
/Users/danielellerbrock/projects/iverilog_uvm/iverilog-uvm-campaign-20260908/third_party/uvm-releases/sources/1.2/uvm-1.2/src/base/uvm_report_server.svh:563: warning: A non-integral variable (p) cannot be synthesized in an always_comb process.
/Users/danielellerbrock/projects/iverilog_uvm/iverilog-uvm-campaign-20260908/third_party/uvm-releases/sources/1.2/uvm-1.2/src/base/uvm_report_server.svh:560: warning: A non-integral variable (report_message) cannot be synthesized in an always_comb process.
/Users/danielellerbrock/projects/iverilog_uvm/iverilog-uvm-campaign-20260908/third_party/uvm-releases/sources/1.2/uvm-1.2/src/base/uvm_report_server.svh:562: warning: Assigning to a non-integral variable (l_report_handler) cannot be synthesized in an always_comb process.
/Users/danielellerbrock/projects/iverilog_uvm/iverilog-uvm-campaign-20260908/third_party/uvm-releases/sources/1.2/uvm-1.2/src/base/uvm_report_server.svh:563: warning: Assigning to a non-integral variable (p) cannot be synthesized in an always_comb process.
/Users/danielellerbrock/projects/iverilog_uvm/iverilog-uvm-campaign-20260908/third_party/uvm-releases/sources/1.2/uvm-1.2/src/base/uvm_report_server.svh:567: warning: Assigning to a non-integral variable (@) cannot be synthesized in an always_comb process.
/Users/danielellerbrock/projects/iverilog_uvm/iverilog-uvm-campaign-20260908/third_party/uvm-releases/sources/1.2/uvm-1.2/src/base/uvm_report_server.svh:567: warning: Assigning to a non-integral variable (rs) cannot be synthesized in an always_comb process.
/Users/danielellerbrock/projects/iverilog_uvm/iverilog-uvm-campaign-20260908/third_party/uvm-releases/sources/1.2/uvm-1.2/src/base/uvm_report_message.svh:656: warning: A non-integral variable (@) cannot be synthesized in an always_comb process.
/Users/danielellerbrock/projects/iverilog_uvm/iverilog-uvm-campaign-20260908/third_party/uvm-releases/sources/1.2/uvm-1.2/src/base/uvm_report_message.svh:656: warning: A non-integral variable (rs) cannot be synthesized in an always_comb process.
/Users/danielellerbrock/projects/iverilog_uvm/iverilog-uvm-campaign-20260908/third_party/uvm-releases/sources/1.2/uvm-1.2/src/base/uvm_report_message.svh:657: warning: Assigning to a non-integral variable (@) cannot be synthesized in an always_comb process.
/Users/danielellerbrock/projects/iverilog_uvm/iverilog-uvm-campaign-20260908/third_party/uvm-releases/sources/1.2/uvm-1.2/src/base/uvm_report_server.svh:595: warning: Assigning to a non-integral variable (cs) cannot be synthesized in an always_comb process.
/Users/danielellerbrock/projects/iverilog_uvm/iverilog-uvm-campaign-20260908/third_party/uvm-releases/sources/1.2/uvm-1.2/src/base/uvm_report_server.svh:597: warning: Assigning to a non-integral variable (svr) cannot be synthesized in an always_comb process.
/Users/danielellerbrock/projects/iverilog_uvm/iverilog-uvm-campaign-20260908/third_party/uvm-releases/sources/1.2/uvm-1.2/src/base/uvm_report_server.svh:595: warning: A non-integral variable (cs) cannot be synthesized in an always_comb process.
/Users/danielellerbrock/projects/iverilog_uvm/iverilog-uvm-campaign-20260908/third_party/uvm-releases/sources/1.2/uvm-1.2/src/base/uvm_report_server.svh:594: warning: A non-integral variable (m) cannot be synthesized in an always_comb process.
/Users/danielellerbrock/projects/iverilog_uvm/iverilog-uvm-campaign-20260908/third_party/uvm-releases/sources/1.2/uvm-1.2/src/base/uvm_report_server.svh:597: warning: A non-integral variable (svr) cannot be synthesized in an always_comb process.
/Users/danielellerbrock/projects/iverilog_uvm/iverilog-uvm-campaign-20260908/third_party/uvm-releases/sources/1.2/uvm-1.2/src/base/uvm_report_server.svh:626: warning: Assigning to a non-integral variable (m) cannot be synthesized in an always_comb process.
/Users/danielellerbrock/projects/iverilog_uvm/iverilog-uvm-campaign-20260908/third_party/uvm-releases/sources/1.2/uvm-1.2/src/base/uvm_report_server.svh:628: warning: Assigning to a non-integral variable (@) cannot be synthesized in an always_comb process.
/Users/danielellerbrock/projects/iverilog_uvm/iverilog-uvm-campaign-20260908/third_party/uvm-releases/sources/1.2/uvm-1.2/src/base/uvm_report_server.svh:628: warning: Assigning to a non-integral variable (report_message) cannot be synthesized in an always_comb process.
/Users/danielellerbrock/projects/iverilog_uvm/iverilog-uvm-campaign-20260908/third_party/uvm-releases/sources/1.2/uvm-1.2/src/base/uvm_report_server.svh:628: warning: Assigning to a non-integral variable (composed_message) cannot be synthesized in an always_comb process.
/Users/danielellerbrock/projects/iverilog_uvm/iverilog-uvm-campaign-20260908/third_party/uvm-releases/sources/1.2/uvm-1.2/src/base/uvm_report_server.svh:647: warning: A non-integral variable (@) cannot be synthesized in an always_comb process.
/Users/danielellerbrock/projects/iverilog_uvm/iverilog-uvm-campaign-20260908/third_party/uvm-releases/sources/1.2/uvm-1.2/src/base/uvm_report_server.svh:648: warning: A non-integral variable (composed_message) cannot be synthesized in an always_comb process.
/Users/danielellerbrock/projects/iverilog_uvm/iverilog-uvm-campaign-20260908/third_party/uvm-releases/sources/1.2/uvm-1.2/src/base/uvm_report_server.svh:650: warning: A non-integral variable (p) cannot be synthesized in an always_comb process.
/Users/danielellerbrock/projects/iverilog_uvm/iverilog-uvm-campaign-20260908/third_party/uvm-releases/sources/1.2/uvm-1.2/src/base/uvm_report_server.svh:647: warning: A non-integral variable (report_message) cannot be synthesized in an always_comb process.
/Users/danielellerbrock/projects/iverilog_uvm/iverilog-uvm-campaign-20260908/third_party/uvm-releases/sources/1.2/uvm-1.2/src/base/uvm_report_server.svh:650: warning: Assigning to a non-integral variable (p) cannot be synthesized in an always_comb process.
/Users/danielellerbrock/projects/iverilog_uvm/iverilog-uvm-campaign-20260908/third_party/uvm-releases/sources/1.2/uvm-1.2/src/base/uvm_report_server.svh:653: warning: Assigning to a non-integral variable (@) cannot be synthesized in an always_comb process.
/Users/danielellerbrock/projects/iverilog_uvm/iverilog-uvm-campaign-20260908/third_party/uvm-releases/sources/1.2/uvm-1.2/src/base/uvm_report_server.svh:458: warning: A non-integral variable (@) cannot be synthesized in an always_comb process.
/Users/danielellerbrock/projects/iverilog_uvm/iverilog-uvm-campaign-20260908/third_party/uvm-releases/sources/1.2/uvm-1.2/src/base/uvm_report_server.svh:654: warning: Assigning to a non-integral variable (@) cannot be synthesized in an always_comb process.
/Users/danielellerbrock/projects/iverilog_uvm/iverilog-uvm-campaign-20260908/third_party/uvm-releases/sources/1.2/uvm-1.2/src/base/uvm_report_server.svh:654: warning: Assigning to a non-integral variable (id) cannot be synthesized in an always_comb process.
/Users/danielellerbrock/projects/iverilog_uvm/iverilog-uvm-campaign-20260908/third_party/uvm-releases/sources/1.2/uvm-1.2/src/base/uvm_report_server.svh:501: warning: A non-integral variable (@) cannot be synthesized in an always_comb process.
/Users/danielellerbrock/projects/iverilog_uvm/iverilog-uvm-campaign-20260908/third_party/uvm-releases/sources/1.2/uvm-1.2/src/base/uvm_report_server.svh:501: warning: A non-integral variable (id) cannot be synthesized in an always_comb process.
/Users/danielellerbrock/projects/iverilog_uvm/iverilog-uvm-campaign-20260908/third_party/uvm-releases/sources/1.2/uvm-1.2/src/base/uvm_report_server.svh:657: warning: Assigning to a non-integral variable (@) cannot be synthesized in an always_comb process.
/Users/danielellerbrock/projects/iverilog_uvm/iverilog-uvm-campaign-20260908/third_party/uvm-releases/sources/1.2/uvm-1.2/src/base/uvm_report_server.svh:662: warning: Assigning to a non-integral variable (ro) cannot be synthesized in an always_comb process.
/Users/danielellerbrock/projects/iverilog_uvm/iverilog-uvm-campaign-20260908/third_party/uvm-releases/sources/1.2/uvm-1.2/src/base/uvm_report_server.svh:663: warning: Assigning to a non-integral variable (rh) cannot be synthesized in an always_comb process.
/Users/danielellerbrock/projects/iverilog_uvm/iverilog-uvm-campaign-20260908/third_party/uvm-releases/sources/1.2/uvm-1.2/src/base/uvm_report_server.svh:663: warning: A non-integral variable (rh) cannot be synthesized in an always_comb process.
/Users/danielellerbrock/projects/iverilog_uvm/iverilog-uvm-campaign-20260908/third_party/uvm-releases/sources/1.2/uvm-1.2/src/base/uvm_report_server.svh:662: warning: A non-integral variable (ro) cannot be synthesized in an always_comb process.
/Users/danielellerbrock/projects/iverilog_uvm/iverilog-uvm-campaign-20260908/third_party/uvm-releases/sources/1.2/uvm-1.2/src/base/uvm_report_server.svh:661: warning: A non-integral variable (stream) cannot be synthesized in an always_comb process.
/Users/danielellerbrock/projects/iverilog_uvm/iverilog-uvm-campaign-20260908/third_party/uvm-releases/sources/1.2/uvm-1.2/src/base/uvm_report_server.svh:667: warning: Assigning to a non-integral variable (stream) cannot be synthesized in an always_comb process.
/Users/danielellerbrock/projects/iverilog_uvm/iverilog-uvm-campaign-20260908/third_party/uvm-releases/sources/1.2/uvm-1.2/src/base/uvm_report_server.svh:671: warning: A non-integral variable (db) cannot be synthesized in an always_comb process.
/Users/danielellerbrock/projects/iverilog_uvm/iverilog-uvm-campaign-20260908/third_party/uvm-releases/sources/1.2/uvm-1.2/src/base/uvm_report_server.svh:674: warning: Assigning to a non-integral variable (db) cannot be synthesized in an always_comb process.
/Users/danielellerbrock/projects/iverilog_uvm/iverilog-uvm-campaign-20260908/third_party/uvm-releases/sources/1.2/uvm-1.2/src/base/uvm_report_server.svh:678: warning: Assigning to a non-integral variable (cs) cannot be synthesized in an always_comb process.
/Users/danielellerbrock/projects/iverilog_uvm/iverilog-uvm-campaign-20260908/third_party/uvm-releases/sources/1.2/uvm-1.2/src/base/uvm_report_server.svh:678: warning: A non-integral variable (cs) cannot be synthesized in an always_comb process.
/Users/danielellerbrock/projects/iverilog_uvm/iverilog-uvm-campaign-20260908/third_party/uvm-releases/sources/1.2/uvm-1.2/src/base/uvm_report_server.svh:679: warning: Assigning to a non-integral variable (db) cannot be synthesized in an always_comb process.
/Users/danielellerbrock/projects/iverilog_uvm/iverilog-uvm-campaign-20260908/third_party/uvm-releases/sources/1.2/uvm-1.2/src/base/uvm_report_server.svh:683: warning: Assigning to a non-integral variable (stream) cannot be synthesized in an always_comb process.
/Users/danielellerbrock/projects/iverilog_uvm/iverilog-uvm-campaign-20260908/third_party/uvm-releases/sources/1.2/uvm-1.2/src/base/uvm_report_server.svh:685: warning: System task ($ivl_assoc$store2) cannot be synthesized in an always_comb process.
/Users/danielellerbrock/projects/iverilog_uvm/iverilog-uvm-campaign-20260908/third_party/uvm-releases/sources/1.2/uvm-1.2/src/base/uvm_report_server.svh:689: warning: Assigning to a non-integral variable (recorder) cannot be synthesized in an always_comb process.
/Users/danielellerbrock/projects/iverilog_uvm/iverilog-uvm-campaign-20260908/third_party/uvm-releases/sources/1.2/uvm-1.2/src/base/uvm_report_server.svh:689: warning: A non-integral variable (recorder) cannot be synthesized in an always_comb process.
/Users/danielellerbrock/projects/iverilog_uvm/iverilog-uvm-campaign-20260908/third_party/uvm-releases/sources/1.2/uvm-1.2/src/base/uvm_report_server.svh:691: warning: Assigning to a non-integral variable (@) cannot be synthesized in an always_comb process.
/Users/danielellerbrock/projects/iverilog_uvm/iverilog-uvm-campaign-20260908/third_party/uvm-releases/sources/1.2/uvm-1.2/src/base/uvm_report_server.svh:691: warning: Assigning to a non-integral variable (recorder) cannot be synthesized in an always_comb process.
/Users/danielellerbrock/projects/iverilog_uvm/iverilog-uvm-campaign-20260908/third_party/uvm-releases/sources/1.2/uvm-1.2/src/base/uvm_object.svh:1295: warning: A non-integral variable (@) cannot be synthesized in an always_comb process.
/Users/danielellerbrock/projects/iverilog_uvm/iverilog-uvm-campaign-20260908/third_party/uvm-releases/sources/1.2/uvm-1.2/src/base/uvm_object.svh:1295: warning: A non-integral variable (recorder) cannot be synthesized in an always_comb process.
/Users/danielellerbrock/projects/iverilog_uvm/iverilog-uvm-campaign-20260908/third_party/uvm-releases/sources/1.2/uvm-1.2/src/base/uvm_object.svh:1303: warning: Assigning to a non-integral variable (__m_uvm_status_container) cannot be synthesized in an always_comb process.
/Users/danielellerbrock/projects/iverilog_uvm/iverilog-uvm-campaign-20260908/third_party/uvm-releases/sources/1.2/uvm-1.2/src/base/uvm_object.svh:1305: warning: Assigning to a non-integral variable (@) cannot be synthesized in an always_comb process.
/Users/danielellerbrock/projects/iverilog_uvm/iverilog-uvm-campaign-20260908/third_party/uvm-releases/sources/1.2/uvm-1.2/src/base/uvm_object.svh:1305: warning: Assigning to a non-integral variable (tmp_data__) cannot be synthesized in an always_comb process.
/Users/danielellerbrock/projects/iverilog_uvm/iverilog-uvm-campaign-20260908/third_party/uvm-releases/sources/1.2/uvm-1.2/src/base/uvm_object.svh:1305: warning: Assigning to a non-integral variable (str__) cannot be synthesized in an always_comb process.
/Users/danielellerbrock/projects/iverilog_uvm/iverilog-uvm-campaign-20260908/third_party/uvm-releases/sources/1.2/uvm-1.2/src/base/uvm_object.svh:1126: warning: A non-integral variable (@) cannot be synthesized in an always_comb process.
/Users/danielellerbrock/projects/iverilog_uvm/iverilog-uvm-campaign-20260908/third_party/uvm-releases/sources/1.2/uvm-1.2/src/base/uvm_object.svh:1128: warning: A non-integral variable (str__) cannot be synthesized in an always_comb process.
/Users/danielellerbrock/projects/iverilog_uvm/iverilog-uvm-campaign-20260908/third_party/uvm-releases/sources/1.2/uvm-1.2/src/base/uvm_object.svh:1126: warning: A non-integral variable (tmp_data__) cannot be synthesized in an always_comb process.
/Users/danielellerbrock/projects/iverilog_uvm/iverilog-uvm-campaign-20260908/third_party/uvm-releases/sources/1.2/uvm-1.2/src/base/uvm_object.svh:1306: warning: Assigning to a non-integral variable (@) cannot be synthesized in an always_comb process.
/Users/danielellerbrock/projects/iverilog_uvm/iverilog-uvm-campaign-20260908/third_party/uvm-releases/sources/1.2/uvm-1.2/src/base/uvm_object.svh:1306: warning: Assigning to a non-integral variable (recorder) cannot be synthesized in an always_comb process.
/Users/danielellerbrock/projects/iverilog_uvm/iverilog-uvm-campaign-20260908/third_party/uvm-releases/sources/1.2/uvm-1.2/src/base/uvm_object.svh:1319: warning: A non-integral variable (@) cannot be synthesized in an always_comb process.
/Users/danielellerbrock/projects/iverilog_uvm/iverilog-uvm-campaign-20260908/third_party/uvm-releases/sources/1.2/uvm-1.2/src/base/uvm_object.svh:1319: warning: A non-integral variable (recorder) cannot be synthesized in an always_comb process.
/Users/danielellerbrock/projects/iverilog_uvm/iverilog-uvm-campaign-20260908/third_party/uvm-releases/sources/1.2/uvm-1.2/src/base/uvm_report_server.svh:692: warning: Assigning to a non-integral variable (@) cannot be synthesized in an always_comb process.
/Users/danielellerbrock/projects/iverilog_uvm/iverilog-uvm-campaign-20260908/third_party/uvm-releases/sources/1.2/uvm-1.2/src/base/uvm_recorder.svh:208: warning: A non-integral variable (@) cannot be synthesized in an always_comb process.
/Users/danielellerbrock/projects/iverilog_uvm/iverilog-uvm-campaign-20260908/third_party/uvm-releases/sources/1.2/uvm-1.2/src/base/uvm_recorder.svh:209: warning: A non-integral variable (p) cannot be synthesized in an always_comb process.
/Users/danielellerbrock/projects/iverilog_uvm/iverilog-uvm-campaign-20260908/third_party/uvm-releases/sources/1.2/uvm-1.2/src/base/uvm_recorder.svh:210: warning: A non-integral variable (s) cannot be synthesized in an always_comb process.
/Users/danielellerbrock/projects/iverilog_uvm/iverilog-uvm-campaign-20260908/third_party/uvm-releases/sources/1.2/uvm-1.2/src/base/uvm_recorder.svh:212: warning: A non-integral variable (stream) cannot be synthesized in an always_comb process.
/Users/danielellerbrock/projects/iverilog_uvm/iverilog-uvm-campaign-20260908/third_party/uvm-releases/sources/1.2/uvm-1.2/src/base/uvm_recorder.svh:209: warning: Assigning to a non-integral variable (p) cannot be synthesized in an always_comb process.
/Users/danielellerbrock/projects/iverilog_uvm/iverilog-uvm-campaign-20260908/third_party/uvm-releases/sources/1.2/uvm-1.2/src/base/uvm_recorder.svh:218: warning: Assigning to a non-integral variable (@) cannot be synthesized in an always_comb process.
/Users/danielellerbrock/projects/iverilog_uvm/iverilog-uvm-campaign-20260908/third_party/uvm-releases/sources/1.2/uvm-1.2/src/base/uvm_recorder.svh:180: warning: A non-integral variable (@) cannot be synthesized in an always_comb process.
/Users/danielellerbrock/projects/iverilog_uvm/iverilog-uvm-campaign-20260908/third_party/uvm-releases/sources/1.2/uvm-1.2/src/base/uvm_recorder.svh:187: warning: Assigning to a non-integral variable (@) cannot be synthesized in an always_comb process.
/Users/danielellerbrock/projects/iverilog_uvm/iverilog-uvm-campaign-20260908/third_party/uvm-releases/sources/1.2/uvm-1.2/src/base/uvm_recorder.svh:555: warning: A non-integral variable (@) cannot be synthesized in an always_comb process.
/Users/danielellerbrock/projects/iverilog_uvm/iverilog-uvm-campaign-20260908/third_party/uvm-releases/sources/1.2/uvm-1.2/src/base/uvm_recorder.svh:221: warning: Assigning to a non-integral variable (@) cannot be synthesized in an always_comb process.
/Users/danielellerbrock/projects/iverilog_uvm/iverilog-uvm-campaign-20260908/third_party/uvm-releases/sources/1.2/uvm-1.2/src/base/uvm_recorder.svh:564: warning: A non-integral variable (@) cannot be synthesized in an always_comb process.
/Users/danielellerbrock/projects/iverilog_uvm/iverilog-uvm-campaign-20260908/third_party/uvm-releases/sources/1.2/uvm-1.2/src/base/uvm_recorder.svh:224: warning: Assigning to a non-integral variable (stream) cannot be synthesized in an always_comb process.
/Users/danielellerbrock/projects/iverilog_uvm/iverilog-uvm-campaign-20260908/third_party/uvm-releases/sources/1.2/uvm-1.2/src/base/uvm_recorder.svh:228: warning: Assigning to a non-integral variable (s) cannot be synthesized in an always_comb process.
/Users/danielellerbrock/projects/iverilog_uvm/iverilog-uvm-campaign-20260908/third_party/uvm-releases/sources/1.2/uvm-1.2/src/base/uvm_recorder.svh:229: warning: Assigning to a non-integral variable (@) cannot be synthesized in an always_comb process.
/Users/danielellerbrock/projects/iverilog_uvm/iverilog-uvm-campaign-20260908/third_party/uvm-releases/sources/1.2/uvm-1.2/src/base/uvm_recorder.svh:231: warning: System task ($ivl_class_method$set_randstate) cannot be synthesized in an always_comb process.
/Users/danielellerbrock/projects/iverilog_uvm/iverilog-uvm-campaign-20260908/third_party/uvm-releases/sources/1.2/uvm-1.2/src/base/uvm_recorder.svh:234: warning: Assigning to a non-integral variable (@) cannot be synthesized in an always_comb process.
/Users/danielellerbrock/projects/iverilog_uvm/iverilog-uvm-campaign-20260908/third_party/uvm-releases/sources/1.2/uvm-1.2/src/base/uvm_recorder.svh:321: warning: A non-integral variable (@) cannot be synthesized in an always_comb process.
/Users/danielellerbrock/projects/iverilog_uvm/iverilog-uvm-campaign-20260908/third_party/uvm-releases/sources/1.2/uvm-1.2/src/base/uvm_recorder.svh:322: warning: A non-integral variable (recorder) cannot be synthesized in an always_comb process.
/Users/danielellerbrock/projects/iverilog_uvm/iverilog-uvm-campaign-20260908/third_party/uvm-releases/sources/1.2/uvm-1.2/src/base/uvm_recorder.svh:324: warning: Assigning to a non-integral variable (recorder) cannot be synthesized in an always_comb process.
/Users/danielellerbrock/projects/iverilog_uvm/iverilog-uvm-campaign-20260908/third_party/uvm-releases/sources/1.2/uvm-1.2/src/base/uvm_recorder.svh:327: warning: Dynamic array delete method cannot be synthesized in an always_comb process.
/Users/danielellerbrock/projects/iverilog_uvm/iverilog-uvm-campaign-20260908/third_party/uvm-releases/sources/1.2/uvm-1.2/src/base/uvm_recorder.svh:328: warning: Dynamic array delete method cannot be synthesized in an always_comb process.
/Users/danielellerbrock/projects/iverilog_uvm/iverilog-uvm-campaign-20260908/third_party/uvm-releases/sources/1.2/uvm-1.2/src/base/uvm_recorder.svh:238: warning: Assigning to a non-integral variable (@) cannot be synthesized in an always_comb process.
/Users/danielellerbrock/projects/iverilog_uvm/iverilog-uvm-campaign-20260908/third_party/uvm-releases/sources/1.2/uvm-1.2/src/base/uvm_recorder.svh:238: warning: Assigning to a non-integral variable (recorder) cannot be synthesized in an always_comb process.
/Users/danielellerbrock/projects/iverilog_uvm/iverilog-uvm-campaign-20260908/third_party/uvm-releases/sources/1.2/uvm-1.2/src/base/uvm_tr_stream.svh:352: warning: A non-integral variable (@) cannot be synthesized in an always_comb process.
/Users/danielellerbrock/projects/iverilog_uvm/iverilog-uvm-campaign-20260908/third_party/uvm-releases/sources/1.2/uvm-1.2/src/base/uvm_tr_stream.svh:352: warning: A non-integral variable (recorder) cannot be synthesized in an always_comb process.
/Users/danielellerbrock/projects/iverilog_uvm/iverilog-uvm-campaign-20260908/third_party/uvm-releases/sources/1.2/uvm-1.2/src/base/uvm_tr_stream.svh:354: warning: Dynamic array delete method cannot be synthesized in an always_comb process.
/Users/danielellerbrock/projects/iverilog_uvm/iverilog-uvm-campaign-20260908/third_party/uvm-releases/sources/1.2/uvm-1.2/src/base/uvm_report_server.svh:699: warning: System task ($display) cannot be synthesized in an always_comb process.
/Users/danielellerbrock/projects/iverilog_uvm/iverilog-uvm-campaign-20260908/third_party/uvm-releases/sources/1.2/uvm-1.2/src/base/uvm_report_server.svh:712: warning: Assigning to a non-integral variable (@) cannot be synthesized in an always_comb process.
/Users/danielellerbrock/projects/iverilog_uvm/iverilog-uvm-campaign-20260908/third_party/uvm-releases/sources/1.2/uvm-1.2/src/base/uvm_report_server.svh:712: warning: Assigning to a non-integral variable (str) cannot be synthesized in an always_comb process.
/Users/danielellerbrock/projects/iverilog_uvm/iverilog-uvm-campaign-20260908/third_party/uvm-releases/sources/1.2/uvm-1.2/src/base/uvm_report_server.svh:548: warning: A non-integral variable (@) cannot be synthesized in an always_comb process.
/Users/danielellerbrock/projects/iverilog_uvm/iverilog-uvm-campaign-20260908/third_party/uvm-releases/sources/1.2/uvm-1.2/src/base/uvm_report_server.svh:548: warning: A non-integral variable (str) cannot be synthesized in an always_comb process.
/Users/danielellerbrock/projects/iverilog_uvm/iverilog-uvm-campaign-20260908/third_party/uvm-releases/sources/1.2/uvm-1.2/src/base/uvm_report_server.svh:550: warning: System task ($display) cannot be synthesized in an always_comb process.
/Users/danielellerbrock/projects/iverilog_uvm/iverilog-uvm-campaign-20260908/third_party/uvm-releases/sources/1.2/uvm-1.2/src/base/uvm_report_server.svh:552: warning: System task ($fdisplay) cannot be synthesized in an always_comb process.
/Users/danielellerbrock/projects/iverilog_uvm/iverilog-uvm-campaign-20260908/third_party/uvm-releases/sources/1.2/uvm-1.2/src/base/uvm_report_server.svh:718: warning: Assigning to a non-integral variable (@) cannot be synthesized in an always_comb process.
/Users/danielellerbrock/projects/iverilog_uvm/iverilog-uvm-campaign-20260908/third_party/uvm-releases/sources/1.2/uvm-1.2/src/base/uvm_report_server.svh:416: warning: A non-integral variable (@) cannot be synthesized in an always_comb process.
/Users/danielellerbrock/projects/iverilog_uvm/iverilog-uvm-campaign-20260908/third_party/uvm-releases/sources/1.2/uvm-1.2/src/base/uvm_report_server.svh:721: warning: Assigning to a non-integral variable (@) cannot be synthesized in an always_comb process.
/Users/danielellerbrock/projects/iverilog_uvm/iverilog-uvm-campaign-20260908/third_party/uvm-releases/sources/1.2/uvm-1.2/src/base/uvm_report_server.svh:729: warning: A non-integral variable (cs) cannot be synthesized in an always_comb process.
/Users/danielellerbrock/projects/iverilog_uvm/iverilog-uvm-campaign-20260908/third_party/uvm-releases/sources/1.2/uvm-1.2/src/base/uvm_report_server.svh:728: warning: A non-integral variable (l_root) cannot be synthesized in an always_comb process.
/Users/danielellerbrock/projects/iverilog_uvm/iverilog-uvm-campaign-20260908/third_party/uvm-releases/sources/1.2/uvm-1.2/src/base/uvm_report_server.svh:730: warning: Assigning to a non-integral variable (cs) cannot be synthesized in an always_comb process.
/Users/danielellerbrock/projects/iverilog_uvm/iverilog-uvm-campaign-20260908/third_party/uvm-releases/sources/1.2/uvm-1.2/src/base/uvm_report_server.svh:731: warning: Assigning to a non-integral variable (l_root) cannot be synthesized in an always_comb process.
/Users/danielellerbrock/projects/iverilog_uvm/iverilog-uvm-campaign-20260908/third_party/uvm-releases/sources/1.2/uvm-1.2/src/base/uvm_report_server.svh:732: warning: Assigning to a non-integral variable (@) cannot be synthesized in an always_comb process.
/Users/danielellerbrock/projects/iverilog_uvm/iverilog-uvm-campaign-20260908/third_party/uvm-releases/sources/1.2/uvm-1.2/src/base/uvm_root.svh:129: warning: A non-integral variable (@) cannot be synthesized in an always_comb process.
/Users/danielellerbrock/projects/iverilog_uvm/iverilog-uvm-campaign-20260908/third_party/uvm-releases/sources/1.2/uvm-1.2/src/base/uvm_root.svh:130: warning: A non-integral variable (l_rs) cannot be synthesized in an always_comb process.
/Users/danielellerbrock/projects/iverilog_uvm/iverilog-uvm-campaign-20260908/third_party/uvm-releases/sources/1.2/uvm-1.2/src/base/uvm_root.svh:130: warning: Assigning to a non-integral variable (l_rs) cannot be synthesized in an always_comb process.
/Users/danielellerbrock/projects/iverilog_uvm/iverilog-uvm-campaign-20260908/third_party/uvm-releases/sources/1.2/uvm-1.2/src/base/uvm_root.svh:132: warning: Assigning to a non-integral variable (@) cannot be synthesized in an always_comb process.
/Users/danielellerbrock/projects/iverilog_uvm/iverilog-uvm-campaign-20260908/third_party/uvm-releases/sources/1.2/uvm-1.2/src/base/uvm_component.svh:3634: warning: A non-integral variable (@) cannot be synthesized in an always_comb process.
/Users/danielellerbrock/projects/iverilog_uvm/iverilog-uvm-campaign-20260908/third_party/uvm-releases/sources/1.2/uvm-1.2/src/base/uvm_component.svh:3635: warning: A non-integral variable (i) cannot be synthesized in an always_comb process.
/Users/danielellerbrock/projects/iverilog_uvm/iverilog-uvm-campaign-20260908/third_party/uvm-releases/sources/1.2/uvm-1.2/src/base/uvm_component.svh:3635: warning: A do/while statement cannot be synthesized in an always_comb process.
/Users/danielellerbrock/projects/iverilog_uvm/iverilog-uvm-campaign-20260908/third_party/uvm-releases/sources/1.2/uvm-1.2/src/base/uvm_component.svh:3636: warning: Assigning to a non-integral variable (@) cannot be synthesized in an always_comb process.
/Users/danielellerbrock/projects/iverilog_uvm/iverilog-uvm-campaign-20260908/third_party/uvm-releases/sources/1.2/uvm-1.2/src/base/uvm_component.svh:3637: warning: Assigning to a non-integral variable (@) cannot be synthesized in an always_comb process.
/Users/danielellerbrock/projects/iverilog_uvm/iverilog-uvm-campaign-20260908/third_party/uvm-releases/sources/1.2/uvm-1.2/src/base/uvm_component.svh:1385: warning: A non-integral variable (@) cannot be synthesized in an always_comb process.
/Users/danielellerbrock/projects/iverilog_uvm/iverilog-uvm-campaign-20260908/third_party/uvm-releases/sources/1.2/uvm-1.2/src/base/uvm_root.svh:134: warning: Assigning to a non-integral variable (@) cannot be synthesized in an always_comb process.
/Users/danielellerbrock/projects/iverilog_uvm/iverilog-uvm-campaign-20260908/third_party/uvm-releases/sources/1.2/uvm-1.2/src/base/uvm_report_server.svh:172: warning: A non-integral variable (@) cannot be synthesized in an always_comb process.
/Users/danielellerbrock/projects/iverilog_uvm/iverilog-uvm-campaign-20260908/third_party/uvm-releases/sources/1.2/uvm-1.2/src/base/uvm_root.svh:135: warning: System task ($finish) cannot be synthesized in an always_comb process.
/Users/danielellerbrock/projects/iverilog_uvm/iverilog-uvm-campaign-20260908/third_party/uvm-releases/sources/1.2/uvm-1.2/src/base/uvm_report_server.svh:737: warning: System task ($stop) cannot be synthesized in an always_comb process.
iverilog: note: wrote DPI export C stubs to /private/tmp/pi/entropy-src-current-image-overlay-20261002/build/runtime/lowrisc_dv_entropy_src_sim_0.1/matrix-runtime.dpiexport.c (compile it into your DPI object).
