OpenTitan UVM runtime
command: /Users/danielellerbrock/projects/iverilog_uvm/iverilog-uvm-unsafe-syntax-20260926/local-install/bin/vvp -n -d /private/tmp/ot-hmac-live-counters-selected-rerun-20260929/work/runtime/lowrisc_dv_hmac_sim_0.1/matrix-dpi.so /private/tmp/ot-hmac-live-counters-selected-rerun-20260929/work/runtime/lowrisc_dv_hmac_sim_0.1/matrix-runtime.vvp +UVM_NO_RELNOTES +UVM_VERBOSITY=UVM_LOW +cdc_instrumentation_enabled=1 +smoke_test=1 +UVM_TESTNAME=hmac_base_test +UVM_TEST_SEQ=hmac_smoke_vseq
returncode: 0
duration_seconds: 201.166

UVM_INFO @ 0 ps: reporter [RNTST] Running test hmac_base_test...
UVM_INFO @    910840 ps: (hmac_smoke_vseq.sv:80) uvm_test_top.env.virtual_sequencer [uvm_test_top.env.virtual_sequencer.hmac_smoke_vseq] starting seq 1/22, message size 520 bits, hmac=0, sha=1
UVM_INFO @    910840 ps: (hmac_smoke_vseq.sv:82) uvm_test_top.env.virtual_sequencer [uvm_test_top.env.virtual_sequencer.hmac_smoke_vseq] digest size=SHA2_384, key length=128
UVM_INFO @    910840 ps: (hmac_smoke_vseq.sv:85) uvm_test_top.env.virtual_sequencer [uvm_test_top.env.virtual_sequencer.hmac_smoke_vseq] intr_fifo_empty/hmac_done/hmac_err=111, endian/digest/key_swap=001
UVM_INFO @    910840 ps: (hmac_smoke_vseq.sv:86) uvm_test_top.env.virtual_sequencer [uvm_test_top.env.virtual_sequencer.hmac_smoke_vseq] wipe secret condition is: NoWipeSecret
UVM_INFO @   1077511 ps: (hmac_base_vseq.sv:123) uvm_test_top.env.virtual_sequencer [uvm_test_top.env.virtual_sequencer.hmac_smoke_vseq] invalid config: 0
UVM_INFO @   1202515 ps: (hmac_base_vseq.sv:213) uvm_test_top.env.virtual_sequencer [uvm_test_top.env.virtual_sequencer.hmac_smoke_vseq] wiping secret untriggered
UVM_INFO @   4619291 ps: (hmac_base_vseq.sv:213) uvm_test_top.env.virtual_sequencer [uvm_test_top.env.virtual_sequencer.hmac_smoke_vseq] wiping secret untriggered
UVM_INFO @   4619291 ps: (hmac_base_vseq.sv:161) uvm_test_top.env.virtual_sequencer [uvm_test_top.env.virtual_sequencer.hmac_smoke_vseq] triggering hash to start
UVM_INFO @   4692210 ps: (hmac_scoreboard.sv:126) uvm_test_top.env.scoreboard [uvm_test_top.env.scoreboard] invalid config at starting: 0
UVM_INFO @   4702627 ps: (hmac_base_vseq.sv:295) uvm_test_top.env.virtual_sequencer [uvm_test_top.env.virtual_sequencer.hmac_smoke_vseq] wr_addr = 16e2, wr_mask = 1100, words = 0xe8bbde9f
UVM_INFO @   5056805 ps: (hmac_base_vseq.sv:295) uvm_test_top.env.virtual_sequencer [uvm_test_top.env.virtual_sequencer.hmac_smoke_vseq] wr_addr = 1718, wr_mask = 1111, words = 0xb64f7101
UVM_INFO @   5463068 ps: (hmac_base_vseq.sv:295) uvm_test_top.env.virtual_sequencer [uvm_test_top.env.virtual_sequencer.hmac_smoke_vseq] wr_addr = 103e, wr_mask = 0100, words = 0x6a047db3
UVM_INFO @   5785995 ps: (hmac_base_vseq.sv:295) uvm_test_top.env.virtual_sequencer [uvm_test_top.env.virtual_sequencer.hmac_smoke_vseq] wr_addr = 1784, wr_mask = 1111, words = 0x23288357
UVM_INFO @   6358930 ps: (hmac_base_vseq.sv:295) uvm_test_top.env.virtual_sequencer [uvm_test_top.env.virtual_sequencer.hmac_smoke_vseq] wr_addr = 138e, wr_mask = 1111, words = 0xa6b84028
UVM_INFO @   6608938 ps: (hmac_base_vseq.sv:295) uvm_test_top.env.virtual_sequencer [uvm_test_top.env.virtual_sequencer.hmac_smoke_vseq] wr_addr = 14c8, wr_mask = 1111, words = 0x7086332c
UVM_INFO @   7088120 ps: (hmac_base_vseq.sv:295) uvm_test_top.env.virtual_sequencer [uvm_test_top.env.virtual_sequencer.hmac_smoke_vseq] wr_addr = 13d2, wr_mask = 1111, words = 0xb45be7ad
UVM_INFO @   7192290 ps: (hmac_base_vseq.sv:295) uvm_test_top.env.virtual_sequencer [uvm_test_top.env.virtual_sequencer.hmac_smoke_vseq] wr_addr = 1149, wr_mask = 1111, words = 0x8dbd69f6
UVM_INFO @   7431881 ps: (hmac_base_vseq.sv:295) uvm_test_top.env.virtual_sequencer [uvm_test_top.env.virtual_sequencer.hmac_smoke_vseq] wr_addr = 16e9, wr_mask = 1111, words = 0xad404f49
UVM_INFO @   7681889 ps: (hmac_base_vseq.sv:295) uvm_test_top.env.virtual_sequencer [uvm_test_top.env.virtual_sequencer.hmac_smoke_vseq] wr_addr = 11e5, wr_mask = 1110, words = 0x16f1b11d
UVM_INFO @   7911063 ps: (hmac_base_vseq.sv:295) uvm_test_top.env.virtual_sequencer [uvm_test_top.env.virtual_sequencer.hmac_smoke_vseq] wr_addr = 153e, wr_mask = 1111, words = 0x69777f3c
UVM_INFO @   8129820 ps: (hmac_base_vseq.sv:295) uvm_test_top.env.virtual_sequencer [uvm_test_top.env.virtual_sequencer.hmac_smoke_vseq] wr_addr = 1501, wr_mask = 0010, words = 0x573ab148
UVM_INFO @   8442330 ps: (hmac_base_vseq.sv:295) uvm_test_top.env.virtual_sequencer [uvm_test_top.env.virtual_sequencer.hmac_smoke_vseq] wr_addr = 1303, wr_mask = 1100, words = 0xf34c1d21
UVM_INFO @   8879844 ps: (hmac_base_vseq.sv:295) uvm_test_top.env.virtual_sequencer [uvm_test_top.env.virtual_sequencer.hmac_smoke_vseq] wr_addr = 140d, wr_mask = 0011, words = 0x98b81741
UVM_INFO @   9067350 ps: (hmac_base_vseq.sv:295) uvm_test_top.env.virtual_sequencer [uvm_test_top.env.virtual_sequencer.hmac_smoke_vseq] wr_addr = 1477, wr_mask = 1111, words = 0xad4186ce
UVM_INFO @   9473613 ps: (hmac_base_vseq.sv:295) uvm_test_top.env.virtual_sequencer [uvm_test_top.env.virtual_sequencer.hmac_smoke_vseq] wr_addr = 1709, wr_mask = 1111, words = 0x330a7534
UVM_INFO @   9494447 ps: (hmac_base_vseq.sv:295) uvm_test_top.env.virtual_sequencer [uvm_test_top.env.virtual_sequencer.hmac_smoke_vseq] wr_addr = 1360, wr_mask = 0111, words = 0x5db70c82
UVM_INFO @   9900710 ps: (hmac_base_vseq.sv:295) uvm_test_top.env.virtual_sequencer [uvm_test_top.env.virtual_sequencer.hmac_smoke_vseq] wr_addr = 11ec, wr_mask = 1111, words = 0xc8cbba30
UVM_INFO @  10150718 ps: (hmac_base_vseq.sv:295) uvm_test_top.env.virtual_sequencer [uvm_test_top.env.virtual_sequencer.hmac_smoke_vseq] wr_addr = 16f3, wr_mask = 0100, words = 0xbae04cbd
UVM_INFO @  10390309 ps: (hmac_base_vseq.sv:295) uvm_test_top.env.virtual_sequencer [uvm_test_top.env.virtual_sequencer.hmac_smoke_vseq] wr_addr = 1426, wr_mask = 0100, words = 0xb716e04a
UVM_INFO @  10806989 ps: (hmac_base_vseq.sv:295) uvm_test_top.env.virtual_sequencer [uvm_test_top.env.virtual_sequencer.hmac_smoke_vseq] wr_addr = 1100, wr_mask = 1111, words = 0x2b825500
UVM_INFO @  11182001 ps: (hmac_base_vseq.sv:295) uvm_test_top.env.virtual_sequencer [uvm_test_top.env.virtual_sequencer.hmac_smoke_vseq] wr_addr = 16e6, wr_mask = 0001, words = 0x789680cc
UVM_INFO @  11754936 ps: (hmac_smoke_vseq.sv:179) uvm_test_top.env.virtual_sequencer [uvm_test_top.env.virtual_sequencer.hmac_smoke_vseq] triggering process because msg stream is finished
UVM_INFO @  11754936 ps: (hmac_base_vseq.sv:194) uvm_test_top.env.virtual_sequencer [uvm_test_top.env.virtual_sequencer.hmac_smoke_vseq] triggering hash to process
UVM_INFO @  11838272 ps: (hmac_scoreboard.sv:126) uvm_test_top.env.scoreboard [uvm_test_top.env.scoreboard] invalid config at starting: 0
UVM_INFO @  11838272 ps: (hmac_scoreboard.sv:767) uvm_test_top.env.scoreboard [uvm_test_top.env.scoreboard] Computing digest prediction
bounds [64:0]
UVM_INFO @  11838272 ps: (hmac_scoreboard.sv:819) uvm_test_top.env.scoreboard [uvm_test_top.env.scoreboard] SHA-2 digest of msg_i='{187, 232, 1, 113, 79, 182, 4, 87, 131, 40, 35, 40, 64, 184, 166, 44, 51, 134, 112, 173, 231, 91, 180, 246, 105, 189, 141, 73, 79, 64, 173, 177, 241, 22, 60, 127, 119, 105, 177, 76, 243, 65, 23, 206, 134, 65, 173, 52, 117, 10, 51, 130, 12, 183, 48, 186, 203, 200, 224, 22, 0, 85, 130, 43, 204}: 279309159
UVM_INFO @  14359186 ps: (hmac_smoke_vseq.sv:235) uvm_test_top.env.virtual_sequencer [uvm_test_top.env.virtual_sequencer.hmac_smoke_vseq] reading digest
UVM_INFO @  15442554 ps: (hmac_smoke_vseq.sv:80) uvm_test_top.env.virtual_sequencer [uvm_test_top.env.virtual_sequencer.hmac_smoke_vseq] starting seq 2/22, message size 520 bits, hmac=0, sha=1
UVM_INFO @  15442554 ps: (hmac_smoke_vseq.sv:82) uvm_test_top.env.virtual_sequencer [uvm_test_top.env.virtual_sequencer.hmac_smoke_vseq] digest size=SHA2_None, key length=384
UVM_INFO @  15442554 ps: (hmac_smoke_vseq.sv:85) uvm_test_top.env.virtual_sequencer [uvm_test_top.env.virtual_sequencer.hmac_smoke_vseq] intr_fifo_empty/hmac_done/hmac_err=111, endian/digest/key_swap=110
UVM_INFO @  15442554 ps: (hmac_smoke_vseq.sv:86) uvm_test_top.env.virtual_sequencer [uvm_test_top.env.virtual_sequencer.hmac_smoke_vseq] wipe secret condition is: NoWipeSecret
UVM_INFO @  15661311 ps: (hmac_base_vseq.sv:123) uvm_test_top.env.virtual_sequencer [uvm_test_top.env.virtual_sequencer.hmac_smoke_vseq] invalid config: 1
UVM_INFO @  15661311 ps: (hmac_base_vseq.sv:213) uvm_test_top.env.virtual_sequencer [uvm_test_top.env.virtual_sequencer.hmac_smoke_vseq] wiping secret untriggered
UVM_INFO @  19494767 ps: (hmac_base_vseq.sv:213) uvm_test_top.env.virtual_sequencer [uvm_test_top.env.virtual_sequencer.hmac_smoke_vseq] wiping secret untriggered
UVM_INFO @  20765641 ps: (hmac_base_vseq.sv:161) uvm_test_top.env.virtual_sequencer [uvm_test_top.env.virtual_sequencer.hmac_smoke_vseq] triggering hash to start
UVM_INFO @  20838560 ps: (hmac_scoreboard.sv:126) uvm_test_top.env.scoreboard [uvm_test_top.env.scoreboard] invalid config at starting: 1
UVM_INFO @  21015649 ps: (hmac_base_vseq.sv:295) uvm_test_top.env.virtual_sequencer [uvm_test_top.env.virtual_sequencer.hmac_smoke_vseq] wr_addr = 12e1, wr_mask = 0011, words = 0xdfdad3d3
UVM_INFO @  21140653 ps: (hmac_base_vseq.sv:295) uvm_test_top.env.virtual_sequencer [uvm_test_top.env.virtual_sequencer.hmac_smoke_vseq] wr_addr = 1160, wr_mask = 0100, words = 0xcf80c2d0
UVM_INFO @  21244823 ps: (hmac_base_vseq.sv:295) uvm_test_top.env.virtual_sequencer [uvm_test_top.env.virtual_sequencer.hmac_smoke_vseq] wr_addr = 140c, wr_mask = 1111, words = 0x31d9a982
UVM_INFO @  21307325 ps: (hmac_base_vseq.sv:295) uvm_test_top.env.virtual_sequencer [uvm_test_top.env.virtual_sequencer.hmac_smoke_vseq] wr_addr = 120e, wr_mask = 0110, words = 0xa448f1a5
UVM_INFO @  21744839 ps: (hmac_base_vseq.sv:295) uvm_test_top.env.virtual_sequencer [uvm_test_top.env.virtual_sequencer.hmac_smoke_vseq] wr_addr = 14c8, wr_mask = 1111, words = 0x78e47d17
UVM_INFO @  22057349 ps: (hmac_base_vseq.sv:295) uvm_test_top.env.virtual_sequencer [uvm_test_top.env.virtual_sequencer.hmac_smoke_vseq] wr_addr = 10cb, wr_mask = 1110, words = 0x5594cff2
UVM_INFO @  22359442 ps: (hmac_base_vseq.sv:295) uvm_test_top.env.virtual_sequencer [uvm_test_top.env.virtual_sequencer.hmac_smoke_vseq] wr_addr = 10dd, wr_mask = 1111, words = 0x32f3bffe
UVM_INFO @  22838624 ps: (hmac_base_vseq.sv:295) uvm_test_top.env.virtual_sequencer [uvm_test_top.env.virtual_sequencer.hmac_smoke_vseq] wr_addr = 1661, wr_mask = 0100, words = 0xa4ed0ba4
UVM_INFO @  23442810 ps: (hmac_base_vseq.sv:295) uvm_test_top.env.virtual_sequencer [uvm_test_top.env.virtual_sequencer.hmac_smoke_vseq] wr_addr = 1052, wr_mask = 1111, words = 0x9ba6eede
UVM_INFO @  23526146 ps: (hmac_base_vseq.sv:295) uvm_test_top.env.virtual_sequencer [uvm_test_top.env.virtual_sequencer.hmac_smoke_vseq] wr_addr = 11d0, wr_mask = 1111, words = 0x8dd9090a
UVM_INFO @  23599065 ps: (hmac_base_vseq.sv:295) uvm_test_top.env.virtual_sequencer [uvm_test_top.env.virtual_sequencer.hmac_smoke_vseq] wr_addr = 1743, wr_mask = 1111, words = 0xa9d39766
UVM_INFO @  23817822 ps: (hmac_base_vseq.sv:295) uvm_test_top.env.virtual_sequencer [uvm_test_top.env.virtual_sequencer.hmac_smoke_vseq] wr_addr = 12b3, wr_mask = 1111, words = 0x35bae90
UVM_INFO @  23984494 ps: (hmac_base_vseq.sv:295) uvm_test_top.env.virtual_sequencer [uvm_test_top.env.virtual_sequencer.hmac_smoke_vseq] wr_addr = 172d, wr_mask = 1111, words = 0x5325222e
UVM_INFO @  24265753 ps: (hmac_base_vseq.sv:295) uvm_test_top.env.virtual_sequencer [uvm_test_top.env.virtual_sequencer.hmac_smoke_vseq] wr_addr = 1291, wr_mask = 1111, words = 0x789f8b20
UVM_INFO @  24630348 ps: (hmac_base_vseq.sv:295) uvm_test_top.env.virtual_sequencer [uvm_test_top.env.virtual_sequencer.hmac_smoke_vseq] wr_addr = 17cb, wr_mask = 0011, words = 0x94a4a62
UVM_INFO @  25005360 ps: (hmac_base_vseq.sv:295) uvm_test_top.env.virtual_sequencer [uvm_test_top.env.virtual_sequencer.hmac_smoke_vseq] wr_addr = 1698, wr_mask = 0011, words = 0x9752d74d
UVM_INFO @  25067862 ps: (hmac_base_vseq.sv:295) uvm_test_top.env.virtual_sequencer [uvm_test_top.env.virtual_sequencer.hmac_smoke_vseq] wr_addr = 1197, wr_mask = 1111, words = 0xa425e7c9
UVM_INFO @  25390789 ps: (hmac_base_vseq.sv:295) uvm_test_top.env.virtual_sequencer [uvm_test_top.env.virtual_sequencer.hmac_smoke_vseq] wr_addr = 15aa, wr_mask = 1111, words = 0x159d6254
UVM_INFO @  25640797 ps: (hmac_base_vseq.sv:295) uvm_test_top.env.virtual_sequencer [uvm_test_top.env.virtual_sequencer.hmac_smoke_vseq] wr_addr = 147c, wr_mask = 0110, words = 0xa4ac8a36
UVM_INFO @  26286651 ps: (hmac_base_vseq.sv:295) uvm_test_top.env.virtual_sequencer [uvm_test_top.env.virtual_sequencer.hmac_smoke_vseq] wr_addr = 1060, wr_mask = 1111, words = 0x5902d0d
UVM_INFO @  26369987 ps: (hmac_base_vseq.sv:295) uvm_test_top.env.virtual_sequencer [uvm_test_top.env.virtual_sequencer.hmac_smoke_vseq] wr_addr = 1497, wr_mask = 0011, words = 0x6dd94906
UVM_INFO @  28359634 ps: (hmac_smoke_vseq.sv:80) uvm_test_top.env.virtual_sequencer [uvm_test_top.env.virtual_sequencer.hmac_smoke_vseq] starting seq 3/22, message size 520 bits, hmac=1, sha=1
UVM_INFO @  28359634 ps: (hmac_smoke_vseq.sv:82) uvm_test_top.env.virtual_sequencer [uvm_test_top.env.virtual_sequencer.hmac_smoke_vseq] digest size=SHA2_None, key length=384
UVM_INFO @  28359634 ps: (hmac_smoke_vseq.sv:85) uvm_test_top.env.virtual_sequencer [uvm_test_top.env.virtual_sequencer.hmac_smoke_vseq] intr_fifo_empty/hmac_done/hmac_err=101, endian/digest/key_swap=010
UVM_INFO @  28359634 ps: (hmac_smoke_vseq.sv:86) uvm_test_top.env.virtual_sequencer [uvm_test_top.env.virtual_sequencer.hmac_smoke_vseq] wipe secret condition is: NoWipeSecret
UVM_INFO @  28526306 ps: (hmac_base_vseq.sv:123) uvm_test_top.env.virtual_sequencer [uvm_test_top.env.virtual_sequencer.hmac_smoke_vseq] invalid config: 1
UVM_INFO @  28526306 ps: (hmac_base_vseq.sv:213) uvm_test_top.env.virtual_sequencer [uvm_test_top.env.virtual_sequencer.hmac_smoke_vseq] wiping secret untriggered
UVM_INFO @  32016001 ps: (hmac_base_vseq.sv:213) uvm_test_top.env.virtual_sequencer [uvm_test_top.env.virtual_sequencer.hmac_smoke_vseq] wiping secret untriggered
UVM_INFO @  32016001 ps: (hmac_base_vseq.sv:161) uvm_test_top.env.virtual_sequencer [uvm_test_top.env.virtual_sequencer.hmac_smoke_vseq] triggering hash to start
UVM_INFO @  32068086 ps: (hmac_scoreboard.sv:126) uvm_test_top.env.scoreboard [uvm_test_top.env.scoreboard] invalid config at starting: 1
UVM_INFO @  32349345 ps: (hmac_base_vseq.sv:295) uvm_test_top.env.virtual_sequencer [uvm_test_top.env.virtual_sequencer.hmac_smoke_vseq] wr_addr = 12ee, wr_mask = 0111, words = 0x525bd47
UVM_INFO @  32963948 ps: (hmac_base_vseq.sv:295) uvm_test_top.env.virtual_sequencer [uvm_test_top.env.virtual_sequencer.hmac_smoke_vseq] wr_addr = 11f3, wr_mask = 0111, words = 0xdf186b56
UVM_INFO @  33276458 ps: (hmac_base_vseq.sv:295) uvm_test_top.env.virtual_sequencer [uvm_test_top.env.virtual_sequencer.hmac_smoke_vseq] wr_addr = 105e, wr_mask = 0001, words = 0xf414b785
UVM_INFO @  33828559 ps: (hmac_base_vseq.sv:295) uvm_test_top.env.virtual_sequencer [uvm_test_top.env.virtual_sequencer.hmac_smoke_vseq] wr_addr = 1645, wr_mask = 0111, words = 0xa5289209
UVM_INFO @  34141069 ps: (hmac_base_vseq.sv:295) uvm_test_top.env.virtual_sequencer [uvm_test_top.env.virtual_sequencer.hmac_smoke_vseq] wr_addr = 105a, wr_mask = 1111, words = 0x34949ff1
UVM_INFO @  34630668 ps: (hmac_base_vseq.sv:295) uvm_test_top.env.virtual_sequencer [uvm_test_top.env.virtual_sequencer.hmac_smoke_vseq] wr_addr = 14a1, wr_mask = 1111, words = 0x655ee332
UVM_INFO @  34984846 ps: (hmac_base_vseq.sv:295) uvm_test_top.env.virtual_sequencer [uvm_test_top.env.virtual_sequencer.hmac_smoke_vseq] wr_addr = 1259, wr_mask = 0011, words = 0xd33c52c9
UVM_INFO @  35401526 ps: (hmac_base_vseq.sv:295) uvm_test_top.env.virtual_sequencer [uvm_test_top.env.virtual_sequencer.hmac_smoke_vseq] wr_addr = 1694, wr_mask = 1110, words = 0x72326c37
UVM_INFO @  35661951 ps: (hmac_base_vseq.sv:295) uvm_test_top.env.virtual_sequencer [uvm_test_top.env.virtual_sequencer.hmac_smoke_vseq] wr_addr = 10be, wr_mask = 0110, words = 0xa056cf37
UVM_INFO @  35932793 ps: (hmac_base_vseq.sv:295) uvm_test_top.env.virtual_sequencer [uvm_test_top.env.virtual_sequencer.hmac_smoke_vseq] wr_addr = 15b2, wr_mask = 0110, words = 0x7d649961
UVM_INFO @  36380724 ps: (hmac_base_vseq.sv:295) uvm_test_top.env.virtual_sequencer [uvm_test_top.env.virtual_sequencer.hmac_smoke_vseq] wr_addr = 10d2, wr_mask = 0110, words = 0x40565a79
UVM_INFO @  36630732 ps: (hmac_base_vseq.sv:295) uvm_test_top.env.virtual_sequencer [uvm_test_top.env.virtual_sequencer.hmac_smoke_vseq] wr_addr = 1672, wr_mask = 0110, words = 0x5d23f531
UVM_INFO @  36995327 ps: (hmac_base_vseq.sv:295) uvm_test_top.env.virtual_sequencer [uvm_test_top.env.virtual_sequencer.hmac_smoke_vseq] wr_addr = 1753, wr_mask = 0011, words = 0x7d98de78
UVM_INFO @  37422424 ps: (hmac_base_vseq.sv:295) uvm_test_top.env.virtual_sequencer [uvm_test_top.env.virtual_sequencer.hmac_smoke_vseq] wr_addr = 128a, wr_mask = 1111, words = 0x5051ffe2
UVM_INFO @  37787019 ps: (hmac_base_vseq.sv:295) uvm_test_top.env.virtual_sequencer [uvm_test_top.env.virtual_sequencer.hmac_smoke_vseq] wr_addr = 1623, wr_mask = 1111, words = 0xfa99e1e8
UVM_INFO @  37891189 ps: (hmac_base_vseq.sv:295) uvm_test_top.env.virtual_sequencer [uvm_test_top.env.virtual_sequencer.hmac_smoke_vseq] wr_addr = 143d, wr_mask = 1111, words = 0x8f9d8c65
UVM_INFO @  37932857 ps: (hmac_base_vseq.sv:295) uvm_test_top.env.virtual_sequencer [uvm_test_top.env.virtual_sequencer.hmac_smoke_vseq] wr_addr = 14d8, wr_mask = 1100, words = 0x1958f740
UVM_INFO @  37953691 ps: (hmac_base_vseq.sv:295) uvm_test_top.env.virtual_sequencer [uvm_test_top.env.virtual_sequencer.hmac_smoke_vseq] wr_addr = 13ae, wr_mask = 1100, words = 0xa1a5ea71
UVM_INFO @  38234950 ps: (hmac_base_vseq.sv:295) uvm_test_top.env.virtual_sequencer [uvm_test_top.env.virtual_sequencer.hmac_smoke_vseq] wr_addr = 113d, wr_mask = 1111, words = 0xf40d5722
UVM_INFO @  38443290 ps: (hmac_base_vseq.sv:295) uvm_test_top.env.virtual_sequencer [uvm_test_top.env.virtual_sequencer.hmac_smoke_vseq] wr_addr = 1642, wr_mask = 1111, words = 0x12e6e454
UVM_INFO @  38526626 ps: (hmac_base_vseq.sv:295) uvm_test_top.env.virtual_sequencer [uvm_test_top.env.virtual_sequencer.hmac_smoke_vseq] wr_addr = 162d, wr_mask = 1111, words = 0x5668bd9
UVM_INFO @  38776634 ps: (hmac_base_vseq.sv:295) uvm_test_top.env.virtual_sequencer [uvm_test_top.env.virtual_sequencer.hmac_smoke_vseq] wr_addr = 1298, wr_mask = 0111, words = 0x7c38c734
UVM_INFO @  39214148 ps: (hmac_base_vseq.sv:295) uvm_test_top.env.virtual_sequencer [uvm_test_top.env.virtual_sequencer.hmac_smoke_vseq] wr_addr = 14a5, wr_mask = 0001, words = 0xb442c46b
UVM_INFO @  40620443 ps: (hmac_smoke_vseq.sv:80) uvm_test_top.env.virtual_sequencer [uvm_test_top.env.virtual_sequencer.hmac_smoke_vseq] starting seq 4/22, message size 616 bits, hmac=1, sha=1
UVM_INFO @  40620443 ps: (hmac_smoke_vseq.sv:82) uvm_test_top.env.virtual_sequencer [uvm_test_top.env.virtual_sequencer.hmac_smoke_vseq] digest size=SHA2_256, key length=256
UVM_INFO @  40620443 ps: (hmac_smoke_vseq.sv:85) uvm_test_top.env.virtual_sequencer [uvm_test_top.env.virtual_sequencer.hmac_smoke_vseq] intr_fifo_empty/hmac_done/hmac_err=011, endian/digest/key_swap=010
UVM_INFO @  40620443 ps: (hmac_smoke_vseq.sv:86) uvm_test_top.env.virtual_sequencer [uvm_test_top.env.virtual_sequencer.hmac_smoke_vseq] wipe secret condition is: NoWipeSecret
UVM_INFO @  40787115 ps: (hmac_base_vseq.sv:123) uvm_test_top.env.virtual_sequencer [uvm_test_top.env.virtual_sequencer.hmac_smoke_vseq] invalid config: 0
UVM_INFO @  40787115 ps: (hmac_base_vseq.sv:213) uvm_test_top.env.virtual_sequencer [uvm_test_top.env.virtual_sequencer.hmac_smoke_vseq] wiping secret untriggered
UVM_INFO @  44589320 ps: (hmac_base_vseq.sv:213) uvm_test_top.env.virtual_sequencer [uvm_test_top.env.virtual_sequencer.hmac_smoke_vseq] wiping secret untriggered
UVM_INFO @  45808109 ps: (hmac_base_vseq.sv:161) uvm_test_top.env.virtual_sequencer [uvm_test_top.env.virtual_sequencer.hmac_smoke_vseq] triggering hash to start
UVM_INFO @  45881028 ps: (hmac_scoreboard.sv:126) uvm_test_top.env.scoreboard [uvm_test_top.env.scoreboard] invalid config at starting: 0
UVM_INFO @  45891445 ps: (hmac_base_vseq.sv:295) uvm_test_top.env.virtual_sequencer [uvm_test_top.env.virtual_sequencer.hmac_smoke_vseq] wr_addr = 1612, wr_mask = 0011, words = 0x7b08681b
UVM_INFO @  46047700 ps: (hmac_base_vseq.sv:295) uvm_test_top.env.virtual_sequencer [uvm_test_top.env.virtual_sequencer.hmac_smoke_vseq] wr_addr = 128d, wr_mask = 0011, words = 0xb9efc47b
UVM_INFO @  46745639 ps: (hmac_base_vseq.sv:295) uvm_test_top.env.virtual_sequencer [uvm_test_top.env.virtual_sequencer.hmac_smoke_vseq] wr_addr = 15c0, wr_mask = 0010, words = 0x711da789
UVM_INFO @  47203987 ps: (hmac_base_vseq.sv:295) uvm_test_top.env.virtual_sequencer [uvm_test_top.env.virtual_sequencer.hmac_smoke_vseq] wr_addr = 11fa, wr_mask = 1111, words = 0x6596dbd6
UVM_INFO @  47287323 ps: (hmac_base_vseq.sv:295) uvm_test_top.env.virtual_sequencer [uvm_test_top.env.virtual_sequencer.hmac_smoke_vseq] wr_addr = 10cd, wr_mask = 0110, words = 0x40be20fb
UVM_INFO @  47381076 ps: (hmac_base_vseq.sv:295) uvm_test_top.env.virtual_sequencer [uvm_test_top.env.virtual_sequencer.hmac_smoke_vseq] wr_addr = 153d, wr_mask = 0100, words = 0xcab6f871
UVM_INFO @  47745671 ps: (hmac_base_vseq.sv:295) uvm_test_top.env.virtual_sequencer [uvm_test_top.env.virtual_sequencer.hmac_smoke_vseq] wr_addr = 1613, wr_mask = 1111, words = 0xf99ee675
UVM_INFO @  47943594 ps: (hmac_base_vseq.sv:295) uvm_test_top.env.virtual_sequencer [uvm_test_top.env.virtual_sequencer.hmac_smoke_vseq] wr_addr = 12f3, wr_mask = 0100, words = 0x4b2d8ac3
UVM_INFO @  47974845 ps: (hmac_base_vseq.sv:295) uvm_test_top.env.virtual_sequencer [uvm_test_top.env.virtual_sequencer.hmac_smoke_vseq] wr_addr = 1262, wr_mask = 0010, words = 0x98f280fa
UVM_INFO @  48214436 ps: (hmac_base_vseq.sv:295) uvm_test_top.env.virtual_sequencer [uvm_test_top.env.virtual_sequencer.hmac_smoke_vseq] wr_addr = 1128, wr_mask = 0100, words = 0x15768fd1
UVM_INFO @  48287355 ps: (hmac_base_vseq.sv:295) uvm_test_top.env.virtual_sequencer [uvm_test_top.env.virtual_sequencer.hmac_smoke_vseq] wr_addr = 1694, wr_mask = 1111, words = 0x89a881d4
UVM_INFO @  48631116 ps: (hmac_base_vseq.sv:295) uvm_test_top.env.virtual_sequencer [uvm_test_top.env.virtual_sequencer.hmac_smoke_vseq] wr_addr = 16f2, wr_mask = 0111, words = 0x83df65e9
UVM_INFO @  48901958 ps: (hmac_base_vseq.sv:295) uvm_test_top.env.virtual_sequencer [uvm_test_top.env.virtual_sequencer.hmac_smoke_vseq] wr_addr = 1215, wr_mask = 1110, words = 0xae5c28b6
UVM_INFO @  49256136 ps: (hmac_base_vseq.sv:295) uvm_test_top.env.virtual_sequencer [uvm_test_top.env.virtual_sequencer.hmac_smoke_vseq] wr_addr = 1772, wr_mask = 1110, words = 0x24090360
UVM_INFO @  49735318 ps: (hmac_base_vseq.sv:295) uvm_test_top.env.virtual_sequencer [uvm_test_top.env.virtual_sequencer.hmac_smoke_vseq] wr_addr = 15c4, wr_mask = 1110, words = 0xc7e9ce95
UVM_INFO @  50047828 ps: (hmac_base_vseq.sv:295) uvm_test_top.env.virtual_sequencer [uvm_test_top.env.virtual_sequencer.hmac_smoke_vseq] wr_addr = 124c, wr_mask = 0100, words = 0x208bacce
UVM_INFO @  50089496 ps: (hmac_base_vseq.sv:295) uvm_test_top.env.virtual_sequencer [uvm_test_top.env.virtual_sequencer.hmac_smoke_vseq] wr_addr = 1130, wr_mask = 1111, words = 0xaff5e3bd
UVM_INFO @  50110330 ps: (hmac_base_vseq.sv:295) uvm_test_top.env.virtual_sequencer [uvm_test_top.env.virtual_sequencer.hmac_smoke_vseq] wr_addr = 134d, wr_mask = 0111, words = 0x57be26ea
UVM_INFO @  50641597 ps: (hmac_base_vseq.sv:295) uvm_test_top.env.virtual_sequencer [uvm_test_top.env.virtual_sequencer.hmac_smoke_vseq] wr_addr = 12d5, wr_mask = 1111, words = 0xe06e6138
UVM_INFO @  51016609 ps: (hmac_base_vseq.sv:295) uvm_test_top.env.virtual_sequencer [uvm_test_top.env.virtual_sequencer.hmac_smoke_vseq] wr_addr = 12ac, wr_mask = 1111, words = 0x6035ad5c
UVM_INFO @  51120779 ps: (hmac_base_vseq.sv:295) uvm_test_top.env.virtual_sequencer [uvm_test_top.env.virtual_sequencer.hmac_smoke_vseq] wr_addr = 1605, wr_mask = 1110, words = 0x70b931f5
UVM_INFO @  51141613 ps: (hmac_base_vseq.sv:295) uvm_test_top.env.virtual_sequencer [uvm_test_top.env.virtual_sequencer.hmac_smoke_vseq] wr_addr = 1148, wr_mask = 0001, words = 0x4780133
UVM_INFO @  51381204 ps: (hmac_base_vseq.sv:295) uvm_test_top.env.virtual_sequencer [uvm_test_top.env.virtual_sequencer.hmac_smoke_vseq] wr_addr = 13cf, wr_mask = 0111, words = 0xb41dee95
UVM_INFO @  51849969 ps: (hmac_base_vseq.sv:295) uvm_test_top.env.virtual_sequencer [uvm_test_top.env.virtual_sequencer.hmac_smoke_vseq] wr_addr = 14c0, wr_mask = 1110, words = 0x8d50f524
UVM_INFO @  52204147 ps: (hmac_base_vseq.sv:295) uvm_test_top.env.virtual_sequencer [uvm_test_top.env.virtual_sequencer.hmac_smoke_vseq] wr_addr = 151d, wr_mask = 1111, words = 0xd286a9f
UVM_INFO @  52579159 ps: (hmac_base_vseq.sv:295) uvm_test_top.env.virtual_sequencer [uvm_test_top.env.virtual_sequencer.hmac_smoke_vseq] wr_addr = 119d, wr_mask = 1100, words = 0x5166c292
UVM_INFO @  53131260 ps: (hmac_base_vseq.sv:295) uvm_test_top.env.virtual_sequencer [uvm_test_top.env.virtual_sequencer.hmac_smoke_vseq] wr_addr = 1094, wr_mask = 0111, words = 0xe9d98eca
UVM_INFO @  53412519 ps: (hmac_base_vseq.sv:295) uvm_test_top.env.virtual_sequencer [uvm_test_top.env.virtual_sequencer.hmac_smoke_vseq] wr_addr = 1661, wr_mask = 1111, words = 0x6137c92f
UVM_INFO @  53454187 ps: (hmac_base_vseq.sv:295) uvm_test_top.env.virtual_sequencer [uvm_test_top.env.virtual_sequencer.hmac_smoke_vseq] wr_addr = 14ed, wr_mask = 1100, words = 0xf4c6961b
UVM_INFO @  53797948 ps: (hmac_base_vseq.sv:295) uvm_test_top.env.virtual_sequencer [uvm_test_top.env.virtual_sequencer.hmac_smoke_vseq] wr_addr = 13e5, wr_mask = 0001, words = 0x9f2289ee
UVM_INFO @  54589640 ps: (hmac_smoke_vseq.sv:179) uvm_test_top.env.virtual_sequencer [uvm_test_top.env.virtual_sequencer.hmac_smoke_vseq] triggering process because msg stream is finished
UVM_INFO @  54589640 ps: (hmac_base_vseq.sv:194) uvm_test_top.env.virtual_sequencer [uvm_test_top.env.virtual_sequencer.hmac_smoke_vseq] triggering hash to process
UVM_INFO @  54693810 ps: (hmac_scoreboard.sv:126) uvm_test_top.env.scoreboard [uvm_test_top.env.scoreboard] invalid config at starting: 0
UVM_INFO @  54693810 ps: (hmac_scoreboard.sv:767) uvm_test_top.env.scoreboard [uvm_test_top.env.scoreboard] Computing digest prediction
bounds [31:0]
bounds [76:0]
UVM_INFO @  54693810 ps: (hmac_scoreboard.sv:809) uvm_test_top.env.scoreboard [uvm_test_top.env.scoreboard] HMAC of key=709199414 (key_swap=00000000000000000000000000000000), msg_i='{27, 104, 123, 196, 167, 214, 219, 150, 101, 32, 190, 182, 117, 230, 158, 249, 45, 128, 118, 212, 129, 168, 137, 233, 101, 223, 40, 92, 174, 3, 9, 36, 206, 233, 199, 139, 189, 227, 245, 175, 234, 38, 190, 56, 97, 110, 224, 92, 173, 53, 96, 49, 185, 112, 51, 149, 238, 29, 245, 80, 141, 159, 106, 40, 13, 102, 81, 202, 142, 217, 47, 201, 55, 97, 198, 244, 238}: 534003810
UVM_INFO @  57568902 ps: (hmac_smoke_vseq.sv:235) uvm_test_top.env.virtual_sequencer [uvm_test_top.env.virtual_sequencer.hmac_smoke_vseq] reading digest
UVM_INFO @  58537683 ps: (hmac_smoke_vseq.sv:80) uvm_test_top.env.virtual_sequencer [uvm_test_top.env.virtual_sequencer.hmac_smoke_vseq] starting seq 5/22, message size 2048 bits, hmac=0, sha=1
UVM_INFO @  58537683 ps: (hmac_smoke_vseq.sv:82) uvm_test_top.env.virtual_sequencer [uvm_test_top.env.virtual_sequencer.hmac_smoke_vseq] digest size=SHA2_None, key length=512
UVM_INFO @  58537683 ps: (hmac_smoke_vseq.sv:85) uvm_test_top.env.virtual_sequencer [uvm_test_top.env.virtual_sequencer.hmac_smoke_vseq] intr_fifo_empty/hmac_done/hmac_err=111, endian/digest/key_swap=001
UVM_INFO @  58537683 ps: (hmac_smoke_vseq.sv:86) uvm_test_top.env.virtual_sequencer [uvm_test_top.env.virtual_sequencer.hmac_smoke_vseq] wipe secret condition is: NoWipeSecret
UVM_INFO @  58725189 ps: (hmac_base_vseq.sv:123) uvm_test_top.env.virtual_sequencer [uvm_test_top.env.virtual_sequencer.hmac_smoke_vseq] invalid config: 1
UVM_INFO @  58725189 ps: (hmac_base_vseq.sv:213) uvm_test_top.env.virtual_sequencer [uvm_test_top.env.virtual_sequencer.hmac_smoke_vseq] wiping secret untriggered
UVM_INFO @  62079463 ps: (hmac_base_vseq.sv:213) uvm_test_top.env.virtual_sequencer [uvm_test_top.env.virtual_sequencer.hmac_smoke_vseq] wiping secret untriggered
UVM_INFO @  62079463 ps: (hmac_base_vseq.sv:161) uvm_test_top.env.virtual_sequencer [uvm_test_top.env.virtual_sequencer.hmac_smoke_vseq] triggering hash to start
UVM_INFO @  62121131 ps: (hmac_scoreboard.sv:126) uvm_test_top.env.scoreboard [uvm_test_top.env.scoreboard] invalid config at starting: 1
UVM_INFO @  62444058 ps: (hmac_base_vseq.sv:295) uvm_test_top.env.virtual_sequencer [uvm_test_top.env.virtual_sequencer.hmac_smoke_vseq] wr_addr = 12cb, wr_mask = 1111, words = 0xfc44131c
UVM_INFO @  63006576 ps: (hmac_base_vseq.sv:295) uvm_test_top.env.virtual_sequencer [uvm_test_top.env.virtual_sequencer.hmac_smoke_vseq] wr_addr = 1482, wr_mask = 1111, words = 0xc0d24c95
UVM_INFO @  63131580 ps: (hmac_base_vseq.sv:295) uvm_test_top.env.virtual_sequencer [uvm_test_top.env.virtual_sequencer.hmac_smoke_vseq] wr_addr = 11a8, wr_mask = 1111, words = 0x5034c20f
UVM_INFO @  63339920 ps: (hmac_base_vseq.sv:295) uvm_test_top.env.virtual_sequencer [uvm_test_top.env.virtual_sequencer.hmac_smoke_vseq] wr_addr = 11eb, wr_mask = 1110, words = 0x17d28c16
UVM_INFO @  63558677 ps: (hmac_base_vseq.sv:295) uvm_test_top.env.virtual_sequencer [uvm_test_top.env.virtual_sequencer.hmac_smoke_vseq] wr_addr = 127a, wr_mask = 1111, words = 0x9a4f5d71
UVM_INFO @  63777434 ps: (hmac_base_vseq.sv:295) uvm_test_top.env.virtual_sequencer [uvm_test_top.env.virtual_sequencer.hmac_smoke_vseq] wr_addr = 1151, wr_mask = 1111, words = 0x244cdef7
UVM_INFO @  63902438 ps: (hmac_base_vseq.sv:295) uvm_test_top.env.virtual_sequencer [uvm_test_top.env.virtual_sequencer.hmac_smoke_vseq] wr_addr = 1450, wr_mask = 1111, words = 0x7d229ff5
UVM_INFO @  64298284 ps: (hmac_base_vseq.sv:295) uvm_test_top.env.virtual_sequencer [uvm_test_top.env.virtual_sequencer.hmac_smoke_vseq] wr_addr = 128c, wr_mask = 1111, words = 0xa5048e78
UVM_INFO @  64631628 ps: (hmac_base_vseq.sv:295) uvm_test_top.env.virtual_sequencer [uvm_test_top.env.virtual_sequencer.hmac_smoke_vseq] wr_addr = 1533, wr_mask = 1111, words = 0xe0fb402
UVM_INFO @  65079559 ps: (hmac_base_vseq.sv:295) uvm_test_top.env.virtual_sequencer [uvm_test_top.env.virtual_sequencer.hmac_smoke_vseq] wr_addr = 10b7, wr_mask = 0001, words = 0x8c75a2cc
UVM_INFO @  65204563 ps: (hmac_base_vseq.sv:295) uvm_test_top.env.virtual_sequencer [uvm_test_top.env.virtual_sequencer.hmac_smoke_vseq] wr_addr = 1429, wr_mask = 1110, words = 0x2511f210
UVM_INFO @  65329567 ps: (hmac_base_vseq.sv:295) uvm_test_top.env.virtual_sequencer [uvm_test_top.env.virtual_sequencer.hmac_smoke_vseq] wr_addr = 1767, wr_mask = 1111, words = 0x564f52ed
UVM_INFO @  65673328 ps: (hmac_base_vseq.sv:295) uvm_test_top.env.virtual_sequencer [uvm_test_top.env.virtual_sequencer.hmac_smoke_vseq] wr_addr = 1051, wr_mask = 0111, words = 0x8ef178b
UVM_INFO @  66017089 ps: (hmac_base_vseq.sv:295) uvm_test_top.env.virtual_sequencer [uvm_test_top.env.virtual_sequencer.hmac_smoke_vseq] wr_addr = 11c7, wr_mask = 0001, words = 0xa3c8a14d
UVM_INFO @  66402518 ps: (hmac_base_vseq.sv:295) uvm_test_top.env.virtual_sequencer [uvm_test_top.env.virtual_sequencer.hmac_smoke_vseq] wr_addr = 12d1, wr_mask = 1111, words = 0x1a59f2c3
UVM_INFO @  66496271 ps: (hmac_base_vseq.sv:295) uvm_test_top.env.virtual_sequencer [uvm_test_top.env.virtual_sequencer.hmac_smoke_vseq] wr_addr = 16bc, wr_mask = 0110, words = 0x8d75ff70
UVM_INFO @  67058789 ps: (hmac_base_vseq.sv:295) uvm_test_top.env.virtual_sequencer [uvm_test_top.env.virtual_sequencer.hmac_smoke_vseq] wr_addr = 1052, wr_mask = 1100, words = 0xee6ecaa9
UVM_INFO @  67506720 ps: (hmac_base_vseq.sv:295) uvm_test_top.env.virtual_sequencer [uvm_test_top.env.virtual_sequencer.hmac_smoke_vseq] wr_addr = 147d, wr_mask = 1111, words = 0x6213ca71
UVM_INFO @  67746311 ps: (hmac_base_vseq.sv:295) uvm_test_top.env.virtual_sequencer [uvm_test_top.env.virtual_sequencer.hmac_smoke_vseq] wr_addr = 166e, wr_mask = 0111, words = 0x4211dff1
UVM_INFO @  67777562 ps: (hmac_base_vseq.sv:295) uvm_test_top.env.virtual_sequencer [uvm_test_top.env.virtual_sequencer.hmac_smoke_vseq] wr_addr = 17c9, wr_mask = 1111, words = 0x3b47a934
UVM_INFO @  68121323 ps: (hmac_base_vseq.sv:295) uvm_test_top.env.virtual_sequencer [uvm_test_top.env.virtual_sequencer.hmac_smoke_vseq] wr_addr = 1462, wr_mask = 0111, words = 0x2184d131
UVM_INFO @  68538003 ps: (hmac_base_vseq.sv:295) uvm_test_top.env.virtual_sequencer [uvm_test_top.env.virtual_sequencer.hmac_smoke_vseq] wr_addr = 1042, wr_mask = 1110, words = 0x819de20c
UVM_INFO @  69142189 ps: (hmac_base_vseq.sv:295) uvm_test_top.env.virtual_sequencer [uvm_test_top.env.virtual_sequencer.hmac_smoke_vseq] wr_addr = 1555, wr_mask = 1110, words = 0x49b257f0
UVM_INFO @  69183857 ps: (hmac_base_vseq.sv:295) uvm_test_top.env.virtual_sequencer [uvm_test_top.env.virtual_sequencer.hmac_smoke_vseq] wr_addr = 14f2, wr_mask = 1000, words = 0x1d71efe
UVM_INFO @  69631788 ps: (hmac_base_vseq.sv:295) uvm_test_top.env.virtual_sequencer [uvm_test_top.env.virtual_sequencer.hmac_smoke_vseq] wr_addr = 125d, wr_mask = 0011, words = 0x34be0cea
UVM_INFO @  69788043 ps: (hmac_base_vseq.sv:295) uvm_test_top.env.virtual_sequencer [uvm_test_top.env.virtual_sequencer.hmac_smoke_vseq] wr_addr = 1097, wr_mask = 0111, words = 0xbd72e964
UVM_INFO @  70235974 ps: (hmac_base_vseq.sv:295) uvm_test_top.env.virtual_sequencer [uvm_test_top.env.virtual_sequencer.hmac_smoke_vseq] wr_addr = 11c5, wr_mask = 0001, words = 0xc8465dd0
UVM_INFO @  70329727 ps: (hmac_base_vseq.sv:295) uvm_test_top.env.virtual_sequencer [uvm_test_top.env.virtual_sequencer.hmac_smoke_vseq] wr_addr = 1265, wr_mask = 1111, words = 0xe32036d9
UVM_INFO @  70860994 ps: (hmac_base_vseq.sv:295) uvm_test_top.env.virtual_sequencer [uvm_test_top.env.virtual_sequencer.hmac_smoke_vseq] wr_addr = 1596, wr_mask = 0001, words = 0xe10c0a7
UVM_INFO @  71194338 ps: (hmac_base_vseq.sv:295) uvm_test_top.env.virtual_sequencer [uvm_test_top.env.virtual_sequencer.hmac_smoke_vseq] wr_addr = 124d, wr_mask = 1111, words = 0xde19bb92
UVM_INFO @  71694354 ps: (hmac_base_vseq.sv:295) uvm_test_top.env.virtual_sequencer [uvm_test_top.env.virtual_sequencer.hmac_smoke_vseq] wr_addr = 1224, wr_mask = 1110, words = 0xc505c53
UVM_INFO @  72027698 ps: (hmac_base_vseq.sv:295) uvm_test_top.env.virtual_sequencer [uvm_test_top.env.virtual_sequencer.hmac_smoke_vseq] wr_addr = 1183, wr_mask = 0010, words = 0x5d7f695e
UVM_INFO @  72413127 ps: (hmac_base_vseq.sv:295) uvm_test_top.env.virtual_sequencer [uvm_test_top.env.virtual_sequencer.hmac_smoke_vseq] wr_addr = 1352, wr_mask = 0010, words = 0x10f6759f
UVM_INFO @  72486046 ps: (hmac_base_vseq.sv:295) uvm_test_top.env.virtual_sequencer [uvm_test_top.env.virtual_sequencer.hmac_smoke_vseq] wr_addr = 1635, wr_mask = 1111, words = 0x6e3cb534
UVM_INFO @  72944394 ps: (hmac_base_vseq.sv:295) uvm_test_top.env.virtual_sequencer [uvm_test_top.env.virtual_sequencer.hmac_smoke_vseq] wr_addr = 15da, wr_mask = 1111, words = 0xf40024e8
UVM_INFO @  73548580 ps: (hmac_base_vseq.sv:295) uvm_test_top.env.virtual_sequencer [uvm_test_top.env.virtual_sequencer.hmac_smoke_vseq] wr_addr = 113b, wr_mask = 0110, words = 0xc0789f85
UVM_INFO @  73809005 ps: (hmac_base_vseq.sv:295) uvm_test_top.env.virtual_sequencer [uvm_test_top.env.virtual_sequencer.hmac_smoke_vseq] wr_addr = 1074, wr_mask = 1110, words = 0xb497056a
UVM_INFO @  73944426 ps: (hmac_base_vseq.sv:295) uvm_test_top.env.virtual_sequencer [uvm_test_top.env.virtual_sequencer.hmac_smoke_vseq] wr_addr = 1322, wr_mask = 1111, words = 0x6c4887c9
UVM_INFO @  74475693 ps: (hmac_base_vseq.sv:295) uvm_test_top.env.virtual_sequencer [uvm_test_top.env.virtual_sequencer.hmac_smoke_vseq] wr_addr = 134b, wr_mask = 1111, words = 0x8c9ae1b4
UVM_INFO @  74559029 ps: (hmac_base_vseq.sv:295) uvm_test_top.env.virtual_sequencer [uvm_test_top.env.virtual_sequencer.hmac_smoke_vseq] wr_addr = 1126, wr_mask = 1100, words = 0x34bb512c
UVM_INFO @  74631948 ps: (hmac_base_vseq.sv:295) uvm_test_top.env.virtual_sequencer [uvm_test_top.env.virtual_sequencer.hmac_smoke_vseq] wr_addr = 1182, wr_mask = 1111, words = 0x8b97529
UVM_INFO @  74715284 ps: (hmac_base_vseq.sv:295) uvm_test_top.env.virtual_sequencer [uvm_test_top.env.virtual_sequencer.hmac_smoke_vseq] wr_addr = 11a8, wr_mask = 0110, words = 0x8602fbab
UVM_INFO @  75059045 ps: (hmac_base_vseq.sv:295) uvm_test_top.env.virtual_sequencer [uvm_test_top.env.virtual_sequencer.hmac_smoke_vseq] wr_addr = 13be, wr_mask = 1111, words = 0xbae32cf4
UVM_INFO @  75736150 ps: (hmac_base_vseq.sv:295) uvm_test_top.env.virtual_sequencer [uvm_test_top.env.virtual_sequencer.hmac_smoke_vseq] wr_addr = 10fa, wr_mask = 1111, words = 0xd48bd7e1
UVM_INFO @  75756984 ps: (hmac_base_vseq.sv:295) uvm_test_top.env.virtual_sequencer [uvm_test_top.env.virtual_sequencer.hmac_smoke_vseq] wr_addr = 143a, wr_mask = 1111, words = 0x3429c69d
UVM_INFO @  76194498 ps: (hmac_base_vseq.sv:295) uvm_test_top.env.virtual_sequencer [uvm_test_top.env.virtual_sequencer.hmac_smoke_vseq] wr_addr = 10e2, wr_mask = 1111, words = 0xc03b484e
UVM_INFO @  76486174 ps: (hmac_base_vseq.sv:295) uvm_test_top.env.virtual_sequencer [uvm_test_top.env.virtual_sequencer.hmac_smoke_vseq] wr_addr = 1703, wr_mask = 1111, words = 0x71ea17e1
UVM_INFO @  76725765 ps: (hmac_base_vseq.sv:295) uvm_test_top.env.virtual_sequencer [uvm_test_top.env.virtual_sequencer.hmac_smoke_vseq] wr_addr = 10b0, wr_mask = 0110, words = 0x8608aa01
UVM_INFO @  76767433 ps: (hmac_base_vseq.sv:295) uvm_test_top.env.virtual_sequencer [uvm_test_top.env.virtual_sequencer.hmac_smoke_vseq] wr_addr = 10bb, wr_mask = 1111, words = 0xaf58b654
UVM_INFO @  77204947 ps: (hmac_base_vseq.sv:295) uvm_test_top.env.virtual_sequencer [uvm_test_top.env.virtual_sequencer.hmac_smoke_vseq] wr_addr = 16ee, wr_mask = 1111, words = 0xd68655aa
UVM_INFO @  77652878 ps: (hmac_base_vseq.sv:295) uvm_test_top.env.virtual_sequencer [uvm_test_top.env.virtual_sequencer.hmac_smoke_vseq] wr_addr = 16dd, wr_mask = 1111, words = 0x55673b4f
UVM_INFO @  77704963 ps: (hmac_base_vseq.sv:295) uvm_test_top.env.virtual_sequencer [uvm_test_top.env.virtual_sequencer.hmac_smoke_vseq] wr_addr = 110a, wr_mask = 1111, words = 0xd1c9aecd
UVM_INFO @  78100809 ps: (hmac_base_vseq.sv:295) uvm_test_top.env.virtual_sequencer [uvm_test_top.env.virtual_sequencer.hmac_smoke_vseq] wr_addr = 162f, wr_mask = 1111, words = 0x4b3c990e
UVM_INFO @  78371651 ps: (hmac_base_vseq.sv:295) uvm_test_top.env.virtual_sequencer [uvm_test_top.env.virtual_sequencer.hmac_smoke_vseq] wr_addr = 12a0, wr_mask = 1111, words = 0x5429a2bc
UVM_INFO @  78840416 ps: (hmac_base_vseq.sv:295) uvm_test_top.env.virtual_sequencer [uvm_test_top.env.virtual_sequencer.hmac_smoke_vseq] wr_addr = 17b3, wr_mask = 1100, words = 0x1ceabf19
UVM_INFO @  79184177 ps: (hmac_base_vseq.sv:295) uvm_test_top.env.virtual_sequencer [uvm_test_top.env.virtual_sequencer.hmac_smoke_vseq] wr_addr = 16c2, wr_mask = 0010, words = 0xed826dd0
UVM_INFO @  79402934 ps: (hmac_base_vseq.sv:295) uvm_test_top.env.virtual_sequencer [uvm_test_top.env.virtual_sequencer.hmac_smoke_vseq] wr_addr = 1456, wr_mask = 1111, words = 0xe849e74d
UVM_INFO @  79882116 ps: (hmac_base_vseq.sv:295) uvm_test_top.env.virtual_sequencer [uvm_test_top.env.virtual_sequencer.hmac_smoke_vseq] wr_addr = 173a, wr_mask = 1111, words = 0x2783f9c2
UVM_INFO @  80236294 ps: (hmac_base_vseq.sv:295) uvm_test_top.env.virtual_sequencer [uvm_test_top.env.virtual_sequencer.hmac_smoke_vseq] wr_addr = 168b, wr_mask = 0111, words = 0xb5d2078e
UVM_INFO @  80611306 ps: (hmac_base_vseq.sv:295) uvm_test_top.env.virtual_sequencer [uvm_test_top.env.virtual_sequencer.hmac_smoke_vseq] wr_addr = 11ef, wr_mask = 0100, words = 0x1cf977c2
UVM_INFO @  80830063 ps: (hmac_base_vseq.sv:295) uvm_test_top.env.virtual_sequencer [uvm_test_top.env.virtual_sequencer.hmac_smoke_vseq] wr_addr = 17c0, wr_mask = 1111, words = 0x31f4b9ff
UVM_INFO @  81163407 ps: (hmac_base_vseq.sv:295) uvm_test_top.env.virtual_sequencer [uvm_test_top.env.virtual_sequencer.hmac_smoke_vseq] wr_addr = 13cc, wr_mask = 0100, words = 0x28ac57c5
UVM_INFO @  81361330 ps: (hmac_base_vseq.sv:295) uvm_test_top.env.virtual_sequencer [uvm_test_top.env.virtual_sequencer.hmac_smoke_vseq] wr_addr = 13f6, wr_mask = 1111, words = 0x362967d4
UVM_INFO @  81413415 ps: (hmac_base_vseq.sv:295) uvm_test_top.env.virtual_sequencer [uvm_test_top.env.virtual_sequencer.hmac_smoke_vseq] wr_addr = 17f8, wr_mask = 0011, words = 0xb977a2b8
UVM_INFO @  82059269 ps: (hmac_base_vseq.sv:295) uvm_test_top.env.virtual_sequencer [uvm_test_top.env.virtual_sequencer.hmac_smoke_vseq] wr_addr = 152f, wr_mask = 0010, words = 0x24a97465
UVM_INFO @  82413447 ps: (hmac_base_vseq.sv:295) uvm_test_top.env.virtual_sequencer [uvm_test_top.env.virtual_sequencer.hmac_smoke_vseq] wr_addr = 14c9, wr_mask = 1111, words = 0xcd9a8514
UVM_INFO @  82653038 ps: (hmac_base_vseq.sv:295) uvm_test_top.env.virtual_sequencer [uvm_test_top.env.virtual_sequencer.hmac_smoke_vseq] wr_addr = 1384, wr_mask = 1111, words = 0xf2fe293d
UVM_INFO @  83225973 ps: (hmac_base_vseq.sv:295) uvm_test_top.env.virtual_sequencer [uvm_test_top.env.virtual_sequencer.hmac_smoke_vseq] wr_addr = 15f9, wr_mask = 0001, words = 0xbf325b9a
UVM_INFO @  83559317 ps: (hmac_base_vseq.sv:295) uvm_test_top.env.virtual_sequencer [uvm_test_top.env.virtual_sequencer.hmac_smoke_vseq] wr_addr = 10b4, wr_mask = 1111, words = 0xfe0c7af9
UVM_INFO @  83673904 ps: (hmac_base_vseq.sv:295) uvm_test_top.env.virtual_sequencer [uvm_test_top.env.virtual_sequencer.hmac_smoke_vseq] wr_addr = 17d4, wr_mask = 1111, words = 0x57553967
UVM_INFO @  83903078 ps: (hmac_base_vseq.sv:295) uvm_test_top.env.virtual_sequencer [uvm_test_top.env.virtual_sequencer.hmac_smoke_vseq] wr_addr = 1002, wr_mask = 1111, words = 0x5e94487f
UVM_INFO @  84028082 ps: (hmac_base_vseq.sv:295) uvm_test_top.env.virtual_sequencer [uvm_test_top.env.virtual_sequencer.hmac_smoke_vseq] wr_addr = 13a5, wr_mask = 1000, words = 0xac60e865
UVM_INFO @  84319758 ps: (hmac_base_vseq.sv:295) uvm_test_top.env.virtual_sequencer [uvm_test_top.env.virtual_sequencer.hmac_smoke_vseq] wr_addr = 10bb, wr_mask = 1111, words = 0x5e9d3b3e
UVM_INFO @  84653102 ps: (hmac_base_vseq.sv:295) uvm_test_top.env.virtual_sequencer [uvm_test_top.env.virtual_sequencer.hmac_smoke_vseq] wr_addr = 10d3, wr_mask = 1111, words = 0xefc7328e
UVM_INFO @  84892693 ps: (hmac_base_vseq.sv:295) uvm_test_top.env.virtual_sequencer [uvm_test_top.env.virtual_sequencer.hmac_smoke_vseq] wr_addr = 14ab, wr_mask = 1111, words = 0xce819182
UVM_INFO @  84986446 ps: (hmac_base_vseq.sv:295) uvm_test_top.env.virtual_sequencer [uvm_test_top.env.virtual_sequencer.hmac_smoke_vseq] wr_addr = 17b8, wr_mask = 1111, words = 0xcc5fe9f9
UVM_INFO @  85371875 ps: (hmac_base_vseq.sv:295) uvm_test_top.env.virtual_sequencer [uvm_test_top.env.virtual_sequencer.hmac_smoke_vseq] wr_addr = 1254, wr_mask = 1111, words = 0x450caf78
UVM_INFO @  85653134 ps: (hmac_base_vseq.sv:295) uvm_test_top.env.virtual_sequencer [uvm_test_top.env.virtual_sequencer.hmac_smoke_vseq] wr_addr = 1333, wr_mask = 1111, words = 0xfc2c8e0f
UVM_INFO @  86257320 ps: (hmac_base_vseq.sv:295) uvm_test_top.env.virtual_sequencer [uvm_test_top.env.virtual_sequencer.hmac_smoke_vseq] wr_addr = 178d, wr_mask = 1111, words = 0xfbf59d47
UVM_INFO @  86684417 ps: (hmac_base_vseq.sv:295) uvm_test_top.env.virtual_sequencer [uvm_test_top.env.virtual_sequencer.hmac_smoke_vseq] wr_addr = 1296, wr_mask = 1111, words = 0x6517f320
UVM_INFO @  86986510 ps: (hmac_base_vseq.sv:295) uvm_test_top.env.virtual_sequencer [uvm_test_top.env.virtual_sequencer.hmac_smoke_vseq] wr_addr = 155c, wr_mask = 1111, words = 0x67e5e138
UVM_INFO @  88757400 ps: (hmac_smoke_vseq.sv:80) uvm_test_top.env.virtual_sequencer [uvm_test_top.env.virtual_sequencer.hmac_smoke_vseq] starting seq 6/22, message size 1032 bits, hmac=1, sha=1
UVM_INFO @  88757400 ps: (hmac_smoke_vseq.sv:82) uvm_test_top.env.virtual_sequencer [uvm_test_top.env.virtual_sequencer.hmac_smoke_vseq] digest size=SHA2_None, key length=384
UVM_INFO @  88757400 ps: (hmac_smoke_vseq.sv:85) uvm_test_top.env.virtual_sequencer [uvm_test_top.env.virtual_sequencer.hmac_smoke_vseq] intr_fifo_empty/hmac_done/hmac_err=111, endian/digest/key_swap=000
UVM_INFO @  88757400 ps: (hmac_smoke_vseq.sv:86) uvm_test_top.env.virtual_sequencer [uvm_test_top.env.virtual_sequencer.hmac_smoke_vseq] wipe secret condition is: NoWipeSecret
UVM_INFO @  88913655 ps: (hmac_base_vseq.sv:123) uvm_test_top.env.virtual_sequencer [uvm_test_top.env.virtual_sequencer.hmac_smoke_vseq] invalid config: 1
UVM_INFO @  88913655 ps: (hmac_base_vseq.sv:213) uvm_test_top.env.virtual_sequencer [uvm_test_top.env.virtual_sequencer.hmac_smoke_vseq] wiping secret untriggered
UVM_INFO @  92632524 ps: (hmac_base_vseq.sv:213) uvm_test_top.env.virtual_sequencer [uvm_test_top.env.virtual_sequencer.hmac_smoke_vseq] wiping secret untriggered
UVM_INFO @  92632524 ps: (hmac_base_vseq.sv:161) uvm_test_top.env.virtual_sequencer [uvm_test_top.env.virtual_sequencer.hmac_smoke_vseq] triggering hash to start
UVM_INFO @  92653358 ps: (hmac_scoreboard.sv:126) uvm_test_top.env.scoreboard [uvm_test_top.env.scoreboard] invalid config at starting: 1
UVM_INFO @  92976285 ps: (hmac_base_vseq.sv:295) uvm_test_top.env.virtual_sequencer [uvm_test_top.env.virtual_sequencer.hmac_smoke_vseq] wr_addr = 17c9, wr_mask = 0001, words = 0x7dbdec79
UVM_INFO @  93486718 ps: (hmac_base_vseq.sv:295) uvm_test_top.env.virtual_sequencer [uvm_test_top.env.virtual_sequencer.hmac_smoke_vseq] wr_addr = 10b5, wr_mask = 1100, words = 0xab8799a1
UVM_INFO @  93517969 ps: (hmac_base_vseq.sv:295) uvm_test_top.env.virtual_sequencer [uvm_test_top.env.virtual_sequencer.hmac_smoke_vseq] wr_addr = 11e9, wr_mask = 1111, words = 0x470c31d2
UVM_INFO @  93965900 ps: (hmac_base_vseq.sv:295) uvm_test_top.env.virtual_sequencer [uvm_test_top.env.virtual_sequencer.hmac_smoke_vseq] wr_addr = 11fe, wr_mask = 0110, words = 0xbd1dbab8
UVM_INFO @  94257576 ps: (hmac_base_vseq.sv:295) uvm_test_top.env.virtual_sequencer [uvm_test_top.env.virtual_sequencer.hmac_smoke_vseq] wr_addr = 1393, wr_mask = 0100, words = 0xcd9ff4b0
UVM_INFO @  94851345 ps: (hmac_base_vseq.sv:295) uvm_test_top.env.virtual_sequencer [uvm_test_top.env.virtual_sequencer.hmac_smoke_vseq] wr_addr = 10fb, wr_mask = 0100, words = 0x24a0228e
UVM_INFO @  95413863 ps: (hmac_base_vseq.sv:295) uvm_test_top.env.virtual_sequencer [uvm_test_top.env.virtual_sequencer.hmac_smoke_vseq] wr_addr = 11c9, wr_mask = 1111, words = 0xad1f03dd
UVM_INFO @  95455531 ps: (hmac_base_vseq.sv:295) uvm_test_top.env.virtual_sequencer [uvm_test_top.env.virtual_sequencer.hmac_smoke_vseq] wr_addr = 13ed, wr_mask = 1111, words = 0x86aa9e19
UVM_INFO @  95580535 ps: (hmac_base_vseq.sv:295) uvm_test_top.env.virtual_sequencer [uvm_test_top.env.virtual_sequencer.hmac_smoke_vseq] wr_addr = 1438, wr_mask = 1111, words = 0xa6b55694
UVM_INFO @  95882628 ps: (hmac_base_vseq.sv:295) uvm_test_top.env.virtual_sequencer [uvm_test_top.env.virtual_sequencer.hmac_smoke_vseq] wr_addr = 1245, wr_mask = 1111, words = 0xf8cf6450
UVM_INFO @  96257640 ps: (hmac_base_vseq.sv:295) uvm_test_top.env.virtual_sequencer [uvm_test_top.env.virtual_sequencer.hmac_smoke_vseq] wr_addr = 14b1, wr_mask = 0110, words = 0xea743593
UVM_INFO @  96288891 ps: (hmac_base_vseq.sv:295) uvm_test_top.env.virtual_sequencer [uvm_test_top.env.virtual_sequencer.hmac_smoke_vseq] wr_addr = 1773, wr_mask = 1111, words = 0x34e3644b
UVM_INFO @  96768073 ps: (hmac_base_vseq.sv:295) uvm_test_top.env.virtual_sequencer [uvm_test_top.env.virtual_sequencer.hmac_smoke_vseq] wr_addr = 13b7, wr_mask = 1111, words = 0xa04e4dcc
UVM_INFO @  97007664 ps: (hmac_base_vseq.sv:295) uvm_test_top.env.virtual_sequencer [uvm_test_top.env.virtual_sequencer.hmac_smoke_vseq] wr_addr = 1107, wr_mask = 1111, words = 0xb60fc2be
UVM_INFO @  97111834 ps: (hmac_base_vseq.sv:295) uvm_test_top.env.virtual_sequencer [uvm_test_top.env.virtual_sequencer.hmac_smoke_vseq] wr_addr = 1346, wr_mask = 1111, words = 0x57ca8cf2
UVM_INFO @  97330591 ps: (hmac_base_vseq.sv:295) uvm_test_top.env.virtual_sequencer [uvm_test_top.env.virtual_sequencer.hmac_smoke_vseq] wr_addr = 176b, wr_mask = 1111, words = 0x84dd498a
UVM_INFO @  97757688 ps: (hmac_base_vseq.sv:295) uvm_test_top.env.virtual_sequencer [uvm_test_top.env.virtual_sequencer.hmac_smoke_vseq] wr_addr = 116c, wr_mask = 0010, words = 0x3c0dfcde
UVM_INFO @  98101449 ps: (hmac_base_vseq.sv:295) uvm_test_top.env.virtual_sequencer [uvm_test_top.env.virtual_sequencer.hmac_smoke_vseq] wr_addr = 1469, wr_mask = 0110, words = 0xd52056f8
UVM_INFO @  98341040 ps: (hmac_base_vseq.sv:295) uvm_test_top.env.virtual_sequencer [uvm_test_top.env.virtual_sequencer.hmac_smoke_vseq] wr_addr = 10a7, wr_mask = 0110, words = 0x2cec6c1d
UVM_INFO @  98622299 ps: (hmac_base_vseq.sv:295) uvm_test_top.env.virtual_sequencer [uvm_test_top.env.virtual_sequencer.hmac_smoke_vseq] wr_addr = 1114, wr_mask = 1111, words = 0x923755b9
UVM_INFO @  98653550 ps: (hmac_base_vseq.sv:295) uvm_test_top.env.virtual_sequencer [uvm_test_top.env.virtual_sequencer.hmac_smoke_vseq] wr_addr = 1309, wr_mask = 0100, words = 0xec819b7a
UVM_INFO @  98913975 ps: (hmac_base_vseq.sv:295) uvm_test_top.env.virtual_sequencer [uvm_test_top.env.virtual_sequencer.hmac_smoke_vseq] wr_addr = 1352, wr_mask = 0110, words = 0x35102966
UVM_INFO @  99507744 ps: (hmac_base_vseq.sv:295) uvm_test_top.env.virtual_sequencer [uvm_test_top.env.virtual_sequencer.hmac_smoke_vseq] wr_addr = 10a1, wr_mask = 0111, words = 0xfbbc17ed
UVM_INFO @ 100028594 ps: (hmac_base_vseq.sv:295) uvm_test_top.env.virtual_sequencer [uvm_test_top.env.virtual_sequencer.hmac_smoke_vseq] wr_addr = 13a8, wr_mask = 1100, words = 0x27c0f69d
UVM_INFO @ 100070262 ps: (hmac_base_vseq.sv:295) uvm_test_top.env.virtual_sequencer [uvm_test_top.env.virtual_sequencer.hmac_smoke_vseq] wr_addr = 10bc, wr_mask = 0111, words = 0xaccee4bd
UVM_INFO @ 100476525 ps: (hmac_base_vseq.sv:295) uvm_test_top.env.virtual_sequencer [uvm_test_top.env.virtual_sequencer.hmac_smoke_vseq] wr_addr = 10bb, wr_mask = 1000, words = 0x9ac7ec1f
UVM_INFO @ 100497359 ps: (hmac_base_vseq.sv:295) uvm_test_top.env.virtual_sequencer [uvm_test_top.env.virtual_sequencer.hmac_smoke_vseq] wr_addr = 12b8, wr_mask = 1111, words = 0x195ea506
UVM_INFO @ 100643197 ps: (hmac_base_vseq.sv:295) uvm_test_top.env.virtual_sequencer [uvm_test_top.env.virtual_sequencer.hmac_smoke_vseq] wr_addr = 1289, wr_mask = 1111, words = 0x9c5b7a7b
UVM_INFO @ 100684865 ps: (hmac_base_vseq.sv:295) uvm_test_top.env.virtual_sequencer [uvm_test_top.env.virtual_sequencer.hmac_smoke_vseq] wr_addr = 1140, wr_mask = 1111, words = 0xbe896f41
UVM_INFO @ 101205715 ps: (hmac_base_vseq.sv:295) uvm_test_top.env.virtual_sequencer [uvm_test_top.env.virtual_sequencer.hmac_smoke_vseq] wr_addr = 1283, wr_mask = 1111, words = 0xb856cec
UVM_INFO @ 101830735 ps: (hmac_base_vseq.sv:295) uvm_test_top.env.virtual_sequencer [uvm_test_top.env.virtual_sequencer.hmac_smoke_vseq] wr_addr = 1716, wr_mask = 1100, words = 0xc2d82a64
UVM_INFO @ 102143245 ps: (hmac_base_vseq.sv:295) uvm_test_top.env.virtual_sequencer [uvm_test_top.env.virtual_sequencer.hmac_smoke_vseq] wr_addr = 1170, wr_mask = 0111, words = 0x5a1bcc7d
UVM_INFO @ 102320334 ps: (hmac_base_vseq.sv:295) uvm_test_top.env.virtual_sequencer [uvm_test_top.env.virtual_sequencer.hmac_smoke_vseq] wr_addr = 15aa, wr_mask = 1111, words = 0x2e8477a8
UVM_INFO @ 102882852 ps: (hmac_base_vseq.sv:295) uvm_test_top.env.virtual_sequencer [uvm_test_top.env.virtual_sequencer.hmac_smoke_vseq] wr_addr = 149f, wr_mask = 1111, words = 0xb26a5492
UVM_INFO @ 103226613 ps: (hmac_base_vseq.sv:295) uvm_test_top.env.virtual_sequencer [uvm_test_top.env.virtual_sequencer.hmac_smoke_vseq] wr_addr = 1304, wr_mask = 1111, words = 0xf08da8d1
UVM_INFO @ 103684961 ps: (hmac_base_vseq.sv:295) uvm_test_top.env.virtual_sequencer [uvm_test_top.env.virtual_sequencer.hmac_smoke_vseq] wr_addr = 17e6, wr_mask = 1111, words = 0xea162f2d
UVM_INFO @ 103924552 ps: (hmac_base_vseq.sv:295) uvm_test_top.env.virtual_sequencer [uvm_test_top.env.virtual_sequencer.hmac_smoke_vseq] wr_addr = 16dd, wr_mask = 1111, words = 0x4214524e
UVM_INFO @ 104247479 ps: (hmac_base_vseq.sv:295) uvm_test_top.env.virtual_sequencer [uvm_test_top.env.virtual_sequencer.hmac_smoke_vseq] wr_addr = 1123, wr_mask = 1111, words = 0x53bd35e3
UVM_INFO @ 104455819 ps: (hmac_base_vseq.sv:295) uvm_test_top.env.virtual_sequencer [uvm_test_top.env.virtual_sequencer.hmac_smoke_vseq] wr_addr = 130c, wr_mask = 1100, words = 0x6daeff16
UVM_INFO @ 104716244 ps: (hmac_base_vseq.sv:295) uvm_test_top.env.virtual_sequencer [uvm_test_top.env.virtual_sequencer.hmac_smoke_vseq] wr_addr = 1353, wr_mask = 0010, words = 0x3bc9d0c
UVM_INFO @ 105070422 ps: (hmac_base_vseq.sv:295) uvm_test_top.env.virtual_sequencer [uvm_test_top.env.virtual_sequencer.hmac_smoke_vseq] wr_addr = 1259, wr_mask = 1111, words = 0x7f048dd4
UVM_INFO @ 105122507 ps: (hmac_base_vseq.sv:295) uvm_test_top.env.virtual_sequencer [uvm_test_top.env.virtual_sequencer.hmac_smoke_vseq] wr_addr = 154d, wr_mask = 1110, words = 0x620a449d
UVM_INFO @ 105476685 ps: (hmac_base_vseq.sv:295) uvm_test_top.env.virtual_sequencer [uvm_test_top.env.virtual_sequencer.hmac_smoke_vseq] wr_addr = 130f, wr_mask = 1111, words = 0xa0b71dd3
UVM_INFO @ 107080903 ps: (hmac_smoke_vseq.sv:80) uvm_test_top.env.virtual_sequencer [uvm_test_top.env.virtual_sequencer.hmac_smoke_vseq] starting seq 7/22, message size 1024 bits, hmac=1, sha=1
UVM_INFO @ 107080903 ps: (hmac_smoke_vseq.sv:82) uvm_test_top.env.virtual_sequencer [uvm_test_top.env.virtual_sequencer.hmac_smoke_vseq] digest size=SHA2_512, key length=1024
UVM_INFO @ 107080903 ps: (hmac_smoke_vseq.sv:85) uvm_test_top.env.virtual_sequencer [uvm_test_top.env.virtual_sequencer.hmac_smoke_vseq] intr_fifo_empty/hmac_done/hmac_err=111, endian/digest/key_swap=101
UVM_INFO @ 107080903 ps: (hmac_smoke_vseq.sv:86) uvm_test_top.env.virtual_sequencer [uvm_test_top.env.virtual_sequencer.hmac_smoke_vseq] wipe secret condition is: NoWipeSecret
UVM_INFO @ 107247575 ps: (hmac_base_vseq.sv:123) uvm_test_top.env.virtual_sequencer [uvm_test_top.env.virtual_sequencer.hmac_smoke_vseq] invalid config: 0
UVM_INFO @ 107247575 ps: (hmac_base_vseq.sv:213) uvm_test_top.env.virtual_sequencer [uvm_test_top.env.virtual_sequencer.hmac_smoke_vseq] wiping secret untriggered
UVM_INFO @ 110883108 ps: (hmac_base_vseq.sv:213) uvm_test_top.env.virtual_sequencer [uvm_test_top.env.virtual_sequencer.hmac_smoke_vseq] wiping secret untriggered
UVM_INFO @ 112028978 ps: (hmac_base_vseq.sv:161) uvm_test_top.env.virtual_sequencer [uvm_test_top.env.virtual_sequencer.hmac_smoke_vseq] triggering hash to start
UVM_INFO @ 112081063 ps: (hmac_scoreboard.sv:126) uvm_test_top.env.scoreboard [uvm_test_top.env.scoreboard] invalid config at starting: 0
UVM_INFO @ 112091480 ps: (hmac_base_vseq.sv:295) uvm_test_top.env.virtual_sequencer [uvm_test_top.env.virtual_sequencer.hmac_smoke_vseq] wr_addr = 101a, wr_mask = 1111, words = 0x80dc703d
UVM_INFO @ 112674832 ps: (hmac_base_vseq.sv:295) uvm_test_top.env.virtual_sequencer [uvm_test_top.env.virtual_sequencer.hmac_smoke_vseq] wr_addr = 130e, wr_mask = 1111, words = 0xb04cb223
UVM_INFO @ 112799836 ps: (hmac_base_vseq.sv:295) uvm_test_top.env.virtual_sequencer [uvm_test_top.env.virtual_sequencer.hmac_smoke_vseq] wr_addr = 1610, wr_mask = 1111, words = 0x40a13dea
UVM_INFO @ 113299852 ps: (hmac_base_vseq.sv:295) uvm_test_top.env.virtual_sequencer [uvm_test_top.env.virtual_sequencer.hmac_smoke_vseq] wr_addr = 17fa, wr_mask = 1111, words = 0x7d67d580
UVM_INFO @ 113716532 ps: (hmac_base_vseq.sv:295) uvm_test_top.env.virtual_sequencer [uvm_test_top.env.virtual_sequencer.hmac_smoke_vseq] wr_addr = 14d7, wr_mask = 1111, words = 0xda771301
UVM_INFO @ 114133212 ps: (hmac_base_vseq.sv:295) uvm_test_top.env.virtual_sequencer [uvm_test_top.env.virtual_sequencer.hmac_smoke_vseq] wr_addr = 1459, wr_mask = 0011, words = 0x86d00e11
UVM_INFO @ 114518641 ps: (hmac_base_vseq.sv:295) uvm_test_top.env.virtual_sequencer [uvm_test_top.env.virtual_sequencer.hmac_smoke_vseq] wr_addr = 1342, wr_mask = 1111, words = 0xe94fdcbb
UVM_INFO @ 114560309 ps: (hmac_base_vseq.sv:295) uvm_test_top.env.virtual_sequencer [uvm_test_top.env.virtual_sequencer.hmac_smoke_vseq] wr_addr = 15a7, wr_mask = 1100, words = 0x5cc5f459
UVM_INFO @ 114643645 ps: (hmac_base_vseq.sv:295) uvm_test_top.env.virtual_sequencer [uvm_test_top.env.virtual_sequencer.hmac_smoke_vseq] wr_addr = 174c, wr_mask = 0001, words = 0x73715180
UVM_INFO @ 114987406 ps: (hmac_base_vseq.sv:295) uvm_test_top.env.virtual_sequencer [uvm_test_top.env.virtual_sequencer.hmac_smoke_vseq] wr_addr = 135d, wr_mask = 1111, words = 0x32f1f2aa
UVM_INFO @ 115372835 ps: (hmac_base_vseq.sv:295) uvm_test_top.env.virtual_sequencer [uvm_test_top.env.virtual_sequencer.hmac_smoke_vseq] wr_addr = 1429, wr_mask = 1111, words = 0x15bcb76f
UVM_INFO @ 115789515 ps: (hmac_base_vseq.sv:295) uvm_test_top.env.virtual_sequencer [uvm_test_top.env.virtual_sequencer.hmac_smoke_vseq] wr_addr = 11e8, wr_mask = 1111, words = 0x54291fe9
UVM_INFO @ 116247863 ps: (hmac_base_vseq.sv:295) uvm_test_top.env.virtual_sequencer [uvm_test_top.env.virtual_sequencer.hmac_smoke_vseq] wr_addr = 1535, wr_mask = 0001, words = 0xb6bb6c22
UVM_INFO @ 116289531 ps: (hmac_base_vseq.sv:295) uvm_test_top.env.virtual_sequencer [uvm_test_top.env.virtual_sequencer.hmac_smoke_vseq] wr_addr = 1324, wr_mask = 0100, words = 0xd1a6e86b
UVM_INFO @ 116758296 ps: (hmac_base_vseq.sv:295) uvm_test_top.env.virtual_sequencer [uvm_test_top.env.virtual_sequencer.hmac_smoke_vseq] wr_addr = 117a, wr_mask = 0111, words = 0x2520f6f0
UVM_INFO @ 117154142 ps: (hmac_base_vseq.sv:295) uvm_test_top.env.virtual_sequencer [uvm_test_top.env.virtual_sequencer.hmac_smoke_vseq] wr_addr = 15f2, wr_mask = 0001, words = 0xb1a5723c
UVM_INFO @ 117424984 ps: (hmac_base_vseq.sv:295) uvm_test_top.env.virtual_sequencer [uvm_test_top.env.virtual_sequencer.hmac_smoke_vseq] wr_addr = 119b, wr_mask = 1111, words = 0x198bcd86
UVM_INFO @ 117674992 ps: (hmac_base_vseq.sv:295) uvm_test_top.env.virtual_sequencer [uvm_test_top.env.virtual_sequencer.hmac_smoke_vseq] wr_addr = 1329, wr_mask = 1000, words = 0x6189777f
UVM_INFO @ 117747911 ps: (hmac_base_vseq.sv:295) uvm_test_top.env.virtual_sequencer [uvm_test_top.env.virtual_sequencer.hmac_smoke_vseq] wr_addr = 130f, wr_mask = 1111, words = 0x80c9326c
UVM_INFO @ 118018753 ps: (hmac_base_vseq.sv:295) uvm_test_top.env.virtual_sequencer [uvm_test_top.env.virtual_sequencer.hmac_smoke_vseq] wr_addr = 1561, wr_mask = 1111, words = 0xe12bfc68
UVM_INFO @ 118070838 ps: (hmac_base_vseq.sv:295) uvm_test_top.env.virtual_sequencer [uvm_test_top.env.virtual_sequencer.hmac_smoke_vseq] wr_addr = 1595, wr_mask = 1111, words = 0xc5d0232d
UVM_INFO @ 118362514 ps: (hmac_base_vseq.sv:295) uvm_test_top.env.virtual_sequencer [uvm_test_top.env.virtual_sequencer.hmac_smoke_vseq] wr_addr = 14b7, wr_mask = 1111, words = 0x97a49787
UVM_INFO @ 118706275 ps: (hmac_base_vseq.sv:295) uvm_test_top.env.virtual_sequencer [uvm_test_top.env.virtual_sequencer.hmac_smoke_vseq] wr_addr = 1031, wr_mask = 1100, words = 0xcf467761
UVM_INFO @ 118956283 ps: (hmac_base_vseq.sv:295) uvm_test_top.env.virtual_sequencer [uvm_test_top.env.virtual_sequencer.hmac_smoke_vseq] wr_addr = 160c, wr_mask = 0110, words = 0x91e6f64b
UVM_INFO @ 119164623 ps: (hmac_base_vseq.sv:295) uvm_test_top.env.virtual_sequencer [uvm_test_top.env.virtual_sequencer.hmac_smoke_vseq] wr_addr = 1584, wr_mask = 1100, words = 0x6f5fb1a8
UVM_INFO @ 119247959 ps: (hmac_base_vseq.sv:295) uvm_test_top.env.virtual_sequencer [uvm_test_top.env.virtual_sequencer.hmac_smoke_vseq] wr_addr = 16c7, wr_mask = 1111, words = 0x663ef90c
UVM_INFO @ 119758392 ps: (hmac_base_vseq.sv:295) uvm_test_top.env.virtual_sequencer [uvm_test_top.env.virtual_sequencer.hmac_smoke_vseq] wr_addr = 167e, wr_mask = 0100, words = 0x5585be47
UVM_INFO @ 119779226 ps: (hmac_base_vseq.sv:295) uvm_test_top.env.virtual_sequencer [uvm_test_top.env.virtual_sequencer.hmac_smoke_vseq] wr_addr = 1373, wr_mask = 0110, words = 0xd338d889
UVM_INFO @ 120039651 ps: (hmac_base_vseq.sv:295) uvm_test_top.env.virtual_sequencer [uvm_test_top.env.virtual_sequencer.hmac_smoke_vseq] wr_addr = 13b0, wr_mask = 0111, words = 0x923d4305
UVM_INFO @ 120300076 ps: (hmac_base_vseq.sv:295) uvm_test_top.env.virtual_sequencer [uvm_test_top.env.virtual_sequencer.hmac_smoke_vseq] wr_addr = 104c, wr_mask = 1111, words = 0x6253aaf1
UVM_INFO @ 120925096 ps: (hmac_base_vseq.sv:295) uvm_test_top.env.virtual_sequencer [uvm_test_top.env.virtual_sequencer.hmac_smoke_vseq] wr_addr = 15bf, wr_mask = 1100, words = 0xac96e5e2
UVM_INFO @ 121143853 ps: (hmac_base_vseq.sv:295) uvm_test_top.env.virtual_sequencer [uvm_test_top.env.virtual_sequencer.hmac_smoke_vseq] wr_addr = 163d, wr_mask = 0111, words = 0x24a42754
UVM_INFO @ 121591784 ps: (hmac_base_vseq.sv:295) uvm_test_top.env.virtual_sequencer [uvm_test_top.env.virtual_sequencer.hmac_smoke_vseq] wr_addr = 1796, wr_mask = 1111, words = 0x10197f07
UVM_INFO @ 121841792 ps: (hmac_base_vseq.sv:295) uvm_test_top.env.virtual_sequencer [uvm_test_top.env.virtual_sequencer.hmac_smoke_vseq] wr_addr = 13d5, wr_mask = 1111, words = 0xc4a1c4d5
UVM_INFO @ 122268889 ps: (hmac_base_vseq.sv:295) uvm_test_top.env.virtual_sequencer [uvm_test_top.env.virtual_sequencer.hmac_smoke_vseq] wr_addr = 110c, wr_mask = 1111, words = 0x860773f5
UVM_INFO @ 122560565 ps: (hmac_base_vseq.sv:295) uvm_test_top.env.virtual_sequencer [uvm_test_top.env.virtual_sequencer.hmac_smoke_vseq] wr_addr = 10aa, wr_mask = 0010, words = 0x5fb18a8d
UVM_INFO @ 122862658 ps: (hmac_base_vseq.sv:295) uvm_test_top.env.virtual_sequencer [uvm_test_top.env.virtual_sequencer.hmac_smoke_vseq] wr_addr = 1029, wr_mask = 1110, words = 0x4df036a4
UVM_INFO @ 123373091 ps: (hmac_base_vseq.sv:295) uvm_test_top.env.virtual_sequencer [uvm_test_top.env.virtual_sequencer.hmac_smoke_vseq] wr_addr = 15c7, wr_mask = 1111, words = 0xb127b12e
UVM_INFO @ 123748103 ps: (hmac_base_vseq.sv:295) uvm_test_top.env.virtual_sequencer [uvm_test_top.env.virtual_sequencer.hmac_smoke_vseq] wr_addr = 14f3, wr_mask = 1111, words = 0x6080e7fd
UVM_INFO @ 124008528 ps: (hmac_base_vseq.sv:295) uvm_test_top.env.virtual_sequencer [uvm_test_top.env.virtual_sequencer.hmac_smoke_vseq] wr_addr = 1091, wr_mask = 0110, words = 0x54c0272e
UVM_INFO @ 124279370 ps: (hmac_base_vseq.sv:295) uvm_test_top.env.virtual_sequencer [uvm_test_top.env.virtual_sequencer.hmac_smoke_vseq] wr_addr = 172f, wr_mask = 0110, words = 0xdec2627b
UVM_INFO @ 124404374 ps: (hmac_base_vseq.sv:295) uvm_test_top.env.virtual_sequencer [uvm_test_top.env.virtual_sequencer.hmac_smoke_vseq] wr_addr = 1731, wr_mask = 1111, words = 0x3c6e8c02
UVM_INFO @ 124696050 ps: (hmac_base_vseq.sv:295) uvm_test_top.env.virtual_sequencer [uvm_test_top.env.virtual_sequencer.hmac_smoke_vseq] wr_addr = 14bf, wr_mask = 1100, words = 0x299e7fda
UVM_INFO @ 124779386 ps: (hmac_base_vseq.sv:295) uvm_test_top.env.virtual_sequencer [uvm_test_top.env.virtual_sequencer.hmac_smoke_vseq] wr_addr = 1639, wr_mask = 0001, words = 0xbbdc668a
UVM_INFO @ 125466908 ps: (hmac_smoke_vseq.sv:179) uvm_test_top.env.virtual_sequencer [uvm_test_top.env.virtual_sequencer.hmac_smoke_vseq] triggering process because msg stream is finished
UVM_INFO @ 125466908 ps: (hmac_base_vseq.sv:194) uvm_test_top.env.virtual_sequencer [uvm_test_top.env.virtual_sequencer.hmac_smoke_vseq] triggering hash to process
UVM_INFO @ 125487742 ps: (hmac_scoreboard.sv:126) uvm_test_top.env.scoreboard [uvm_test_top.env.scoreboard] invalid config at starting: 0
UVM_INFO @ 125487742 ps: (hmac_scoreboard.sv:767) uvm_test_top.env.scoreboard [uvm_test_top.env.scoreboard] Computing digest prediction
bounds [127:0]
bounds [127:0]
UVM_INFO @ 125487742 ps: (hmac_scoreboard.sv:809) uvm_test_top.env.scoreboard [uvm_test_top.env.scoreboard] HMAC of key=4238866877 (key_swap=00000000000000000000000000000001), msg_i='{128, 220, 112, 61, 176, 76, 178, 35, 64, 161, 61, 234, 125, 103, 213, 128, 218, 119, 19, 1, 14, 17, 233, 79, 220, 187, 92, 197, 128, 50, 241, 242, 170, 21, 188, 183, 111, 84, 41, 31, 233, 34, 166, 32, 246, 240, 60, 25, 139, 205, 134, 97, 128, 201, 50, 108, 225, 43, 252, 104, 197, 208, 35, 45, 151, 164, 151, 135, 207, 70, 230, 246, 111, 95, 102, 62, 249, 12, 133, 56, 216, 61, 67, 5, 98, 83, 170, 241, 172, 150, 164, 39, 84, 16, 25, 127, 7, 196, 161, 196, 213, 134, 7, 115, 245, 138, 77, 240, 54, 177, 39, 177, 46, 96, 128, 231, 253, 192, 39, 194, 98, 60, 110, 140, 2, 41, 158, 138}: 764349815
UVM_INFO @ 129342032 ps: (hmac_smoke_vseq.sv:235) uvm_test_top.env.virtual_sequencer [uvm_test_top.env.virtual_sequencer.hmac_smoke_vseq] reading digest
UVM_INFO @ 130394149 ps: (hmac_smoke_vseq.sv:80) uvm_test_top.env.virtual_sequencer [uvm_test_top.env.virtual_sequencer.hmac_smoke_vseq] starting seq 8/22, message size 1032 bits, hmac=1, sha=1
UVM_INFO @ 130394149 ps: (hmac_smoke_vseq.sv:82) uvm_test_top.env.virtual_sequencer [uvm_test_top.env.virtual_sequencer.hmac_smoke_vseq] digest size=SHA2_None, key length=256
UVM_INFO @ 130394149 ps: (hmac_smoke_vseq.sv:85) uvm_test_top.env.virtual_sequencer [uvm_test_top.env.virtual_sequencer.hmac_smoke_vseq] intr_fifo_empty/hmac_done/hmac_err=110, endian/digest/key_swap=011
UVM_INFO @ 130394149 ps: (hmac_smoke_vseq.sv:86) uvm_test_top.env.virtual_sequencer [uvm_test_top.env.virtual_sequencer.hmac_smoke_vseq] wipe secret condition is: NoWipeSecret
UVM_INFO @ 130519153 ps: (hmac_base_vseq.sv:123) uvm_test_top.env.virtual_sequencer [uvm_test_top.env.virtual_sequencer.hmac_smoke_vseq] invalid config: 1
UVM_INFO @ 130519153 ps: (hmac_base_vseq.sv:213) uvm_test_top.env.virtual_sequencer [uvm_test_top.env.virtual_sequencer.hmac_smoke_vseq] wiping secret untriggered
UVM_INFO @ 134269273 ps: (hmac_base_vseq.sv:213) uvm_test_top.env.virtual_sequencer [uvm_test_top.env.virtual_sequencer.hmac_smoke_vseq] wiping secret untriggered
UVM_INFO @ 134269273 ps: (hmac_base_vseq.sv:161) uvm_test_top.env.virtual_sequencer [uvm_test_top.env.virtual_sequencer.hmac_smoke_vseq] triggering hash to start
UVM_INFO @ 134383860 ps: (hmac_scoreboard.sv:126) uvm_test_top.env.scoreboard [uvm_test_top.env.scoreboard] invalid config at starting: 1
UVM_INFO @ 134571366 ps: (hmac_base_vseq.sv:295) uvm_test_top.env.virtual_sequencer [uvm_test_top.env.virtual_sequencer.hmac_smoke_vseq] wr_addr = 114b, wr_mask = 1110, words = 0xe36a152d
UVM_INFO @ 134685953 ps: (hmac_base_vseq.sv:295) uvm_test_top.env.virtual_sequencer [uvm_test_top.env.virtual_sequencer.hmac_smoke_vseq] wr_addr = 11cd, wr_mask = 1111, words = 0x82ac67b5
UVM_INFO @ 134946378 ps: (hmac_base_vseq.sv:295) uvm_test_top.env.virtual_sequencer [uvm_test_top.env.virtual_sequencer.hmac_smoke_vseq] wr_addr = 1678, wr_mask = 1111, words = 0xc28391d
UVM_INFO @ 135227637 ps: (hmac_base_vseq.sv:295) uvm_test_top.env.virtual_sequencer [uvm_test_top.env.virtual_sequencer.hmac_smoke_vseq] wr_addr = 16cc, wr_mask = 0111, words = 0x1ca27fbe
UVM_INFO @ 135248471 ps: (hmac_base_vseq.sv:295) uvm_test_top.env.virtual_sequencer [uvm_test_top.env.virtual_sequencer.hmac_smoke_vseq] wr_addr = 15cf, wr_mask = 0001, words = 0xfa5db1f9
UVM_INFO @ 135852657 ps: (hmac_base_vseq.sv:295) uvm_test_top.env.virtual_sequencer [uvm_test_top.env.virtual_sequencer.hmac_smoke_vseq] wr_addr = 16eb, wr_mask = 0110, words = 0x95c759b
UVM_INFO @ 136175584 ps: (hmac_base_vseq.sv:295) uvm_test_top.env.virtual_sequencer [uvm_test_top.env.virtual_sequencer.hmac_smoke_vseq] wr_addr = 1178, wr_mask = 1111, words = 0x97891a08
UVM_INFO @ 136623515 ps: (hmac_base_vseq.sv:295) uvm_test_top.env.virtual_sequencer [uvm_test_top.env.virtual_sequencer.hmac_smoke_vseq] wr_addr = 11eb, wr_mask = 1111, words = 0x99b66c20
UVM_INFO @ 136925608 ps: (hmac_base_vseq.sv:295) uvm_test_top.env.virtual_sequencer [uvm_test_top.env.virtual_sequencer.hmac_smoke_vseq] wr_addr = 14c2, wr_mask = 1111, words = 0xef015c07
UVM_INFO @ 137540211 ps: (hmac_base_vseq.sv:295) uvm_test_top.env.virtual_sequencer [uvm_test_top.env.virtual_sequencer.hmac_smoke_vseq] wr_addr = 113a, wr_mask = 1111, words = 0x5745d6bc
UVM_INFO @ 137904806 ps: (hmac_base_vseq.sv:295) uvm_test_top.env.virtual_sequencer [uvm_test_top.env.virtual_sequencer.hmac_smoke_vseq] wr_addr = 11ce, wr_mask = 1100, words = 0x768a9458
UVM_INFO @ 138175648 ps: (hmac_base_vseq.sv:295) uvm_test_top.env.virtual_sequencer [uvm_test_top.env.virtual_sequencer.hmac_smoke_vseq] wr_addr = 1373, wr_mask = 1000, words = 0x2eb412e5
UVM_INFO @ 138456907 ps: (hmac_base_vseq.sv:295) uvm_test_top.env.virtual_sequencer [uvm_test_top.env.virtual_sequencer.hmac_smoke_vseq] wr_addr = 1530, wr_mask = 1111, words = 0x800d5696
UVM_INFO @ 138706915 ps: (hmac_base_vseq.sv:295) uvm_test_top.env.virtual_sequencer [uvm_test_top.env.virtual_sequencer.hmac_smoke_vseq] wr_addr = 14f4, wr_mask = 0110, words = 0x253c2aee
UVM_INFO @ 139331935 ps: (hmac_base_vseq.sv:295) uvm_test_top.env.virtual_sequencer [uvm_test_top.env.virtual_sequencer.hmac_smoke_vseq] wr_addr = 12c3, wr_mask = 1111, words = 0xa4312bda
UVM_INFO @ 139425688 ps: (hmac_base_vseq.sv:295) uvm_test_top.env.virtual_sequencer [uvm_test_top.env.virtual_sequencer.hmac_smoke_vseq] wr_addr = 127b, wr_mask = 1111, words = 0x65ea1d04
UVM_INFO @ 139696530 ps: (hmac_base_vseq.sv:295) uvm_test_top.env.virtual_sequencer [uvm_test_top.env.virtual_sequencer.hmac_smoke_vseq] wr_addr = 1461, wr_mask = 0011, words = 0x3813809a
UVM_INFO @ 140102793 ps: (hmac_base_vseq.sv:295) uvm_test_top.env.virtual_sequencer [uvm_test_top.env.virtual_sequencer.hmac_smoke_vseq] wr_addr = 1490, wr_mask = 1000, words = 0x3ef7fdbc
UVM_INFO @ 140123627 ps: (hmac_base_vseq.sv:295) uvm_test_top.env.virtual_sequencer [uvm_test_top.env.virtual_sequencer.hmac_smoke_vseq] wr_addr = 13ac, wr_mask = 0111, words = 0x6c01ad6
UVM_INFO @ 140456971 ps: (hmac_base_vseq.sv:295) uvm_test_top.env.virtual_sequencer [uvm_test_top.env.virtual_sequencer.hmac_smoke_vseq] wr_addr = 122d, wr_mask = 0010, words = 0xf29047b7
UVM_INFO @ 141009072 ps: (hmac_base_vseq.sv:295) uvm_test_top.env.virtual_sequencer [uvm_test_top.env.virtual_sequencer.hmac_smoke_vseq] wr_addr = 1466, wr_mask = 1110, words = 0x9af44d1e
UVM_INFO @ 141050740 ps: (hmac_base_vseq.sv:295) uvm_test_top.env.virtual_sequencer [uvm_test_top.env.virtual_sequencer.hmac_smoke_vseq] wr_addr = 16fc, wr_mask = 0110, words = 0xa3c05f04
UVM_INFO @ 141154910 ps: (hmac_base_vseq.sv:295) uvm_test_top.env.virtual_sequencer [uvm_test_top.env.virtual_sequencer.hmac_smoke_vseq] wr_addr = 17e8, wr_mask = 1111, words = 0xce162cea
UVM_INFO @ 141529922 ps: (hmac_base_vseq.sv:295) uvm_test_top.env.virtual_sequencer [uvm_test_top.env.virtual_sequencer.hmac_smoke_vseq] wr_addr = 13cb, wr_mask = 1111, words = 0x8dc9993a
UVM_INFO @ 141654926 ps: (hmac_base_vseq.sv:295) uvm_test_top.env.virtual_sequencer [uvm_test_top.env.virtual_sequencer.hmac_smoke_vseq] wr_addr = 118e, wr_mask = 1100, words = 0xea2325ee
UVM_INFO @ 141686177 ps: (hmac_base_vseq.sv:295) uvm_test_top.env.virtual_sequencer [uvm_test_top.env.virtual_sequencer.hmac_smoke_vseq] wr_addr = 120e, wr_mask = 0100, words = 0x744bc564
UVM_INFO @ 142144525 ps: (hmac_base_vseq.sv:295) uvm_test_top.env.virtual_sequencer [uvm_test_top.env.virtual_sequencer.hmac_smoke_vseq] wr_addr = 17dc, wr_mask = 1111, words = 0x88de2bb8
UVM_INFO @ 142269529 ps: (hmac_base_vseq.sv:295) uvm_test_top.env.virtual_sequencer [uvm_test_top.env.virtual_sequencer.hmac_smoke_vseq] wr_addr = 1167, wr_mask = 1100, words = 0x9834ca39
UVM_INFO @ 142488286 ps: (hmac_base_vseq.sv:295) uvm_test_top.env.virtual_sequencer [uvm_test_top.env.virtual_sequencer.hmac_smoke_vseq] wr_addr = 130a, wr_mask = 1111, words = 0xe6f3d817
UVM_INFO @ 143019553 ps: (hmac_base_vseq.sv:295) uvm_test_top.env.virtual_sequencer [uvm_test_top.env.virtual_sequencer.hmac_smoke_vseq] wr_addr = 1710, wr_mask = 1111, words = 0x688ea198
UVM_INFO @ 143092472 ps: (hmac_base_vseq.sv:295) uvm_test_top.env.virtual_sequencer [uvm_test_top.env.virtual_sequencer.hmac_smoke_vseq] wr_addr = 1631, wr_mask = 0011, words = 0xd8ed5666
UVM_INFO @ 143384148 ps: (hmac_base_vseq.sv:295) uvm_test_top.env.virtual_sequencer [uvm_test_top.env.virtual_sequencer.hmac_smoke_vseq] wr_addr = 1487, wr_mask = 0011, words = 0x1b8a958b
UVM_INFO @ 143967500 ps: (hmac_base_vseq.sv:295) uvm_test_top.env.virtual_sequencer [uvm_test_top.env.virtual_sequencer.hmac_smoke_vseq] wr_addr = 1324, wr_mask = 0100, words = 0xb606f432
UVM_INFO @ 144217508 ps: (hmac_base_vseq.sv:295) uvm_test_top.env.virtual_sequencer [uvm_test_top.env.virtual_sequencer.hmac_smoke_vseq] wr_addr = 17e6, wr_mask = 0100, words = 0xe1a866e0
UVM_INFO @ 144686273 ps: (hmac_base_vseq.sv:295) uvm_test_top.env.virtual_sequencer [uvm_test_top.env.virtual_sequencer.hmac_smoke_vseq] wr_addr = 1117, wr_mask = 1000, words = 0xe4f5d60e
UVM_INFO @ 144925864 ps: (hmac_base_vseq.sv:295) uvm_test_top.env.virtual_sequencer [uvm_test_top.env.virtual_sequencer.hmac_smoke_vseq] wr_addr = 114e, wr_mask = 0010, words = 0x57c22098
UVM_INFO @ 145155038 ps: (hmac_base_vseq.sv:295) uvm_test_top.env.virtual_sequencer [uvm_test_top.env.virtual_sequencer.hmac_smoke_vseq] wr_addr = 10bb, wr_mask = 1111, words = 0x28ff74c
UVM_INFO @ 145561301 ps: (hmac_base_vseq.sv:295) uvm_test_top.env.virtual_sequencer [uvm_test_top.env.virtual_sequencer.hmac_smoke_vseq] wr_addr = 17f9, wr_mask = 1111, words = 0x3f8bd716
UVM_INFO @ 145686305 ps: (hmac_base_vseq.sv:295) uvm_test_top.env.virtual_sequencer [uvm_test_top.env.virtual_sequencer.hmac_smoke_vseq] wr_addr = 1697, wr_mask = 0110, words = 0x36cb3209
UVM_INFO @ 145894645 ps: (hmac_base_vseq.sv:295) uvm_test_top.env.virtual_sequencer [uvm_test_top.env.virtual_sequencer.hmac_smoke_vseq] wr_addr = 166b, wr_mask = 1100, words = 0x240f6726
UVM_INFO @ 146373827 ps: (hmac_base_vseq.sv:295) uvm_test_top.env.virtual_sequencer [uvm_test_top.env.virtual_sequencer.hmac_smoke_vseq] wr_addr = 1641, wr_mask = 0110, words = 0xf6614fc
UVM_INFO @ 146853009 ps: (hmac_base_vseq.sv:295) uvm_test_top.env.virtual_sequencer [uvm_test_top.env.virtual_sequencer.hmac_smoke_vseq] wr_addr = 1720, wr_mask = 1110, words = 0x57c8555b
UVM_INFO @ 147196770 ps: (hmac_base_vseq.sv:295) uvm_test_top.env.virtual_sequencer [uvm_test_top.env.virtual_sequencer.hmac_smoke_vseq] wr_addr = 1423, wr_mask = 1111, words = 0x8ec8e175
UVM_INFO @ 147415527 ps: (hmac_base_vseq.sv:295) uvm_test_top.env.virtual_sequencer [uvm_test_top.env.virtual_sequencer.hmac_smoke_vseq] wr_addr = 1436, wr_mask = 0110, words = 0x4703e1d2
UVM_INFO @ 147873875 ps: (hmac_base_vseq.sv:295) uvm_test_top.env.virtual_sequencer [uvm_test_top.env.virtual_sequencer.hmac_smoke_vseq] wr_addr = 1233, wr_mask = 0111, words = 0x44fdbd11
UVM_INFO @ 148092632 ps: (hmac_base_vseq.sv:295) uvm_test_top.env.virtual_sequencer [uvm_test_top.env.virtual_sequencer.hmac_smoke_vseq] wr_addr = 161c, wr_mask = 0110, words = 0x97e760d7
UVM_INFO @ 148290555 ps: (hmac_base_vseq.sv:295) uvm_test_top.env.virtual_sequencer [uvm_test_top.env.virtual_sequencer.hmac_smoke_vseq] wr_addr = 10d6, wr_mask = 0111, words = 0x801925
UVM_INFO @ 148394725 ps: (hmac_base_vseq.sv:295) uvm_test_top.env.virtual_sequencer [uvm_test_top.env.virtual_sequencer.hmac_smoke_vseq] wr_addr = 13e7, wr_mask = 1110, words = 0xae1567d6
UVM_INFO @ 150061445 ps: (hmac_smoke_vseq.sv:80) uvm_test_top.env.virtual_sequencer [uvm_test_top.env.virtual_sequencer.hmac_smoke_vseq] starting seq 9/22, message size 408 bits, hmac=1, sha=1
UVM_INFO @ 150061445 ps: (hmac_smoke_vseq.sv:82) uvm_test_top.env.virtual_sequencer [uvm_test_top.env.virtual_sequencer.hmac_smoke_vseq] digest size=SHA2_None, key length=0
UVM_INFO @ 150061445 ps: (hmac_smoke_vseq.sv:85) uvm_test_top.env.virtual_sequencer [uvm_test_top.env.virtual_sequencer.hmac_smoke_vseq] intr_fifo_empty/hmac_done/hmac_err=111, endian/digest/key_swap=011
UVM_INFO @ 150061445 ps: (hmac_smoke_vseq.sv:86) uvm_test_top.env.virtual_sequencer [uvm_test_top.env.virtual_sequencer.hmac_smoke_vseq] wipe secret condition is: NoWipeSecret
UVM_INFO @ 150238534 ps: (hmac_base_vseq.sv:123) uvm_test_top.env.virtual_sequencer [uvm_test_top.env.virtual_sequencer.hmac_smoke_vseq] invalid config: 1
UVM_INFO @ 150238534 ps: (hmac_base_vseq.sv:213) uvm_test_top.env.virtual_sequencer [uvm_test_top.env.virtual_sequencer.hmac_smoke_vseq] wiping secret untriggered
UVM_INFO @ 153884484 ps: (hmac_base_vseq.sv:213) uvm_test_top.env.virtual_sequencer [uvm_test_top.env.virtual_sequencer.hmac_smoke_vseq] wiping secret untriggered
UVM_INFO @ 153884484 ps: (hmac_base_vseq.sv:161) uvm_test_top.env.virtual_sequencer [uvm_test_top.env.virtual_sequencer.hmac_smoke_vseq] triggering hash to start
UVM_INFO @ 153915735 ps: (hmac_scoreboard.sv:126) uvm_test_top.env.scoreboard [uvm_test_top.env.scoreboard] invalid config at starting: 1
UVM_INFO @ 154186577 ps: (hmac_base_vseq.sv:295) uvm_test_top.env.virtual_sequencer [uvm_test_top.env.virtual_sequencer.hmac_smoke_vseq] wr_addr = 161d, wr_mask = 1111, words = 0x2c42b8b5
UVM_INFO @ 154228245 ps: (hmac_base_vseq.sv:295) uvm_test_top.env.virtual_sequencer [uvm_test_top.env.virtual_sequencer.hmac_smoke_vseq] wr_addr = 1755, wr_mask = 1111, words = 0x5d03029e
UVM_INFO @ 154811597 ps: (hmac_base_vseq.sv:295) uvm_test_top.env.virtual_sequencer [uvm_test_top.env.virtual_sequencer.hmac_smoke_vseq] wr_addr = 1689, wr_mask = 1111, words = 0x4b8a0f79
UVM_INFO @ 154884516 ps: (hmac_base_vseq.sv:295) uvm_test_top.env.virtual_sequencer [uvm_test_top.env.virtual_sequencer.hmac_smoke_vseq] wr_addr = 16f4, wr_mask = 1110, words = 0xe5d1f29d
UVM_INFO @ 155176192 ps: (hmac_base_vseq.sv:295) uvm_test_top.env.virtual_sequencer [uvm_test_top.env.virtual_sequencer.hmac_smoke_vseq] wr_addr = 13ef, wr_mask = 0110, words = 0x279009c4
UVM_INFO @ 155509536 ps: (hmac_base_vseq.sv:295) uvm_test_top.env.virtual_sequencer [uvm_test_top.env.virtual_sequencer.hmac_smoke_vseq] wr_addr = 133b, wr_mask = 1111, words = 0xce162a6f
UVM_INFO @ 155613706 ps: (hmac_base_vseq.sv:295) uvm_test_top.env.virtual_sequencer [uvm_test_top.env.virtual_sequencer.hmac_smoke_vseq] wr_addr = 1559, wr_mask = 1100, words = 0xdc05bb12
UVM_INFO @ 155728293 ps: (hmac_base_vseq.sv:295) uvm_test_top.env.virtual_sequencer [uvm_test_top.env.virtual_sequencer.hmac_smoke_vseq] wr_addr = 16d2, wr_mask = 1111, words = 0x3385cf24
UVM_INFO @ 156061637 ps: (hmac_base_vseq.sv:295) uvm_test_top.env.virtual_sequencer [uvm_test_top.env.virtual_sequencer.hmac_smoke_vseq] wr_addr = 162f, wr_mask = 1111, words = 0x6d8de38d
UVM_INFO @ 156415815 ps: (hmac_base_vseq.sv:295) uvm_test_top.env.virtual_sequencer [uvm_test_top.env.virtual_sequencer.hmac_smoke_vseq] wr_addr = 16be, wr_mask = 0111, words = 0x49363ee4
UVM_INFO @ 156624155 ps: (hmac_base_vseq.sv:295) uvm_test_top.env.virtual_sequencer [uvm_test_top.env.virtual_sequencer.hmac_smoke_vseq] wr_addr = 11ce, wr_mask = 0011, words = 0x54016ab4
UVM_INFO @ 156915831 ps: (hmac_base_vseq.sv:295) uvm_test_top.env.virtual_sequencer [uvm_test_top.env.virtual_sequencer.hmac_smoke_vseq] wr_addr = 1643, wr_mask = 1111, words = 0x489e423
UVM_INFO @ 157228341 ps: (hmac_base_vseq.sv:295) uvm_test_top.env.virtual_sequencer [uvm_test_top.env.virtual_sequencer.hmac_smoke_vseq] wr_addr = 15ed, wr_mask = 0111, words = 0xccb9ff24
UVM_INFO @ 157520017 ps: (hmac_base_vseq.sv:295) uvm_test_top.env.virtual_sequencer [uvm_test_top.env.virtual_sequencer.hmac_smoke_vseq] wr_addr = 14d9, wr_mask = 0100, words = 0x45c102fb
UVM_INFO @ 157582519 ps: (hmac_base_vseq.sv:295) uvm_test_top.env.virtual_sequencer [uvm_test_top.env.virtual_sequencer.hmac_smoke_vseq] wr_addr = 1354, wr_mask = 1111, words = 0x34641739
UVM_INFO @ 157947114 ps: (hmac_base_vseq.sv:295) uvm_test_top.env.virtual_sequencer [uvm_test_top.env.virtual_sequencer.hmac_smoke_vseq] wr_addr = 13eb, wr_mask = 1110, words = 0x60dc72c8
UVM_INFO @ 159645085 ps: (hmac_smoke_vseq.sv:80) uvm_test_top.env.virtual_sequencer [uvm_test_top.env.virtual_sequencer.hmac_smoke_vseq] starting seq 10/22, message size 0 bits, hmac=1, sha=1
UVM_INFO @ 159645085 ps: (hmac_smoke_vseq.sv:82) uvm_test_top.env.virtual_sequencer [uvm_test_top.env.virtual_sequencer.hmac_smoke_vseq] digest size=SHA2_512, key length=512
UVM_INFO @ 159645085 ps: (hmac_smoke_vseq.sv:85) uvm_test_top.env.virtual_sequencer [uvm_test_top.env.virtual_sequencer.hmac_smoke_vseq] intr_fifo_empty/hmac_done/hmac_err=111, endian/digest/key_swap=110
UVM_INFO @ 159645085 ps: (hmac_smoke_vseq.sv:86) uvm_test_top.env.virtual_sequencer [uvm_test_top.env.virtual_sequencer.hmac_smoke_vseq] wipe secret condition is: NoWipeSecret
UVM_INFO @ 159759672 ps: (hmac_base_vseq.sv:123) uvm_test_top.env.virtual_sequencer [uvm_test_top.env.virtual_sequencer.hmac_smoke_vseq] invalid config: 0
UVM_INFO @ 159759672 ps: (hmac_base_vseq.sv:213) uvm_test_top.env.virtual_sequencer [uvm_test_top.env.virtual_sequencer.hmac_smoke_vseq] wiping secret untriggered
UVM_INFO @ 163061861 ps: (hmac_base_vseq.sv:213) uvm_test_top.env.virtual_sequencer [uvm_test_top.env.virtual_sequencer.hmac_smoke_vseq] wiping secret untriggered
UVM_INFO @ 163061861 ps: (hmac_base_vseq.sv:161) uvm_test_top.env.virtual_sequencer [uvm_test_top.env.virtual_sequencer.hmac_smoke_vseq] triggering hash to start
UVM_INFO @ 163103529 ps: (hmac_scoreboard.sv:126) uvm_test_top.env.scoreboard [uvm_test_top.env.scoreboard] invalid config at starting: 0
UVM_INFO @ 163530626 ps: (hmac_smoke_vseq.sv:179) uvm_test_top.env.virtual_sequencer [uvm_test_top.env.virtual_sequencer.hmac_smoke_vseq] triggering process because msg stream is finished
UVM_INFO @ 163530626 ps: (hmac_base_vseq.sv:194) uvm_test_top.env.virtual_sequencer [uvm_test_top.env.virtual_sequencer.hmac_smoke_vseq] triggering hash to process
UVM_INFO @ 163603545 ps: (hmac_scoreboard.sv:126) uvm_test_top.env.scoreboard [uvm_test_top.env.scoreboard] invalid config at starting: 0
UVM_INFO @ 163603545 ps: (hmac_scoreboard.sv:767) uvm_test_top.env.scoreboard [uvm_test_top.env.scoreboard] Computing digest prediction
bounds [63:0]
UVM_INFO @ 163603545 ps: (hmac_scoreboard.sv:809) uvm_test_top.env.scoreboard [uvm_test_top.env.scoreboard] HMAC of key=2047604754 (key_swap=00000000000000000000000000000000), msg_i='{}: 445579789
UVM_INFO @ 168082855 ps: (hmac_smoke_vseq.sv:235) uvm_test_top.env.virtual_sequencer [uvm_test_top.env.virtual_sequencer.hmac_smoke_vseq] reading digest
UVM_INFO @ 169312061 ps: (hmac_smoke_vseq.sv:80) uvm_test_top.env.virtual_sequencer [uvm_test_top.env.virtual_sequencer.hmac_smoke_vseq] starting seq 11/22, message size 2048 bits, hmac=1, sha=1
UVM_INFO @ 169312061 ps: (hmac_smoke_vseq.sv:82) uvm_test_top.env.virtual_sequencer [uvm_test_top.env.virtual_sequencer.hmac_smoke_vseq] digest size=SHA2_384, key length=384
UVM_INFO @ 169312061 ps: (hmac_smoke_vseq.sv:85) uvm_test_top.env.virtual_sequencer [uvm_test_top.env.virtual_sequencer.hmac_smoke_vseq] intr_fifo_empty/hmac_done/hmac_err=111, endian/digest/key_swap=011
UVM_INFO @ 169312061 ps: (hmac_smoke_vseq.sv:86) uvm_test_top.env.virtual_sequencer [uvm_test_top.env.virtual_sequencer.hmac_smoke_vseq] wipe secret condition is: NoWipeSecret
UVM_INFO @ 169624571 ps: (hmac_base_vseq.sv:123) uvm_test_top.env.virtual_sequencer [uvm_test_top.env.virtual_sequencer.hmac_smoke_vseq] invalid config: 0
UVM_INFO @ 169624571 ps: (hmac_base_vseq.sv:213) uvm_test_top.env.virtual_sequencer [uvm_test_top.env.virtual_sequencer.hmac_smoke_vseq] wiping secret untriggered
UVM_INFO @ 173155934 ps: (hmac_base_vseq.sv:213) uvm_test_top.env.virtual_sequencer [uvm_test_top.env.virtual_sequencer.hmac_smoke_vseq] wiping secret untriggered
UVM_INFO @ 173155934 ps: (hmac_base_vseq.sv:161) uvm_test_top.env.virtual_sequencer [uvm_test_top.env.virtual_sequencer.hmac_smoke_vseq] triggering hash to start
UVM_INFO @ 173260104 ps: (hmac_scoreboard.sv:126) uvm_test_top.env.scoreboard [uvm_test_top.env.scoreboard] invalid config at starting: 0
UVM_INFO @ 173270521 ps: (hmac_base_vseq.sv:295) uvm_test_top.env.virtual_sequencer [uvm_test_top.env.virtual_sequencer.hmac_smoke_vseq] wr_addr = 106a, wr_mask = 1111, words = 0xb584cb0e
UVM_INFO @ 173353857 ps: (hmac_base_vseq.sv:295) uvm_test_top.env.virtual_sequencer [uvm_test_top.env.virtual_sequencer.hmac_smoke_vseq] wr_addr = 137e, wr_mask = 1111, words = 0x7101d4de
UVM_INFO @ 173395525 ps: (hmac_base_vseq.sv:295) uvm_test_top.env.virtual_sequencer [uvm_test_top.env.virtual_sequencer.hmac_smoke_vseq] wr_addr = 1703, wr_mask = 0110, words = 0xed2e6da4
UVM_INFO @ 173947626 ps: (hmac_base_vseq.sv:295) uvm_test_top.env.virtual_sequencer [uvm_test_top.env.virtual_sequencer.hmac_smoke_vseq] wr_addr = 104a, wr_mask = 1111, words = 0xc4aebc3
UVM_INFO @ 174051796 ps: (hmac_base_vseq.sv:295) uvm_test_top.env.virtual_sequencer [uvm_test_top.env.virtual_sequencer.hmac_smoke_vseq] wr_addr = 149f, wr_mask = 0110, words = 0xaf774dd3
UVM_INFO @ 174583063 ps: (hmac_base_vseq.sv:295) uvm_test_top.env.virtual_sequencer [uvm_test_top.env.virtual_sequencer.hmac_smoke_vseq] wr_addr = 1215, wr_mask = 1111, words = 0xbc5f7923
UVM_INFO @ 174676816 ps: (hmac_base_vseq.sv:295) uvm_test_top.env.virtual_sequencer [uvm_test_top.env.virtual_sequencer.hmac_smoke_vseq] wr_addr = 162f, wr_mask = 1111, words = 0x34843983
UVM_INFO @ 175291419 ps: (hmac_base_vseq.sv:295) uvm_test_top.env.virtual_sequencer [uvm_test_top.env.virtual_sequencer.hmac_smoke_vseq] wr_addr = 12f9, wr_mask = 1111, words = 0x9b8cdda
UVM_INFO @ 175406006 ps: (hmac_base_vseq.sv:295) uvm_test_top.env.virtual_sequencer [uvm_test_top.env.virtual_sequencer.hmac_smoke_vseq] wr_addr = 1027, wr_mask = 1111, words = 0xefd921e6
UVM_INFO @ 175968524 ps: (hmac_base_vseq.sv:295) uvm_test_top.env.virtual_sequencer [uvm_test_top.env.virtual_sequencer.hmac_smoke_vseq] wr_addr = 14fa, wr_mask = 1111, words = 0xc7694d9
UVM_INFO @ 176270617 ps: (hmac_base_vseq.sv:295) uvm_test_top.env.virtual_sequencer [uvm_test_top.env.virtual_sequencer.hmac_smoke_vseq] wr_addr = 13ab, wr_mask = 0111, words = 0x60474e3c
UVM_INFO @ 176822718 ps: (hmac_base_vseq.sv:295) uvm_test_top.env.virtual_sequencer [uvm_test_top.env.virtual_sequencer.hmac_smoke_vseq] wr_addr = 13a7, wr_mask = 1000, words = 0xb4ca6094
UVM_INFO @ 177093560 ps: (hmac_base_vseq.sv:295) uvm_test_top.env.virtual_sequencer [uvm_test_top.env.virtual_sequencer.hmac_smoke_vseq] wr_addr = 114f, wr_mask = 0011, words = 0x313939bc
UVM_INFO @ 177510240 ps: (hmac_base_vseq.sv:295) uvm_test_top.env.virtual_sequencer [uvm_test_top.env.virtual_sequencer.hmac_smoke_vseq] wr_addr = 1769, wr_mask = 1111, words = 0x41fb7227
UVM_INFO @ 177749831 ps: (hmac_base_vseq.sv:295) uvm_test_top.env.virtual_sequencer [uvm_test_top.env.virtual_sequencer.hmac_smoke_vseq] wr_addr = 1417, wr_mask = 1111, words = 0xaa119f02
UVM_INFO @ 178135260 ps: (hmac_base_vseq.sv:295) uvm_test_top.env.virtual_sequencer [uvm_test_top.env.virtual_sequencer.hmac_smoke_vseq] wr_addr = 1748, wr_mask = 1111, words = 0x4bc4cc66
UVM_INFO @ 178770697 ps: (hmac_base_vseq.sv:295) uvm_test_top.env.virtual_sequencer [uvm_test_top.env.virtual_sequencer.hmac_smoke_vseq] wr_addr = 1368, wr_mask = 1111, words = 0x42d7d59e
UVM_INFO @ 179062373 ps: (hmac_base_vseq.sv:295) uvm_test_top.env.virtual_sequencer [uvm_test_top.env.virtual_sequencer.hmac_smoke_vseq] wr_addr = 15fc, wr_mask = 1111, words = 0x2f5f2786
UVM_INFO @ 179270713 ps: (hmac_base_vseq.sv:295) uvm_test_top.env.virtual_sequencer [uvm_test_top.env.virtual_sequencer.hmac_smoke_vseq] wr_addr = 1325, wr_mask = 1111, words = 0x866a89c8
UVM_INFO @ 179801980 ps: (hmac_base_vseq.sv:295) uvm_test_top.env.virtual_sequencer [uvm_test_top.env.virtual_sequencer.hmac_smoke_vseq] wr_addr = 1790, wr_mask = 1111, words = 0x77f2d87b
UVM_INFO @ 180104073 ps: (hmac_base_vseq.sv:295) uvm_test_top.env.virtual_sequencer [uvm_test_top.env.virtual_sequencer.hmac_smoke_vseq] wr_addr = 12c7, wr_mask = 1111, words = 0x1248985b
UVM_INFO @ 180479085 ps: (hmac_base_vseq.sv:295) uvm_test_top.env.virtual_sequencer [uvm_test_top.env.virtual_sequencer.hmac_smoke_vseq] wr_addr = 158f, wr_mask = 1110, words = 0xd593a14
UVM_INFO @ 180572838 ps: (hmac_base_vseq.sv:295) uvm_test_top.env.virtual_sequencer [uvm_test_top.env.virtual_sequencer.hmac_smoke_vseq] wr_addr = 12b3, wr_mask = 1111, words = 0x7986c31c
UVM_INFO @ 180947850 ps: (hmac_base_vseq.sv:295) uvm_test_top.env.virtual_sequencer [uvm_test_top.env.virtual_sequencer.hmac_smoke_vseq] wr_addr = 173e, wr_mask = 0001, words = 0xc8a8e96b
UVM_INFO @ 181197858 ps: (hmac_base_vseq.sv:295) uvm_test_top.env.virtual_sequencer [uvm_test_top.env.virtual_sequencer.hmac_smoke_vseq] wr_addr = 1186, wr_mask = 0110, words = 0x74458e78
UVM_INFO @ 181270777 ps: (hmac_base_vseq.sv:295) uvm_test_top.env.virtual_sequencer [uvm_test_top.env.virtual_sequencer.hmac_smoke_vseq] wr_addr = 150d, wr_mask = 0110, words = 0x6917f7a5
UVM_INFO @ 181343696 ps: (hmac_base_vseq.sv:295) uvm_test_top.env.virtual_sequencer [uvm_test_top.env.virtual_sequencer.hmac_smoke_vseq] wr_addr = 1477, wr_mask = 1111, words = 0xda2e0295
UVM_INFO @ 181552036 ps: (hmac_base_vseq.sv:295) uvm_test_top.env.virtual_sequencer [uvm_test_top.env.virtual_sequencer.hmac_smoke_vseq] wr_addr = 143b, wr_mask = 1111, words = 0xf713a2bd
UVM_INFO @ 181624955 ps: (hmac_base_vseq.sv:295) uvm_test_top.env.virtual_sequencer [uvm_test_top.env.virtual_sequencer.hmac_smoke_vseq] wr_addr = 11a5, wr_mask = 1111, words = 0x6f3508bb
UVM_INFO @ 181666623 ps: (hmac_base_vseq.sv:295) uvm_test_top.env.virtual_sequencer [uvm_test_top.env.virtual_sequencer.hmac_smoke_vseq] wr_addr = 17d3, wr_mask = 0111, words = 0xe13c25cc
UVM_INFO @ 181708291 ps: (hmac_base_vseq.sv:295) uvm_test_top.env.virtual_sequencer [uvm_test_top.env.virtual_sequencer.hmac_smoke_vseq] wr_addr = 14d5, wr_mask = 0011, words = 0xf36e6157
UVM_INFO @ 182010384 ps: (hmac_base_vseq.sv:295) uvm_test_top.env.virtual_sequencer [uvm_test_top.env.virtual_sequencer.hmac_smoke_vseq] wr_addr = 15f3, wr_mask = 0111, words = 0x5b620386
UVM_INFO @ 182260392 ps: (hmac_base_vseq.sv:295) uvm_test_top.env.virtual_sequencer [uvm_test_top.env.virtual_sequencer.hmac_smoke_vseq] wr_addr = 1443, wr_mask = 1111, words = 0x2317bc0b
UVM_INFO @ 182374979 ps: (hmac_base_vseq.sv:295) uvm_test_top.env.virtual_sequencer [uvm_test_top.env.virtual_sequencer.hmac_smoke_vseq] wr_addr = 159d, wr_mask = 1111, words = 0xf4dc69c8
UVM_INFO @ 182749991 ps: (hmac_base_vseq.sv:295) uvm_test_top.env.virtual_sequencer [uvm_test_top.env.virtual_sequencer.hmac_smoke_vseq] wr_addr = 1423, wr_mask = 0011, words = 0x2f57cdb6
UVM_INFO @ 183343760 ps: (hmac_base_vseq.sv:295) uvm_test_top.env.virtual_sequencer [uvm_test_top.env.virtual_sequencer.hmac_smoke_vseq] wr_addr = 13c5, wr_mask = 0100, words = 0xe4f141e
UVM_INFO @ 183541683 ps: (hmac_base_vseq.sv:295) uvm_test_top.env.virtual_sequencer [uvm_test_top.env.virtual_sequencer.hmac_smoke_vseq] wr_addr = 148e, wr_mask = 0011, words = 0x175c8aad
UVM_INFO @ 183718772 ps: (hmac_base_vseq.sv:295) uvm_test_top.env.virtual_sequencer [uvm_test_top.env.virtual_sequencer.hmac_smoke_vseq] wr_addr = 116f, wr_mask = 1111, words = 0xc6f8e7d2
UVM_INFO @ 184208371 ps: (hmac_base_vseq.sv:295) uvm_test_top.env.virtual_sequencer [uvm_test_top.env.virtual_sequencer.hmac_smoke_vseq] wr_addr = 10c5, wr_mask = 0111, words = 0xa150b6be
UVM_INFO @ 184437545 ps: (hmac_base_vseq.sv:295) uvm_test_top.env.virtual_sequencer [uvm_test_top.env.virtual_sequencer.hmac_smoke_vseq] wr_addr = 1593, wr_mask = 1111, words = 0x868a2065
UVM_INFO @ 184729221 ps: (hmac_base_vseq.sv:295) uvm_test_top.env.virtual_sequencer [uvm_test_top.env.virtual_sequencer.hmac_smoke_vseq] wr_addr = 11ac, wr_mask = 1111, words = 0x31c5bc52
UVM_INFO @ 184791723 ps: (hmac_base_vseq.sv:295) uvm_test_top.env.virtual_sequencer [uvm_test_top.env.virtual_sequencer.hmac_smoke_vseq] wr_addr = 131b, wr_mask = 0110, words = 0x47d9f350
UVM_INFO @ 184916727 ps: (hmac_base_vseq.sv:295) uvm_test_top.env.virtual_sequencer [uvm_test_top.env.virtual_sequencer.hmac_smoke_vseq] wr_addr = 12a5, wr_mask = 0100, words = 0xd1de2485
UVM_INFO @ 185208403 ps: (hmac_base_vseq.sv:295) uvm_test_top.env.virtual_sequencer [uvm_test_top.env.virtual_sequencer.hmac_smoke_vseq] wr_addr = 1409, wr_mask = 1111, words = 0xf2fdda26
UVM_INFO @ 185510496 ps: (hmac_base_vseq.sv:295) uvm_test_top.env.virtual_sequencer [uvm_test_top.env.virtual_sequencer.hmac_smoke_vseq] wr_addr = 1126, wr_mask = 0001, words = 0xc41e5c3d
UVM_INFO @ 185770921 ps: (hmac_base_vseq.sv:295) uvm_test_top.env.virtual_sequencer [uvm_test_top.env.virtual_sequencer.hmac_smoke_vseq] wr_addr = 14f1, wr_mask = 1111, words = 0xa2753f58
UVM_INFO @ 186010512 ps: (hmac_base_vseq.sv:295) uvm_test_top.env.virtual_sequencer [uvm_test_top.env.virtual_sequencer.hmac_smoke_vseq] wr_addr = 1702, wr_mask = 1111, words = 0x1a6c9dab
UVM_INFO @ 186093848 ps: (hmac_base_vseq.sv:295) uvm_test_top.env.virtual_sequencer [uvm_test_top.env.virtual_sequencer.hmac_smoke_vseq] wr_addr = 1273, wr_mask = 1000, words = 0x266da3c6
UVM_INFO @ 186364690 ps: (hmac_base_vseq.sv:295) uvm_test_top.env.virtual_sequencer [uvm_test_top.env.virtual_sequencer.hmac_smoke_vseq] wr_addr = 1389, wr_mask = 1111, words = 0xeb5cb160
UVM_INFO @ 186781370 ps: (hmac_base_vseq.sv:295) uvm_test_top.env.virtual_sequencer [uvm_test_top.env.virtual_sequencer.hmac_smoke_vseq] wr_addr = 14c3, wr_mask = 1110, words = 0x43a2736f
UVM_INFO @ 187052212 ps: (hmac_base_vseq.sv:295) uvm_test_top.env.virtual_sequencer [uvm_test_top.env.virtual_sequencer.hmac_smoke_vseq] wr_addr = 1763, wr_mask = 1111, words = 0xd09c303c
UVM_INFO @ 187552228 ps: (hmac_base_vseq.sv:295) uvm_test_top.env.virtual_sequencer [uvm_test_top.env.virtual_sequencer.hmac_smoke_vseq] wr_addr = 17ea, wr_mask = 1000, words = 0x731c22f4
UVM_INFO @ 187791819 ps: (hmac_base_vseq.sv:295) uvm_test_top.env.virtual_sequencer [uvm_test_top.env.virtual_sequencer.hmac_smoke_vseq] wr_addr = 157d, wr_mask = 0111, words = 0x95553b5a
UVM_INFO @ 187895989 ps: (hmac_base_vseq.sv:295) uvm_test_top.env.virtual_sequencer [uvm_test_top.env.virtual_sequencer.hmac_smoke_vseq] wr_addr = 16b5, wr_mask = 0111, words = 0xc2ee95cf
UVM_INFO @ 188302252 ps: (hmac_base_vseq.sv:295) uvm_test_top.env.virtual_sequencer [uvm_test_top.env.virtual_sequencer.hmac_smoke_vseq] wr_addr = 117c, wr_mask = 0001, words = 0xe0342c3b
UVM_INFO @ 188854353 ps: (hmac_base_vseq.sv:295) uvm_test_top.env.virtual_sequencer [uvm_test_top.env.virtual_sequencer.hmac_smoke_vseq] wr_addr = 10ed, wr_mask = 1111, words = 0x5f965f6b
UVM_INFO @ 189093944 ps: (hmac_base_vseq.sv:295) uvm_test_top.env.virtual_sequencer [uvm_test_top.env.virtual_sequencer.hmac_smoke_vseq] wr_addr = 11d0, wr_mask = 1111, words = 0x9f225eff
UVM_INFO @ 189468956 ps: (hmac_base_vseq.sv:295) uvm_test_top.env.virtual_sequencer [uvm_test_top.env.virtual_sequencer.hmac_smoke_vseq] wr_addr = 167a, wr_mask = 1111, words = 0xe3bdb64
UVM_INFO @ 189802300 ps: (hmac_base_vseq.sv:295) uvm_test_top.env.virtual_sequencer [uvm_test_top.env.virtual_sequencer.hmac_smoke_vseq] wr_addr = 1279, wr_mask = 1111, words = 0x4535f847
UVM_INFO @ 190312733 ps: (hmac_base_vseq.sv:295) uvm_test_top.env.virtual_sequencer [uvm_test_top.env.virtual_sequencer.hmac_smoke_vseq] wr_addr = 137a, wr_mask = 1111, words = 0xf359fd5
UVM_INFO @ 190896085 ps: (hmac_base_vseq.sv:295) uvm_test_top.env.virtual_sequencer [uvm_test_top.env.virtual_sequencer.hmac_smoke_vseq] wr_addr = 10a6, wr_mask = 1111, words = 0xc16d4f60
UVM_INFO @ 191156510 ps: (hmac_base_vseq.sv:295) uvm_test_top.env.virtual_sequencer [uvm_test_top.env.virtual_sequencer.hmac_smoke_vseq] wr_addr = 1130, wr_mask = 1110, words = 0x8aa9e261
UVM_INFO @ 191354433 ps: (hmac_base_vseq.sv:295) uvm_test_top.env.virtual_sequencer [uvm_test_top.env.virtual_sequencer.hmac_smoke_vseq] wr_addr = 14d6, wr_mask = 1111, words = 0xad6f1a69
UVM_INFO @ 191385684 ps: (hmac_base_vseq.sv:295) uvm_test_top.env.virtual_sequencer [uvm_test_top.env.virtual_sequencer.hmac_smoke_vseq] wr_addr = 12dd, wr_mask = 1111, words = 0xadd0d8a2
UVM_INFO @ 191646109 ps: (hmac_base_vseq.sv:295) uvm_test_top.env.virtual_sequencer [uvm_test_top.env.virtual_sequencer.hmac_smoke_vseq] wr_addr = 104e, wr_mask = 1000, words = 0x9dbcde89
UVM_INFO @ 192041955 ps: (hmac_base_vseq.sv:295) uvm_test_top.env.virtual_sequencer [uvm_test_top.env.virtual_sequencer.hmac_smoke_vseq] wr_addr = 1082, wr_mask = 1111, words = 0x8f401983
UVM_INFO @ 192677392 ps: (hmac_base_vseq.sv:295) uvm_test_top.env.virtual_sequencer [uvm_test_top.env.virtual_sequencer.hmac_smoke_vseq] wr_addr = 1159, wr_mask = 1000, words = 0x283dfae1
UVM_INFO @ 193114906 ps: (hmac_base_vseq.sv:295) uvm_test_top.env.virtual_sequencer [uvm_test_top.env.virtual_sequencer.hmac_smoke_vseq] wr_addr = 1643, wr_mask = 0001, words = 0x41b06482
UVM_INFO @ 193469084 ps: (hmac_base_vseq.sv:295) uvm_test_top.env.virtual_sequencer [uvm_test_top.env.virtual_sequencer.hmac_smoke_vseq] wr_addr = 1702, wr_mask = 0011, words = 0x905c5606
UVM_INFO @ 193739926 ps: (hmac_base_vseq.sv:295) uvm_test_top.env.virtual_sequencer [uvm_test_top.env.virtual_sequencer.hmac_smoke_vseq] wr_addr = 1077, wr_mask = 1111, words = 0xdd5efb9
UVM_INFO @ 193802428 ps: (hmac_base_vseq.sv:295) uvm_test_top.env.virtual_sequencer [uvm_test_top.env.virtual_sequencer.hmac_smoke_vseq] wr_addr = 179e, wr_mask = 1111, words = 0x6140948b
UVM_INFO @ 194469116 ps: (hmac_base_vseq.sv:295) uvm_test_top.env.virtual_sequencer [uvm_test_top.env.virtual_sequencer.hmac_smoke_vseq] wr_addr = 1028, wr_mask = 1111, words = 0x6d1f347f
UVM_INFO @ 194802460 ps: (hmac_base_vseq.sv:295) uvm_test_top.env.virtual_sequencer [uvm_test_top.env.virtual_sequencer.hmac_smoke_vseq] wr_addr = 1336, wr_mask = 1111, words = 0x211bd2a6
UVM_INFO @ 194896213 ps: (hmac_base_vseq.sv:295) uvm_test_top.env.virtual_sequencer [uvm_test_top.env.virtual_sequencer.hmac_smoke_vseq] wr_addr = 1394, wr_mask = 1111, words = 0x254505c3
UVM_INFO @ 195531650 ps: (hmac_base_vseq.sv:295) uvm_test_top.env.virtual_sequencer [uvm_test_top.env.virtual_sequencer.hmac_smoke_vseq] wr_addr = 1215, wr_mask = 1000, words = 0xbdfdbebf
UVM_INFO @ 195864994 ps: (hmac_base_vseq.sv:295) uvm_test_top.env.virtual_sequencer [uvm_test_top.env.virtual_sequencer.hmac_smoke_vseq] wr_addr = 1577, wr_mask = 1110, words = 0x10cd4b80
UVM_INFO @ 196437929 ps: (hmac_base_vseq.sv:295) uvm_test_top.env.virtual_sequencer [uvm_test_top.env.virtual_sequencer.hmac_smoke_vseq] wr_addr = 116f, wr_mask = 0111, words = 0x4d09ce45
UVM_INFO @ 196521265 ps: (hmac_base_vseq.sv:295) uvm_test_top.env.virtual_sequencer [uvm_test_top.env.virtual_sequencer.hmac_smoke_vseq] wr_addr = 1079, wr_mask = 1111, words = 0x83ca9f27
UVM_INFO @ 196625435 ps: (hmac_base_vseq.sv:295) uvm_test_top.env.virtual_sequencer [uvm_test_top.env.virtual_sequencer.hmac_smoke_vseq] wr_addr = 16b1, wr_mask = 0011, words = 0x35e5402
UVM_INFO @ 196927528 ps: (hmac_base_vseq.sv:295) uvm_test_top.env.virtual_sequencer [uvm_test_top.env.virtual_sequencer.hmac_smoke_vseq] wr_addr = 1108, wr_mask = 0011, words = 0x4d97a28a
UVM_INFO @ 197354625 ps: (hmac_base_vseq.sv:295) uvm_test_top.env.virtual_sequencer [uvm_test_top.env.virtual_sequencer.hmac_smoke_vseq] wr_addr = 10e0, wr_mask = 0110, words = 0x896f95c8
UVM_INFO @ 197667135 ps: (hmac_base_vseq.sv:295) uvm_test_top.env.virtual_sequencer [uvm_test_top.env.virtual_sequencer.hmac_smoke_vseq] wr_addr = 1524, wr_mask = 0011, words = 0x1131a6fd
UVM_INFO @ 198156734 ps: (hmac_base_vseq.sv:295) uvm_test_top.env.virtual_sequencer [uvm_test_top.env.virtual_sequencer.hmac_smoke_vseq] wr_addr = 14d9, wr_mask = 0111, words = 0x43f9ace1
UVM_INFO @ 199052596 ps: (hmac_smoke_vseq.sv:179) uvm_test_top.env.virtual_sequencer [uvm_test_top.env.virtual_sequencer.hmac_smoke_vseq] triggering process because msg stream is finished
UVM_INFO @ 199052596 ps: (hmac_base_vseq.sv:194) uvm_test_top.env.virtual_sequencer [uvm_test_top.env.virtual_sequencer.hmac_smoke_vseq] triggering hash to process
UVM_INFO @ 199094264 ps: (hmac_scoreboard.sv:126) uvm_test_top.env.scoreboard [uvm_test_top.env.scoreboard] invalid config at starting: 0
UVM_INFO @ 199094264 ps: (hmac_scoreboard.sv:767) uvm_test_top.env.scoreboard [uvm_test_top.env.scoreboard] Computing digest prediction
bounds [47:0]
bounds [255:0]
UVM_INFO @ 199094264 ps: (hmac_scoreboard.sv:809) uvm_test_top.env.scoreboard [uvm_test_top.env.scoreboard] HMAC of key=2343302288 (key_swap=00000000000000000000000000000001), msg_i='{14, 203, 132, 181, 222, 212, 1, 113, 109, 46, 195, 235, 74, 12, 77, 119, 35, 121, 95, 188, 131, 57, 132, 52, 218, 205, 184, 9, 230, 33, 217, 239, 217, 148, 118, 12, 60, 78, 71, 180, 188, 57, 39, 114, 251, 65, 2, 159, 17, 170, 102, 204, 196, 75, 158, 213, 215, 66, 134, 39, 95, 47, 200, 137, 106, 134, 123, 216, 242, 119, 91, 152, 72, 18, 58, 89, 13, 28, 195, 134, 121, 107, 142, 69, 247, 23, 149, 2, 46, 218, 189, 162, 19, 247, 187, 8, 53, 111, 204, 37, 60, 87, 97, 134, 3, 98, 11, 188, 23, 35, 200, 105, 220, 244, 182, 205, 79, 173, 138, 210, 231, 248, 198, 190, 182, 80, 101, 32, 138, 134, 82, 188, 197, 49, 243, 217, 222, 38, 218, 253, 242, 61, 88, 63, 117, 162, 171, 157, 108, 26, 38, 96, 177, 92, 235, 115, 162, 67, 60, 48, 156, 208, 115, 90, 59, 85, 207, 149, 238, 59, 107, 95, 150, 95, 255, 94, 34, 159, 100, 219, 59, 14, 71, 248, 53, 69, 213, 159, 53, 15, 96, 79, 109, 193, 226, 169, 138, 105, 26, 111, 173, 162, 216, 208, 173, 157, 131, 25, 64, 143, 40, 130, 6, 86, 185, 239, 213, 13, 139, 148, 64, 97, 127, 52, 31, 109, 166, 210, 27, 33, 195, 5, 69, 37, 189, 75, 205, 16, 69, 206, 9, 39, 159, 202, 131, 2, 84, 138, 162, 149, 111, 253, 166, 225, 172, 249}: 2896460727
UVM_INFO @ 202656878 ps: (hmac_smoke_vseq.sv:235) uvm_test_top.env.virtual_sequencer [uvm_test_top.env.virtual_sequencer.hmac_smoke_vseq] reading digest
UVM_INFO @ 203667327 ps: (hmac_smoke_vseq.sv:80) uvm_test_top.env.virtual_sequencer [uvm_test_top.env.virtual_sequencer.hmac_smoke_vseq] starting seq 12/22, message size 2056 bits, hmac=0, sha=1
UVM_INFO @ 203667327 ps: (hmac_smoke_vseq.sv:82) uvm_test_top.env.virtual_sequencer [uvm_test_top.env.virtual_sequencer.hmac_smoke_vseq] digest size=SHA2_512, key length=1024
UVM_INFO @ 203667327 ps: (hmac_smoke_vseq.sv:85) uvm_test_top.env.virtual_sequencer [uvm_test_top.env.virtual_sequencer.hmac_smoke_vseq] intr_fifo_empty/hmac_done/hmac_err=111, endian/digest/key_swap=010
UVM_INFO @ 203667327 ps: (hmac_smoke_vseq.sv:86) uvm_test_top.env.virtual_sequencer [uvm_test_top.env.virtual_sequencer.hmac_smoke_vseq] wipe secret condition is: NoWipeSecret
UVM_INFO @ 203813165 ps: (hmac_base_vseq.sv:123) uvm_test_top.env.virtual_sequencer [uvm_test_top.env.virtual_sequencer.hmac_smoke_vseq] invalid config: 0
UVM_INFO @ 203813165 ps: (hmac_base_vseq.sv:213) uvm_test_top.env.virtual_sequencer [uvm_test_top.env.virtual_sequencer.hmac_smoke_vseq] wiping secret untriggered
UVM_INFO @ 207365362 ps: (hmac_base_vseq.sv:213) uvm_test_top.env.virtual_sequencer [uvm_test_top.env.virtual_sequencer.hmac_smoke_vseq] wiping secret untriggered
UVM_INFO @ 207365362 ps: (hmac_base_vseq.sv:161) uvm_test_top.env.virtual_sequencer [uvm_test_top.env.virtual_sequencer.hmac_smoke_vseq] triggering hash to start
UVM_INFO @ 207386196 ps: (hmac_scoreboard.sv:126) uvm_test_top.env.scoreboard [uvm_test_top.env.scoreboard] invalid config at starting: 0
UVM_INFO @ 207396613 ps: (hmac_base_vseq.sv:295) uvm_test_top.env.virtual_sequencer [uvm_test_top.env.virtual_sequencer.hmac_smoke_vseq] wr_addr = 13b5, wr_mask = 1111, words = 0x3434f845
UVM_INFO @ 207688289 ps: (hmac_base_vseq.sv:295) uvm_test_top.env.virtual_sequencer [uvm_test_top.env.virtual_sequencer.hmac_smoke_vseq] wr_addr = 1411, wr_mask = 1111, words = 0x7984b72b
UVM_INFO @ 208271641 ps: (hmac_base_vseq.sv:295) uvm_test_top.env.virtual_sequencer [uvm_test_top.env.virtual_sequencer.hmac_smoke_vseq] wr_addr = 1564, wr_mask = 0001, words = 0xefac57a1
UVM_INFO @ 208802908 ps: (hmac_base_vseq.sv:295) uvm_test_top.env.virtual_sequencer [uvm_test_top.env.virtual_sequencer.hmac_smoke_vseq] wr_addr = 13a4, wr_mask = 1110, words = 0x8209c1c9
UVM_INFO @ 209230005 ps: (hmac_base_vseq.sv:295) uvm_test_top.env.virtual_sequencer [uvm_test_top.env.virtual_sequencer.hmac_smoke_vseq] wr_addr = 1373, wr_mask = 0001, words = 0x8b62f9a2
UVM_INFO @ 209646685 ps: (hmac_base_vseq.sv:295) uvm_test_top.env.virtual_sequencer [uvm_test_top.env.virtual_sequencer.hmac_smoke_vseq] wr_addr = 1022, wr_mask = 1100, words = 0x6d18f302
UVM_INFO @ 210021697 ps: (hmac_base_vseq.sv:295) uvm_test_top.env.virtual_sequencer [uvm_test_top.env.virtual_sequencer.hmac_smoke_vseq] wr_addr = 1179, wr_mask = 1100, words = 0xbd2be9d7
UVM_INFO @ 210563381 ps: (hmac_base_vseq.sv:295) uvm_test_top.env.virtual_sequencer [uvm_test_top.env.virtual_sequencer.hmac_smoke_vseq] wr_addr = 1039, wr_mask = 1111, words = 0x9cb55878
UVM_INFO @ 210886308 ps: (hmac_base_vseq.sv:295) uvm_test_top.env.virtual_sequencer [uvm_test_top.env.virtual_sequencer.hmac_smoke_vseq] wr_addr = 135e, wr_mask = 0110, words = 0xa9076577
UVM_INFO @ 210959227 ps: (hmac_base_vseq.sv:295) uvm_test_top.env.virtual_sequencer [uvm_test_top.env.virtual_sequencer.hmac_smoke_vseq] wr_addr = 10a8, wr_mask = 0001, words = 0x4d1dc0f1
UVM_INFO @ 211511328 ps: (hmac_base_vseq.sv:295) uvm_test_top.env.virtual_sequencer [uvm_test_top.env.virtual_sequencer.hmac_smoke_vseq] wr_addr = 15f5, wr_mask = 0100, words = 0x340cbf5b
UVM_INFO @ 211552996 ps: (hmac_base_vseq.sv:295) uvm_test_top.env.virtual_sequencer [uvm_test_top.env.virtual_sequencer.hmac_smoke_vseq] wr_addr = 13c4, wr_mask = 1110, words = 0x37cb0d39
UVM_INFO @ 211625915 ps: (hmac_base_vseq.sv:295) uvm_test_top.env.virtual_sequencer [uvm_test_top.env.virtual_sequencer.hmac_smoke_vseq] wr_addr = 15b2, wr_mask = 1111, words = 0x72fa8e0b
UVM_INFO @ 211886340 ps: (hmac_base_vseq.sv:295) uvm_test_top.env.virtual_sequencer [uvm_test_top.env.virtual_sequencer.hmac_smoke_vseq] wr_addr = 10a8, wr_mask = 0100, words = 0x8c6aa773
UVM_INFO @ 212209267 ps: (hmac_base_vseq.sv:295) uvm_test_top.env.virtual_sequencer [uvm_test_top.env.virtual_sequencer.hmac_smoke_vseq] wr_addr = 11e5, wr_mask = 1111, words = 0x4bd4969c
UVM_INFO @ 212511360 ps: (hmac_base_vseq.sv:295) uvm_test_top.env.virtual_sequencer [uvm_test_top.env.virtual_sequencer.hmac_smoke_vseq] wr_addr = 1395, wr_mask = 0110, words = 0x45e8a82f
UVM_INFO @ 212771785 ps: (hmac_base_vseq.sv:295) uvm_test_top.env.virtual_sequencer [uvm_test_top.env.virtual_sequencer.hmac_smoke_vseq] wr_addr = 1372, wr_mask = 1111, words = 0x1d309096
UVM_INFO @ 213125963 ps: (hmac_base_vseq.sv:295) uvm_test_top.env.virtual_sequencer [uvm_test_top.env.virtual_sequencer.hmac_smoke_vseq] wr_addr = 11b8, wr_mask = 1111, words = 0x546526ee
UVM_INFO @ 213428056 ps: (hmac_base_vseq.sv:295) uvm_test_top.env.virtual_sequencer [uvm_test_top.env.virtual_sequencer.hmac_smoke_vseq] wr_addr = 13de, wr_mask = 1111, words = 0x41956c26
UVM_INFO @ 213761400 ps: (hmac_base_vseq.sv:295) uvm_test_top.env.virtual_sequencer [uvm_test_top.env.virtual_sequencer.hmac_smoke_vseq] wr_addr = 1285, wr_mask = 1111, words = 0x993c3056
UVM_INFO @ 214292667 ps: (hmac_base_vseq.sv:295) uvm_test_top.env.virtual_sequencer [uvm_test_top.env.virtual_sequencer.hmac_smoke_vseq] wr_addr = 17ac, wr_mask = 0001, words = 0x59c98afa
UVM_INFO @ 214469756 ps: (hmac_base_vseq.sv:295) uvm_test_top.env.virtual_sequencer [uvm_test_top.env.virtual_sequencer.hmac_smoke_vseq] wr_addr = 1385, wr_mask = 1000, words = 0x264d0a6e
UVM_INFO @ 214771849 ps: (hmac_base_vseq.sv:295) uvm_test_top.env.virtual_sequencer [uvm_test_top.env.virtual_sequencer.hmac_smoke_vseq] wr_addr = 118e, wr_mask = 0111, words = 0x17ee3043
UVM_INFO @ 215094776 ps: (hmac_base_vseq.sv:295) uvm_test_top.env.virtual_sequencer [uvm_test_top.env.virtual_sequencer.hmac_smoke_vseq] wr_addr = 1773, wr_mask = 0110, words = 0xa911ec3c
UVM_INFO @ 215126027 ps: (hmac_base_vseq.sv:295) uvm_test_top.env.virtual_sequencer [uvm_test_top.env.virtual_sequencer.hmac_smoke_vseq] wr_addr = 10a9, wr_mask = 0011, words = 0xc8c8c9a0
UVM_INFO @ 215417703 ps: (hmac_base_vseq.sv:295) uvm_test_top.env.virtual_sequencer [uvm_test_top.env.virtual_sequencer.hmac_smoke_vseq] wr_addr = 1202, wr_mask = 0110, words = 0xdac629ab
UVM_INFO @ 215730213 ps: (hmac_base_vseq.sv:295) uvm_test_top.env.virtual_sequencer [uvm_test_top.env.virtual_sequencer.hmac_smoke_vseq] wr_addr = 12d1, wr_mask = 0010, words = 0x27fb6d3d
UVM_INFO @ 215938553 ps: (hmac_base_vseq.sv:295) uvm_test_top.env.virtual_sequencer [uvm_test_top.env.virtual_sequencer.hmac_smoke_vseq] wr_addr = 1503, wr_mask = 0111, words = 0x93813857
UVM_INFO @ 216209395 ps: (hmac_base_vseq.sv:295) uvm_test_top.env.virtual_sequencer [uvm_test_top.env.virtual_sequencer.hmac_smoke_vseq] wr_addr = 12b8, wr_mask = 1000, words = 0xb6061532
UVM_INFO @ 216469820 ps: (hmac_base_vseq.sv:295) uvm_test_top.env.virtual_sequencer [uvm_test_top.env.virtual_sequencer.hmac_smoke_vseq] wr_addr = 15ef, wr_mask = 0011, words = 0x239cb63d
UVM_INFO @ 217084423 ps: (hmac_base_vseq.sv:295) uvm_test_top.env.virtual_sequencer [uvm_test_top.env.virtual_sequencer.hmac_smoke_vseq] wr_addr = 1005, wr_mask = 1111, words = 0x3076630f
UVM_INFO @ 217417767 ps: (hmac_base_vseq.sv:295) uvm_test_top.env.virtual_sequencer [uvm_test_top.env.virtual_sequencer.hmac_smoke_vseq] wr_addr = 1064, wr_mask = 0110, words = 0xa4ab0ff6
UVM_INFO @ 217803196 ps: (hmac_base_vseq.sv:295) uvm_test_top.env.virtual_sequencer [uvm_test_top.env.virtual_sequencer.hmac_smoke_vseq] wr_addr = 1749, wr_mask = 1111, words = 0x918fa3db
UVM_INFO @ 218501135 ps: (hmac_base_vseq.sv:295) uvm_test_top.env.virtual_sequencer [uvm_test_top.env.virtual_sequencer.hmac_smoke_vseq] wr_addr = 15d2, wr_mask = 1111, words = 0x8a40a15e
UVM_INFO @ 218594888 ps: (hmac_base_vseq.sv:295) uvm_test_top.env.virtual_sequencer [uvm_test_top.env.virtual_sequencer.hmac_smoke_vseq] wr_addr = 1679, wr_mask = 1111, words = 0xc9ea352f
UVM_INFO @ 218719892 ps: (hmac_base_vseq.sv:295) uvm_test_top.env.virtual_sequencer [uvm_test_top.env.virtual_sequencer.hmac_smoke_vseq] wr_addr = 17a0, wr_mask = 0001, words = 0xd9df00d2
UVM_INFO @ 219209491 ps: (hmac_base_vseq.sv:295) uvm_test_top.env.virtual_sequencer [uvm_test_top.env.virtual_sequencer.hmac_smoke_vseq] wr_addr = 1318, wr_mask = 1110, words = 0xf420633e
UVM_INFO @ 219469916 ps: (hmac_base_vseq.sv:295) uvm_test_top.env.virtual_sequencer [uvm_test_top.env.virtual_sequencer.hmac_smoke_vseq] wr_addr = 152e, wr_mask = 1000, words = 0xcd4193c8
UVM_INFO @ 220022017 ps: (hmac_base_vseq.sv:295) uvm_test_top.env.virtual_sequencer [uvm_test_top.env.virtual_sequencer.hmac_smoke_vseq] wr_addr = 15ac, wr_mask = 1111, words = 0x35961412
UVM_INFO @ 220042851 ps: (hmac_base_vseq.sv:295) uvm_test_top.env.virtual_sequencer [uvm_test_top.env.virtual_sequencer.hmac_smoke_vseq] wr_addr = 17f7, wr_mask = 0100, words = 0xf1997487
UVM_INFO @ 220511616 ps: (hmac_base_vseq.sv:295) uvm_test_top.env.virtual_sequencer [uvm_test_top.env.virtual_sequencer.hmac_smoke_vseq] wr_addr = 1124, wr_mask = 1111, words = 0x6ea91013
UVM_INFO @ 221022049 ps: (hmac_base_vseq.sv:295) uvm_test_top.env.virtual_sequencer [uvm_test_top.env.virtual_sequencer.hmac_smoke_vseq] wr_addr = 12ef, wr_mask = 1111, words = 0x63a87ec3
UVM_INFO @ 221511648 ps: (hmac_base_vseq.sv:295) uvm_test_top.env.virtual_sequencer [uvm_test_top.env.virtual_sequencer.hmac_smoke_vseq] wr_addr = 1148, wr_mask = 1111, words = 0xb8ba708c
UVM_INFO @ 221647069 ps: (hmac_base_vseq.sv:295) uvm_test_top.env.virtual_sequencer [uvm_test_top.env.virtual_sequencer.hmac_smoke_vseq] wr_addr = 1050, wr_mask = 1111, words = 0xe9635a66
UVM_INFO @ 222167919 ps: (hmac_base_vseq.sv:295) uvm_test_top.env.virtual_sequencer [uvm_test_top.env.virtual_sequencer.hmac_smoke_vseq] wr_addr = 143f, wr_mask = 1111, words = 0x460673ae
UVM_INFO @ 222605433 ps: (hmac_base_vseq.sv:295) uvm_test_top.env.virtual_sequencer [uvm_test_top.env.virtual_sequencer.hmac_smoke_vseq] wr_addr = 1282, wr_mask = 1111, words = 0xc076b928
UVM_INFO @ 223199202 ps: (hmac_base_vseq.sv:295) uvm_test_top.env.virtual_sequencer [uvm_test_top.env.virtual_sequencer.hmac_smoke_vseq] wr_addr = 1644, wr_mask = 1000, words = 0x45a77b52
UVM_INFO @ 223386708 ps: (hmac_base_vseq.sv:295) uvm_test_top.env.virtual_sequencer [uvm_test_top.env.virtual_sequencer.hmac_smoke_vseq] wr_addr = 15c8, wr_mask = 1111, words = 0xf74ee56b
UVM_INFO @ 223938809 ps: (hmac_base_vseq.sv:295) uvm_test_top.env.virtual_sequencer [uvm_test_top.env.virtual_sequencer.hmac_smoke_vseq] wr_addr = 1256, wr_mask = 1111, words = 0xc2b6cfbd
UVM_INFO @ 224490910 ps: (hmac_base_vseq.sv:295) uvm_test_top.env.virtual_sequencer [uvm_test_top.env.virtual_sequencer.hmac_smoke_vseq] wr_addr = 1529, wr_mask = 1111, words = 0xfb254f43
UVM_INFO @ 224855505 ps: (hmac_base_vseq.sv:295) uvm_test_top.env.virtual_sequencer [uvm_test_top.env.virtual_sequencer.hmac_smoke_vseq] wr_addr = 1747, wr_mask = 0011, words = 0x3a4e0e3b
UVM_INFO @ 225355521 ps: (hmac_base_vseq.sv:295) uvm_test_top.env.virtual_sequencer [uvm_test_top.env.virtual_sequencer.hmac_smoke_vseq] wr_addr = 11ba, wr_mask = 0011, words = 0x275cc780
UVM_INFO @ 225824286 ps: (hmac_base_vseq.sv:295) uvm_test_top.env.virtual_sequencer [uvm_test_top.env.virtual_sequencer.hmac_smoke_vseq] wr_addr = 1267, wr_mask = 1111, words = 0x1ed4e04b
UVM_INFO @ 226449306 ps: (hmac_base_vseq.sv:295) uvm_test_top.env.virtual_sequencer [uvm_test_top.env.virtual_sequencer.hmac_smoke_vseq] wr_addr = 124c, wr_mask = 1111, words = 0x45313f1
UVM_INFO @ 226699314 ps: (hmac_base_vseq.sv:295) uvm_test_top.env.virtual_sequencer [uvm_test_top.env.virtual_sequencer.hmac_smoke_vseq] wr_addr = 14ca, wr_mask = 1111, words = 0x4405ace8
UVM_INFO @ 227074326 ps: (hmac_base_vseq.sv:295) uvm_test_top.env.virtual_sequencer [uvm_test_top.env.virtual_sequencer.hmac_smoke_vseq] wr_addr = 1609, wr_mask = 1110, words = 0x58ff1d5c
UVM_INFO @ 227678512 ps: (hmac_base_vseq.sv:295) uvm_test_top.env.virtual_sequencer [uvm_test_top.env.virtual_sequencer.hmac_smoke_vseq] wr_addr = 13f0, wr_mask = 1111, words = 0x6146757a
UVM_INFO @ 227959771 ps: (hmac_base_vseq.sv:295) uvm_test_top.env.virtual_sequencer [uvm_test_top.env.virtual_sequencer.hmac_smoke_vseq] wr_addr = 123e, wr_mask = 1100, words = 0x3f4ba46d
UVM_INFO @ 228324366 ps: (hmac_base_vseq.sv:295) uvm_test_top.env.virtual_sequencer [uvm_test_top.env.virtual_sequencer.hmac_smoke_vseq] wr_addr = 1789, wr_mask = 1111, words = 0x3800bda2
UVM_INFO @ 228407702 ps: (hmac_base_vseq.sv:295) uvm_test_top.env.virtual_sequencer [uvm_test_top.env.virtual_sequencer.hmac_smoke_vseq] wr_addr = 17b7, wr_mask = 1111, words = 0x4a732612
UVM_INFO @ 228980637 ps: (hmac_base_vseq.sv:295) uvm_test_top.env.virtual_sequencer [uvm_test_top.env.virtual_sequencer.hmac_smoke_vseq] wr_addr = 1320, wr_mask = 0100, words = 0x62bce83f
UVM_INFO @ 229282730 ps: (hmac_base_vseq.sv:295) uvm_test_top.env.virtual_sequencer [uvm_test_top.env.virtual_sequencer.hmac_smoke_vseq] wr_addr = 147b, wr_mask = 1111, words = 0x4cdcd805
UVM_INFO @ 229720244 ps: (hmac_base_vseq.sv:295) uvm_test_top.env.virtual_sequencer [uvm_test_top.env.virtual_sequencer.hmac_smoke_vseq] wr_addr = 1794, wr_mask = 1111, words = 0xd3447de4
UVM_INFO @ 229793163 ps: (hmac_base_vseq.sv:295) uvm_test_top.env.virtual_sequencer [uvm_test_top.env.virtual_sequencer.hmac_smoke_vseq] wr_addr = 135d, wr_mask = 0001, words = 0x76463eb3
UVM_INFO @ 230386932 ps: (hmac_base_vseq.sv:295) uvm_test_top.env.virtual_sequencer [uvm_test_top.env.virtual_sequencer.hmac_smoke_vseq] wr_addr = 119a, wr_mask = 0010, words = 0xdc11909d
UVM_INFO @ 230741110 ps: (hmac_base_vseq.sv:295) uvm_test_top.env.virtual_sequencer [uvm_test_top.env.virtual_sequencer.hmac_smoke_vseq] wr_addr = 1014, wr_mask = 1111, words = 0xb64b01d0
UVM_INFO @ 230866114 ps: (hmac_base_vseq.sv:295) uvm_test_top.env.virtual_sequencer [uvm_test_top.env.virtual_sequencer.hmac_smoke_vseq] wr_addr = 161e, wr_mask = 1111, words = 0xee482eb8
UVM_INFO @ 231376547 ps: (hmac_base_vseq.sv:295) uvm_test_top.env.virtual_sequencer [uvm_test_top.env.virtual_sequencer.hmac_smoke_vseq] wr_addr = 1519, wr_mask = 0011, words = 0x8c48fad1
UVM_INFO @ 231501551 ps: (hmac_base_vseq.sv:295) uvm_test_top.env.virtual_sequencer [uvm_test_top.env.virtual_sequencer.hmac_smoke_vseq] wr_addr = 1603, wr_mask = 1000, words = 0x566a9938
UVM_INFO @ 231699474 ps: (hmac_base_vseq.sv:295) uvm_test_top.env.virtual_sequencer [uvm_test_top.env.virtual_sequencer.hmac_smoke_vseq] wr_addr = 1018, wr_mask = 0100, words = 0xa9130d64
UVM_INFO @ 231959899 ps: (hmac_base_vseq.sv:295) uvm_test_top.env.virtual_sequencer [uvm_test_top.env.virtual_sequencer.hmac_smoke_vseq] wr_addr = 1064, wr_mask = 1100, words = 0x3a11e232
UVM_INFO @ 232501583 ps: (hmac_base_vseq.sv:295) uvm_test_top.env.virtual_sequencer [uvm_test_top.env.virtual_sequencer.hmac_smoke_vseq] wr_addr = 1107, wr_mask = 1111, words = 0x32403e17
UVM_INFO @ 232834927 ps: (hmac_base_vseq.sv:295) uvm_test_top.env.virtual_sequencer [uvm_test_top.env.virtual_sequencer.hmac_smoke_vseq] wr_addr = 1492, wr_mask = 1111, words = 0x8504b9f
UVM_INFO @ 233293275 ps: (hmac_base_vseq.sv:295) uvm_test_top.env.virtual_sequencer [uvm_test_top.env.virtual_sequencer.hmac_smoke_vseq] wr_addr = 1750, wr_mask = 1111, words = 0xb9559071
UVM_INFO @ 233741206 ps: (hmac_base_vseq.sv:295) uvm_test_top.env.virtual_sequencer [uvm_test_top.env.virtual_sequencer.hmac_smoke_vseq] wr_addr = 148a, wr_mask = 1111, words = 0xce33e15f
UVM_INFO @ 234199554 ps: (hmac_base_vseq.sv:295) uvm_test_top.env.virtual_sequencer [uvm_test_top.env.virtual_sequencer.hmac_smoke_vseq] wr_addr = 1401, wr_mask = 0111, words = 0x20ea2e06
UVM_INFO @ 234751655 ps: (hmac_base_vseq.sv:295) uvm_test_top.env.virtual_sequencer [uvm_test_top.env.virtual_sequencer.hmac_smoke_vseq] wr_addr = 121b, wr_mask = 1111, words = 0x3e1a3b86
UVM_INFO @ 235324590 ps: (hmac_base_vseq.sv:295) uvm_test_top.env.virtual_sequencer [uvm_test_top.env.virtual_sequencer.hmac_smoke_vseq] wr_addr = 16b2, wr_mask = 0110, words = 0xab27e492
UVM_INFO @ 235970444 ps: (hmac_base_vseq.sv:295) uvm_test_top.env.virtual_sequencer [uvm_test_top.env.virtual_sequencer.hmac_smoke_vseq] wr_addr = 11d9, wr_mask = 1100, words = 0xe19aeebd
UVM_INFO @ 236178784 ps: (hmac_base_vseq.sv:295) uvm_test_top.env.virtual_sequencer [uvm_test_top.env.virtual_sequencer.hmac_smoke_vseq] wr_addr = 17c4, wr_mask = 1111, words = 0xbd929ff6
UVM_INFO @ 236626715 ps: (hmac_base_vseq.sv:295) uvm_test_top.env.virtual_sequencer [uvm_test_top.env.virtual_sequencer.hmac_smoke_vseq] wr_addr = 12ce, wr_mask = 1111, words = 0xf4e1ce0f
UVM_INFO @ 236657966 ps: (hmac_base_vseq.sv:295) uvm_test_top.env.virtual_sequencer [uvm_test_top.env.virtual_sequencer.hmac_smoke_vseq] wr_addr = 16d9, wr_mask = 1111, words = 0x8eb5c1a1
UVM_INFO @ 237001727 ps: (hmac_base_vseq.sv:295) uvm_test_top.env.virtual_sequencer [uvm_test_top.env.virtual_sequencer.hmac_smoke_vseq] wr_addr = 15e7, wr_mask = 0110, words = 0xea54cead
UVM_INFO @ 237355905 ps: (hmac_base_vseq.sv:295) uvm_test_top.env.virtual_sequencer [uvm_test_top.env.virtual_sequencer.hmac_smoke_vseq] wr_addr = 103c, wr_mask = 1111, words = 0xacec21ea
UVM_INFO @ 237772585 ps: (hmac_base_vseq.sv:295) uvm_test_top.env.virtual_sequencer [uvm_test_top.env.virtual_sequencer.hmac_smoke_vseq] wr_addr = 1180, wr_mask = 0100, words = 0xf0888b0b
UVM_INFO @ 238376771 ps: (hmac_base_vseq.sv:295) uvm_test_top.env.virtual_sequencer [uvm_test_top.env.virtual_sequencer.hmac_smoke_vseq] wr_addr = 161b, wr_mask = 1110, words = 0xba7ae942
UVM_INFO @ 238720532 ps: (hmac_base_vseq.sv:295) uvm_test_top.env.virtual_sequencer [uvm_test_top.env.virtual_sequencer.hmac_smoke_vseq] wr_addr = 1445, wr_mask = 1111, words = 0xf22f710
UVM_INFO @ 239199714 ps: (hmac_base_vseq.sv:295) uvm_test_top.env.virtual_sequencer [uvm_test_top.env.virtual_sequencer.hmac_smoke_vseq] wr_addr = 1298, wr_mask = 0111, words = 0x9fe2b96e
UVM_INFO @ 239585143 ps: (hmac_base_vseq.sv:295) uvm_test_top.env.virtual_sequencer [uvm_test_top.env.virtual_sequencer.hmac_smoke_vseq] wr_addr = 17eb, wr_mask = 0010, words = 0xd4e44a50
UVM_INFO @ 240074742 ps: (hmac_base_vseq.sv:295) uvm_test_top.env.virtual_sequencer [uvm_test_top.env.virtual_sequencer.hmac_smoke_vseq] wr_addr = 12e3, wr_mask = 1111, words = 0x7c09ad0a
UVM_INFO @ 240637260 ps: (hmac_smoke_vseq.sv:179) uvm_test_top.env.virtual_sequencer [uvm_test_top.env.virtual_sequencer.hmac_smoke_vseq] triggering process because msg stream is finished
UVM_INFO @ 240637260 ps: (hmac_base_vseq.sv:194) uvm_test_top.env.virtual_sequencer [uvm_test_top.env.virtual_sequencer.hmac_smoke_vseq] triggering hash to process
UVM_INFO @ 240689345 ps: (hmac_scoreboard.sv:126) uvm_test_top.env.scoreboard [uvm_test_top.env.scoreboard] invalid config at starting: 0
UVM_INFO @ 240689345 ps: (hmac_scoreboard.sv:767) uvm_test_top.env.scoreboard [uvm_test_top.env.scoreboard] Computing digest prediction
bounds [256:0]
UVM_INFO @ 240689345 ps: (hmac_scoreboard.sv:819) uvm_test_top.env.scoreboard [uvm_test_top.env.scoreboard] SHA-2 digest of msg_i='{69, 248, 52, 52, 43, 183, 132, 121, 161, 193, 9, 130, 162, 24, 109, 43, 189, 120, 88, 181, 156, 101, 7, 241, 12, 13, 203, 55, 11, 142, 250, 114, 106, 156, 150, 212, 75, 168, 232, 150, 144, 48, 29, 238, 38, 101, 84, 38, 108, 149, 65, 86, 48, 60, 153, 250, 38, 67, 48, 238, 236, 17, 160, 201, 41, 198, 109, 87, 56, 129, 182, 61, 182, 15, 99, 118, 48, 15, 171, 219, 163, 143, 145, 94, 161, 64, 138, 47, 53, 234, 201, 210, 99, 32, 244, 205, 18, 20, 150, 53, 153, 19, 16, 169, 110, 195, 126, 168, 99, 140, 112, 186, 184, 102, 90, 99, 233, 174, 115, 6, 70, 40, 185, 118, 192, 69, 107, 229, 78, 247, 189, 207, 182, 194, 67, 79, 37, 251, 59, 14, 128, 199, 75, 224, 212, 30, 241, 19, 83, 4, 232, 172, 5, 68, 29, 255, 88, 122, 117, 70, 97, 75, 63, 162, 189, 0, 56, 18, 38, 115, 74, 188, 5, 216, 220, 76, 228, 125, 68, 211, 179, 144, 208, 1, 75, 182, 184, 46, 72, 238, 209, 250, 86, 19, 17, 58, 23, 62, 64, 50, 159, 75, 80, 8, 113, 144, 85, 185, 95, 225, 51, 206, 6, 46, 234, 134, 59, 26, 62, 228, 39, 154, 225, 246, 159, 146, 189, 15, 206, 225, 244, 161, 193, 181, 142, 206, 84, 234, 33, 236, 172, 136, 233, 122, 186, 16, 247, 34, 15, 110, 185, 226, 74, 10, 173, 9, 124}: 1495467312
UVM_INFO @ 243168591 ps: (hmac_smoke_vseq.sv:235) uvm_test_top.env.virtual_sequencer [uvm_test_top.env.virtual_sequencer.hmac_smoke_vseq] reading digest
UVM_INFO @ 244491550 ps: (hmac_smoke_vseq.sv:80) uvm_test_top.env.virtual_sequencer [uvm_test_top.env.virtual_sequencer.hmac_smoke_vseq] starting seq 13/22, message size 1032 bits, hmac=1, sha=1
UVM_INFO @ 244491550 ps: (hmac_smoke_vseq.sv:82) uvm_test_top.env.virtual_sequencer [uvm_test_top.env.virtual_sequencer.hmac_smoke_vseq] digest size=SHA2_256, key length=0
UVM_INFO @ 244491550 ps: (hmac_smoke_vseq.sv:85) uvm_test_top.env.virtual_sequencer [uvm_test_top.env.virtual_sequencer.hmac_smoke_vseq] intr_fifo_empty/hmac_done/hmac_err=111, endian/digest/key_swap=011
UVM_INFO @ 244491550 ps: (hmac_smoke_vseq.sv:86) uvm_test_top.env.virtual_sequencer [uvm_test_top.env.virtual_sequencer.hmac_smoke_vseq] wipe secret condition is: NoWipeSecret
UVM_INFO @ 244762392 ps: (hmac_base_vseq.sv:123) uvm_test_top.env.virtual_sequencer [uvm_test_top.env.virtual_sequencer.hmac_smoke_vseq] invalid config: 1
UVM_INFO @ 244762392 ps: (hmac_base_vseq.sv:213) uvm_test_top.env.virtual_sequencer [uvm_test_top.env.virtual_sequencer.hmac_smoke_vseq] wiping secret untriggered
UVM_INFO @ 248043747 ps: (hmac_base_vseq.sv:213) uvm_test_top.env.virtual_sequencer [uvm_test_top.env.virtual_sequencer.hmac_smoke_vseq] wiping secret untriggered
UVM_INFO @ 248043747 ps: (hmac_base_vseq.sv:161) uvm_test_top.env.virtual_sequencer [uvm_test_top.env.virtual_sequencer.hmac_smoke_vseq] triggering hash to start
UVM_INFO @ 248127083 ps: (hmac_scoreboard.sv:126) uvm_test_top.env.scoreboard [uvm_test_top.env.scoreboard] invalid config at starting: 1
UVM_INFO @ 248262504 ps: (hmac_base_vseq.sv:295) uvm_test_top.env.virtual_sequencer [uvm_test_top.env.virtual_sequencer.hmac_smoke_vseq] wr_addr = 1781, wr_mask = 1111, words = 0x63cb7592
UVM_INFO @ 248543763 ps: (hmac_base_vseq.sv:295) uvm_test_top.env.virtual_sequencer [uvm_test_top.env.virtual_sequencer.hmac_smoke_vseq] wr_addr = 1013, wr_mask = 1111, words = 0xa2252589
UVM_INFO @ 248616682 ps: (hmac_base_vseq.sv:295) uvm_test_top.env.virtual_sequencer [uvm_test_top.env.virtual_sequencer.hmac_smoke_vseq] wr_addr = 116d, wr_mask = 1111, words = 0x90f4a827
UVM_INFO @ 248720852 ps: (hmac_base_vseq.sv:295) uvm_test_top.env.virtual_sequencer [uvm_test_top.env.virtual_sequencer.hmac_smoke_vseq] wr_addr = 1623, wr_mask = 1111, words = 0xacbb4243
UVM_INFO @ 249012528 ps: (hmac_base_vseq.sv:295) uvm_test_top.env.virtual_sequencer [uvm_test_top.env.virtual_sequencer.hmac_smoke_vseq] wr_addr = 124b, wr_mask = 1110, words = 0x47cf9942
UVM_INFO @ 249397957 ps: (hmac_base_vseq.sv:295) uvm_test_top.env.virtual_sequencer [uvm_test_top.env.virtual_sequencer.hmac_smoke_vseq] wr_addr = 16a6, wr_mask = 1111, words = 0x5fb883e6
UVM_INFO @ 249481293 ps: (hmac_base_vseq.sv:295) uvm_test_top.env.virtual_sequencer [uvm_test_top.env.virtual_sequencer.hmac_smoke_vseq] wr_addr = 1531, wr_mask = 0001, words = 0xff0a37aa
UVM_INFO @ 249554212 ps: (hmac_base_vseq.sv:295) uvm_test_top.env.virtual_sequencer [uvm_test_top.env.virtual_sequencer.hmac_smoke_vseq] wr_addr = 14df, wr_mask = 0001, words = 0xed23b752
UVM_INFO @ 250179232 ps: (hmac_base_vseq.sv:295) uvm_test_top.env.virtual_sequencer [uvm_test_top.env.virtual_sequencer.hmac_smoke_vseq] wr_addr = 106f, wr_mask = 0111, words = 0xfd00d721
UVM_INFO @ 250439657 ps: (hmac_base_vseq.sv:295) uvm_test_top.env.virtual_sequencer [uvm_test_top.env.virtual_sequencer.hmac_smoke_vseq] wr_addr = 13cf, wr_mask = 1000, words = 0xf8b4ab39
UVM_INFO @ 250710499 ps: (hmac_base_vseq.sv:295) uvm_test_top.env.virtual_sequencer [uvm_test_top.env.virtual_sequencer.hmac_smoke_vseq] wr_addr = 17c4, wr_mask = 0100, words = 0x844221eb
UVM_INFO @ 251002175 ps: (hmac_base_vseq.sv:295) uvm_test_top.env.virtual_sequencer [uvm_test_top.env.virtual_sequencer.hmac_smoke_vseq] wr_addr = 1562, wr_mask = 0111, words = 0xb47b97ad
UVM_INFO @ 251481357 ps: (hmac_base_vseq.sv:295) uvm_test_top.env.virtual_sequencer [uvm_test_top.env.virtual_sequencer.hmac_smoke_vseq] wr_addr = 15d1, wr_mask = 0010, words = 0xce9ea072
UVM_INFO @ 251564693 ps: (hmac_base_vseq.sv:295) uvm_test_top.env.virtual_sequencer [uvm_test_top.env.virtual_sequencer.hmac_smoke_vseq] wr_addr = 11bb, wr_mask = 1111, words = 0x390bdf5f
UVM_INFO @ 251970956 ps: (hmac_base_vseq.sv:295) uvm_test_top.env.virtual_sequencer [uvm_test_top.env.virtual_sequencer.hmac_smoke_vseq] wr_addr = 1513, wr_mask = 0110, words = 0xb6362327
UVM_INFO @ 252168879 ps: (hmac_base_vseq.sv:295) uvm_test_top.env.virtual_sequencer [uvm_test_top.env.virtual_sequencer.hmac_smoke_vseq] wr_addr = 179a, wr_mask = 1111, words = 0x604ff644
UVM_INFO @ 252793899 ps: (hmac_base_vseq.sv:295) uvm_test_top.env.virtual_sequencer [uvm_test_top.env.virtual_sequencer.hmac_smoke_vseq] wr_addr = 1688, wr_mask = 1111, words = 0x4b13df30
UVM_INFO @ 253200162 ps: (hmac_base_vseq.sv:295) uvm_test_top.env.virtual_sequencer [uvm_test_top.env.virtual_sequencer.hmac_smoke_vseq] wr_addr = 1411, wr_mask = 1111, words = 0x872b8af6
UVM_INFO @ 253512672 ps: (hmac_base_vseq.sv:295) uvm_test_top.env.virtual_sequencer [uvm_test_top.env.virtual_sequencer.hmac_smoke_vseq] wr_addr = 1454, wr_mask = 1111, words = 0x1510808e
UVM_INFO @ 253971020 ps: (hmac_base_vseq.sv:295) uvm_test_top.env.virtual_sequencer [uvm_test_top.env.virtual_sequencer.hmac_smoke_vseq] wr_addr = 155c, wr_mask = 0011, words = 0x48e5a3a0
UVM_INFO @ 254231445 ps: (hmac_base_vseq.sv:295) uvm_test_top.env.virtual_sequencer [uvm_test_top.env.virtual_sequencer.hmac_smoke_vseq] wr_addr = 10c6, wr_mask = 1100, words = 0x9e2925d5
UVM_INFO @ 254575206 ps: (hmac_base_vseq.sv:295) uvm_test_top.env.virtual_sequencer [uvm_test_top.env.virtual_sequencer.hmac_smoke_vseq] wr_addr = 17ad, wr_mask = 1111, words = 0x8dee84cc
UVM_INFO @ 254887716 ps: (hmac_base_vseq.sv:295) uvm_test_top.env.virtual_sequencer [uvm_test_top.env.virtual_sequencer.hmac_smoke_vseq] wr_addr = 11c0, wr_mask = 1110, words = 0xcb5477e9
UVM_INFO @ 255106473 ps: (hmac_base_vseq.sv:295) uvm_test_top.env.virtual_sequencer [uvm_test_top.env.virtual_sequencer.hmac_smoke_vseq] wr_addr = 1162, wr_mask = 1110, words = 0xcda99a91
UVM_INFO @ 255127307 ps: (hmac_base_vseq.sv:295) uvm_test_top.env.virtual_sequencer [uvm_test_top.env.virtual_sequencer.hmac_smoke_vseq] wr_addr = 143a, wr_mask = 1111, words = 0x3bd94721
UVM_INFO @ 255491902 ps: (hmac_base_vseq.sv:295) uvm_test_top.env.virtual_sequencer [uvm_test_top.env.virtual_sequencer.hmac_smoke_vseq] wr_addr = 1304, wr_mask = 0110, words = 0xf719eea3
UVM_INFO @ 255793995 ps: (hmac_base_vseq.sv:295) uvm_test_top.env.virtual_sequencer [uvm_test_top.env.virtual_sequencer.hmac_smoke_vseq] wr_addr = 1296, wr_mask = 1111, words = 0x5f631b4e
UVM_INFO @ 256033586 ps: (hmac_base_vseq.sv:295) uvm_test_top.env.virtual_sequencer [uvm_test_top.env.virtual_sequencer.hmac_smoke_vseq] wr_addr = 1435, wr_mask = 0100, words = 0x1f312d5c
UVM_INFO @ 256085671 ps: (hmac_base_vseq.sv:295) uvm_test_top.env.virtual_sequencer [uvm_test_top.env.virtual_sequencer.hmac_smoke_vseq] wr_addr = 13a2, wr_mask = 0111, words = 0x83fe2592
UVM_INFO @ 256116922 ps: (hmac_base_vseq.sv:295) uvm_test_top.env.virtual_sequencer [uvm_test_top.env.virtual_sequencer.hmac_smoke_vseq] wr_addr = 1449, wr_mask = 1111, words = 0xa5216b66
UVM_INFO @ 256137756 ps: (hmac_base_vseq.sv:295) uvm_test_top.env.virtual_sequencer [uvm_test_top.env.virtual_sequencer.hmac_smoke_vseq] wr_addr = 16fd, wr_mask = 1111, words = 0x7b63102e
UVM_INFO @ 256335679 ps: (hmac_base_vseq.sv:295) uvm_test_top.env.virtual_sequencer [uvm_test_top.env.virtual_sequencer.hmac_smoke_vseq] wr_addr = 131d, wr_mask = 1111, words = 0xab13ddf9
UVM_INFO @ 256606521 ps: (hmac_base_vseq.sv:295) uvm_test_top.env.virtual_sequencer [uvm_test_top.env.virtual_sequencer.hmac_smoke_vseq] wr_addr = 12b4, wr_mask = 1111, words = 0xe8bf5393
UVM_INFO @ 256627355 ps: (hmac_base_vseq.sv:295) uvm_test_top.env.virtual_sequencer [uvm_test_top.env.virtual_sequencer.hmac_smoke_vseq] wr_addr = 1337, wr_mask = 0010, words = 0x371c7b0a
UVM_INFO @ 257116954 ps: (hmac_base_vseq.sv:295) uvm_test_top.env.virtual_sequencer [uvm_test_top.env.virtual_sequencer.hmac_smoke_vseq] wr_addr = 11a2, wr_mask = 1111, words = 0x79c4c698
UVM_INFO @ 257346128 ps: (hmac_base_vseq.sv:295) uvm_test_top.env.virtual_sequencer [uvm_test_top.env.virtual_sequencer.hmac_smoke_vseq] wr_addr = 1584, wr_mask = 0100, words = 0x8942746a
UVM_INFO @ 257898229 ps: (hmac_base_vseq.sv:295) uvm_test_top.env.virtual_sequencer [uvm_test_top.env.virtual_sequencer.hmac_smoke_vseq] wr_addr = 1206, wr_mask = 0010, words = 0x354eac04
UVM_INFO @ 258012816 ps: (hmac_base_vseq.sv:295) uvm_test_top.env.virtual_sequencer [uvm_test_top.env.virtual_sequencer.hmac_smoke_vseq] wr_addr = 13e8, wr_mask = 1111, words = 0xfb6a5712
UVM_INFO @ 258533666 ps: (hmac_base_vseq.sv:295) uvm_test_top.env.virtual_sequencer [uvm_test_top.env.virtual_sequencer.hmac_smoke_vseq] wr_addr = 10fe, wr_mask = 1111, words = 0xbd51221a
UVM_INFO @ 258898261 ps: (hmac_base_vseq.sv:295) uvm_test_top.env.virtual_sequencer [uvm_test_top.env.virtual_sequencer.hmac_smoke_vseq] wr_addr = 1084, wr_mask = 0011, words = 0xb5d25dd1
UVM_INFO @ 259023265 ps: (hmac_base_vseq.sv:295) uvm_test_top.env.virtual_sequencer [uvm_test_top.env.virtual_sequencer.hmac_smoke_vseq] wr_addr = 115f, wr_mask = 0011, words = 0xde7ba8a8
UVM_INFO @ 259377443 ps: (hmac_base_vseq.sv:295) uvm_test_top.env.virtual_sequencer [uvm_test_top.env.virtual_sequencer.hmac_smoke_vseq] wr_addr = 1194, wr_mask = 1100, words = 0xf921b4bb
UVM_INFO @ 259752455 ps: (hmac_base_vseq.sv:295) uvm_test_top.env.virtual_sequencer [uvm_test_top.env.virtual_sequencer.hmac_smoke_vseq] wr_addr = 12e3, wr_mask = 1111, words = 0xdf1f5094
UVM_INFO @ 260106633 ps: (hmac_base_vseq.sv:295) uvm_test_top.env.virtual_sequencer [uvm_test_top.env.virtual_sequencer.hmac_smoke_vseq] wr_addr = 1262, wr_mask = 1111, words = 0x99e6f3
UVM_INFO @ 261856689 ps: (hmac_smoke_vseq.sv:80) uvm_test_top.env.virtual_sequencer [uvm_test_top.env.virtual_sequencer.hmac_smoke_vseq] starting seq 14/22, message size 0 bits, hmac=1, sha=1
UVM_INFO @ 261856689 ps: (hmac_smoke_vseq.sv:82) uvm_test_top.env.virtual_sequencer [uvm_test_top.env.virtual_sequencer.hmac_smoke_vseq] digest size=SHA2_None, key length=0
UVM_INFO @ 261856689 ps: (hmac_smoke_vseq.sv:85) uvm_test_top.env.virtual_sequencer [uvm_test_top.env.virtual_sequencer.hmac_smoke_vseq] intr_fifo_empty/hmac_done/hmac_err=010, endian/digest/key_swap=000
UVM_INFO @ 261856689 ps: (hmac_smoke_vseq.sv:86) uvm_test_top.env.virtual_sequencer [uvm_test_top.env.virtual_sequencer.hmac_smoke_vseq] wipe secret condition is: NoWipeSecret
UVM_INFO @ 262065029 ps: (hmac_base_vseq.sv:123) uvm_test_top.env.virtual_sequencer [uvm_test_top.env.virtual_sequencer.hmac_smoke_vseq] invalid config: 1
UVM_INFO @ 262065029 ps: (hmac_base_vseq.sv:213) uvm_test_top.env.virtual_sequencer [uvm_test_top.env.virtual_sequencer.hmac_smoke_vseq] wiping secret untriggered
UVM_INFO @ 265815149 ps: (hmac_base_vseq.sv:213) uvm_test_top.env.virtual_sequencer [uvm_test_top.env.virtual_sequencer.hmac_smoke_vseq] wiping secret untriggered
UVM_INFO @ 265815149 ps: (hmac_base_vseq.sv:161) uvm_test_top.env.virtual_sequencer [uvm_test_top.env.virtual_sequencer.hmac_smoke_vseq] triggering hash to start
UVM_INFO @ 265856817 ps: (hmac_scoreboard.sv:126) uvm_test_top.env.scoreboard [uvm_test_top.env.scoreboard] invalid config at starting: 1
UVM_INFO @ 267377699 ps: (hmac_smoke_vseq.sv:80) uvm_test_top.env.virtual_sequencer [uvm_test_top.env.virtual_sequencer.hmac_smoke_vseq] starting seq 15/22, message size 1024 bits, hmac=1, sha=1
UVM_INFO @ 267377699 ps: (hmac_smoke_vseq.sv:82) uvm_test_top.env.virtual_sequencer [uvm_test_top.env.virtual_sequencer.hmac_smoke_vseq] digest size=SHA2_384, key length=0
UVM_INFO @ 267377699 ps: (hmac_smoke_vseq.sv:85) uvm_test_top.env.virtual_sequencer [uvm_test_top.env.virtual_sequencer.hmac_smoke_vseq] intr_fifo_empty/hmac_done/hmac_err=101, endian/digest/key_swap=011
UVM_INFO @ 267377699 ps: (hmac_smoke_vseq.sv:86) uvm_test_top.env.virtual_sequencer [uvm_test_top.env.virtual_sequencer.hmac_smoke_vseq] wipe secret condition is: NoWipeSecret
UVM_INFO @ 267731877 ps: (hmac_base_vseq.sv:123) uvm_test_top.env.virtual_sequencer [uvm_test_top.env.virtual_sequencer.hmac_smoke_vseq] invalid config: 1
UVM_INFO @ 267731877 ps: (hmac_base_vseq.sv:213) uvm_test_top.env.virtual_sequencer [uvm_test_top.env.virtual_sequencer.hmac_smoke_vseq] wiping secret untriggered
UVM_INFO @ 271273657 ps: (hmac_base_vseq.sv:213) uvm_test_top.env.virtual_sequencer [uvm_test_top.env.virtual_sequencer.hmac_smoke_vseq] wiping secret untriggered
UVM_INFO @ 272534114 ps: (hmac_base_vseq.sv:161) uvm_test_top.env.virtual_sequencer [uvm_test_top.env.virtual_sequencer.hmac_smoke_vseq] triggering hash to start
UVM_INFO @ 272638284 ps: (hmac_scoreboard.sv:126) uvm_test_top.env.scoreboard [uvm_test_top.env.scoreboard] invalid config at starting: 1
UVM_INFO @ 272919543 ps: (hmac_base_vseq.sv:295) uvm_test_top.env.virtual_sequencer [uvm_test_top.env.virtual_sequencer.hmac_smoke_vseq] wr_addr = 1754, wr_mask = 1111, words = 0x738bdda4
UVM_INFO @ 272992462 ps: (hmac_base_vseq.sv:295) uvm_test_top.env.virtual_sequencer [uvm_test_top.env.virtual_sequencer.hmac_smoke_vseq] wr_addr = 176f, wr_mask = 0011, words = 0x9a97a0bc
UVM_INFO @ 273325806 ps: (hmac_base_vseq.sv:295) uvm_test_top.env.virtual_sequencer [uvm_test_top.env.virtual_sequencer.hmac_smoke_vseq] wr_addr = 169e, wr_mask = 1111, words = 0xaecf1b02
UVM_INFO @ 273450810 ps: (hmac_base_vseq.sv:295) uvm_test_top.env.virtual_sequencer [uvm_test_top.env.virtual_sequencer.hmac_smoke_vseq] wr_addr = 136b, wr_mask = 0111, words = 0x2c33432f
UVM_INFO @ 273669567 ps: (hmac_base_vseq.sv:295) uvm_test_top.env.virtual_sequencer [uvm_test_top.env.virtual_sequencer.hmac_smoke_vseq] wr_addr = 13c6, wr_mask = 1111, words = 0xcc489e2b
UVM_INFO @ 273929992 ps: (hmac_base_vseq.sv:295) uvm_test_top.env.virtual_sequencer [uvm_test_top.env.virtual_sequencer.hmac_smoke_vseq] wr_addr = 1086, wr_mask = 1111, words = 0x96458ff2
UVM_INFO @ 274346672 ps: (hmac_base_vseq.sv:295) uvm_test_top.env.virtual_sequencer [uvm_test_top.env.virtual_sequencer.hmac_smoke_vseq] wr_addr = 15bc, wr_mask = 0011, words = 0x1b8c2b4b
UVM_INFO @ 274669599 ps: (hmac_base_vseq.sv:295) uvm_test_top.env.virtual_sequencer [uvm_test_top.env.virtual_sequencer.hmac_smoke_vseq] wr_addr = 1503, wr_mask = 1110, words = 0x4d261133
UVM_INFO @ 274742518 ps: (hmac_base_vseq.sv:295) uvm_test_top.env.virtual_sequencer [uvm_test_top.env.virtual_sequencer.hmac_smoke_vseq] wr_addr = 12fb, wr_mask = 1110, words = 0x200fb1dc
UVM_INFO @ 275523793 ps: (hmac_base_vseq.sv:295) uvm_test_top.env.virtual_sequencer [uvm_test_top.env.virtual_sequencer.hmac_smoke_vseq] wr_addr = 16c2, wr_mask = 1111, words = 0x9bc8d728
UVM_INFO @ 275617546 ps: (hmac_base_vseq.sv:295) uvm_test_top.env.virtual_sequencer [uvm_test_top.env.virtual_sequencer.hmac_smoke_vseq] wr_addr = 10e3, wr_mask = 1111, words = 0x1e2cc3cd
UVM_INFO @ 275888388 ps: (hmac_base_vseq.sv:295) uvm_test_top.env.virtual_sequencer [uvm_test_top.env.virtual_sequencer.hmac_smoke_vseq] wr_addr = 113e, wr_mask = 1111, words = 0x56d606d7
UVM_INFO @ 276273817 ps: (hmac_base_vseq.sv:295) uvm_test_top.env.virtual_sequencer [uvm_test_top.env.virtual_sequencer.hmac_smoke_vseq] wr_addr = 129f, wr_mask = 0110, words = 0xc2412875
UVM_INFO @ 276680080 ps: (hmac_base_vseq.sv:295) uvm_test_top.env.virtual_sequencer [uvm_test_top.env.virtual_sequencer.hmac_smoke_vseq] wr_addr = 1206, wr_mask = 1100, words = 0xd4f942ba
UVM_INFO @ 276752999 ps: (hmac_base_vseq.sv:295) uvm_test_top.env.virtual_sequencer [uvm_test_top.env.virtual_sequencer.hmac_smoke_vseq] wr_addr = 12ee, wr_mask = 0001, words = 0xee0ba9cd
UVM_INFO @ 277107177 ps: (hmac_base_vseq.sv:295) uvm_test_top.env.virtual_sequencer [uvm_test_top.env.virtual_sequencer.hmac_smoke_vseq] wr_addr = 105d, wr_mask = 0011, words = 0x1b84de93
UVM_INFO @ 277461355 ps: (hmac_base_vseq.sv:295) uvm_test_top.env.virtual_sequencer [uvm_test_top.env.virtual_sequencer.hmac_smoke_vseq] wr_addr = 13e3, wr_mask = 0010, words = 0xbf3733c1
UVM_INFO @ 277773865 ps: (hmac_base_vseq.sv:295) uvm_test_top.env.virtual_sequencer [uvm_test_top.env.virtual_sequencer.hmac_smoke_vseq] wr_addr = 1046, wr_mask = 0111, words = 0x5b630ecf
UVM_INFO @ 277846784 ps: (hmac_base_vseq.sv:295) uvm_test_top.env.virtual_sequencer [uvm_test_top.env.virtual_sequencer.hmac_smoke_vseq] wr_addr = 1189, wr_mask = 0110, words = 0xc2507182
UVM_INFO @ 278211379 ps: (hmac_base_vseq.sv:295) uvm_test_top.env.virtual_sequencer [uvm_test_top.env.virtual_sequencer.hmac_smoke_vseq] wr_addr = 17c1, wr_mask = 1111, words = 0x257d1b8d
UVM_INFO @ 278263464 ps: (hmac_base_vseq.sv:295) uvm_test_top.env.virtual_sequencer [uvm_test_top.env.virtual_sequencer.hmac_smoke_vseq] wr_addr = 1687, wr_mask = 1110, words = 0x4dcaf67c
UVM_INFO @ 278742646 ps: (hmac_base_vseq.sv:295) uvm_test_top.env.virtual_sequencer [uvm_test_top.env.virtual_sequencer.hmac_smoke_vseq] wr_addr = 143a, wr_mask = 0111, words = 0x72b7d216
UVM_INFO @ 278867650 ps: (hmac_base_vseq.sv:295) uvm_test_top.env.virtual_sequencer [uvm_test_top.env.virtual_sequencer.hmac_smoke_vseq] wr_addr = 17bf, wr_mask = 0111, words = 0xa16505d5
UVM_INFO @ 278888484 ps: (hmac_base_vseq.sv:295) uvm_test_top.env.virtual_sequencer [uvm_test_top.env.virtual_sequencer.hmac_smoke_vseq] wr_addr = 11cd, wr_mask = 1110, words = 0x4e697ce4
UVM_INFO @ 278940569 ps: (hmac_base_vseq.sv:295) uvm_test_top.env.virtual_sequencer [uvm_test_top.env.virtual_sequencer.hmac_smoke_vseq] wr_addr = 1154, wr_mask = 1111, words = 0xf90048f8
UVM_INFO @ 279325998 ps: (hmac_base_vseq.sv:295) uvm_test_top.env.virtual_sequencer [uvm_test_top.env.virtual_sequencer.hmac_smoke_vseq] wr_addr = 11d1, wr_mask = 1111, words = 0x2946bf51
UVM_INFO @ 279586423 ps: (hmac_base_vseq.sv:295) uvm_test_top.env.virtual_sequencer [uvm_test_top.env.virtual_sequencer.hmac_smoke_vseq] wr_addr = 1271, wr_mask = 0110, words = 0x84fb8957
UVM_INFO @ 279898933 ps: (hmac_base_vseq.sv:295) uvm_test_top.env.virtual_sequencer [uvm_test_top.env.virtual_sequencer.hmac_smoke_vseq] wr_addr = 13ca, wr_mask = 1111, words = 0xf8991b75
UVM_INFO @ 280117690 ps: (hmac_base_vseq.sv:295) uvm_test_top.env.virtual_sequencer [uvm_test_top.env.virtual_sequencer.hmac_smoke_vseq] wr_addr = 13f3, wr_mask = 1111, words = 0xb83da59
UVM_INFO @ 280742710 ps: (hmac_base_vseq.sv:295) uvm_test_top.env.virtual_sequencer [uvm_test_top.env.virtual_sequencer.hmac_smoke_vseq] wr_addr = 1466, wr_mask = 0110, words = 0xcdfb1447
UVM_INFO @ 281086471 ps: (hmac_base_vseq.sv:295) uvm_test_top.env.virtual_sequencer [uvm_test_top.env.virtual_sequencer.hmac_smoke_vseq] wr_addr = 100c, wr_mask = 1110, words = 0x8ab6034f
UVM_INFO @ 281523985 ps: (hmac_base_vseq.sv:295) uvm_test_top.env.virtual_sequencer [uvm_test_top.env.virtual_sequencer.hmac_smoke_vseq] wr_addr = 17a7, wr_mask = 0011, words = 0xeaf332ff
UVM_INFO @ 281617738 ps: (hmac_base_vseq.sv:295) uvm_test_top.env.virtual_sequencer [uvm_test_top.env.virtual_sequencer.hmac_smoke_vseq] wr_addr = 10ca, wr_mask = 1111, words = 0x31f7b071
UVM_INFO @ 281971916 ps: (hmac_base_vseq.sv:295) uvm_test_top.env.virtual_sequencer [uvm_test_top.env.virtual_sequencer.hmac_smoke_vseq] wr_addr = 13c2, wr_mask = 0100, words = 0x873bf136
UVM_INFO @ 282367762 ps: (hmac_base_vseq.sv:295) uvm_test_top.env.virtual_sequencer [uvm_test_top.env.virtual_sequencer.hmac_smoke_vseq] wr_addr = 12c1, wr_mask = 1110, words = 0xa251beb9
UVM_INFO @ 282628187 ps: (hmac_base_vseq.sv:295) uvm_test_top.env.virtual_sequencer [uvm_test_top.env.virtual_sequencer.hmac_smoke_vseq] wr_addr = 11e9, wr_mask = 1110, words = 0xa28df055
UVM_INFO @ 282701106 ps: (hmac_base_vseq.sv:295) uvm_test_top.env.virtual_sequencer [uvm_test_top.env.virtual_sequencer.hmac_smoke_vseq] wr_addr = 17ad, wr_mask = 0100, words = 0x68a933cb
UVM_INFO @ 283003199 ps: (hmac_base_vseq.sv:295) uvm_test_top.env.virtual_sequencer [uvm_test_top.env.virtual_sequencer.hmac_smoke_vseq] wr_addr = 1778, wr_mask = 1000, words = 0x80c631cd
UVM_INFO @ 283378211 ps: (hmac_base_vseq.sv:295) uvm_test_top.env.virtual_sequencer [uvm_test_top.env.virtual_sequencer.hmac_smoke_vseq] wr_addr = 1277, wr_mask = 1100, words = 0x836e7b63
UVM_INFO @ 283680304 ps: (hmac_base_vseq.sv:295) uvm_test_top.env.virtual_sequencer [uvm_test_top.env.virtual_sequencer.hmac_smoke_vseq] wr_addr = 17bd, wr_mask = 1110, words = 0x45dfb89a
UVM_INFO @ 283701138 ps: (hmac_base_vseq.sv:295) uvm_test_top.env.virtual_sequencer [uvm_test_top.env.virtual_sequencer.hmac_smoke_vseq] wr_addr = 121d, wr_mask = 0111, words = 0x9266a8f7
UVM_INFO @ 284305324 ps: (hmac_base_vseq.sv:295) uvm_test_top.env.virtual_sequencer [uvm_test_top.env.virtual_sequencer.hmac_smoke_vseq] wr_addr = 1166, wr_mask = 0110, words = 0x64b5e036
UVM_INFO @ 284336575 ps: (hmac_base_vseq.sv:295) uvm_test_top.env.virtual_sequencer [uvm_test_top.env.virtual_sequencer.hmac_smoke_vseq] wr_addr = 13d6, wr_mask = 0111, words = 0xea90988e
UVM_INFO @ 284367826 ps: (hmac_base_vseq.sv:295) uvm_test_top.env.virtual_sequencer [uvm_test_top.env.virtual_sequencer.hmac_smoke_vseq] wr_addr = 1146, wr_mask = 0011, words = 0x41a0c63d
UVM_INFO @ 284690753 ps: (hmac_base_vseq.sv:295) uvm_test_top.env.virtual_sequencer [uvm_test_top.env.virtual_sequencer.hmac_smoke_vseq] wr_addr = 1746, wr_mask = 1111, words = 0xd1167055
UVM_INFO @ 285013680 ps: (hmac_base_vseq.sv:295) uvm_test_top.env.virtual_sequencer [uvm_test_top.env.virtual_sequencer.hmac_smoke_vseq] wr_addr = 16f4, wr_mask = 1000, words = 0xe2674f80
UVM_INFO @ 286992910 ps: (hmac_smoke_vseq.sv:80) uvm_test_top.env.virtual_sequencer [uvm_test_top.env.virtual_sequencer.hmac_smoke_vseq] starting seq 16/22, message size 512 bits, hmac=1, sha=1
UVM_INFO @ 286992910 ps: (hmac_smoke_vseq.sv:82) uvm_test_top.env.virtual_sequencer [uvm_test_top.env.virtual_sequencer.hmac_smoke_vseq] digest size=SHA2_None, key length=512
UVM_INFO @ 286992910 ps: (hmac_smoke_vseq.sv:85) uvm_test_top.env.virtual_sequencer [uvm_test_top.env.virtual_sequencer.hmac_smoke_vseq] intr_fifo_empty/hmac_done/hmac_err=111, endian/digest/key_swap=101
UVM_INFO @ 286992910 ps: (hmac_smoke_vseq.sv:86) uvm_test_top.env.virtual_sequencer [uvm_test_top.env.virtual_sequencer.hmac_smoke_vseq] wipe secret condition is: NoWipeSecret
UVM_INFO @ 287159582 ps: (hmac_base_vseq.sv:123) uvm_test_top.env.virtual_sequencer [uvm_test_top.env.virtual_sequencer.hmac_smoke_vseq] invalid config: 1
UVM_INFO @ 287159582 ps: (hmac_base_vseq.sv:213) uvm_test_top.env.virtual_sequencer [uvm_test_top.env.virtual_sequencer.hmac_smoke_vseq] wiping secret untriggered
UVM_INFO @ 290847200 ps: (hmac_base_vseq.sv:213) uvm_test_top.env.virtual_sequencer [uvm_test_top.env.virtual_sequencer.hmac_smoke_vseq] wiping secret untriggered
UVM_INFO @ 290847200 ps: (hmac_base_vseq.sv:161) uvm_test_top.env.virtual_sequencer [uvm_test_top.env.virtual_sequencer.hmac_smoke_vseq] triggering hash to start
UVM_INFO @ 290899285 ps: (hmac_scoreboard.sv:126) uvm_test_top.env.scoreboard [uvm_test_top.env.scoreboard] invalid config at starting: 1
UVM_INFO @ 291159710 ps: (hmac_base_vseq.sv:295) uvm_test_top.env.virtual_sequencer [uvm_test_top.env.virtual_sequencer.hmac_smoke_vseq] wr_addr = 12e6, wr_mask = 1111, words = 0x5a2f67ab
UVM_INFO @ 291451386 ps: (hmac_base_vseq.sv:295) uvm_test_top.env.virtual_sequencer [uvm_test_top.env.virtual_sequencer.hmac_smoke_vseq] wr_addr = 14b7, wr_mask = 0100, words = 0xbe620514
UVM_INFO @ 291784730 ps: (hmac_base_vseq.sv:295) uvm_test_top.env.virtual_sequencer [uvm_test_top.env.virtual_sequencer.hmac_smoke_vseq] wr_addr = 11ac, wr_mask = 1111, words = 0x1f00023f
UVM_INFO @ 292013904 ps: (hmac_base_vseq.sv:295) uvm_test_top.env.virtual_sequencer [uvm_test_top.env.virtual_sequencer.hmac_smoke_vseq] wr_addr = 153e, wr_mask = 1111, words = 0x4efe9c9b
UVM_INFO @ 292065989 ps: (hmac_base_vseq.sv:295) uvm_test_top.env.virtual_sequencer [uvm_test_top.env.virtual_sequencer.hmac_smoke_vseq] wr_addr = 17f5, wr_mask = 1111, words = 0x692be1d1
UVM_INFO @ 292503503 ps: (hmac_base_vseq.sv:295) uvm_test_top.env.virtual_sequencer [uvm_test_top.env.virtual_sequencer.hmac_smoke_vseq] wr_addr = 1502, wr_mask = 0110, words = 0x63589f1f
UVM_INFO @ 292534754 ps: (hmac_base_vseq.sv:295) uvm_test_top.env.virtual_sequencer [uvm_test_top.env.virtual_sequencer.hmac_smoke_vseq] wr_addr = 14ef, wr_mask = 1100, words = 0x2a797218
UVM_INFO @ 292878515 ps: (hmac_base_vseq.sv:295) uvm_test_top.env.virtual_sequencer [uvm_test_top.env.virtual_sequencer.hmac_smoke_vseq] wr_addr = 165c, wr_mask = 0110, words = 0xcf5cfbff
UVM_INFO @ 293149357 ps: (hmac_base_vseq.sv:295) uvm_test_top.env.virtual_sequencer [uvm_test_top.env.virtual_sequencer.hmac_smoke_vseq] wr_addr = 1383, wr_mask = 1110, words = 0xc4696ad3
UVM_INFO @ 293586871 ps: (hmac_base_vseq.sv:295) uvm_test_top.env.virtual_sequencer [uvm_test_top.env.virtual_sequencer.hmac_smoke_vseq] wr_addr = 133b, wr_mask = 1110, words = 0x1063ece7
UVM_INFO @ 293930632 ps: (hmac_base_vseq.sv:295) uvm_test_top.env.virtual_sequencer [uvm_test_top.env.virtual_sequencer.hmac_smoke_vseq] wr_addr = 1562, wr_mask = 0011, words = 0x273ee98e
UVM_INFO @ 294034802 ps: (hmac_base_vseq.sv:295) uvm_test_top.env.virtual_sequencer [uvm_test_top.env.virtual_sequencer.hmac_smoke_vseq] wr_addr = 1420, wr_mask = 0111, words = 0x174bff6b
UVM_INFO @ 294149389 ps: (hmac_base_vseq.sv:295) uvm_test_top.env.virtual_sequencer [uvm_test_top.env.virtual_sequencer.hmac_smoke_vseq] wr_addr = 1514, wr_mask = 0100, words = 0x82165d09
UVM_INFO @ 294222308 ps: (hmac_base_vseq.sv:295) uvm_test_top.env.virtual_sequencer [uvm_test_top.env.virtual_sequencer.hmac_smoke_vseq] wr_addr = 1233, wr_mask = 1111, words = 0xd8caf8c9
UVM_INFO @ 294805660 ps: (hmac_base_vseq.sv:295) uvm_test_top.env.virtual_sequencer [uvm_test_top.env.virtual_sequencer.hmac_smoke_vseq] wr_addr = 115d, wr_mask = 1100, words = 0x183c563f
UVM_INFO @ 295045251 ps: (hmac_base_vseq.sv:295) uvm_test_top.env.virtual_sequencer [uvm_test_top.env.virtual_sequencer.hmac_smoke_vseq] wr_addr = 1406, wr_mask = 1110, words = 0x9bd9e188
UVM_INFO @ 295493182 ps: (hmac_base_vseq.sv:295) uvm_test_top.env.virtual_sequencer [uvm_test_top.env.virtual_sequencer.hmac_smoke_vseq] wr_addr = 1313, wr_mask = 1111, words = 0x8aeca227
UVM_INFO @ 295982781 ps: (hmac_base_vseq.sv:295) uvm_test_top.env.virtual_sequencer [uvm_test_top.env.virtual_sequencer.hmac_smoke_vseq] wr_addr = 1537, wr_mask = 1111, words = 0x81733659
UVM_INFO @ 296316125 ps: (hmac_base_vseq.sv:295) uvm_test_top.env.virtual_sequencer [uvm_test_top.env.virtual_sequencer.hmac_smoke_vseq] wr_addr = 12c5, wr_mask = 1111, words = 0xc04886fa
UVM_INFO @ 296597384 ps: (hmac_base_vseq.sv:295) uvm_test_top.env.virtual_sequencer [uvm_test_top.env.virtual_sequencer.hmac_smoke_vseq] wr_addr = 16d1, wr_mask = 1111, words = 0xd1ff1dea
UVM_INFO @ 296764056 ps: (hmac_base_vseq.sv:295) uvm_test_top.env.virtual_sequencer [uvm_test_top.env.virtual_sequencer.hmac_smoke_vseq] wr_addr = 15f4, wr_mask = 1111, words = 0xdd2dd312
UVM_INFO @ 298170351 ps: (hmac_smoke_vseq.sv:80) uvm_test_top.env.virtual_sequencer [uvm_test_top.env.virtual_sequencer.hmac_smoke_vseq] starting seq 17/22, message size 2040 bits, hmac=1, sha=1
UVM_INFO @ 298170351 ps: (hmac_smoke_vseq.sv:82) uvm_test_top.env.virtual_sequencer [uvm_test_top.env.virtual_sequencer.hmac_smoke_vseq] digest size=SHA2_None, key length=384
UVM_INFO @ 298170351 ps: (hmac_smoke_vseq.sv:85) uvm_test_top.env.virtual_sequencer [uvm_test_top.env.virtual_sequencer.hmac_smoke_vseq] intr_fifo_empty/hmac_done/hmac_err=011, endian/digest/key_swap=110
UVM_INFO @ 298170351 ps: (hmac_smoke_vseq.sv:86) uvm_test_top.env.virtual_sequencer [uvm_test_top.env.virtual_sequencer.hmac_smoke_vseq] wipe secret condition is: NoWipeSecret
UVM_INFO @ 298389108 ps: (hmac_base_vseq.sv:123) uvm_test_top.env.virtual_sequencer [uvm_test_top.env.virtual_sequencer.hmac_smoke_vseq] invalid config: 1
UVM_INFO @ 298389108 ps: (hmac_base_vseq.sv:213) uvm_test_top.env.virtual_sequencer [uvm_test_top.env.virtual_sequencer.hmac_smoke_vseq] wiping secret untriggered
UVM_INFO @ 301878803 ps: (hmac_base_vseq.sv:213) uvm_test_top.env.virtual_sequencer [uvm_test_top.env.virtual_sequencer.hmac_smoke_vseq] wiping secret untriggered
UVM_INFO @ 301878803 ps: (hmac_base_vseq.sv:161) uvm_test_top.env.virtual_sequencer [uvm_test_top.env.virtual_sequencer.hmac_smoke_vseq] triggering hash to start
UVM_INFO @ 301993390 ps: (hmac_scoreboard.sv:126) uvm_test_top.env.scoreboard [uvm_test_top.env.scoreboard] invalid config at starting: 1
UVM_INFO @ 302212147 ps: (hmac_base_vseq.sv:295) uvm_test_top.env.virtual_sequencer [uvm_test_top.env.virtual_sequencer.hmac_smoke_vseq] wr_addr = 118d, wr_mask = 0011, words = 0xce57e409
UVM_INFO @ 302524657 ps: (hmac_base_vseq.sv:295) uvm_test_top.env.virtual_sequencer [uvm_test_top.env.virtual_sequencer.hmac_smoke_vseq] wr_addr = 15bd, wr_mask = 0011, words = 0x923ac498
UVM_INFO @ 303180928 ps: (hmac_base_vseq.sv:295) uvm_test_top.env.virtual_sequencer [uvm_test_top.env.virtual_sequencer.hmac_smoke_vseq] wr_addr = 1393, wr_mask = 0110, words = 0x598e9a45
UVM_INFO @ 303472604 ps: (hmac_base_vseq.sv:295) uvm_test_top.env.virtual_sequencer [uvm_test_top.env.virtual_sequencer.hmac_smoke_vseq] wr_addr = 12ce, wr_mask = 1111, words = 0x58f336a
UVM_INFO @ 303680944 ps: (hmac_base_vseq.sv:295) uvm_test_top.env.virtual_sequencer [uvm_test_top.env.virtual_sequencer.hmac_smoke_vseq] wr_addr = 1017, wr_mask = 1111, words = 0xf4300f0
UVM_INFO @ 303941369 ps: (hmac_base_vseq.sv:295) uvm_test_top.env.virtual_sequencer [uvm_test_top.env.virtual_sequencer.hmac_smoke_vseq] wr_addr = 11af, wr_mask = 1111, words = 0x6f2524f
UVM_INFO @ 304285130 ps: (hmac_base_vseq.sv:295) uvm_test_top.env.virtual_sequencer [uvm_test_top.env.virtual_sequencer.hmac_smoke_vseq] wr_addr = 12ce, wr_mask = 1111, words = 0x8fdeca09
UVM_INFO @ 304358049 ps: (hmac_base_vseq.sv:295) uvm_test_top.env.virtual_sequencer [uvm_test_top.env.virtual_sequencer.hmac_smoke_vseq] wr_addr = 1125, wr_mask = 1111, words = 0xa7051689
UVM_INFO @ 304733061 ps: (hmac_base_vseq.sv:295) uvm_test_top.env.virtual_sequencer [uvm_test_top.env.virtual_sequencer.hmac_smoke_vseq] wr_addr = 1551, wr_mask = 1111, words = 0x7dc18380
UVM_INFO @ 305233077 ps: (hmac_base_vseq.sv:295) uvm_test_top.env.virtual_sequencer [uvm_test_top.env.virtual_sequencer.hmac_smoke_vseq] wr_addr = 1077, wr_mask = 0011, words = 0xf7086927
UVM_INFO @ 305316413 ps: (hmac_base_vseq.sv:295) uvm_test_top.env.virtual_sequencer [uvm_test_top.env.virtual_sequencer.hmac_smoke_vseq] wr_addr = 13d0, wr_mask = 0111, words = 0x13f47747
UVM_INFO @ 305399749 ps: (hmac_base_vseq.sv:295) uvm_test_top.env.virtual_sequencer [uvm_test_top.env.virtual_sequencer.hmac_smoke_vseq] wr_addr = 1608, wr_mask = 1100, words = 0x41351846
UVM_INFO @ 305660174 ps: (hmac_base_vseq.sv:295) uvm_test_top.env.virtual_sequencer [uvm_test_top.env.virtual_sequencer.hmac_smoke_vseq] wr_addr = 16f4, wr_mask = 1111, words = 0x49d5a71f
UVM_INFO @ 305722676 ps: (hmac_base_vseq.sv:295) uvm_test_top.env.virtual_sequencer [uvm_test_top.env.virtual_sequencer.hmac_smoke_vseq] wr_addr = 15a0, wr_mask = 1111, words = 0x3f41ba34
UVM_INFO @ 305847680 ps: (hmac_base_vseq.sv:295) uvm_test_top.env.virtual_sequencer [uvm_test_top.env.virtual_sequencer.hmac_smoke_vseq] wr_addr = 1713, wr_mask = 0111, words = 0xdced0c36
UVM_INFO @ 306108105 ps: (hmac_base_vseq.sv:295) uvm_test_top.env.virtual_sequencer [uvm_test_top.env.virtual_sequencer.hmac_smoke_vseq] wr_addr = 17b9, wr_mask = 0010, words = 0x9e1d422e
UVM_INFO @ 306233109 ps: (hmac_base_vseq.sv:295) uvm_test_top.env.virtual_sequencer [uvm_test_top.env.virtual_sequencer.hmac_smoke_vseq] wr_addr = 1790, wr_mask = 0111, words = 0x1366608a
UVM_INFO @ 306514368 ps: (hmac_base_vseq.sv:295) uvm_test_top.env.virtual_sequencer [uvm_test_top.env.virtual_sequencer.hmac_smoke_vseq] wr_addr = 1658, wr_mask = 0111, words = 0x17d5a04d
UVM_INFO @ 306847712 ps: (hmac_base_vseq.sv:295) uvm_test_top.env.virtual_sequencer [uvm_test_top.env.virtual_sequencer.hmac_smoke_vseq] wr_addr = 12ce, wr_mask = 0011, words = 0x211e8633
UVM_INFO @ 307222724 ps: (hmac_base_vseq.sv:295) uvm_test_top.env.virtual_sequencer [uvm_test_top.env.virtual_sequencer.hmac_smoke_vseq] wr_addr = 1395, wr_mask = 0010, words = 0x9ef7936e
UVM_INFO @ 307316477 ps: (hmac_base_vseq.sv:295) uvm_test_top.env.virtual_sequencer [uvm_test_top.env.virtual_sequencer.hmac_smoke_vseq] wr_addr = 113f, wr_mask = 1111, words = 0xa8e5ca53
UVM_INFO @ 307764408 ps: (hmac_base_vseq.sv:295) uvm_test_top.env.virtual_sequencer [uvm_test_top.env.virtual_sequencer.hmac_smoke_vseq] wr_addr = 160b, wr_mask = 1000, words = 0x88384fd3
UVM_INFO @ 308035250 ps: (hmac_base_vseq.sv:295) uvm_test_top.env.virtual_sequencer [uvm_test_top.env.virtual_sequencer.hmac_smoke_vseq] wr_addr = 1210, wr_mask = 1111, words = 0x325fc609
UVM_INFO @ 308076918 ps: (hmac_base_vseq.sv:295) uvm_test_top.env.virtual_sequencer [uvm_test_top.env.virtual_sequencer.hmac_smoke_vseq] wr_addr = 1260, wr_mask = 1111, words = 0x1ed7a3b1
UVM_INFO @ 308243590 ps: (hmac_base_vseq.sv:295) uvm_test_top.env.virtual_sequencer [uvm_test_top.env.virtual_sequencer.hmac_smoke_vseq] wr_addr = 12df, wr_mask = 0110, words = 0xedbeb12b
UVM_INFO @ 308326926 ps: (hmac_base_vseq.sv:295) uvm_test_top.env.virtual_sequencer [uvm_test_top.env.virtual_sequencer.hmac_smoke_vseq] wr_addr = 1393, wr_mask = 1111, words = 0xe2411746
UVM_INFO @ 308701938 ps: (hmac_base_vseq.sv:295) uvm_test_top.env.virtual_sequencer [uvm_test_top.env.virtual_sequencer.hmac_smoke_vseq] wr_addr = 1493, wr_mask = 1111, words = 0xfa1b4842
UVM_INFO @ 308806108 ps: (hmac_base_vseq.sv:295) uvm_test_top.env.virtual_sequencer [uvm_test_top.env.virtual_sequencer.hmac_smoke_vseq] wr_addr = 1494, wr_mask = 0110, words = 0x93d69b9a
UVM_INFO @ 309379043 ps: (hmac_base_vseq.sv:295) uvm_test_top.env.virtual_sequencer [uvm_test_top.env.virtual_sequencer.hmac_smoke_vseq] wr_addr = 1377, wr_mask = 1111, words = 0xca27361
UVM_INFO @ 309493630 ps: (hmac_base_vseq.sv:295) uvm_test_top.env.virtual_sequencer [uvm_test_top.env.virtual_sequencer.hmac_smoke_vseq] wr_addr = 1701, wr_mask = 1000, words = 0xcb400404
UVM_INFO @ 309941561 ps: (hmac_base_vseq.sv:295) uvm_test_top.env.virtual_sequencer [uvm_test_top.env.virtual_sequencer.hmac_smoke_vseq] wr_addr = 14a2, wr_mask = 1111, words = 0x76a3eb9b
UVM_INFO @ 310170735 ps: (hmac_base_vseq.sv:295) uvm_test_top.env.virtual_sequencer [uvm_test_top.env.virtual_sequencer.hmac_smoke_vseq] wr_addr = 16b2, wr_mask = 0111, words = 0xd1fd35cc
UVM_INFO @ 310274905 ps: (hmac_base_vseq.sv:295) uvm_test_top.env.virtual_sequencer [uvm_test_top.env.virtual_sequencer.hmac_smoke_vseq] wr_addr = 16ab, wr_mask = 0011, words = 0xa6208e02
UVM_INFO @ 310785338 ps: (hmac_base_vseq.sv:295) uvm_test_top.env.virtual_sequencer [uvm_test_top.env.virtual_sequencer.hmac_smoke_vseq] wr_addr = 1794, wr_mask = 0111, words = 0xf22d87c4
UVM_INFO @ 310931176 ps: (hmac_base_vseq.sv:295) uvm_test_top.env.virtual_sequencer [uvm_test_top.env.virtual_sequencer.hmac_smoke_vseq] wr_addr = 14b3, wr_mask = 1111, words = 0xca7f8842
UVM_INFO @ 311379107 ps: (hmac_base_vseq.sv:295) uvm_test_top.env.virtual_sequencer [uvm_test_top.env.virtual_sequencer.hmac_smoke_vseq] wr_addr = 17f0, wr_mask = 1000, words = 0x20b6fa99
UVM_INFO @ 311670783 ps: (hmac_base_vseq.sv:295) uvm_test_top.env.virtual_sequencer [uvm_test_top.env.virtual_sequencer.hmac_smoke_vseq] wr_addr = 13da, wr_mask = 0110, words = 0xffd4d5c5
UVM_INFO @ 312077046 ps: (hmac_base_vseq.sv:295) uvm_test_top.env.virtual_sequencer [uvm_test_top.env.virtual_sequencer.hmac_smoke_vseq] wr_addr = 14e6, wr_mask = 1111, words = 0x7608355d
UVM_INFO @ 312535394 ps: (hmac_base_vseq.sv:295) uvm_test_top.env.virtual_sequencer [uvm_test_top.env.virtual_sequencer.hmac_smoke_vseq] wr_addr = 1707, wr_mask = 1111, words = 0x94e7f45f
UVM_INFO @ 313160414 ps: (hmac_base_vseq.sv:295) uvm_test_top.env.virtual_sequencer [uvm_test_top.env.virtual_sequencer.hmac_smoke_vseq] wr_addr = 11d1, wr_mask = 0001, words = 0xa5b56647
UVM_INFO @ 313441673 ps: (hmac_base_vseq.sv:295) uvm_test_top.env.virtual_sequencer [uvm_test_top.env.virtual_sequencer.hmac_smoke_vseq] wr_addr = 1427, wr_mask = 1111, words = 0x16957c0e
UVM_INFO @ 313754183 ps: (hmac_base_vseq.sv:295) uvm_test_top.env.virtual_sequencer [uvm_test_top.env.virtual_sequencer.hmac_smoke_vseq] wr_addr = 164a, wr_mask = 0011, words = 0x3c343bd7
UVM_INFO @ 313941689 ps: (hmac_base_vseq.sv:295) uvm_test_top.env.virtual_sequencer [uvm_test_top.env.virtual_sequencer.hmac_smoke_vseq] wr_addr = 11e1, wr_mask = 1111, words = 0x518c4fac
UVM_INFO @ 314233365 ps: (hmac_base_vseq.sv:295) uvm_test_top.env.virtual_sequencer [uvm_test_top.env.virtual_sequencer.hmac_smoke_vseq] wr_addr = 1633, wr_mask = 0001, words = 0x574b970b
UVM_INFO @ 314285450 ps: (hmac_base_vseq.sv:295) uvm_test_top.env.virtual_sequencer [uvm_test_top.env.virtual_sequencer.hmac_smoke_vseq] wr_addr = 1628, wr_mask = 0001, words = 0x4ac91cca
UVM_INFO @ 314618794 ps: (hmac_base_vseq.sv:295) uvm_test_top.env.virtual_sequencer [uvm_test_top.env.virtual_sequencer.hmac_smoke_vseq] wr_addr = 16a1, wr_mask = 1000, words = 0x4689bd7f
UVM_INFO @ 314972972 ps: (hmac_base_vseq.sv:295) uvm_test_top.env.virtual_sequencer [uvm_test_top.env.virtual_sequencer.hmac_smoke_vseq] wr_addr = 1775, wr_mask = 0111, words = 0x63a90f6f
UVM_INFO @ 315472988 ps: (hmac_base_vseq.sv:295) uvm_test_top.env.virtual_sequencer [uvm_test_top.env.virtual_sequencer.hmac_smoke_vseq] wr_addr = 15b5, wr_mask = 1111, words = 0xc5474b84
UVM_INFO @ 315795915 ps: (hmac_base_vseq.sv:295) uvm_test_top.env.virtual_sequencer [uvm_test_top.env.virtual_sequencer.hmac_smoke_vseq] wr_addr = 1186, wr_mask = 1111, words = 0xfc1ccf38
UVM_INFO @ 316118842 ps: (hmac_base_vseq.sv:295) uvm_test_top.env.virtual_sequencer [uvm_test_top.env.virtual_sequencer.hmac_smoke_vseq] wr_addr = 15e8, wr_mask = 0111, words = 0xec7f78cc
UVM_INFO @ 316660526 ps: (hmac_base_vseq.sv:295) uvm_test_top.env.virtual_sequencer [uvm_test_top.env.virtual_sequencer.hmac_smoke_vseq] wr_addr = 13c1, wr_mask = 0011, words = 0x529aca94
UVM_INFO @ 317045955 ps: (hmac_base_vseq.sv:295) uvm_test_top.env.virtual_sequencer [uvm_test_top.env.virtual_sequencer.hmac_smoke_vseq] wr_addr = 110c, wr_mask = 1111, words = 0x2209aa9d
UVM_INFO @ 317212627 ps: (hmac_base_vseq.sv:295) uvm_test_top.env.virtual_sequencer [uvm_test_top.env.virtual_sequencer.hmac_smoke_vseq] wr_addr = 1149, wr_mask = 1100, words = 0xca7cd48e
UVM_INFO @ 317493886 ps: (hmac_base_vseq.sv:295) uvm_test_top.env.virtual_sequencer [uvm_test_top.env.virtual_sequencer.hmac_smoke_vseq] wr_addr = 126f, wr_mask = 1000, words = 0x1851c64c
UVM_INFO @ 317587639 ps: (hmac_base_vseq.sv:295) uvm_test_top.env.virtual_sequencer [uvm_test_top.env.virtual_sequencer.hmac_smoke_vseq] wr_addr = 14c1, wr_mask = 1110, words = 0x88b2062b
UVM_INFO @ 318014736 ps: (hmac_base_vseq.sv:295) uvm_test_top.env.virtual_sequencer [uvm_test_top.env.virtual_sequencer.hmac_smoke_vseq] wr_addr = 146b, wr_mask = 1111, words = 0xfe39687b
UVM_INFO @ 318295995 ps: (hmac_base_vseq.sv:295) uvm_test_top.env.virtual_sequencer [uvm_test_top.env.virtual_sequencer.hmac_smoke_vseq] wr_addr = 176a, wr_mask = 1110, words = 0x385a118f
UVM_INFO @ 318535586 ps: (hmac_base_vseq.sv:295) uvm_test_top.env.virtual_sequencer [uvm_test_top.env.virtual_sequencer.hmac_smoke_vseq] wr_addr = 1330, wr_mask = 1111, words = 0x634fefa8
UVM_INFO @ 318816845 ps: (hmac_base_vseq.sv:295) uvm_test_top.env.virtual_sequencer [uvm_test_top.env.virtual_sequencer.hmac_smoke_vseq] wr_addr = 159b, wr_mask = 1111, words = 0x63368aeb
UVM_INFO @ 319046019 ps: (hmac_base_vseq.sv:295) uvm_test_top.env.virtual_sequencer [uvm_test_top.env.virtual_sequencer.hmac_smoke_vseq] wr_addr = 1738, wr_mask = 1111, words = 0x863f92a4
UVM_INFO @ 319389780 ps: (hmac_base_vseq.sv:295) uvm_test_top.env.virtual_sequencer [uvm_test_top.env.virtual_sequencer.hmac_smoke_vseq] wr_addr = 11b5, wr_mask = 1111, words = 0xe54cad9f
UVM_INFO @ 319431448 ps: (hmac_base_vseq.sv:295) uvm_test_top.env.virtual_sequencer [uvm_test_top.env.virtual_sequencer.hmac_smoke_vseq] wr_addr = 13a5, wr_mask = 0011, words = 0xfd86a113
UVM_INFO @ 319796043 ps: (hmac_base_vseq.sv:295) uvm_test_top.env.virtual_sequencer [uvm_test_top.env.virtual_sequencer.hmac_smoke_vseq] wr_addr = 10a8, wr_mask = 0001, words = 0x771c9e07
UVM_INFO @ 320296059 ps: (hmac_base_vseq.sv:295) uvm_test_top.env.virtual_sequencer [uvm_test_top.env.virtual_sequencer.hmac_smoke_vseq] wr_addr = 1667, wr_mask = 0111, words = 0xe7c1309c
UVM_INFO @ 320566901 ps: (hmac_base_vseq.sv:295) uvm_test_top.env.virtual_sequencer [uvm_test_top.env.virtual_sequencer.hmac_smoke_vseq] wr_addr = 1009, wr_mask = 1111, words = 0x405ccaa2
UVM_INFO @ 320629403 ps: (hmac_base_vseq.sv:295) uvm_test_top.env.virtual_sequencer [uvm_test_top.env.virtual_sequencer.hmac_smoke_vseq] wr_addr = 16cd, wr_mask = 1111, words = 0x94703113
UVM_INFO @ 320712739 ps: (hmac_base_vseq.sv:295) uvm_test_top.env.virtual_sequencer [uvm_test_top.env.virtual_sequencer.hmac_smoke_vseq] wr_addr = 149a, wr_mask = 1111, words = 0xce91c14d
UVM_INFO @ 321098168 ps: (hmac_base_vseq.sv:295) uvm_test_top.env.virtual_sequencer [uvm_test_top.env.virtual_sequencer.hmac_smoke_vseq] wr_addr = 13e7, wr_mask = 1111, words = 0x777f97e2
UVM_INFO @ 321389844 ps: (hmac_base_vseq.sv:295) uvm_test_top.env.virtual_sequencer [uvm_test_top.env.virtual_sequencer.hmac_smoke_vseq] wr_addr = 14cb, wr_mask = 1111, words = 0xad5fcf0b
UVM_INFO @ 321452346 ps: (hmac_base_vseq.sv:295) uvm_test_top.env.virtual_sequencer [uvm_test_top.env.virtual_sequencer.hmac_smoke_vseq] wr_addr = 15f5, wr_mask = 1100, words = 0x552c213a
UVM_INFO @ 321816941 ps: (hmac_base_vseq.sv:295) uvm_test_top.env.virtual_sequencer [uvm_test_top.env.virtual_sequencer.hmac_smoke_vseq] wr_addr = 1663, wr_mask = 0111, words = 0x1c9eb4f
UVM_INFO @ 322441961 ps: (hmac_base_vseq.sv:295) uvm_test_top.env.virtual_sequencer [uvm_test_top.env.virtual_sequencer.hmac_smoke_vseq] wr_addr = 149e, wr_mask = 0110, words = 0xc0d8d738
UVM_INFO @ 322504463 ps: (hmac_base_vseq.sv:295) uvm_test_top.env.virtual_sequencer [uvm_test_top.env.virtual_sequencer.hmac_smoke_vseq] wr_addr = 10ed, wr_mask = 1111, words = 0x965132d0
UVM_INFO @ 323087815 ps: (hmac_base_vseq.sv:295) uvm_test_top.env.virtual_sequencer [uvm_test_top.env.virtual_sequencer.hmac_smoke_vseq] wr_addr = 16fc, wr_mask = 0011, words = 0x353e03da
UVM_INFO @ 323358657 ps: (hmac_base_vseq.sv:295) uvm_test_top.env.virtual_sequencer [uvm_test_top.env.virtual_sequencer.hmac_smoke_vseq] wr_addr = 11a9, wr_mask = 0011, words = 0xdfe00965
UVM_INFO @ 323754503 ps: (hmac_base_vseq.sv:295) uvm_test_top.env.virtual_sequencer [uvm_test_top.env.virtual_sequencer.hmac_smoke_vseq] wr_addr = 15ba, wr_mask = 1111, words = 0x833f373e
UVM_INFO @ 323983677 ps: (hmac_base_vseq.sv:295) uvm_test_top.env.virtual_sequencer [uvm_test_top.env.virtual_sequencer.hmac_smoke_vseq] wr_addr = 1274, wr_mask = 0111, words = 0x326e8d24
UVM_INFO @ 324285770 ps: (hmac_base_vseq.sv:295) uvm_test_top.env.virtual_sequencer [uvm_test_top.env.virtual_sequencer.hmac_smoke_vseq] wr_addr = 145a, wr_mask = 1111, words = 0x5c5e66ee
UVM_INFO @ 324577446 ps: (hmac_base_vseq.sv:295) uvm_test_top.env.virtual_sequencer [uvm_test_top.env.virtual_sequencer.hmac_smoke_vseq] wr_addr = 1342, wr_mask = 0111, words = 0xd13fcbf0
UVM_INFO @ 324858705 ps: (hmac_base_vseq.sv:295) uvm_test_top.env.virtual_sequencer [uvm_test_top.env.virtual_sequencer.hmac_smoke_vseq] wr_addr = 11a2, wr_mask = 1111, words = 0x1758ae9b
UVM_INFO @ 324973292 ps: (hmac_base_vseq.sv:295) uvm_test_top.env.virtual_sequencer [uvm_test_top.env.virtual_sequencer.hmac_smoke_vseq] wr_addr = 13ca, wr_mask = 1111, words = 0x1b12a799
UVM_INFO @ 325025377 ps: (hmac_base_vseq.sv:295) uvm_test_top.env.virtual_sequencer [uvm_test_top.env.virtual_sequencer.hmac_smoke_vseq] wr_addr = 102d, wr_mask = 1111, words = 0x19c27335
UVM_INFO @ 325098296 ps: (hmac_base_vseq.sv:295) uvm_test_top.env.virtual_sequencer [uvm_test_top.env.virtual_sequencer.hmac_smoke_vseq] wr_addr = 179f, wr_mask = 1111, words = 0xa5924326
UVM_INFO @ 325348304 ps: (hmac_base_vseq.sv:295) uvm_test_top.env.virtual_sequencer [uvm_test_top.env.virtual_sequencer.hmac_smoke_vseq] wr_addr = 1759, wr_mask = 1111, words = 0x32b5d12b
UVM_INFO @ 325733733 ps: (hmac_base_vseq.sv:295) uvm_test_top.env.virtual_sequencer [uvm_test_top.env.virtual_sequencer.hmac_smoke_vseq] wr_addr = 168a, wr_mask = 0011, words = 0x60c85126
UVM_INFO @ 327473372 ps: (hmac_smoke_vseq.sv:80) uvm_test_top.env.virtual_sequencer [uvm_test_top.env.virtual_sequencer.hmac_smoke_vseq] starting seq 18/22, message size 248 bits, hmac=0, sha=1
UVM_INFO @ 327473372 ps: (hmac_smoke_vseq.sv:82) uvm_test_top.env.virtual_sequencer [uvm_test_top.env.virtual_sequencer.hmac_smoke_vseq] digest size=SHA2_None, key length=512
UVM_INFO @ 327473372 ps: (hmac_smoke_vseq.sv:85) uvm_test_top.env.virtual_sequencer [uvm_test_top.env.virtual_sequencer.hmac_smoke_vseq] intr_fifo_empty/hmac_done/hmac_err=110, endian/digest/key_swap=011
UVM_INFO @ 327473372 ps: (hmac_smoke_vseq.sv:86) uvm_test_top.env.virtual_sequencer [uvm_test_top.env.virtual_sequencer.hmac_smoke_vseq] wipe secret condition is: NoWipeSecret
UVM_INFO @ 327629627 ps: (hmac_base_vseq.sv:123) uvm_test_top.env.virtual_sequencer [uvm_test_top.env.virtual_sequencer.hmac_smoke_vseq] invalid config: 1
UVM_INFO @ 327629627 ps: (hmac_base_vseq.sv:213) uvm_test_top.env.virtual_sequencer [uvm_test_top.env.virtual_sequencer.hmac_smoke_vseq] wiping secret untriggered
UVM_INFO @ 330681808 ps: (hmac_base_vseq.sv:213) uvm_test_top.env.virtual_sequencer [uvm_test_top.env.virtual_sequencer.hmac_smoke_vseq] wiping secret untriggered
UVM_INFO @ 331692257 ps: (hmac_base_vseq.sv:161) uvm_test_top.env.virtual_sequencer [uvm_test_top.env.virtual_sequencer.hmac_smoke_vseq] triggering hash to start
UVM_INFO @ 331702674 ps: (hmac_scoreboard.sv:126) uvm_test_top.env.scoreboard [uvm_test_top.env.scoreboard] invalid config at starting: 1
UVM_INFO @ 332036018 ps: (hmac_base_vseq.sv:295) uvm_test_top.env.virtual_sequencer [uvm_test_top.env.virtual_sequencer.hmac_smoke_vseq] wr_addr = 13f1, wr_mask = 1111, words = 0xb686cfb5
UVM_INFO @ 332754791 ps: (hmac_base_vseq.sv:295) uvm_test_top.env.virtual_sequencer [uvm_test_top.env.virtual_sequencer.hmac_smoke_vseq] wr_addr = 103d, wr_mask = 1111, words = 0x959a1c77
UVM_INFO @ 333108969 ps: (hmac_base_vseq.sv:295) uvm_test_top.env.virtual_sequencer [uvm_test_top.env.virtual_sequencer.hmac_smoke_vseq] wr_addr = 17ff, wr_mask = 1100, words = 0x4c0356e5
UVM_INFO @ 333181888 ps: (hmac_base_vseq.sv:295) uvm_test_top.env.virtual_sequencer [uvm_test_top.env.virtual_sequencer.hmac_smoke_vseq] wr_addr = 1101, wr_mask = 1111, words = 0xf614965
UVM_INFO @ 333265224 ps: (hmac_base_vseq.sv:295) uvm_test_top.env.virtual_sequencer [uvm_test_top.env.virtual_sequencer.hmac_smoke_vseq] wr_addr = 17b5, wr_mask = 1111, words = 0x28c6e5fb
UVM_INFO @ 333379811 ps: (hmac_base_vseq.sv:295) uvm_test_top.env.virtual_sequencer [uvm_test_top.env.virtual_sequencer.hmac_smoke_vseq] wr_addr = 153f, wr_mask = 1111, words = 0x967ec550
UVM_INFO @ 333483981 ps: (hmac_base_vseq.sv:295) uvm_test_top.env.virtual_sequencer [uvm_test_top.env.virtual_sequencer.hmac_smoke_vseq] wr_addr = 1474, wr_mask = 1111, words = 0x4818c905
UVM_INFO @ 333775657 ps: (hmac_base_vseq.sv:295) uvm_test_top.env.virtual_sequencer [uvm_test_top.env.virtual_sequencer.hmac_smoke_vseq] wr_addr = 14ae, wr_mask = 0111, words = 0x86559939
UVM_INFO @ 334036082 ps: (hmac_base_vseq.sv:295) uvm_test_top.env.virtual_sequencer [uvm_test_top.env.virtual_sequencer.hmac_smoke_vseq] wr_addr = 10d2, wr_mask = 1000, words = 0x1b16dac9
UVM_INFO @ 334056916 ps: (hmac_base_vseq.sv:295) uvm_test_top.env.virtual_sequencer [uvm_test_top.env.virtual_sequencer.hmac_smoke_vseq] wr_addr = 15e9, wr_mask = 0001, words = 0xaa7006e6
UVM_INFO @ 335556964 ps: (hmac_smoke_vseq.sv:80) uvm_test_top.env.virtual_sequencer [uvm_test_top.env.virtual_sequencer.hmac_smoke_vseq] starting seq 19/22, message size 1032 bits, hmac=1, sha=1
UVM_INFO @ 335556964 ps: (hmac_smoke_vseq.sv:82) uvm_test_top.env.virtual_sequencer [uvm_test_top.env.virtual_sequencer.hmac_smoke_vseq] digest size=SHA2_384, key length=128
UVM_INFO @ 335556964 ps: (hmac_smoke_vseq.sv:85) uvm_test_top.env.virtual_sequencer [uvm_test_top.env.virtual_sequencer.hmac_smoke_vseq] intr_fifo_empty/hmac_done/hmac_err=100, endian/digest/key_swap=011
UVM_INFO @ 335556964 ps: (hmac_smoke_vseq.sv:86) uvm_test_top.env.virtual_sequencer [uvm_test_top.env.virtual_sequencer.hmac_smoke_vseq] wipe secret condition is: NoWipeSecret
UVM_INFO @ 335744470 ps: (hmac_base_vseq.sv:123) uvm_test_top.env.virtual_sequencer [uvm_test_top.env.virtual_sequencer.hmac_smoke_vseq] invalid config: 0
UVM_INFO @ 335744470 ps: (hmac_base_vseq.sv:213) uvm_test_top.env.virtual_sequencer [uvm_test_top.env.virtual_sequencer.hmac_smoke_vseq] wiping secret untriggered
UVM_INFO @ 339390420 ps: (hmac_base_vseq.sv:213) uvm_test_top.env.virtual_sequencer [uvm_test_top.env.virtual_sequencer.hmac_smoke_vseq] wiping secret untriggered
UVM_INFO @ 340327950 ps: (hmac_base_vseq.sv:161) uvm_test_top.env.virtual_sequencer [uvm_test_top.env.virtual_sequencer.hmac_smoke_vseq] triggering hash to start
UVM_INFO @ 340369618 ps: (hmac_scoreboard.sv:126) uvm_test_top.env.scoreboard [uvm_test_top.env.scoreboard] invalid config at starting: 0
UVM_INFO @ 340380035 ps: (hmac_base_vseq.sv:295) uvm_test_top.env.virtual_sequencer [uvm_test_top.env.virtual_sequencer.hmac_smoke_vseq] wr_addr = 11c3, wr_mask = 0100, words = 0x34df51bc
UVM_INFO @ 340442537 ps: (hmac_base_vseq.sv:295) uvm_test_top.env.virtual_sequencer [uvm_test_top.env.virtual_sequencer.hmac_smoke_vseq] wr_addr = 12dc, wr_mask = 1111, words = 0x516199aa
UVM_INFO @ 341015472 ps: (hmac_base_vseq.sv:295) uvm_test_top.env.virtual_sequencer [uvm_test_top.env.virtual_sequencer.hmac_smoke_vseq] wr_addr = 1292, wr_mask = 1111, words = 0x66bad2e3
UVM_INFO @ 341327982 ps: (hmac_base_vseq.sv:295) uvm_test_top.env.virtual_sequencer [uvm_test_top.env.virtual_sequencer.hmac_smoke_vseq] wr_addr = 10cf, wr_mask = 1111, words = 0x9bc0481f
UVM_INFO @ 341369650 ps: (hmac_base_vseq.sv:295) uvm_test_top.env.virtual_sequencer [uvm_test_top.env.virtual_sequencer.hmac_smoke_vseq] wr_addr = 1097, wr_mask = 1000, words = 0xb6d6fd7d
UVM_INFO @ 341432152 ps: (hmac_base_vseq.sv:295) uvm_test_top.env.virtual_sequencer [uvm_test_top.env.virtual_sequencer.hmac_smoke_vseq] wr_addr = 1741, wr_mask = 1111, words = 0xb1059c84
UVM_INFO @ 342015504 ps: (hmac_base_vseq.sv:295) uvm_test_top.env.virtual_sequencer [uvm_test_top.env.virtual_sequencer.hmac_smoke_vseq] wr_addr = 1171, wr_mask = 0011, words = 0xac39488e
UVM_INFO @ 342098840 ps: (hmac_base_vseq.sv:295) uvm_test_top.env.virtual_sequencer [uvm_test_top.env.virtual_sequencer.hmac_smoke_vseq] wr_addr = 1217, wr_mask = 1000, words = 0x97221fb8
UVM_INFO @ 342442601 ps: (hmac_base_vseq.sv:295) uvm_test_top.env.virtual_sequencer [uvm_test_top.env.virtual_sequencer.hmac_smoke_vseq] wr_addr = 1728, wr_mask = 1111, words = 0x1544e597
UVM_INFO @ 342734277 ps: (hmac_base_vseq.sv:295) uvm_test_top.env.virtual_sequencer [uvm_test_top.env.virtual_sequencer.hmac_smoke_vseq] wr_addr = 150f, wr_mask = 1111, words = 0x79930242
UVM_INFO @ 342942617 ps: (hmac_base_vseq.sv:295) uvm_test_top.env.virtual_sequencer [uvm_test_top.env.virtual_sequencer.hmac_smoke_vseq] wr_addr = 144e, wr_mask = 0001, words = 0xa4eb747b
UVM_INFO @ 343255127 ps: (hmac_base_vseq.sv:295) uvm_test_top.env.virtual_sequencer [uvm_test_top.env.virtual_sequencer.hmac_smoke_vseq] wr_addr = 10bb, wr_mask = 0010, words = 0xf3e2bc12
UVM_INFO @ 343536386 ps: (hmac_base_vseq.sv:295) uvm_test_top.env.virtual_sequencer [uvm_test_top.env.virtual_sequencer.hmac_smoke_vseq] wr_addr = 11ac, wr_mask = 0010, words = 0xf489ad46
UVM_INFO @ 343848896 ps: (hmac_base_vseq.sv:295) uvm_test_top.env.virtual_sequencer [uvm_test_top.env.virtual_sequencer.hmac_smoke_vseq] wr_addr = 16a0, wr_mask = 0110, words = 0x2045f497
UVM_INFO @ 344150989 ps: (hmac_base_vseq.sv:295) uvm_test_top.env.virtual_sequencer [uvm_test_top.env.virtual_sequencer.hmac_smoke_vseq] wr_addr = 10db, wr_mask = 1111, words = 0x12fd2bff
UVM_INFO @ 344432248 ps: (hmac_base_vseq.sv:295) uvm_test_top.env.virtual_sequencer [uvm_test_top.env.virtual_sequencer.hmac_smoke_vseq] wr_addr = 16c1, wr_mask = 1111, words = 0x4fb37a7d
UVM_INFO @ 344619754 ps: (hmac_base_vseq.sv:295) uvm_test_top.env.virtual_sequencer [uvm_test_top.env.virtual_sequencer.hmac_smoke_vseq] wr_addr = 1068, wr_mask = 0001, words = 0x34aff50a
UVM_INFO @ 345151021 ps: (hmac_base_vseq.sv:295) uvm_test_top.env.virtual_sequencer [uvm_test_top.env.virtual_sequencer.hmac_smoke_vseq] wr_addr = 1000, wr_mask = 0111, words = 0x4791f574
UVM_INFO @ 345171855 ps: (hmac_base_vseq.sv:295) uvm_test_top.env.virtual_sequencer [uvm_test_top.env.virtual_sequencer.hmac_smoke_vseq] wr_addr = 1227, wr_mask = 1111, words = 0x614ba384
UVM_INFO @ 345598952 ps: (hmac_base_vseq.sv:295) uvm_test_top.env.virtual_sequencer [uvm_test_top.env.virtual_sequencer.hmac_smoke_vseq] wr_addr = 123b, wr_mask = 0001, words = 0xcd765df0
UVM_INFO @ 345661454 ps: (hmac_base_vseq.sv:295) uvm_test_top.env.virtual_sequencer [uvm_test_top.env.virtual_sequencer.hmac_smoke_vseq] wr_addr = 1407, wr_mask = 0011, words = 0xd11e3a1a
UVM_INFO @ 345723956 ps: (hmac_base_vseq.sv:295) uvm_test_top.env.virtual_sequencer [uvm_test_top.env.virtual_sequencer.hmac_smoke_vseq] wr_addr = 131e, wr_mask = 1111, words = 0x18c566ee
UVM_INFO @ 346026049 ps: (hmac_base_vseq.sv:295) uvm_test_top.env.virtual_sequencer [uvm_test_top.env.virtual_sequencer.hmac_smoke_vseq] wr_addr = 14e9, wr_mask = 1100, words = 0xe5cd12a3
UVM_INFO @ 346109385 ps: (hmac_base_vseq.sv:295) uvm_test_top.env.virtual_sequencer [uvm_test_top.env.virtual_sequencer.hmac_smoke_vseq] wr_addr = 1032, wr_mask = 0111, words = 0xe73199ab
UVM_INFO @ 346442729 ps: (hmac_base_vseq.sv:295) uvm_test_top.env.virtual_sequencer [uvm_test_top.env.virtual_sequencer.hmac_smoke_vseq] wr_addr = 124b, wr_mask = 0100, words = 0x986b382f
UVM_INFO @ 346765656 ps: (hmac_base_vseq.sv:295) uvm_test_top.env.virtual_sequencer [uvm_test_top.env.virtual_sequencer.hmac_smoke_vseq] wr_addr = 16a7, wr_mask = 1111, words = 0x89122796
UVM_INFO @ 347130251 ps: (hmac_base_vseq.sv:295) uvm_test_top.env.virtual_sequencer [uvm_test_top.env.virtual_sequencer.hmac_smoke_vseq] wr_addr = 131c, wr_mask = 1111, words = 0x1085ff74
UVM_INFO @ 347526097 ps: (hmac_base_vseq.sv:295) uvm_test_top.env.virtual_sequencer [uvm_test_top.env.virtual_sequencer.hmac_smoke_vseq] wr_addr = 1640, wr_mask = 0010, words = 0xf8c5d1d3
UVM_INFO @ 347619850 ps: (hmac_base_vseq.sv:295) uvm_test_top.env.virtual_sequencer [uvm_test_top.env.virtual_sequencer.hmac_smoke_vseq] wr_addr = 1742, wr_mask = 1111, words = 0x6fe10000
UVM_INFO @ 348046947 ps: (hmac_base_vseq.sv:295) uvm_test_top.env.virtual_sequencer [uvm_test_top.env.virtual_sequencer.hmac_smoke_vseq] wr_addr = 1236, wr_mask = 1111, words = 0xc89a73dc
UVM_INFO @ 348734469 ps: (hmac_base_vseq.sv:295) uvm_test_top.env.virtual_sequencer [uvm_test_top.env.virtual_sequencer.hmac_smoke_vseq] wr_addr = 1543, wr_mask = 0010, words = 0x32199fb1
UVM_INFO @ 349192817 ps: (hmac_base_vseq.sv:295) uvm_test_top.env.virtual_sequencer [uvm_test_top.env.virtual_sequencer.hmac_smoke_vseq] wr_addr = 16cc, wr_mask = 1111, words = 0xfe56f845
UVM_INFO @ 349317821 ps: (hmac_base_vseq.sv:295) uvm_test_top.env.virtual_sequencer [uvm_test_top.env.virtual_sequencer.hmac_smoke_vseq] wr_addr = 17b3, wr_mask = 0010, words = 0x14c3c65e
UVM_INFO @ 349588663 ps: (hmac_base_vseq.sv:295) uvm_test_top.env.virtual_sequencer [uvm_test_top.env.virtual_sequencer.hmac_smoke_vseq] wr_addr = 1451, wr_mask = 1111, words = 0xd5c6810f
UVM_INFO @ 349911590 ps: (hmac_base_vseq.sv:295) uvm_test_top.env.virtual_sequencer [uvm_test_top.env.virtual_sequencer.hmac_smoke_vseq] wr_addr = 172b, wr_mask = 0111, words = 0x3cd65a2
UVM_INFO @ 350453274 ps: (hmac_base_vseq.sv:295) uvm_test_top.env.virtual_sequencer [uvm_test_top.env.virtual_sequencer.hmac_smoke_vseq] wr_addr = 11b6, wr_mask = 1111, words = 0xd7d82986
UVM_INFO @ 350494942 ps: (hmac_base_vseq.sv:295) uvm_test_top.env.virtual_sequencer [uvm_test_top.env.virtual_sequencer.hmac_smoke_vseq] wr_addr = 1298, wr_mask = 1111, words = 0x6e89d2a5
UVM_INFO @ 351078294 ps: (hmac_base_vseq.sv:295) uvm_test_top.env.virtual_sequencer [uvm_test_top.env.virtual_sequencer.hmac_smoke_vseq] wr_addr = 1244, wr_mask = 1111, words = 0xd6dc2e5a
UVM_INFO @ 351161630 ps: (hmac_base_vseq.sv:295) uvm_test_top.env.virtual_sequencer [uvm_test_top.env.virtual_sequencer.hmac_smoke_vseq] wr_addr = 133c, wr_mask = 1111, words = 0xcae8884a
UVM_INFO @ 351619978 ps: (hmac_base_vseq.sv:295) uvm_test_top.env.virtual_sequencer [uvm_test_top.env.virtual_sequencer.hmac_smoke_vseq] wr_addr = 1351, wr_mask = 1111, words = 0x98f74bca
UVM_INFO @ 352265832 ps: (hmac_base_vseq.sv:295) uvm_test_top.env.virtual_sequencer [uvm_test_top.env.virtual_sequencer.hmac_smoke_vseq] wr_addr = 134d, wr_mask = 0001, words = 0xf4ffe04a
UVM_INFO @ 352786682 ps: (hmac_base_vseq.sv:295) uvm_test_top.env.virtual_sequencer [uvm_test_top.env.virtual_sequencer.hmac_smoke_vseq] wr_addr = 14d8, wr_mask = 1111, words = 0x982a8eb2
UVM_INFO @ 353005439 ps: (hmac_base_vseq.sv:295) uvm_test_top.env.virtual_sequencer [uvm_test_top.env.virtual_sequencer.hmac_smoke_vseq] wr_addr = 151d, wr_mask = 1111, words = 0x9d06e40c
UVM_INFO @ 353255447 ps: (hmac_base_vseq.sv:295) uvm_test_top.env.virtual_sequencer [uvm_test_top.env.virtual_sequencer.hmac_smoke_vseq] wr_addr = 16c0, wr_mask = 1111, words = 0x21fedc93
UVM_INFO @ 353276281 ps: (hmac_base_vseq.sv:295) uvm_test_top.env.virtual_sequencer [uvm_test_top.env.virtual_sequencer.hmac_smoke_vseq] wr_addr = 173f, wr_mask = 0001, words = 0x989ac68a
UVM_INFO @ 353692961 ps: (hmac_base_vseq.sv:295) uvm_test_top.env.virtual_sequencer [uvm_test_top.env.virtual_sequencer.hmac_smoke_vseq] wr_addr = 10dd, wr_mask = 0011, words = 0x8de2e38
UVM_INFO @ 354036722 ps: (hmac_smoke_vseq.sv:179) uvm_test_top.env.virtual_sequencer [uvm_test_top.env.virtual_sequencer.hmac_smoke_vseq] triggering process because msg stream is finished
UVM_INFO @ 354036722 ps: (hmac_base_vseq.sv:194) uvm_test_top.env.virtual_sequencer [uvm_test_top.env.virtual_sequencer.hmac_smoke_vseq] triggering hash to process
UVM_INFO @ 354151309 ps: (hmac_scoreboard.sv:126) uvm_test_top.env.scoreboard [uvm_test_top.env.scoreboard] invalid config at starting: 0
UVM_INFO @ 354151309 ps: (hmac_scoreboard.sv:767) uvm_test_top.env.scoreboard [uvm_test_top.env.scoreboard] Computing digest prediction
bounds [15:0]
bounds [128:0]
UVM_INFO @ 354151309 ps: (hmac_scoreboard.sv:809) uvm_test_top.env.scoreboard [uvm_test_top.env.scoreboard] HMAC of key=3526662308 (key_swap=00000000000000000000000000000001), msg_i='{223, 170, 153, 97, 81, 227, 210, 186, 102, 31, 72, 192, 155, 182, 132, 156, 5, 177, 142, 72, 151, 151, 229, 68, 21, 66, 2, 147, 121, 123, 188, 173, 244, 69, 255, 43, 253, 18, 125, 122, 179, 79, 10, 116, 245, 145, 132, 163, 75, 97, 240, 26, 58, 238, 102, 197, 24, 205, 229, 171, 153, 49, 107, 150, 39, 18, 137, 116, 255, 133, 16, 209, 0, 0, 225, 111, 220, 115, 154, 200, 159, 69, 248, 86, 254, 198, 15, 129, 198, 213, 162, 101, 205, 134, 41, 216, 215, 165, 210, 137, 110, 90, 46, 220, 214, 74, 136, 232, 202, 202, 75, 247, 152, 74, 178, 142, 42, 152, 12, 228, 6, 157, 147, 220, 254, 33, 138, 56, 46}: 1047197643
UVM_INFO @ 358359777 ps: (hmac_smoke_vseq.sv:235) uvm_test_top.env.virtual_sequencer [uvm_test_top.env.virtual_sequencer.hmac_smoke_vseq] reading digest
UVM_INFO @ 359807740 ps: (hmac_smoke_vseq.sv:80) uvm_test_top.env.virtual_sequencer [uvm_test_top.env.virtual_sequencer.hmac_smoke_vseq] starting seq 20/22, message size 1024 bits, hmac=1, sha=1
UVM_INFO @ 359807740 ps: (hmac_smoke_vseq.sv:82) uvm_test_top.env.virtual_sequencer [uvm_test_top.env.virtual_sequencer.hmac_smoke_vseq] digest size=SHA2_512, key length=384
UVM_INFO @ 359807740 ps: (hmac_smoke_vseq.sv:85) uvm_test_top.env.virtual_sequencer [uvm_test_top.env.virtual_sequencer.hmac_smoke_vseq] intr_fifo_empty/hmac_done/hmac_err=111, endian/digest/key_swap=011
UVM_INFO @ 359807740 ps: (hmac_smoke_vseq.sv:86) uvm_test_top.env.virtual_sequencer [uvm_test_top.env.virtual_sequencer.hmac_smoke_vseq] wipe secret condition is: NoWipeSecret
UVM_INFO @ 359974412 ps: (hmac_base_vseq.sv:123) uvm_test_top.env.virtual_sequencer [uvm_test_top.env.virtual_sequencer.hmac_smoke_vseq] invalid config: 0
UVM_INFO @ 359974412 ps: (hmac_base_vseq.sv:213) uvm_test_top.env.virtual_sequencer [uvm_test_top.env.virtual_sequencer.hmac_smoke_vseq] wiping secret untriggered
UVM_INFO @ 363589111 ps: (hmac_base_vseq.sv:213) uvm_test_top.env.virtual_sequencer [uvm_test_top.env.virtual_sequencer.hmac_smoke_vseq] wiping secret untriggered
UVM_INFO @ 364964155 ps: (hmac_base_vseq.sv:161) uvm_test_top.env.virtual_sequencer [uvm_test_top.env.virtual_sequencer.hmac_smoke_vseq] triggering hash to start
UVM_INFO @ 365026657 ps: (hmac_scoreboard.sv:126) uvm_test_top.env.scoreboard [uvm_test_top.env.scoreboard] invalid config at starting: 0
UVM_INFO @ 365037074 ps: (hmac_base_vseq.sv:295) uvm_test_top.env.virtual_sequencer [uvm_test_top.env.virtual_sequencer.hmac_smoke_vseq] wr_addr = 13c5, wr_mask = 1111, words = 0x12332dde
UVM_INFO @ 365349584 ps: (hmac_base_vseq.sv:295) uvm_test_top.env.virtual_sequencer [uvm_test_top.env.virtual_sequencer.hmac_smoke_vseq] wr_addr = 1398, wr_mask = 1110, words = 0xa87bd56f
UVM_INFO @ 365391252 ps: (hmac_base_vseq.sv:295) uvm_test_top.env.virtual_sequencer [uvm_test_top.env.virtual_sequencer.hmac_smoke_vseq] wr_addr = 13aa, wr_mask = 0111, words = 0x8fcc1f1b
UVM_INFO @ 365641260 ps: (hmac_base_vseq.sv:295) uvm_test_top.env.virtual_sequencer [uvm_test_top.env.virtual_sequencer.hmac_smoke_vseq] wr_addr = 1244, wr_mask = 0001, words = 0xf2eda0bf
UVM_INFO @ 365755847 ps: (hmac_base_vseq.sv:295) uvm_test_top.env.virtual_sequencer [uvm_test_top.env.virtual_sequencer.hmac_smoke_vseq] wr_addr = 139b, wr_mask = 1110, words = 0x9ab59964
UVM_INFO @ 366037106 ps: (hmac_base_vseq.sv:295) uvm_test_top.env.virtual_sequencer [uvm_test_top.env.virtual_sequencer.hmac_smoke_vseq] wr_addr = 13c6, wr_mask = 1111, words = 0xa5114d3c
UVM_INFO @ 366245446 ps: (hmac_base_vseq.sv:295) uvm_test_top.env.virtual_sequencer [uvm_test_top.env.virtual_sequencer.hmac_smoke_vseq] wr_addr = 12dd, wr_mask = 0010, words = 0xc9469ccb
UVM_INFO @ 366599624 ps: (hmac_base_vseq.sv:295) uvm_test_top.env.virtual_sequencer [uvm_test_top.env.virtual_sequencer.hmac_smoke_vseq] wr_addr = 158d, wr_mask = 1111, words = 0xa26bb7eb
UVM_INFO @ 366620458 ps: (hmac_base_vseq.sv:295) uvm_test_top.env.virtual_sequencer [uvm_test_top.env.virtual_sequencer.hmac_smoke_vseq] wr_addr = 102f, wr_mask = 0100, words = 0xee02a327
UVM_INFO @ 366901717 ps: (hmac_base_vseq.sv:295) uvm_test_top.env.virtual_sequencer [uvm_test_top.env.virtual_sequencer.hmac_smoke_vseq] wr_addr = 167f, wr_mask = 1111, words = 0xffff203a
UVM_INFO @ 367391316 ps: (hmac_base_vseq.sv:295) uvm_test_top.env.virtual_sequencer [uvm_test_top.env.virtual_sequencer.hmac_smoke_vseq] wr_addr = 1545, wr_mask = 1111, words = 0x5cae34c8
UVM_INFO @ 367860081 ps: (hmac_base_vseq.sv:295) uvm_test_top.env.virtual_sequencer [uvm_test_top.env.virtual_sequencer.hmac_smoke_vseq] wr_addr = 1704, wr_mask = 1111, words = 0x25d2361e
UVM_INFO @ 368287178 ps: (hmac_base_vseq.sv:295) uvm_test_top.env.virtual_sequencer [uvm_test_top.env.virtual_sequencer.hmac_smoke_vseq] wr_addr = 1568, wr_mask = 1100, words = 0xfc573fe1
UVM_INFO @ 368578854 ps: (hmac_base_vseq.sv:295) uvm_test_top.env.virtual_sequencer [uvm_test_top.env.virtual_sequencer.hmac_smoke_vseq] wr_addr = 16cf, wr_mask = 1000, words = 0x9a0476e9
UVM_INFO @ 368891364 ps: (hmac_base_vseq.sv:295) uvm_test_top.env.virtual_sequencer [uvm_test_top.env.virtual_sequencer.hmac_smoke_vseq] wr_addr = 1121, wr_mask = 1111, words = 0xc9eeab7f
UVM_INFO @ 368933032 ps: (hmac_base_vseq.sv:295) uvm_test_top.env.virtual_sequencer [uvm_test_top.env.virtual_sequencer.hmac_smoke_vseq] wr_addr = 1077, wr_mask = 1100, words = 0xa519ab92
UVM_INFO @ 369245542 ps: (hmac_base_vseq.sv:295) uvm_test_top.env.virtual_sequencer [uvm_test_top.env.virtual_sequencer.hmac_smoke_vseq] wr_addr = 1728, wr_mask = 1111, words = 0x86a734a7
UVM_INFO @ 369599720 ps: (hmac_base_vseq.sv:295) uvm_test_top.env.virtual_sequencer [uvm_test_top.env.virtual_sequencer.hmac_smoke_vseq] wr_addr = 1068, wr_mask = 1100, words = 0xb695be4c
UVM_INFO @ 369714307 ps: (hmac_base_vseq.sv:295) uvm_test_top.env.virtual_sequencer [uvm_test_top.env.virtual_sequencer.hmac_smoke_vseq] wr_addr = 139d, wr_mask = 1111, words = 0x70e23ae
UVM_INFO @ 370172655 ps: (hmac_base_vseq.sv:295) uvm_test_top.env.virtual_sequencer [uvm_test_top.env.virtual_sequencer.hmac_smoke_vseq] wr_addr = 157b, wr_mask = 1111, words = 0xbe1f5312
UVM_INFO @ 370422663 ps: (hmac_base_vseq.sv:295) uvm_test_top.env.virtual_sequencer [uvm_test_top.env.virtual_sequencer.hmac_smoke_vseq] wr_addr = 164c, wr_mask = 1100, words = 0x4d38d045
UVM_INFO @ 370703922 ps: (hmac_base_vseq.sv:295) uvm_test_top.env.virtual_sequencer [uvm_test_top.env.virtual_sequencer.hmac_smoke_vseq] wr_addr = 15a3, wr_mask = 1111, words = 0xb90c0fb9
UVM_INFO @ 370776841 ps: (hmac_base_vseq.sv:295) uvm_test_top.env.virtual_sequencer [uvm_test_top.env.virtual_sequencer.hmac_smoke_vseq] wr_addr = 1367, wr_mask = 0011, words = 0x81061709
UVM_INFO @ 371235189 ps: (hmac_base_vseq.sv:295) uvm_test_top.env.virtual_sequencer [uvm_test_top.env.virtual_sequencer.hmac_smoke_vseq] wr_addr = 1683, wr_mask = 1111, words = 0xb804e661
UVM_INFO @ 371818541 ps: (hmac_base_vseq.sv:295) uvm_test_top.env.virtual_sequencer [uvm_test_top.env.virtual_sequencer.hmac_smoke_vseq] wr_addr = 1261, wr_mask = 0011, words = 0x97badf7f
UVM_INFO @ 372235221 ps: (hmac_base_vseq.sv:295) uvm_test_top.env.virtual_sequencer [uvm_test_top.env.virtual_sequencer.hmac_smoke_vseq] wr_addr = 1733, wr_mask = 0100, words = 0xfeb18267
UVM_INFO @ 372422727 ps: (hmac_base_vseq.sv:295) uvm_test_top.env.virtual_sequencer [uvm_test_top.env.virtual_sequencer.hmac_smoke_vseq] wr_addr = 12c1, wr_mask = 1100, words = 0x776295e
UVM_INFO @ 372693569 ps: (hmac_base_vseq.sv:295) uvm_test_top.env.virtual_sequencer [uvm_test_top.env.virtual_sequencer.hmac_smoke_vseq] wr_addr = 1504, wr_mask = 1111, words = 0x65709158
UVM_INFO @ 373068581 ps: (hmac_base_vseq.sv:295) uvm_test_top.env.virtual_sequencer [uvm_test_top.env.virtual_sequencer.hmac_smoke_vseq] wr_addr = 13cd, wr_mask = 1100, words = 0xda0b9056
UVM_INFO @ 373422759 ps: (hmac_base_vseq.sv:295) uvm_test_top.env.virtual_sequencer [uvm_test_top.env.virtual_sequencer.hmac_smoke_vseq] wr_addr = 147e, wr_mask = 1111, words = 0xe6a2c16
UVM_INFO @ 373672767 ps: (hmac_base_vseq.sv:295) uvm_test_top.env.virtual_sequencer [uvm_test_top.env.virtual_sequencer.hmac_smoke_vseq] wr_addr = 1180, wr_mask = 1111, words = 0x77428c92
UVM_INFO @ 373766520 ps: (hmac_base_vseq.sv:295) uvm_test_top.env.virtual_sequencer [uvm_test_top.env.virtual_sequencer.hmac_smoke_vseq] wr_addr = 16b2, wr_mask = 0011, words = 0x376972d0
UVM_INFO @ 374037362 ps: (hmac_base_vseq.sv:295) uvm_test_top.env.virtual_sequencer [uvm_test_top.env.virtual_sequencer.hmac_smoke_vseq] wr_addr = 14fb, wr_mask = 1111, words = 0xb17af516
UVM_INFO @ 374266536 ps: (hmac_base_vseq.sv:295) uvm_test_top.env.virtual_sequencer [uvm_test_top.env.virtual_sequencer.hmac_smoke_vseq] wr_addr = 1664, wr_mask = 1111, words = 0xacafc5e
UVM_INFO @ 374391540 ps: (hmac_base_vseq.sv:295) uvm_test_top.env.virtual_sequencer [uvm_test_top.env.virtual_sequencer.hmac_smoke_vseq] wr_addr = 101f, wr_mask = 1000, words = 0x8c65ddf0
UVM_INFO @ 374756135 ps: (hmac_base_vseq.sv:295) uvm_test_top.env.virtual_sequencer [uvm_test_top.env.virtual_sequencer.hmac_smoke_vseq] wr_addr = 1597, wr_mask = 1100, words = 0x5a3ea3ee
UVM_INFO @ 374849888 ps: (hmac_base_vseq.sv:295) uvm_test_top.env.virtual_sequencer [uvm_test_top.env.virtual_sequencer.hmac_smoke_vseq] wr_addr = 12f7, wr_mask = 0111, words = 0x71a66d5a
UVM_INFO @ 375433240 ps: (hmac_base_vseq.sv:295) uvm_test_top.env.virtual_sequencer [uvm_test_top.env.virtual_sequencer.hmac_smoke_vseq] wr_addr = 1111, wr_mask = 1111, words = 0x5c638268
UVM_INFO @ 375787418 ps: (hmac_base_vseq.sv:295) uvm_test_top.env.virtual_sequencer [uvm_test_top.env.virtual_sequencer.hmac_smoke_vseq] wr_addr = 1734, wr_mask = 1111, words = 0x6eca4a27
UVM_INFO @ 376068677 ps: (hmac_base_vseq.sv:295) uvm_test_top.env.virtual_sequencer [uvm_test_top.env.virtual_sequencer.hmac_smoke_vseq] wr_addr = 1321, wr_mask = 1111, words = 0xa65e1d5d
UVM_INFO @ 376141596 ps: (hmac_base_vseq.sv:295) uvm_test_top.env.virtual_sequencer [uvm_test_top.env.virtual_sequencer.hmac_smoke_vseq] wr_addr = 14b1, wr_mask = 1111, words = 0xc24f1e4c
UVM_INFO @ 376412438 ps: (hmac_base_vseq.sv:295) uvm_test_top.env.virtual_sequencer [uvm_test_top.env.virtual_sequencer.hmac_smoke_vseq] wr_addr = 14c2, wr_mask = 1111, words = 0xb81f0a64
UVM_INFO @ 376797867 ps: (hmac_base_vseq.sv:295) uvm_test_top.env.virtual_sequencer [uvm_test_top.env.virtual_sequencer.hmac_smoke_vseq] wr_addr = 166e, wr_mask = 1000, words = 0x56c2888
UVM_INFO @ 377068709 ps: (hmac_base_vseq.sv:295) uvm_test_top.env.virtual_sequencer [uvm_test_top.env.virtual_sequencer.hmac_smoke_vseq] wr_addr = 15bc, wr_mask = 1000, words = 0x24260440
UVM_INFO @ 377402053 ps: (hmac_smoke_vseq.sv:179) uvm_test_top.env.virtual_sequencer [uvm_test_top.env.virtual_sequencer.hmac_smoke_vseq] triggering process because msg stream is finished
UVM_INFO @ 377402053 ps: (hmac_base_vseq.sv:194) uvm_test_top.env.virtual_sequencer [uvm_test_top.env.virtual_sequencer.hmac_smoke_vseq] triggering hash to process
UVM_INFO @ 377454138 ps: (hmac_scoreboard.sv:126) uvm_test_top.env.scoreboard [uvm_test_top.env.scoreboard] invalid config at starting: 0
UVM_INFO @ 377454138 ps: (hmac_scoreboard.sv:767) uvm_test_top.env.scoreboard [uvm_test_top.env.scoreboard] Computing digest prediction
bounds [47:0]
bounds [127:0]
UVM_INFO @ 377454138 ps: (hmac_scoreboard.sv:809) uvm_test_top.env.scoreboard [uvm_test_top.env.scoreboard] HMAC of key=3159368569 (key_swap=00000000000000000000000000000001), msg_i='{222, 45, 51, 18, 213, 123, 168, 27, 31, 204, 191, 153, 181, 154, 60, 77, 17, 165, 156, 235, 183, 107, 162, 2, 58, 32, 255, 255, 200, 52, 174, 92, 30, 54, 210, 37, 87, 252, 154, 127, 171, 238, 201, 25, 165, 167, 52, 167, 134, 149, 182, 174, 35, 14, 7, 18, 83, 31, 190, 56, 77, 185, 15, 12, 185, 9, 23, 97, 230, 4, 184, 127, 223, 177, 118, 7, 88, 145, 112, 101, 11, 218, 22, 44, 106, 14, 146, 140, 66, 119, 208, 114, 22, 245, 122, 177, 94, 252, 202, 10, 140, 62, 90, 90, 109, 166, 104, 130, 99, 92, 39, 74, 202, 110, 93, 29, 94, 166, 76, 30, 79, 194, 100, 10, 31, 184, 5, 36}: 1656968462
UVM_INFO @ 381777193 ps: (hmac_smoke_vseq.sv:235) uvm_test_top.env.virtual_sequencer [uvm_test_top.env.virtual_sequencer.hmac_smoke_vseq] reading digest
UVM_INFO @ 382818893 ps: (hmac_smoke_vseq.sv:80) uvm_test_top.env.virtual_sequencer [uvm_test_top.env.virtual_sequencer.hmac_smoke_vseq] starting seq 21/22, message size 520 bits, hmac=0, sha=1
UVM_INFO @ 382818893 ps: (hmac_smoke_vseq.sv:82) uvm_test_top.env.virtual_sequencer [uvm_test_top.env.virtual_sequencer.hmac_smoke_vseq] digest size=SHA2_512, key length=512
UVM_INFO @ 382818893 ps: (hmac_smoke_vseq.sv:85) uvm_test_top.env.virtual_sequencer [uvm_test_top.env.virtual_sequencer.hmac_smoke_vseq] intr_fifo_empty/hmac_done/hmac_err=111, endian/digest/key_swap=001
UVM_INFO @ 382818893 ps: (hmac_smoke_vseq.sv:86) uvm_test_top.env.virtual_sequencer [uvm_test_top.env.virtual_sequencer.hmac_smoke_vseq] wipe secret condition is: NoWipeSecret
UVM_INFO @ 383068901 ps: (hmac_base_vseq.sv:123) uvm_test_top.env.virtual_sequencer [uvm_test_top.env.virtual_sequencer.hmac_smoke_vseq] invalid config: 0
UVM_INFO @ 383068901 ps: (hmac_base_vseq.sv:213) uvm_test_top.env.virtual_sequencer [uvm_test_top.env.virtual_sequencer.hmac_smoke_vseq] wiping secret untriggered
UVM_INFO @ 386412758 ps: (hmac_base_vseq.sv:213) uvm_test_top.env.virtual_sequencer [uvm_test_top.env.virtual_sequencer.hmac_smoke_vseq] wiping secret untriggered
UVM_INFO @ 386412758 ps: (hmac_base_vseq.sv:161) uvm_test_top.env.virtual_sequencer [uvm_test_top.env.virtual_sequencer.hmac_smoke_vseq] triggering hash to start
UVM_INFO @ 386444009 ps: (hmac_scoreboard.sv:126) uvm_test_top.env.scoreboard [uvm_test_top.env.scoreboard] invalid config at starting: 0
UVM_INFO @ 386454426 ps: (hmac_base_vseq.sv:295) uvm_test_top.env.virtual_sequencer [uvm_test_top.env.virtual_sequencer.hmac_smoke_vseq] wr_addr = 1547, wr_mask = 1111, words = 0x91356167
UVM_INFO @ 387037778 ps: (hmac_base_vseq.sv:295) uvm_test_top.env.virtual_sequencer [uvm_test_top.env.virtual_sequencer.hmac_smoke_vseq] wr_addr = 13e7, wr_mask = 1111, words = 0x414d94a1
UVM_INFO @ 387548211 ps: (hmac_base_vseq.sv:295) uvm_test_top.env.virtual_sequencer [uvm_test_top.env.virtual_sequencer.hmac_smoke_vseq] wr_addr = 10f2, wr_mask = 0111, words = 0x36eb63e7
UVM_INFO @ 387860721 ps: (hmac_base_vseq.sv:295) uvm_test_top.env.virtual_sequencer [uvm_test_top.env.virtual_sequencer.hmac_smoke_vseq] wr_addr = 146d, wr_mask = 1111, words = 0xf462417c
UVM_INFO @ 388235733 ps: (hmac_base_vseq.sv:295) uvm_test_top.env.virtual_sequencer [uvm_test_top.env.virtual_sequencer.hmac_smoke_vseq] wr_addr = 1326, wr_mask = 1111, words = 0xfff632a0
UVM_INFO @ 388631579 ps: (hmac_base_vseq.sv:295) uvm_test_top.env.virtual_sequencer [uvm_test_top.env.virtual_sequencer.hmac_smoke_vseq] wr_addr = 156d, wr_mask = 1111, words = 0x75481b6
UVM_INFO @ 388944089 ps: (hmac_base_vseq.sv:295) uvm_test_top.env.virtual_sequencer [uvm_test_top.env.virtual_sequencer.hmac_smoke_vseq] wr_addr = 15ad, wr_mask = 1111, words = 0xc53ada65
UVM_INFO @ 389027425 ps: (hmac_base_vseq.sv:295) uvm_test_top.env.virtual_sequencer [uvm_test_top.env.virtual_sequencer.hmac_smoke_vseq] wr_addr = 1643, wr_mask = 0110, words = 0x4a2a41e3
UVM_INFO @ 389402437 ps: (hmac_base_vseq.sv:295) uvm_test_top.env.virtual_sequencer [uvm_test_top.env.virtual_sequencer.hmac_smoke_vseq] wr_addr = 1310, wr_mask = 0111, words = 0xd97932f4
UVM_INFO @ 390048291 ps: (hmac_base_vseq.sv:295) uvm_test_top.env.virtual_sequencer [uvm_test_top.env.virtual_sequencer.hmac_smoke_vseq] wr_addr = 11d5, wr_mask = 1111, words = 0xd00f768
UVM_INFO @ 390319133 ps: (hmac_base_vseq.sv:295) uvm_test_top.env.virtual_sequencer [uvm_test_top.env.virtual_sequencer.hmac_smoke_vseq] wr_addr = 1571, wr_mask = 1111, words = 0x26599845
UVM_INFO @ 390839983 ps: (hmac_base_vseq.sv:295) uvm_test_top.env.virtual_sequencer [uvm_test_top.env.virtual_sequencer.hmac_smoke_vseq] wr_addr = 1348, wr_mask = 1111, words = 0xcf834cc2
UVM_INFO @ 390954570 ps: (hmac_base_vseq.sv:295) uvm_test_top.env.virtual_sequencer [uvm_test_top.env.virtual_sequencer.hmac_smoke_vseq] wr_addr = 1009, wr_mask = 0111, words = 0x222568fa
UVM_INFO @ 391308748 ps: (hmac_base_vseq.sv:295) uvm_test_top.env.virtual_sequencer [uvm_test_top.env.virtual_sequencer.hmac_smoke_vseq] wr_addr = 100d, wr_mask = 1111, words = 0xb28640e2
UVM_INFO @ 391933768 ps: (hmac_base_vseq.sv:295) uvm_test_top.env.virtual_sequencer [uvm_test_top.env.virtual_sequencer.hmac_smoke_vseq] wr_addr = 1251, wr_mask = 0111, words = 0x7d9b76ba
UVM_INFO @ 392235861 ps: (hmac_base_vseq.sv:295) uvm_test_top.env.virtual_sequencer [uvm_test_top.env.virtual_sequencer.hmac_smoke_vseq] wr_addr = 117f, wr_mask = 0110, words = 0xf4e985bc
UVM_INFO @ 392485869 ps: (hmac_base_vseq.sv:295) uvm_test_top.env.virtual_sequencer [uvm_test_top.env.virtual_sequencer.hmac_smoke_vseq] wr_addr = 1671, wr_mask = 1110, words = 0x9ad4e2e7
UVM_INFO @ 393058804 ps: (hmac_base_vseq.sv:295) uvm_test_top.env.virtual_sequencer [uvm_test_top.env.virtual_sequencer.hmac_smoke_vseq] wr_addr = 15ee, wr_mask = 0010, words = 0xb8e8aaff
UVM_INFO @ 393100472 ps: (hmac_base_vseq.sv:295) uvm_test_top.env.virtual_sequencer [uvm_test_top.env.virtual_sequencer.hmac_smoke_vseq] wr_addr = 15b2, wr_mask = 1110, words = 0x817ee3e1
UVM_INFO @ 393340063 ps: (hmac_base_vseq.sv:295) uvm_test_top.env.virtual_sequencer [uvm_test_top.env.virtual_sequencer.hmac_smoke_vseq] wr_addr = 10ab, wr_mask = 0001, words = 0xe46e1434
UVM_INFO @ 393652573 ps: (hmac_base_vseq.sv:295) uvm_test_top.env.virtual_sequencer [uvm_test_top.env.virtual_sequencer.hmac_smoke_vseq] wr_addr = 11de, wr_mask = 0001, words = 0xd405fe7f
UVM_INFO @ 394329678 ps: (hmac_smoke_vseq.sv:179) uvm_test_top.env.virtual_sequencer [uvm_test_top.env.virtual_sequencer.hmac_smoke_vseq] triggering process because msg stream is finished
UVM_INFO @ 394329678 ps: (hmac_base_vseq.sv:194) uvm_test_top.env.virtual_sequencer [uvm_test_top.env.virtual_sequencer.hmac_smoke_vseq] triggering hash to process
UVM_INFO @ 394413014 ps: (hmac_scoreboard.sv:126) uvm_test_top.env.scoreboard [uvm_test_top.env.scoreboard] invalid config at starting: 0
UVM_INFO @ 394413014 ps: (hmac_scoreboard.sv:767) uvm_test_top.env.scoreboard [uvm_test_top.env.scoreboard] Computing digest prediction
bounds [64:0]
UVM_INFO @ 394413014 ps: (hmac_scoreboard.sv:819) uvm_test_top.env.scoreboard [uvm_test_top.env.scoreboard] SHA-2 digest of msg_i='{103, 97, 53, 145, 161, 148, 77, 65, 231, 99, 235, 124, 65, 98, 244, 160, 50, 246, 255, 182, 129, 84, 7, 101, 218, 58, 197, 65, 42, 244, 50, 121, 104, 247, 0, 13, 69, 152, 89, 38, 194, 76, 131, 207, 250, 104, 37, 226, 64, 134, 178, 186, 118, 155, 133, 233, 226, 212, 154, 170, 227, 126, 129, 52, 127}: 3247076443
UVM_INFO @ 397131851 ps: (hmac_smoke_vseq.sv:235) uvm_test_top.env.virtual_sequencer [uvm_test_top.env.virtual_sequencer.hmac_smoke_vseq] reading digest
UVM_INFO @ 398350640 ps: (hmac_smoke_vseq.sv:80) uvm_test_top.env.virtual_sequencer [uvm_test_top.env.virtual_sequencer.hmac_smoke_vseq] starting seq 22/22, message size 520 bits, hmac=1, sha=1
UVM_INFO @ 398350640 ps: (hmac_smoke_vseq.sv:82) uvm_test_top.env.virtual_sequencer [uvm_test_top.env.virtual_sequencer.hmac_smoke_vseq] digest size=SHA2_256, key length=384
UVM_INFO @ 398350640 ps: (hmac_smoke_vseq.sv:85) uvm_test_top.env.virtual_sequencer [uvm_test_top.env.virtual_sequencer.hmac_smoke_vseq] intr_fifo_empty/hmac_done/hmac_err=111, endian/digest/key_swap=100
UVM_INFO @ 398350640 ps: (hmac_smoke_vseq.sv:86) uvm_test_top.env.virtual_sequencer [uvm_test_top.env.virtual_sequencer.hmac_smoke_vseq] wipe secret condition is: NoWipeSecret
UVM_INFO @ 398621482 ps: (hmac_base_vseq.sv:123) uvm_test_top.env.virtual_sequencer [uvm_test_top.env.virtual_sequencer.hmac_smoke_vseq] invalid config: 0
UVM_INFO @ 398621482 ps: (hmac_base_vseq.sv:213) uvm_test_top.env.virtual_sequencer [uvm_test_top.env.virtual_sequencer.hmac_smoke_vseq] wiping secret untriggered
UVM_INFO @ 401882003 ps: (hmac_base_vseq.sv:213) uvm_test_top.env.virtual_sequencer [uvm_test_top.env.virtual_sequencer.hmac_smoke_vseq] wiping secret untriggered
UVM_INFO @ 401882003 ps: (hmac_base_vseq.sv:161) uvm_test_top.env.virtual_sequencer [uvm_test_top.env.virtual_sequencer.hmac_smoke_vseq] triggering hash to start
UVM_INFO @ 401944505 ps: (hmac_scoreboard.sv:126) uvm_test_top.env.scoreboard [uvm_test_top.env.scoreboard] invalid config at starting: 0
UVM_INFO @ 401954922 ps: (hmac_base_vseq.sv:295) uvm_test_top.env.virtual_sequencer [uvm_test_top.env.virtual_sequencer.hmac_smoke_vseq] wr_addr = 16cd, wr_mask = 1111, words = 0xb08b2bd8
UVM_INFO @ 402507023 ps: (hmac_base_vseq.sv:295) uvm_test_top.env.virtual_sequencer [uvm_test_top.env.virtual_sequencer.hmac_smoke_vseq] wr_addr = 134b, wr_mask = 1100, words = 0xabcc2f5c
UVM_INFO @ 402767448 ps: (hmac_base_vseq.sv:295) uvm_test_top.env.virtual_sequencer [uvm_test_top.env.virtual_sequencer.hmac_smoke_vseq] wr_addr = 12bf, wr_mask = 1100, words = 0xd9bf2db8
UVM_INFO @ 402809116 ps: (hmac_base_vseq.sv:295) uvm_test_top.env.virtual_sequencer [uvm_test_top.env.virtual_sequencer.hmac_smoke_vseq] wr_addr = 12e5, wr_mask = 1111, words = 0xaffb4e38
UVM_INFO @ 402923703 ps: (hmac_base_vseq.sv:295) uvm_test_top.env.virtual_sequencer [uvm_test_top.env.virtual_sequencer.hmac_smoke_vseq] wr_addr = 1599, wr_mask = 1111, words = 0x8e1adca4
UVM_INFO @ 403204962 ps: (hmac_base_vseq.sv:295) uvm_test_top.env.virtual_sequencer [uvm_test_top.env.virtual_sequencer.hmac_smoke_vseq] wr_addr = 1116, wr_mask = 1000, words = 0x13482513
UVM_INFO @ 403329966 ps: (hmac_base_vseq.sv:295) uvm_test_top.env.virtual_sequencer [uvm_test_top.env.virtual_sequencer.hmac_smoke_vseq] wr_addr = 162a, wr_mask = 0100, words = 0x3e9a44ed
UVM_INFO @ 403694561 ps: (hmac_base_vseq.sv:295) uvm_test_top.env.virtual_sequencer [uvm_test_top.env.virtual_sequencer.hmac_smoke_vseq] wr_addr = 13a7, wr_mask = 0100, words = 0xa09a723a
UVM_INFO @ 404132075 ps: (hmac_base_vseq.sv:295) uvm_test_top.env.virtual_sequencer [uvm_test_top.env.virtual_sequencer.hmac_smoke_vseq] wr_addr = 1662, wr_mask = 0110, words = 0xaf4fc99c
UVM_INFO @ 404215411 ps: (hmac_base_vseq.sv:295) uvm_test_top.env.virtual_sequencer [uvm_test_top.env.virtual_sequencer.hmac_smoke_vseq] wr_addr = 14a9, wr_mask = 1111, words = 0x2d4c0c44
UVM_INFO @ 404309164 ps: (hmac_base_vseq.sv:295) uvm_test_top.env.virtual_sequencer [uvm_test_top.env.virtual_sequencer.hmac_smoke_vseq] wr_addr = 10de, wr_mask = 0100, words = 0x7d3a4786
UVM_INFO @ 404663342 ps: (hmac_base_vseq.sv:295) uvm_test_top.env.virtual_sequencer [uvm_test_top.env.virtual_sequencer.hmac_smoke_vseq] wr_addr = 177d, wr_mask = 1111, words = 0xbb729c3e
UVM_INFO @ 404684176 ps: (hmac_base_vseq.sv:295) uvm_test_top.env.virtual_sequencer [uvm_test_top.env.virtual_sequencer.hmac_smoke_vseq] wr_addr = 156c, wr_mask = 1111, words = 0x9f8de573
UVM_INFO @ 404986269 ps: (hmac_base_vseq.sv:295) uvm_test_top.env.virtual_sequencer [uvm_test_top.env.virtual_sequencer.hmac_smoke_vseq] wr_addr = 1166, wr_mask = 1100, words = 0x4329a947
UVM_INFO @ 405069605 ps: (hmac_base_vseq.sv:295) uvm_test_top.env.virtual_sequencer [uvm_test_top.env.virtual_sequencer.hmac_smoke_vseq] wr_addr = 123c, wr_mask = 1111, words = 0xf50dc40b
UVM_INFO @ 405444617 ps: (hmac_base_vseq.sv:295) uvm_test_top.env.virtual_sequencer [uvm_test_top.env.virtual_sequencer.hmac_smoke_vseq] wr_addr = 1601, wr_mask = 1111, words = 0xfd4a47b7
UVM_INFO @ 405986301 ps: (hmac_base_vseq.sv:295) uvm_test_top.env.virtual_sequencer [uvm_test_top.env.virtual_sequencer.hmac_smoke_vseq] wr_addr = 13fb, wr_mask = 1111, words = 0x19bfcd66
UVM_INFO @ 406361313 ps: (hmac_base_vseq.sv:295) uvm_test_top.env.virtual_sequencer [uvm_test_top.env.virtual_sequencer.hmac_smoke_vseq] wr_addr = 1056, wr_mask = 0110, words = 0x8bc56fbd
UVM_INFO @ 406475900 ps: (hmac_base_vseq.sv:295) uvm_test_top.env.virtual_sequencer [uvm_test_top.env.virtual_sequencer.hmac_smoke_vseq] wr_addr = 1381, wr_mask = 0001, words = 0xf8b5a2e2
UVM_INFO @ 407100920 ps: (hmac_base_vseq.sv:295) uvm_test_top.env.virtual_sequencer [uvm_test_top.env.virtual_sequencer.hmac_smoke_vseq] wr_addr = 122c, wr_mask = 0011, words = 0x26e57005
UVM_INFO @ 407444681 ps: (hmac_base_vseq.sv:295) uvm_test_top.env.virtual_sequencer [uvm_test_top.env.virtual_sequencer.hmac_smoke_vseq] wr_addr = 1285, wr_mask = 1111, words = 0x3b6b008
UVM_INFO @ 407798859 ps: (hmac_base_vseq.sv:295) uvm_test_top.env.virtual_sequencer [uvm_test_top.env.virtual_sequencer.hmac_smoke_vseq] wr_addr = 1569, wr_mask = 1111, words = 0xf4033e88
UVM_INFO @ 407850944 ps: (hmac_base_vseq.sv:295) uvm_test_top.env.virtual_sequencer [uvm_test_top.env.virtual_sequencer.hmac_smoke_vseq] wr_addr = 14db, wr_mask = 1111, words = 0x2756af02
UVM_INFO @ 408663470 ps: (hmac_smoke_vseq.sv:179) uvm_test_top.env.virtual_sequencer [uvm_test_top.env.virtual_sequencer.hmac_smoke_vseq] triggering process because msg stream is finished
UVM_INFO @ 408663470 ps: (hmac_base_vseq.sv:194) uvm_test_top.env.virtual_sequencer [uvm_test_top.env.virtual_sequencer.hmac_smoke_vseq] triggering hash to process
UVM_INFO @ 408778057 ps: (hmac_scoreboard.sv:126) uvm_test_top.env.scoreboard [uvm_test_top.env.scoreboard] invalid config at starting: 0
UVM_INFO @ 408778057 ps: (hmac_scoreboard.sv:767) uvm_test_top.env.scoreboard [uvm_test_top.env.scoreboard] Computing digest prediction
bounds [47:0]
bounds [64:0]
UVM_INFO @ 408778057 ps: (hmac_scoreboard.sv:809) uvm_test_top.env.scoreboard [uvm_test_top.env.scoreboard] HMAC of key=4226686454 (key_swap=00000000000000000000000000000000), msg_i='{176, 139, 43, 216, 171, 204, 217, 191, 175, 251, 78, 56, 142, 26, 220, 164, 19, 154, 154, 79, 201, 45, 76, 12, 68, 58, 187, 114, 156, 62, 159, 141, 229, 115, 67, 41, 245, 13, 196, 11, 253, 74, 71, 183, 25, 191, 205, 102, 197, 111, 226, 112, 5, 3, 182, 176, 8, 244, 3, 62, 136, 39, 86, 175, 2}: 2554379207
UVM_INFO @ 411611481 ps: (hmac_smoke_vseq.sv:235) uvm_test_top.env.virtual_sequencer [uvm_test_top.env.virtual_sequencer.hmac_smoke_vseq] reading digest
UVM_INFO @ 426143036 ps: (uvm_report_catcher.svh:705) [UVM/REPORT/CATCHER] 
--- UVM Report catcher Summary ---


Number of demoted UVM_FATAL reports  :    0
Number of demoted UVM_ERROR reports  :    0
Number of demoted UVM_WARNING reports:    0
Number of caught UVM_FATAL reports   :    0
Number of caught UVM_ERROR reports   :    0
Number of caught UVM_WARNING reports :    0

UVM_INFO @ 426143036 ps: (uvm_report_server.svh:847) [UVM/REPORT/SERVER] 
--- UVM Report Summary ---

Quit count :     0 of     1
** Report counts by severity
UVM_INFO : 1101
UVM_WARNING :    0
UVM_ERROR :    0
UVM_FATAL :    0
** Report counts by id
[RNTST]     1
[UVM/REPORT/CATCHER]     1
[uvm_test_top.env.scoreboard]    52
[uvm_test_top.env.virtual_sequencer.hmac_smoke_vseq]  1047


TEST PASSED CHECKS
 _____         _                                  _ _ 
|_   _|__  ___| |_   _ __   __ _ ___ ___  ___  __| | |
  | |/ _ \/ __| __| | '_ \ / _` / __/ __|/ _ \/ _` | |
  | |  __/\__ \ |_  | |_) | (_| \__ \__ \  __/ (_| |_|
  |_|\___||___/\__| | .__/ \__,_|___/___/\___|\__,_(_)
                    |_|                               

/Users/danielellerbrock/projects/iverilog_uvm/iverilog-uvm-campaign-20260908/third_party/uvm-releases/sources/1.2/uvm-1.2/src/base/uvm_root.svh:517: $finish called at 426143036 (1ps)
