OpenTitan UVM runtime
command: /private/tmp/current-tools/bin/vvp -n -d /private/tmp/pi/otp-cover-literal-offsets-no-cap/runtime/lowrisc_dv_otp_ctrl_sim_0.1/matrix-dpi.so /private/tmp/pi/otp-cover-literal-offsets-no-cap/runtime/lowrisc_dv_otp_ctrl_sim_0.1/matrix-runtime.vvp +UVM_NO_RELNOTES +UVM_VERBOSITY=UVM_LOW +cdc_instrumentation_enabled=1 +smoke_test=1 +UVM_TESTNAME=otp_ctrl_base_test +UVM_TEST_SEQ=otp_ctrl_smoke_vseq
returncode: 0
duration_seconds: 81.857

tb.dut.u_otp_ctrl_lfsr_timer.u_prim_double_lfsr.gen_double_lfsr[0].u_prim_lfsr.p_randomize_default_seed: DefaultSeed = 0x453d28ea98, DefaultSeedLocal = 0xbe5064b6a6
tb.dut.u_otp_ctrl_lfsr_timer.u_prim_double_lfsr.gen_double_lfsr[1].u_prim_lfsr.p_randomize_default_seed: DefaultSeed = 0x453d28ea98, DefaultSeedLocal = 0x453d28ea98
tb.dut.u_otp_ctrl_lfsr_timer.u_prim_double_lfsr.p_sync_lfsr_default_seed: Updated gen_double_lfsr[1].u_prim_lfsr.DefaultSeedLocal = 0xbe5064b6a6
UVM_INFO @ 0 ps: reporter [RNTST] Running test otp_ctrl_base_test...
1000 ps: (../src/lowrisc_dv_otp_ctrl_cov_0/otp_ctrl_cov_if.sv:105) [tb.dut.u_otp_ctrl_cov_if] Creating covergroup lc_esc_en_condition_cg
1000 ps: (../src/lowrisc_dv_otp_ctrl_cov_0/otp_ctrl_cov_if.sv:106) [tb.dut.u_otp_ctrl_cov_if] Creating covergroup flash_data_req_condition_cg
1000 ps: (../src/lowrisc_dv_otp_ctrl_cov_0/otp_ctrl_cov_if.sv:107) [tb.dut.u_otp_ctrl_cov_if] Creating covergroup flash_addr_req_condition_cg
1000 ps: (../src/lowrisc_dv_otp_ctrl_cov_0/otp_ctrl_cov_if.sv:108) [tb.dut.u_otp_ctrl_cov_if] Creating covergroup sram_0_req_condition_cg
1000 ps: (../src/lowrisc_dv_otp_ctrl_cov_0/otp_ctrl_cov_if.sv:109) [tb.dut.u_otp_ctrl_cov_if] Creating covergroup sram_1_req_condition_cg
1000 ps: (../src/lowrisc_dv_otp_ctrl_cov_0/otp_ctrl_cov_if.sv:110) [tb.dut.u_otp_ctrl_cov_if] Creating covergroup otbn_req_condition_cg
1000 ps: (../src/lowrisc_dv_otp_ctrl_cov_0/otp_ctrl_cov_if.sv:111) [tb.dut.u_otp_ctrl_cov_if] Creating covergroup lc_prog_req_condition_cg
UVM_INFO @   2391355 ps: (dv_base_reg.sv:329) [otp_ctrl_core_reg_block.direct_access_regwen] lock_lockable_flds          0 val
UVM_INFO @   3191356 ps: (mem_bkdr_util.sv:530) [mem_bkdr_util] Clear memory
UVM_INFO @   6031355 ps: (dv_base_reg.sv:329) [otp_ctrl_core_reg_block.direct_access_regwen] lock_lockable_flds          0 val
UVM_INFO @ 105871355 ps: (dv_base_reg.sv:329) [otp_ctrl_core_reg_block.direct_access_regwen] lock_lockable_flds          1 val
UVM_INFO @ 105911355 ps: (otp_ctrl_scoreboard.sv:570) uvm_test_top.env.scoreboard [uvm_test_top.env.scoreboard] sw state 1, reg state          1
UVM_INFO @ 105951355 ps: (otp_ctrl_scoreboard.sv:570) uvm_test_top.env.scoreboard [uvm_test_top.env.scoreboard] sw state 1, reg state          1
UVM_INFO @ 105951355 ps: (otp_ctrl_smoke_vseq.sv:124) uvm_test_top.env.virtual_sequencer [uvm_test_top.env.virtual_sequencer.otp_ctrl_smoke_vseq] starting seq 1/1
UVM_INFO @ 106031355 ps: (otp_ctrl_scoreboard.sv:570) uvm_test_top.env.scoreboard [uvm_test_top.env.scoreboard] sw state 1, reg state          1
UVM_INFO @ 106071355 ps: (otp_ctrl_scoreboard.sv:570) uvm_test_top.env.scoreboard [uvm_test_top.env.scoreboard] sw state 1, reg state          1
UVM_INFO @ 106111355 ps: (otp_ctrl_scoreboard.sv:570) uvm_test_top.env.scoreboard [uvm_test_top.env.scoreboard] sw state 1, reg state          1
UVM_INFO @ 106111355 ps: (dv_base_reg.sv:329) [otp_ctrl_core_reg_block.check_regwen] lock_lockable_flds          1 val
UVM_INFO @ 106151355 ps: (otp_ctrl_scoreboard.sv:570) uvm_test_top.env.scoreboard [uvm_test_top.env.scoreboard] sw state 1, reg state          1
UVM_INFO @ 106191355 ps: (otp_ctrl_scoreboard.sv:570) uvm_test_top.env.scoreboard [uvm_test_top.env.scoreboard] sw state 1, reg state          1
UVM_INFO @ 106191355 ps: (dv_base_reg.sv:329) [otp_ctrl_core_reg_block.check_trigger_regwen] lock_lockable_flds          1 val
UVM_INFO @ 106231355 ps: (otp_ctrl_scoreboard.sv:570) uvm_test_top.env.scoreboard [uvm_test_top.env.scoreboard] sw state 1, reg state          1
UVM_INFO @ 106271355 ps: (otp_ctrl_scoreboard.sv:570) uvm_test_top.env.scoreboard [uvm_test_top.env.scoreboard] sw state 1, reg state          1
UVM_INFO @ 106311355 ps: (otp_ctrl_scoreboard.sv:570) uvm_test_top.env.scoreboard [uvm_test_top.env.scoreboard] sw state 1, reg state          1
UVM_INFO @ 106351355 ps: (otp_ctrl_scoreboard.sv:570) uvm_test_top.env.scoreboard [uvm_test_top.env.scoreboard] sw state 1, reg state          1
UVM_INFO @ 106391355 ps: (otp_ctrl_scoreboard.sv:570) uvm_test_top.env.scoreboard [uvm_test_top.env.scoreboard] sw state 1, reg state          1
UVM_INFO @ 106431355 ps: (otp_ctrl_scoreboard.sv:570) uvm_test_top.env.scoreboard [uvm_test_top.env.scoreboard] sw state 1, reg state          1
UVM_INFO @ 106471355 ps: (otp_ctrl_scoreboard.sv:570) uvm_test_top.env.scoreboard [uvm_test_top.env.scoreboard] sw state 1, reg state          1
UVM_INFO @ 106511355 ps: (otp_ctrl_scoreboard.sv:570) uvm_test_top.env.scoreboard [uvm_test_top.env.scoreboard] sw state 1, reg state          1
UVM_INFO @ 106551355 ps: (otp_ctrl_scoreboard.sv:570) uvm_test_top.env.scoreboard [uvm_test_top.env.scoreboard] sw state 1, reg state          1
UVM_INFO @ 106591355 ps: (otp_ctrl_scoreboard.sv:570) uvm_test_top.env.scoreboard [uvm_test_top.env.scoreboard] sw state 1, reg state          1
UVM_INFO @ 106631355 ps: (otp_ctrl_scoreboard.sv:570) uvm_test_top.env.scoreboard [uvm_test_top.env.scoreboard] sw state 1, reg state          1
UVM_INFO @ 106671355 ps: (otp_ctrl_scoreboard.sv:570) uvm_test_top.env.scoreboard [uvm_test_top.env.scoreboard] sw state 1, reg state          1
UVM_INFO @ 106711355 ps: (otp_ctrl_scoreboard.sv:570) uvm_test_top.env.scoreboard [uvm_test_top.env.scoreboard] sw state 1, reg state          1
UVM_INFO @ 106751355 ps: (otp_ctrl_scoreboard.sv:570) uvm_test_top.env.scoreboard [uvm_test_top.env.scoreboard] sw state 1, reg state          1
UVM_INFO @ 106791355 ps: (otp_ctrl_scoreboard.sv:570) uvm_test_top.env.scoreboard [uvm_test_top.env.scoreboard] sw state 1, reg state          1
UVM_INFO @ 106831355 ps: (otp_ctrl_scoreboard.sv:570) uvm_test_top.env.scoreboard [uvm_test_top.env.scoreboard] sw state 1, reg state          1
UVM_INFO @ 106871355 ps: (otp_ctrl_scoreboard.sv:570) uvm_test_top.env.scoreboard [uvm_test_top.env.scoreboard] sw state 1, reg state          1
UVM_INFO @ 106911355 ps: (otp_ctrl_scoreboard.sv:570) uvm_test_top.env.scoreboard [uvm_test_top.env.scoreboard] sw state 1, reg state          1
UVM_INFO @ 106951355 ps: (otp_ctrl_scoreboard.sv:570) uvm_test_top.env.scoreboard [uvm_test_top.env.scoreboard] sw state 1, reg state          1
UVM_INFO @ 106991355 ps: (otp_ctrl_scoreboard.sv:570) uvm_test_top.env.scoreboard [uvm_test_top.env.scoreboard] sw state 1, reg state          1
UVM_INFO @ 107031355 ps: (otp_ctrl_scoreboard.sv:570) uvm_test_top.env.scoreboard [uvm_test_top.env.scoreboard] sw state 1, reg state          1
UVM_INFO @ 107071355 ps: (otp_ctrl_scoreboard.sv:570) uvm_test_top.env.scoreboard [uvm_test_top.env.scoreboard] sw state 1, reg state          1
UVM_INFO @ 107111355 ps: (otp_ctrl_scoreboard.sv:570) uvm_test_top.env.scoreboard [uvm_test_top.env.scoreboard] sw state 1, reg state          1
UVM_INFO @ 107151355 ps: (otp_ctrl_scoreboard.sv:570) uvm_test_top.env.scoreboard [uvm_test_top.env.scoreboard] sw state 1, reg state          1
UVM_INFO @ 107191355 ps: (otp_ctrl_scoreboard.sv:570) uvm_test_top.env.scoreboard [uvm_test_top.env.scoreboard] sw state 1, reg state          1
UVM_INFO @ 107231355 ps: (otp_ctrl_scoreboard.sv:570) uvm_test_top.env.scoreboard [uvm_test_top.env.scoreboard] sw state 1, reg state          1
UVM_INFO @ 107271355 ps: (otp_ctrl_scoreboard.sv:570) uvm_test_top.env.scoreboard [uvm_test_top.env.scoreboard] sw state 1, reg state          1
UVM_INFO @ 107311355 ps: (otp_ctrl_scoreboard.sv:570) uvm_test_top.env.scoreboard [uvm_test_top.env.scoreboard] sw state 1, reg state          1
UVM_INFO @ 107351355 ps: (otp_ctrl_scoreboard.sv:570) uvm_test_top.env.scoreboard [uvm_test_top.env.scoreboard] sw state 1, reg state          1
UVM_INFO @ 107391355 ps: (otp_ctrl_scoreboard.sv:570) uvm_test_top.env.scoreboard [uvm_test_top.env.scoreboard] sw state 1, reg state          1
UVM_INFO @ 107431355 ps: (otp_ctrl_scoreboard.sv:570) uvm_test_top.env.scoreboard [uvm_test_top.env.scoreboard] sw state 1, reg state          1
UVM_INFO @ 107471355 ps: (otp_ctrl_scoreboard.sv:570) uvm_test_top.env.scoreboard [uvm_test_top.env.scoreboard] sw state 1, reg state          1
UVM_INFO @ 107511355 ps: (otp_ctrl_scoreboard.sv:570) uvm_test_top.env.scoreboard [uvm_test_top.env.scoreboard] sw state 1, reg state          1
UVM_INFO @ 107551355 ps: (otp_ctrl_scoreboard.sv:570) uvm_test_top.env.scoreboard [uvm_test_top.env.scoreboard] sw state 1, reg state          1
UVM_INFO @ 107591355 ps: (otp_ctrl_scoreboard.sv:570) uvm_test_top.env.scoreboard [uvm_test_top.env.scoreboard] sw state 1, reg state          1
UVM_INFO @ 107631355 ps: (otp_ctrl_scoreboard.sv:570) uvm_test_top.env.scoreboard [uvm_test_top.env.scoreboard] sw state 1, reg state          1
UVM_INFO @ 107671355 ps: (otp_ctrl_scoreboard.sv:570) uvm_test_top.env.scoreboard [uvm_test_top.env.scoreboard] sw state 1, reg state          1
UVM_INFO @ 107711355 ps: (otp_ctrl_scoreboard.sv:570) uvm_test_top.env.scoreboard [uvm_test_top.env.scoreboard] sw state 1, reg state          1
UVM_INFO @ 107751355 ps: (otp_ctrl_scoreboard.sv:570) uvm_test_top.env.scoreboard [uvm_test_top.env.scoreboard] sw state 1, reg state          1
UVM_INFO @ 107791355 ps: (otp_ctrl_scoreboard.sv:570) uvm_test_top.env.scoreboard [uvm_test_top.env.scoreboard] sw state 1, reg state          1
UVM_INFO @ 107831355 ps: (otp_ctrl_scoreboard.sv:570) uvm_test_top.env.scoreboard [uvm_test_top.env.scoreboard] sw state 1, reg state          1
UVM_INFO @ 107871355 ps: (otp_ctrl_scoreboard.sv:570) uvm_test_top.env.scoreboard [uvm_test_top.env.scoreboard] sw state 1, reg state          1
UVM_INFO @ 107911355 ps: (otp_ctrl_scoreboard.sv:570) uvm_test_top.env.scoreboard [uvm_test_top.env.scoreboard] sw state 1, reg state          1
UVM_INFO @ 107951355 ps: (otp_ctrl_scoreboard.sv:570) uvm_test_top.env.scoreboard [uvm_test_top.env.scoreboard] sw state 1, reg state          1
UVM_INFO @ 107991355 ps: (otp_ctrl_scoreboard.sv:570) uvm_test_top.env.scoreboard [uvm_test_top.env.scoreboard] sw state 1, reg state          1
UVM_INFO @ 108031355 ps: (otp_ctrl_scoreboard.sv:570) uvm_test_top.env.scoreboard [uvm_test_top.env.scoreboard] sw state 1, reg state          1
UVM_INFO @ 108071355 ps: (otp_ctrl_scoreboard.sv:570) uvm_test_top.env.scoreboard [uvm_test_top.env.scoreboard] sw state 1, reg state          1
UVM_INFO @ 108111355 ps: (otp_ctrl_scoreboard.sv:570) uvm_test_top.env.scoreboard [uvm_test_top.env.scoreboard] sw state 1, reg state          1
UVM_INFO @ 108151355 ps: (otp_ctrl_scoreboard.sv:570) uvm_test_top.env.scoreboard [uvm_test_top.env.scoreboard] sw state 1, reg state          1
UVM_INFO @ 108191355 ps: (otp_ctrl_scoreboard.sv:570) uvm_test_top.env.scoreboard [uvm_test_top.env.scoreboard] sw state 1, reg state          1
UVM_INFO @ 108231355 ps: (otp_ctrl_scoreboard.sv:570) uvm_test_top.env.scoreboard [uvm_test_top.env.scoreboard] sw state 1, reg state          1
UVM_INFO @ 108271355 ps: (otp_ctrl_scoreboard.sv:570) uvm_test_top.env.scoreboard [uvm_test_top.env.scoreboard] sw state 1, reg state          1
UVM_INFO @ 108311355 ps: (otp_ctrl_scoreboard.sv:570) uvm_test_top.env.scoreboard [uvm_test_top.env.scoreboard] sw state 1, reg state          1
UVM_INFO @ 108351355 ps: (otp_ctrl_scoreboard.sv:570) uvm_test_top.env.scoreboard [uvm_test_top.env.scoreboard] sw state 1, reg state          1
UVM_INFO @ 108391355 ps: (otp_ctrl_scoreboard.sv:570) uvm_test_top.env.scoreboard [uvm_test_top.env.scoreboard] sw state 1, reg state          1
UVM_INFO @ 108431355 ps: (otp_ctrl_scoreboard.sv:570) uvm_test_top.env.scoreboard [uvm_test_top.env.scoreboard] sw state 1, reg state          1
UVM_INFO @ 108471355 ps: (otp_ctrl_scoreboard.sv:570) uvm_test_top.env.scoreboard [uvm_test_top.env.scoreboard] sw state 1, reg state          1
UVM_INFO @ 108511355 ps: (otp_ctrl_scoreboard.sv:570) uvm_test_top.env.scoreboard [uvm_test_top.env.scoreboard] sw state 1, reg state          1
UVM_INFO @ 108551355 ps: (otp_ctrl_scoreboard.sv:570) uvm_test_top.env.scoreboard [uvm_test_top.env.scoreboard] sw state 1, reg state          1
UVM_INFO @ 108591355 ps: (otp_ctrl_scoreboard.sv:570) uvm_test_top.env.scoreboard [uvm_test_top.env.scoreboard] sw state 1, reg state          1
UVM_INFO @ 108631355 ps: (otp_ctrl_scoreboard.sv:570) uvm_test_top.env.scoreboard [uvm_test_top.env.scoreboard] sw state 1, reg state          1
UVM_INFO @ 108671355 ps: (otp_ctrl_scoreboard.sv:570) uvm_test_top.env.scoreboard [uvm_test_top.env.scoreboard] sw state 1, reg state          1
UVM_INFO @ 108711355 ps: (otp_ctrl_scoreboard.sv:570) uvm_test_top.env.scoreboard [uvm_test_top.env.scoreboard] sw state 1, reg state          1
UVM_INFO @ 108751355 ps: (otp_ctrl_scoreboard.sv:570) uvm_test_top.env.scoreboard [uvm_test_top.env.scoreboard] sw state 1, reg state          1
UVM_INFO @ 108791355 ps: (otp_ctrl_scoreboard.sv:570) uvm_test_top.env.scoreboard [uvm_test_top.env.scoreboard] sw state 1, reg state          1
UVM_INFO @ 108831355 ps: (otp_ctrl_scoreboard.sv:570) uvm_test_top.env.scoreboard [uvm_test_top.env.scoreboard] sw state 1, reg state          1
UVM_INFO @ 108871355 ps: (otp_ctrl_scoreboard.sv:570) uvm_test_top.env.scoreboard [uvm_test_top.env.scoreboard] sw state 1, reg state          1
UVM_INFO @ 108911355 ps: (otp_ctrl_scoreboard.sv:570) uvm_test_top.env.scoreboard [uvm_test_top.env.scoreboard] sw state 1, reg state          1
UVM_INFO @ 108951355 ps: (otp_ctrl_scoreboard.sv:570) uvm_test_top.env.scoreboard [uvm_test_top.env.scoreboard] sw state 1, reg state          1
UVM_INFO @ 108991355 ps: (otp_ctrl_scoreboard.sv:570) uvm_test_top.env.scoreboard [uvm_test_top.env.scoreboard] sw state 1, reg state          1
UVM_INFO @ 109031355 ps: (otp_ctrl_scoreboard.sv:570) uvm_test_top.env.scoreboard [uvm_test_top.env.scoreboard] sw state 1, reg state          1
UVM_INFO @ 109071355 ps: (otp_ctrl_scoreboard.sv:570) uvm_test_top.env.scoreboard [uvm_test_top.env.scoreboard] sw state 1, reg state          1
UVM_INFO @ 109111355 ps: (otp_ctrl_scoreboard.sv:570) uvm_test_top.env.scoreboard [uvm_test_top.env.scoreboard] sw state 1, reg state          1
UVM_INFO @ 109151355 ps: (otp_ctrl_scoreboard.sv:570) uvm_test_top.env.scoreboard [uvm_test_top.env.scoreboard] sw state 1, reg state          1
UVM_INFO @ 109191355 ps: (otp_ctrl_scoreboard.sv:570) uvm_test_top.env.scoreboard [uvm_test_top.env.scoreboard] sw state 1, reg state          1
UVM_INFO @ 109231355 ps: (otp_ctrl_scoreboard.sv:570) uvm_test_top.env.scoreboard [uvm_test_top.env.scoreboard] sw state 1, reg state          1
UVM_INFO @ 109271355 ps: (otp_ctrl_scoreboard.sv:570) uvm_test_top.env.scoreboard [uvm_test_top.env.scoreboard] sw state 1, reg state          1
UVM_INFO @ 109311355 ps: (otp_ctrl_scoreboard.sv:570) uvm_test_top.env.scoreboard [uvm_test_top.env.scoreboard] sw state 1, reg state          1
UVM_INFO @ 109351355 ps: (otp_ctrl_scoreboard.sv:570) uvm_test_top.env.scoreboard [uvm_test_top.env.scoreboard] sw state 1, reg state          1
UVM_INFO @ 109391355 ps: (otp_ctrl_scoreboard.sv:570) uvm_test_top.env.scoreboard [uvm_test_top.env.scoreboard] sw state 1, reg state          1
UVM_INFO @ 109431355 ps: (otp_ctrl_scoreboard.sv:570) uvm_test_top.env.scoreboard [uvm_test_top.env.scoreboard] sw state 1, reg state          1
UVM_INFO @ 109471355 ps: (otp_ctrl_scoreboard.sv:570) uvm_test_top.env.scoreboard [uvm_test_top.env.scoreboard] sw state 1, reg state          1
UVM_INFO @ 109511355 ps: (otp_ctrl_scoreboard.sv:570) uvm_test_top.env.scoreboard [uvm_test_top.env.scoreboard] sw state 1, reg state          1
UVM_INFO @ 109551355 ps: (otp_ctrl_scoreboard.sv:570) uvm_test_top.env.scoreboard [uvm_test_top.env.scoreboard] sw state 1, reg state          1
UVM_INFO @ 109591355 ps: (otp_ctrl_scoreboard.sv:570) uvm_test_top.env.scoreboard [uvm_test_top.env.scoreboard] sw state 1, reg state          1
UVM_INFO @ 109631355 ps: (otp_ctrl_scoreboard.sv:570) uvm_test_top.env.scoreboard [uvm_test_top.env.scoreboard] sw state 1, reg state          1
UVM_INFO @ 109671355 ps: (otp_ctrl_scoreboard.sv:570) uvm_test_top.env.scoreboard [uvm_test_top.env.scoreboard] sw state 1, reg state          1
UVM_INFO @ 109711355 ps: (otp_ctrl_scoreboard.sv:570) uvm_test_top.env.scoreboard [uvm_test_top.env.scoreboard] sw state 1, reg state          1
UVM_INFO @ 109751355 ps: (otp_ctrl_scoreboard.sv:570) uvm_test_top.env.scoreboard [uvm_test_top.env.scoreboard] sw state 1, reg state          1
UVM_INFO @ 109791355 ps: (otp_ctrl_scoreboard.sv:570) uvm_test_top.env.scoreboard [uvm_test_top.env.scoreboard] sw state 1, reg state          1
UVM_INFO @ 109831355 ps: (otp_ctrl_scoreboard.sv:570) uvm_test_top.env.scoreboard [uvm_test_top.env.scoreboard] sw state 1, reg state          1
UVM_INFO @ 109871355 ps: (otp_ctrl_scoreboard.sv:570) uvm_test_top.env.scoreboard [uvm_test_top.env.scoreboard] sw state 1, reg state          1
UVM_INFO @ 109911355 ps: (otp_ctrl_scoreboard.sv:570) uvm_test_top.env.scoreboard [uvm_test_top.env.scoreboard] sw state 1, reg state          1
UVM_INFO @ 109951355 ps: (otp_ctrl_scoreboard.sv:570) uvm_test_top.env.scoreboard [uvm_test_top.env.scoreboard] sw state 1, reg state          1
UVM_INFO @ 109991355 ps: (otp_ctrl_scoreboard.sv:570) uvm_test_top.env.scoreboard [uvm_test_top.env.scoreboard] sw state 1, reg state          1
UVM_INFO @ 110031355 ps: (otp_ctrl_scoreboard.sv:570) uvm_test_top.env.scoreboard [uvm_test_top.env.scoreboard] sw state 1, reg state          1
UVM_INFO @ 110071355 ps: (otp_ctrl_scoreboard.sv:570) uvm_test_top.env.scoreboard [uvm_test_top.env.scoreboard] sw state 1, reg state          1
UVM_INFO @ 110111355 ps: (otp_ctrl_scoreboard.sv:570) uvm_test_top.env.scoreboard [uvm_test_top.env.scoreboard] sw state 1, reg state          1
UVM_INFO @ 110151355 ps: (otp_ctrl_scoreboard.sv:570) uvm_test_top.env.scoreboard [uvm_test_top.env.scoreboard] sw state 1, reg state          1
UVM_INFO @ 110191355 ps: (otp_ctrl_scoreboard.sv:570) uvm_test_top.env.scoreboard [uvm_test_top.env.scoreboard] sw state 1, reg state          1
UVM_INFO @ 110231355 ps: (otp_ctrl_scoreboard.sv:570) uvm_test_top.env.scoreboard [uvm_test_top.env.scoreboard] sw state 1, reg state          1
UVM_INFO @ 110271355 ps: (otp_ctrl_scoreboard.sv:570) uvm_test_top.env.scoreboard [uvm_test_top.env.scoreboard] sw state 1, reg state          1
UVM_INFO @ 110311355 ps: (otp_ctrl_scoreboard.sv:570) uvm_test_top.env.scoreboard [uvm_test_top.env.scoreboard] sw state 1, reg state          1
UVM_INFO @ 110351355 ps: (otp_ctrl_scoreboard.sv:570) uvm_test_top.env.scoreboard [uvm_test_top.env.scoreboard] sw state 1, reg state          1
UVM_INFO @ 110391355 ps: (otp_ctrl_scoreboard.sv:570) uvm_test_top.env.scoreboard [uvm_test_top.env.scoreboard] sw state 1, reg state          1
UVM_INFO @ 110431355 ps: (otp_ctrl_scoreboard.sv:570) uvm_test_top.env.scoreboard [uvm_test_top.env.scoreboard] sw state 1, reg state          1
UVM_INFO @ 110471355 ps: (otp_ctrl_scoreboard.sv:570) uvm_test_top.env.scoreboard [uvm_test_top.env.scoreboard] sw state 1, reg state          1
UVM_INFO @ 110511355 ps: (otp_ctrl_scoreboard.sv:570) uvm_test_top.env.scoreboard [uvm_test_top.env.scoreboard] sw state 1, reg state          1
UVM_INFO @ 110551355 ps: (otp_ctrl_scoreboard.sv:570) uvm_test_top.env.scoreboard [uvm_test_top.env.scoreboard] sw state 1, reg state          1
UVM_INFO @ 110591355 ps: (otp_ctrl_scoreboard.sv:570) uvm_test_top.env.scoreboard [uvm_test_top.env.scoreboard] sw state 1, reg state          1
UVM_INFO @ 110631355 ps: (otp_ctrl_scoreboard.sv:570) uvm_test_top.env.scoreboard [uvm_test_top.env.scoreboard] sw state 1, reg state          1
UVM_INFO @ 110671355 ps: (otp_ctrl_scoreboard.sv:570) uvm_test_top.env.scoreboard [uvm_test_top.env.scoreboard] sw state 1, reg state          1
UVM_INFO @ 110711355 ps: (otp_ctrl_scoreboard.sv:570) uvm_test_top.env.scoreboard [uvm_test_top.env.scoreboard] sw state 1, reg state          1
UVM_INFO @ 110751355 ps: (otp_ctrl_scoreboard.sv:570) uvm_test_top.env.scoreboard [uvm_test_top.env.scoreboard] sw state 1, reg state          1
UVM_INFO @ 110791355 ps: (otp_ctrl_scoreboard.sv:570) uvm_test_top.env.scoreboard [uvm_test_top.env.scoreboard] sw state 1, reg state          1
UVM_INFO @ 110831355 ps: (otp_ctrl_scoreboard.sv:570) uvm_test_top.env.scoreboard [uvm_test_top.env.scoreboard] sw state 1, reg state          1
UVM_INFO @ 110871355 ps: (otp_ctrl_scoreboard.sv:570) uvm_test_top.env.scoreboard [uvm_test_top.env.scoreboard] sw state 1, reg state          1
UVM_INFO @ 110911355 ps: (otp_ctrl_scoreboard.sv:570) uvm_test_top.env.scoreboard [uvm_test_top.env.scoreboard] sw state 1, reg state          1
UVM_INFO @ 110951355 ps: (otp_ctrl_scoreboard.sv:570) uvm_test_top.env.scoreboard [uvm_test_top.env.scoreboard] sw state 1, reg state          1
UVM_INFO @ 110991355 ps: (otp_ctrl_scoreboard.sv:570) uvm_test_top.env.scoreboard [uvm_test_top.env.scoreboard] sw state 1, reg state          1
UVM_INFO @ 111031355 ps: (otp_ctrl_scoreboard.sv:570) uvm_test_top.env.scoreboard [uvm_test_top.env.scoreboard] sw state 1, reg state          1
UVM_INFO @ 111071355 ps: (otp_ctrl_scoreboard.sv:570) uvm_test_top.env.scoreboard [uvm_test_top.env.scoreboard] sw state 1, reg state          1
UVM_INFO @ 111111355 ps: (otp_ctrl_scoreboard.sv:570) uvm_test_top.env.scoreboard [uvm_test_top.env.scoreboard] sw state 1, reg state          1
UVM_INFO @ 111151355 ps: (otp_ctrl_scoreboard.sv:570) uvm_test_top.env.scoreboard [uvm_test_top.env.scoreboard] sw state 1, reg state          1
UVM_INFO @ 111191355 ps: (otp_ctrl_scoreboard.sv:570) uvm_test_top.env.scoreboard [uvm_test_top.env.scoreboard] sw state 1, reg state          1
UVM_INFO @ 111231355 ps: (otp_ctrl_scoreboard.sv:570) uvm_test_top.env.scoreboard [uvm_test_top.env.scoreboard] sw state 1, reg state          1
UVM_INFO @ 111271355 ps: (otp_ctrl_scoreboard.sv:570) uvm_test_top.env.scoreboard [uvm_test_top.env.scoreboard] sw state 1, reg state          1
UVM_INFO @ 111311355 ps: (otp_ctrl_scoreboard.sv:570) uvm_test_top.env.scoreboard [uvm_test_top.env.scoreboard] sw state 1, reg state          1
UVM_INFO @ 111351355 ps: (otp_ctrl_scoreboard.sv:570) uvm_test_top.env.scoreboard [uvm_test_top.env.scoreboard] sw state 1, reg state          1
UVM_INFO @ 111391355 ps: (otp_ctrl_scoreboard.sv:570) uvm_test_top.env.scoreboard [uvm_test_top.env.scoreboard] sw state 1, reg state          1
UVM_INFO @ 111431355 ps: (otp_ctrl_scoreboard.sv:570) uvm_test_top.env.scoreboard [uvm_test_top.env.scoreboard] sw state 1, reg state          1
UVM_INFO @ 111471355 ps: (otp_ctrl_scoreboard.sv:570) uvm_test_top.env.scoreboard [uvm_test_top.env.scoreboard] sw state 1, reg state          1
UVM_INFO @ 111511355 ps: (otp_ctrl_scoreboard.sv:570) uvm_test_top.env.scoreboard [uvm_test_top.env.scoreboard] sw state 1, reg state          1
UVM_INFO @ 111551355 ps: (otp_ctrl_scoreboard.sv:570) uvm_test_top.env.scoreboard [uvm_test_top.env.scoreboard] sw state 1, reg state          1
UVM_INFO @ 111591355 ps: (otp_ctrl_scoreboard.sv:570) uvm_test_top.env.scoreboard [uvm_test_top.env.scoreboard] sw state 1, reg state          1
UVM_INFO @ 111631355 ps: (otp_ctrl_scoreboard.sv:570) uvm_test_top.env.scoreboard [uvm_test_top.env.scoreboard] sw state 1, reg state          1
UVM_INFO @ 111671355 ps: (otp_ctrl_scoreboard.sv:570) uvm_test_top.env.scoreboard [uvm_test_top.env.scoreboard] sw state 1, reg state          1
UVM_INFO @ 111711355 ps: (otp_ctrl_scoreboard.sv:570) uvm_test_top.env.scoreboard [uvm_test_top.env.scoreboard] sw state 1, reg state          1
UVM_INFO @ 111751355 ps: (otp_ctrl_scoreboard.sv:570) uvm_test_top.env.scoreboard [uvm_test_top.env.scoreboard] sw state 1, reg state          1
UVM_INFO @ 111791355 ps: (otp_ctrl_scoreboard.sv:570) uvm_test_top.env.scoreboard [uvm_test_top.env.scoreboard] sw state 1, reg state          1
UVM_INFO @ 111831355 ps: (otp_ctrl_scoreboard.sv:570) uvm_test_top.env.scoreboard [uvm_test_top.env.scoreboard] sw state 1, reg state          1
UVM_INFO @ 111871355 ps: (otp_ctrl_scoreboard.sv:570) uvm_test_top.env.scoreboard [uvm_test_top.env.scoreboard] sw state 1, reg state          1
UVM_INFO @ 111911355 ps: (otp_ctrl_scoreboard.sv:570) uvm_test_top.env.scoreboard [uvm_test_top.env.scoreboard] sw state 1, reg state          1
UVM_INFO @ 111951355 ps: (otp_ctrl_scoreboard.sv:570) uvm_test_top.env.scoreboard [uvm_test_top.env.scoreboard] sw state 1, reg state          1
UVM_INFO @ 111991355 ps: (otp_ctrl_scoreboard.sv:570) uvm_test_top.env.scoreboard [uvm_test_top.env.scoreboard] sw state 1, reg state          1
UVM_INFO @ 112031355 ps: (otp_ctrl_scoreboard.sv:570) uvm_test_top.env.scoreboard [uvm_test_top.env.scoreboard] sw state 1, reg state          1
UVM_INFO @ 112071355 ps: (otp_ctrl_scoreboard.sv:570) uvm_test_top.env.scoreboard [uvm_test_top.env.scoreboard] sw state 1, reg state          1
UVM_INFO @ 112111355 ps: (otp_ctrl_scoreboard.sv:570) uvm_test_top.env.scoreboard [uvm_test_top.env.scoreboard] sw state 1, reg state          1
UVM_INFO @ 112151355 ps: (otp_ctrl_scoreboard.sv:570) uvm_test_top.env.scoreboard [uvm_test_top.env.scoreboard] sw state 1, reg state          1
UVM_INFO @ 112191355 ps: (otp_ctrl_scoreboard.sv:570) uvm_test_top.env.scoreboard [uvm_test_top.env.scoreboard] sw state 1, reg state          1
UVM_INFO @ 112231355 ps: (otp_ctrl_scoreboard.sv:570) uvm_test_top.env.scoreboard [uvm_test_top.env.scoreboard] sw state 1, reg state          1
UVM_INFO @ 112271355 ps: (otp_ctrl_scoreboard.sv:570) uvm_test_top.env.scoreboard [uvm_test_top.env.scoreboard] sw state 1, reg state          1
UVM_INFO @ 112311355 ps: (otp_ctrl_scoreboard.sv:570) uvm_test_top.env.scoreboard [uvm_test_top.env.scoreboard] sw state 1, reg state          1
UVM_INFO @ 112351355 ps: (otp_ctrl_scoreboard.sv:570) uvm_test_top.env.scoreboard [uvm_test_top.env.scoreboard] sw state 1, reg state          1
UVM_INFO @ 112391355 ps: (otp_ctrl_scoreboard.sv:570) uvm_test_top.env.scoreboard [uvm_test_top.env.scoreboard] sw state 1, reg state          1
UVM_INFO @ 112431355 ps: (otp_ctrl_scoreboard.sv:570) uvm_test_top.env.scoreboard [uvm_test_top.env.scoreboard] sw state 1, reg state          1
UVM_INFO @ 112471355 ps: (otp_ctrl_scoreboard.sv:570) uvm_test_top.env.scoreboard [uvm_test_top.env.scoreboard] sw state 1, reg state          1
UVM_INFO @ 112511355 ps: (otp_ctrl_scoreboard.sv:570) uvm_test_top.env.scoreboard [uvm_test_top.env.scoreboard] sw state 1, reg state          1
UVM_INFO @ 112551355 ps: (otp_ctrl_scoreboard.sv:570) uvm_test_top.env.scoreboard [uvm_test_top.env.scoreboard] sw state 1, reg state          1
UVM_INFO @ 112591355 ps: (otp_ctrl_scoreboard.sv:570) uvm_test_top.env.scoreboard [uvm_test_top.env.scoreboard] sw state 1, reg state          1
UVM_INFO @ 112631355 ps: (otp_ctrl_scoreboard.sv:570) uvm_test_top.env.scoreboard [uvm_test_top.env.scoreboard] sw state 1, reg state          1
UVM_INFO @ 112671355 ps: (otp_ctrl_scoreboard.sv:570) uvm_test_top.env.scoreboard [uvm_test_top.env.scoreboard] sw state 1, reg state          1
UVM_INFO @ 112711355 ps: (otp_ctrl_scoreboard.sv:570) uvm_test_top.env.scoreboard [uvm_test_top.env.scoreboard] sw state 1, reg state          1
UVM_INFO @ 112751355 ps: (otp_ctrl_scoreboard.sv:570) uvm_test_top.env.scoreboard [uvm_test_top.env.scoreboard] sw state 1, reg state          1
UVM_INFO @ 112791355 ps: (otp_ctrl_scoreboard.sv:570) uvm_test_top.env.scoreboard [uvm_test_top.env.scoreboard] sw state 1, reg state          1
UVM_INFO @ 112831355 ps: (otp_ctrl_scoreboard.sv:570) uvm_test_top.env.scoreboard [uvm_test_top.env.scoreboard] sw state 1, reg state          1
UVM_INFO @ 112871355 ps: (otp_ctrl_scoreboard.sv:570) uvm_test_top.env.scoreboard [uvm_test_top.env.scoreboard] sw state 1, reg state          1
UVM_INFO @ 112911355 ps: (otp_ctrl_scoreboard.sv:570) uvm_test_top.env.scoreboard [uvm_test_top.env.scoreboard] sw state 1, reg state          1
UVM_INFO @ 112951355 ps: (otp_ctrl_scoreboard.sv:570) uvm_test_top.env.scoreboard [uvm_test_top.env.scoreboard] sw state 1, reg state          1
UVM_INFO @ 112991355 ps: (otp_ctrl_scoreboard.sv:570) uvm_test_top.env.scoreboard [uvm_test_top.env.scoreboard] sw state 1, reg state          1
UVM_INFO @ 113031355 ps: (otp_ctrl_scoreboard.sv:570) uvm_test_top.env.scoreboard [uvm_test_top.env.scoreboard] sw state 1, reg state          1
UVM_INFO @ 113071355 ps: (otp_ctrl_scoreboard.sv:570) uvm_test_top.env.scoreboard [uvm_test_top.env.scoreboard] sw state 1, reg state          1
UVM_INFO @ 113111355 ps: (otp_ctrl_scoreboard.sv:570) uvm_test_top.env.scoreboard [uvm_test_top.env.scoreboard] sw state 1, reg state          1
UVM_INFO @ 113151355 ps: (otp_ctrl_scoreboard.sv:570) uvm_test_top.env.scoreboard [uvm_test_top.env.scoreboard] sw state 1, reg state          1
UVM_INFO @ 113191355 ps: (otp_ctrl_scoreboard.sv:570) uvm_test_top.env.scoreboard [uvm_test_top.env.scoreboard] sw state 1, reg state          1
UVM_INFO @ 113231355 ps: (otp_ctrl_scoreboard.sv:570) uvm_test_top.env.scoreboard [uvm_test_top.env.scoreboard] sw state 1, reg state          1
UVM_INFO @ 113271355 ps: (otp_ctrl_scoreboard.sv:570) uvm_test_top.env.scoreboard [uvm_test_top.env.scoreboard] sw state 1, reg state          1
UVM_INFO @ 113311355 ps: (otp_ctrl_scoreboard.sv:570) uvm_test_top.env.scoreboard [uvm_test_top.env.scoreboard] sw state 1, reg state          1
UVM_INFO @ 113351355 ps: (otp_ctrl_scoreboard.sv:570) uvm_test_top.env.scoreboard [uvm_test_top.env.scoreboard] sw state 1, reg state          1
UVM_INFO @ 113391355 ps: (otp_ctrl_scoreboard.sv:570) uvm_test_top.env.scoreboard [uvm_test_top.env.scoreboard] sw state 1, reg state          1
UVM_INFO @ 113431355 ps: (otp_ctrl_scoreboard.sv:570) uvm_test_top.env.scoreboard [uvm_test_top.env.scoreboard] sw state 1, reg state          1
UVM_INFO @ 113471355 ps: (otp_ctrl_scoreboard.sv:570) uvm_test_top.env.scoreboard [uvm_test_top.env.scoreboard] sw state 1, reg state          1
UVM_INFO @ 113511355 ps: (otp_ctrl_scoreboard.sv:570) uvm_test_top.env.scoreboard [uvm_test_top.env.scoreboard] sw state 1, reg state          1
UVM_INFO @ 113551355 ps: (otp_ctrl_scoreboard.sv:570) uvm_test_top.env.scoreboard [uvm_test_top.env.scoreboard] sw state 1, reg state          1
UVM_INFO @ 113591355 ps: (otp_ctrl_scoreboard.sv:570) uvm_test_top.env.scoreboard [uvm_test_top.env.scoreboard] sw state 1, reg state          1
UVM_INFO @ 113631355 ps: (otp_ctrl_scoreboard.sv:570) uvm_test_top.env.scoreboard [uvm_test_top.env.scoreboard] sw state 1, reg state          1
UVM_INFO @ 113671355 ps: (otp_ctrl_scoreboard.sv:570) uvm_test_top.env.scoreboard [uvm_test_top.env.scoreboard] sw state 1, reg state          1
UVM_INFO @ 113711355 ps: (otp_ctrl_scoreboard.sv:570) uvm_test_top.env.scoreboard [uvm_test_top.env.scoreboard] sw state 1, reg state          1
UVM_INFO @ 113751355 ps: (otp_ctrl_scoreboard.sv:570) uvm_test_top.env.scoreboard [uvm_test_top.env.scoreboard] sw state 1, reg state          1
UVM_INFO @ 113791355 ps: (otp_ctrl_scoreboard.sv:570) uvm_test_top.env.scoreboard [uvm_test_top.env.scoreboard] sw state 1, reg state          1
UVM_INFO @ 113831355 ps: (otp_ctrl_scoreboard.sv:570) uvm_test_top.env.scoreboard [uvm_test_top.env.scoreboard] sw state 1, reg state          1
UVM_INFO @ 113871355 ps: (otp_ctrl_scoreboard.sv:570) uvm_test_top.env.scoreboard [uvm_test_top.env.scoreboard] sw state 1, reg state          1
UVM_INFO @ 113911355 ps: (otp_ctrl_scoreboard.sv:570) uvm_test_top.env.scoreboard [uvm_test_top.env.scoreboard] sw state 1, reg state          1
UVM_INFO @ 113951355 ps: (otp_ctrl_scoreboard.sv:570) uvm_test_top.env.scoreboard [uvm_test_top.env.scoreboard] sw state 1, reg state          1
UVM_INFO @ 113991355 ps: (otp_ctrl_scoreboard.sv:570) uvm_test_top.env.scoreboard [uvm_test_top.env.scoreboard] sw state 1, reg state          1
UVM_INFO @ 114031355 ps: (otp_ctrl_scoreboard.sv:570) uvm_test_top.env.scoreboard [uvm_test_top.env.scoreboard] sw state 1, reg state          1
UVM_INFO @ 114071355 ps: (otp_ctrl_scoreboard.sv:570) uvm_test_top.env.scoreboard [uvm_test_top.env.scoreboard] sw state 1, reg state          1
UVM_INFO @ 114111355 ps: (otp_ctrl_scoreboard.sv:570) uvm_test_top.env.scoreboard [uvm_test_top.env.scoreboard] sw state 1, reg state          1
UVM_INFO @ 114151355 ps: (otp_ctrl_scoreboard.sv:570) uvm_test_top.env.scoreboard [uvm_test_top.env.scoreboard] sw state 1, reg state          1
UVM_INFO @ 114191355 ps: (otp_ctrl_scoreboard.sv:570) uvm_test_top.env.scoreboard [uvm_test_top.env.scoreboard] sw state 1, reg state          1
UVM_INFO @ 114231355 ps: (otp_ctrl_scoreboard.sv:570) uvm_test_top.env.scoreboard [uvm_test_top.env.scoreboard] sw state 1, reg state          1
UVM_INFO @ 114271355 ps: (otp_ctrl_scoreboard.sv:570) uvm_test_top.env.scoreboard [uvm_test_top.env.scoreboard] sw state 1, reg state          1
UVM_INFO @ 114311355 ps: (otp_ctrl_scoreboard.sv:570) uvm_test_top.env.scoreboard [uvm_test_top.env.scoreboard] sw state 1, reg state          1
UVM_INFO @ 114351355 ps: (otp_ctrl_scoreboard.sv:570) uvm_test_top.env.scoreboard [uvm_test_top.env.scoreboard] sw state 1, reg state          1
UVM_INFO @ 114391355 ps: (otp_ctrl_scoreboard.sv:570) uvm_test_top.env.scoreboard [uvm_test_top.env.scoreboard] sw state 1, reg state          1
UVM_INFO @ 114431355 ps: (otp_ctrl_scoreboard.sv:570) uvm_test_top.env.scoreboard [uvm_test_top.env.scoreboard] sw state 1, reg state          1
UVM_INFO @ 114471355 ps: (otp_ctrl_scoreboard.sv:570) uvm_test_top.env.scoreboard [uvm_test_top.env.scoreboard] sw state 1, reg state          1
UVM_INFO @ 114511355 ps: (otp_ctrl_scoreboard.sv:570) uvm_test_top.env.scoreboard [uvm_test_top.env.scoreboard] sw state 1, reg state          1
UVM_INFO @ 114551355 ps: (otp_ctrl_scoreboard.sv:570) uvm_test_top.env.scoreboard [uvm_test_top.env.scoreboard] sw state 1, reg state          1
UVM_INFO @ 114591355 ps: (otp_ctrl_scoreboard.sv:570) uvm_test_top.env.scoreboard [uvm_test_top.env.scoreboard] sw state 1, reg state          1
UVM_INFO @ 114631355 ps: (otp_ctrl_scoreboard.sv:570) uvm_test_top.env.scoreboard [uvm_test_top.env.scoreboard] sw state 1, reg state          1
UVM_INFO @ 114671355 ps: (otp_ctrl_scoreboard.sv:570) uvm_test_top.env.scoreboard [uvm_test_top.env.scoreboard] sw state 1, reg state          1
UVM_INFO @ 114711355 ps: (otp_ctrl_scoreboard.sv:570) uvm_test_top.env.scoreboard [uvm_test_top.env.scoreboard] sw state 1, reg state          1
UVM_INFO @ 114751355 ps: (otp_ctrl_scoreboard.sv:570) uvm_test_top.env.scoreboard [uvm_test_top.env.scoreboard] sw state 1, reg state          1
UVM_INFO @ 114791355 ps: (otp_ctrl_scoreboard.sv:570) uvm_test_top.env.scoreboard [uvm_test_top.env.scoreboard] sw state 1, reg state          1
UVM_INFO @ 114831355 ps: (otp_ctrl_scoreboard.sv:570) uvm_test_top.env.scoreboard [uvm_test_top.env.scoreboard] sw state 1, reg state          1
UVM_INFO @ 114871355 ps: (otp_ctrl_scoreboard.sv:570) uvm_test_top.env.scoreboard [uvm_test_top.env.scoreboard] sw state 1, reg state          1
UVM_INFO @ 114911355 ps: (otp_ctrl_scoreboard.sv:570) uvm_test_top.env.scoreboard [uvm_test_top.env.scoreboard] sw state 1, reg state          1
UVM_INFO @ 114951355 ps: (otp_ctrl_scoreboard.sv:570) uvm_test_top.env.scoreboard [uvm_test_top.env.scoreboard] sw state 1, reg state          1
UVM_INFO @ 114991355 ps: (otp_ctrl_scoreboard.sv:570) uvm_test_top.env.scoreboard [uvm_test_top.env.scoreboard] sw state 1, reg state          1
UVM_INFO @ 115031355 ps: (otp_ctrl_scoreboard.sv:570) uvm_test_top.env.scoreboard [uvm_test_top.env.scoreboard] sw state 1, reg state          1
UVM_INFO @ 115071355 ps: (otp_ctrl_scoreboard.sv:570) uvm_test_top.env.scoreboard [uvm_test_top.env.scoreboard] sw state 1, reg state          1
UVM_INFO @ 115111355 ps: (otp_ctrl_scoreboard.sv:570) uvm_test_top.env.scoreboard [uvm_test_top.env.scoreboard] sw state 1, reg state          1
UVM_INFO @ 115151355 ps: (otp_ctrl_scoreboard.sv:570) uvm_test_top.env.scoreboard [uvm_test_top.env.scoreboard] sw state 1, reg state          1
UVM_INFO @ 115191355 ps: (otp_ctrl_scoreboard.sv:570) uvm_test_top.env.scoreboard [uvm_test_top.env.scoreboard] sw state 1, reg state          1
UVM_INFO @ 115231355 ps: (otp_ctrl_scoreboard.sv:570) uvm_test_top.env.scoreboard [uvm_test_top.env.scoreboard] sw state 1, reg state          1
UVM_INFO @ 115271355 ps: (otp_ctrl_scoreboard.sv:570) uvm_test_top.env.scoreboard [uvm_test_top.env.scoreboard] sw state 1, reg state          1
UVM_INFO @ 115311355 ps: (otp_ctrl_scoreboard.sv:570) uvm_test_top.env.scoreboard [uvm_test_top.env.scoreboard] sw state 1, reg state          1
UVM_INFO @ 115351355 ps: (otp_ctrl_scoreboard.sv:570) uvm_test_top.env.scoreboard [uvm_test_top.env.scoreboard] sw state 1, reg state          1
UVM_INFO @ 115391355 ps: (otp_ctrl_scoreboard.sv:570) uvm_test_top.env.scoreboard [uvm_test_top.env.scoreboard] sw state 1, reg state          1
UVM_INFO @ 115431355 ps: (otp_ctrl_scoreboard.sv:570) uvm_test_top.env.scoreboard [uvm_test_top.env.scoreboard] sw state 1, reg state          1
UVM_INFO @ 115471355 ps: (otp_ctrl_scoreboard.sv:570) uvm_test_top.env.scoreboard [uvm_test_top.env.scoreboard] sw state 1, reg state          1
UVM_INFO @ 115511355 ps: (otp_ctrl_scoreboard.sv:570) uvm_test_top.env.scoreboard [uvm_test_top.env.scoreboard] sw state 1, reg state          1
UVM_INFO @ 115551355 ps: (otp_ctrl_scoreboard.sv:570) uvm_test_top.env.scoreboard [uvm_test_top.env.scoreboard] sw state 1, reg state          1
UVM_INFO @ 115591355 ps: (otp_ctrl_scoreboard.sv:570) uvm_test_top.env.scoreboard [uvm_test_top.env.scoreboard] sw state 1, reg state          1
UVM_INFO @ 115631355 ps: (otp_ctrl_scoreboard.sv:570) uvm_test_top.env.scoreboard [uvm_test_top.env.scoreboard] sw state 1, reg state          1
UVM_INFO @ 115671355 ps: (otp_ctrl_scoreboard.sv:570) uvm_test_top.env.scoreboard [uvm_test_top.env.scoreboard] sw state 1, reg state          1
UVM_INFO @ 115711355 ps: (otp_ctrl_scoreboard.sv:570) uvm_test_top.env.scoreboard [uvm_test_top.env.scoreboard] sw state 1, reg state          1
UVM_INFO @ 115751355 ps: (otp_ctrl_scoreboard.sv:570) uvm_test_top.env.scoreboard [uvm_test_top.env.scoreboard] sw state 1, reg state          1
UVM_INFO @ 115791355 ps: (otp_ctrl_scoreboard.sv:570) uvm_test_top.env.scoreboard [uvm_test_top.env.scoreboard] sw state 1, reg state          1
UVM_INFO @ 115831355 ps: (otp_ctrl_scoreboard.sv:570) uvm_test_top.env.scoreboard [uvm_test_top.env.scoreboard] sw state 1, reg state          1
UVM_INFO @ 115871355 ps: (otp_ctrl_scoreboard.sv:570) uvm_test_top.env.scoreboard [uvm_test_top.env.scoreboard] sw state 1, reg state          1
UVM_INFO @ 115911355 ps: (otp_ctrl_scoreboard.sv:570) uvm_test_top.env.scoreboard [uvm_test_top.env.scoreboard] sw state 1, reg state          1
UVM_INFO @ 115951355 ps: (otp_ctrl_scoreboard.sv:570) uvm_test_top.env.scoreboard [uvm_test_top.env.scoreboard] sw state 1, reg state          1
UVM_INFO @ 115991355 ps: (otp_ctrl_scoreboard.sv:570) uvm_test_top.env.scoreboard [uvm_test_top.env.scoreboard] sw state 1, reg state          1
UVM_INFO @ 116031355 ps: (otp_ctrl_scoreboard.sv:570) uvm_test_top.env.scoreboard [uvm_test_top.env.scoreboard] sw state 1, reg state          1
UVM_INFO @ 116071355 ps: (otp_ctrl_scoreboard.sv:570) uvm_test_top.env.scoreboard [uvm_test_top.env.scoreboard] sw state 1, reg state          1
UVM_INFO @ 116111355 ps: (otp_ctrl_scoreboard.sv:570) uvm_test_top.env.scoreboard [uvm_test_top.env.scoreboard] sw state 1, reg state          1
UVM_INFO @ 116151355 ps: (otp_ctrl_scoreboard.sv:570) uvm_test_top.env.scoreboard [uvm_test_top.env.scoreboard] sw state 1, reg state          1
UVM_INFO @ 116191355 ps: (otp_ctrl_scoreboard.sv:570) uvm_test_top.env.scoreboard [uvm_test_top.env.scoreboard] sw state 1, reg state          1
UVM_INFO @ 116231355 ps: (otp_ctrl_scoreboard.sv:570) uvm_test_top.env.scoreboard [uvm_test_top.env.scoreboard] sw state 1, reg state          1
UVM_INFO @ 116271355 ps: (otp_ctrl_scoreboard.sv:570) uvm_test_top.env.scoreboard [uvm_test_top.env.scoreboard] sw state 1, reg state          1
UVM_INFO @ 116311355 ps: (otp_ctrl_scoreboard.sv:570) uvm_test_top.env.scoreboard [uvm_test_top.env.scoreboard] sw state 1, reg state          1
UVM_INFO @ 116351355 ps: (otp_ctrl_scoreboard.sv:570) uvm_test_top.env.scoreboard [uvm_test_top.env.scoreboard] sw state 1, reg state          1
UVM_INFO @ 116391355 ps: (otp_ctrl_scoreboard.sv:570) uvm_test_top.env.scoreboard [uvm_test_top.env.scoreboard] sw state 1, reg state          1
UVM_INFO @ 116431355 ps: (otp_ctrl_scoreboard.sv:570) uvm_test_top.env.scoreboard [uvm_test_top.env.scoreboard] sw state 1, reg state          1
UVM_INFO @ 116471355 ps: (otp_ctrl_scoreboard.sv:570) uvm_test_top.env.scoreboard [uvm_test_top.env.scoreboard] sw state 1, reg state          1
UVM_INFO @ 116511355 ps: (otp_ctrl_scoreboard.sv:570) uvm_test_top.env.scoreboard [uvm_test_top.env.scoreboard] sw state 1, reg state          1
UVM_INFO @ 116551355 ps: (otp_ctrl_scoreboard.sv:570) uvm_test_top.env.scoreboard [uvm_test_top.env.scoreboard] sw state 1, reg state          1
UVM_INFO @ 116591355 ps: (otp_ctrl_scoreboard.sv:570) uvm_test_top.env.scoreboard [uvm_test_top.env.scoreboard] sw state 1, reg state          1
UVM_INFO @ 116631355 ps: (otp_ctrl_scoreboard.sv:570) uvm_test_top.env.scoreboard [uvm_test_top.env.scoreboard] sw state 1, reg state          1
UVM_INFO @ 116671355 ps: (otp_ctrl_scoreboard.sv:570) uvm_test_top.env.scoreboard [uvm_test_top.env.scoreboard] sw state 1, reg state          1
UVM_INFO @ 116711355 ps: (otp_ctrl_scoreboard.sv:570) uvm_test_top.env.scoreboard [uvm_test_top.env.scoreboard] sw state 1, reg state          1
UVM_INFO @ 116751355 ps: (otp_ctrl_scoreboard.sv:570) uvm_test_top.env.scoreboard [uvm_test_top.env.scoreboard] sw state 1, reg state          1
UVM_INFO @ 116791355 ps: (otp_ctrl_scoreboard.sv:570) uvm_test_top.env.scoreboard [uvm_test_top.env.scoreboard] sw state 1, reg state          1
UVM_INFO @ 116831355 ps: (otp_ctrl_scoreboard.sv:570) uvm_test_top.env.scoreboard [uvm_test_top.env.scoreboard] sw state 1, reg state          1
UVM_INFO @ 116871355 ps: (otp_ctrl_scoreboard.sv:570) uvm_test_top.env.scoreboard [uvm_test_top.env.scoreboard] sw state 1, reg state          1
UVM_INFO @ 116911355 ps: (otp_ctrl_scoreboard.sv:570) uvm_test_top.env.scoreboard [uvm_test_top.env.scoreboard] sw state 1, reg state          1
UVM_INFO @ 116951355 ps: (otp_ctrl_scoreboard.sv:570) uvm_test_top.env.scoreboard [uvm_test_top.env.scoreboard] sw state 1, reg state          1
UVM_INFO @ 116991355 ps: (otp_ctrl_scoreboard.sv:570) uvm_test_top.env.scoreboard [uvm_test_top.env.scoreboard] sw state 1, reg state          1
UVM_INFO @ 117031355 ps: (otp_ctrl_scoreboard.sv:570) uvm_test_top.env.scoreboard [uvm_test_top.env.scoreboard] sw state 1, reg state          1
UVM_INFO @ 117071355 ps: (otp_ctrl_scoreboard.sv:570) uvm_test_top.env.scoreboard [uvm_test_top.env.scoreboard] sw state 1, reg state          1
UVM_INFO @ 117111355 ps: (otp_ctrl_scoreboard.sv:570) uvm_test_top.env.scoreboard [uvm_test_top.env.scoreboard] sw state 1, reg state          1
UVM_INFO @ 117151355 ps: (otp_ctrl_scoreboard.sv:570) uvm_test_top.env.scoreboard [uvm_test_top.env.scoreboard] sw state 1, reg state          1
UVM_INFO @ 117191355 ps: (otp_ctrl_scoreboard.sv:570) uvm_test_top.env.scoreboard [uvm_test_top.env.scoreboard] sw state 1, reg state          1
UVM_INFO @ 117231355 ps: (otp_ctrl_scoreboard.sv:570) uvm_test_top.env.scoreboard [uvm_test_top.env.scoreboard] sw state 1, reg state          1
UVM_INFO @ 117271355 ps: (otp_ctrl_scoreboard.sv:570) uvm_test_top.env.scoreboard [uvm_test_top.env.scoreboard] sw state 1, reg state          1
UVM_INFO @ 117311355 ps: (otp_ctrl_scoreboard.sv:570) uvm_test_top.env.scoreboard [uvm_test_top.env.scoreboard] sw state 1, reg state          1
UVM_INFO @ 117351355 ps: (otp_ctrl_scoreboard.sv:570) uvm_test_top.env.scoreboard [uvm_test_top.env.scoreboard] sw state 1, reg state          1
UVM_INFO @ 117391355 ps: (otp_ctrl_scoreboard.sv:570) uvm_test_top.env.scoreboard [uvm_test_top.env.scoreboard] sw state 1, reg state          1
UVM_INFO @ 117431355 ps: (otp_ctrl_scoreboard.sv:570) uvm_test_top.env.scoreboard [uvm_test_top.env.scoreboard] sw state 1, reg state          1
UVM_INFO @ 117471355 ps: (otp_ctrl_scoreboard.sv:570) uvm_test_top.env.scoreboard [uvm_test_top.env.scoreboard] sw state 1, reg state          1
UVM_INFO @ 117511355 ps: (otp_ctrl_scoreboard.sv:570) uvm_test_top.env.scoreboard [uvm_test_top.env.scoreboard] sw state 1, reg state          1
UVM_INFO @ 117551355 ps: (otp_ctrl_scoreboard.sv:570) uvm_test_top.env.scoreboard [uvm_test_top.env.scoreboard] sw state 1, reg state          1
UVM_INFO @ 117591355 ps: (otp_ctrl_scoreboard.sv:570) uvm_test_top.env.scoreboard [uvm_test_top.env.scoreboard] sw state 1, reg state          1
UVM_INFO @ 117631355 ps: (otp_ctrl_scoreboard.sv:570) uvm_test_top.env.scoreboard [uvm_test_top.env.scoreboard] sw state 1, reg state          1
UVM_INFO @ 117671355 ps: (otp_ctrl_scoreboard.sv:570) uvm_test_top.env.scoreboard [uvm_test_top.env.scoreboard] sw state 1, reg state          1
UVM_INFO @ 117711355 ps: (otp_ctrl_scoreboard.sv:570) uvm_test_top.env.scoreboard [uvm_test_top.env.scoreboard] sw state 1, reg state          1
UVM_INFO @ 117751355 ps: (otp_ctrl_scoreboard.sv:570) uvm_test_top.env.scoreboard [uvm_test_top.env.scoreboard] sw state 1, reg state          1
UVM_INFO @ 117791355 ps: (otp_ctrl_scoreboard.sv:570) uvm_test_top.env.scoreboard [uvm_test_top.env.scoreboard] sw state 1, reg state          1
UVM_INFO @ 117831355 ps: (otp_ctrl_scoreboard.sv:570) uvm_test_top.env.scoreboard [uvm_test_top.env.scoreboard] sw state 1, reg state          1
UVM_INFO @ 203351355 ps: (otp_ctrl_scoreboard.sv:570) uvm_test_top.env.scoreboard [uvm_test_top.env.scoreboard] sw state 1, reg state          1
UVM_INFO @ 203391355 ps: (otp_ctrl_scoreboard.sv:570) uvm_test_top.env.scoreboard [uvm_test_top.env.scoreboard] sw state 1, reg state          1
UVM_INFO @ 203431355 ps: (otp_ctrl_scoreboard.sv:570) uvm_test_top.env.scoreboard [uvm_test_top.env.scoreboard] sw state 1, reg state          1
UVM_INFO @ 203471355 ps: (otp_ctrl_scoreboard.sv:570) uvm_test_top.env.scoreboard [uvm_test_top.env.scoreboard] sw state 1, reg state          1
UVM_INFO @ 203511355 ps: (otp_ctrl_scoreboard.sv:570) uvm_test_top.env.scoreboard [uvm_test_top.env.scoreboard] sw state 1, reg state          1
UVM_INFO @ 203551355 ps: (otp_ctrl_scoreboard.sv:570) uvm_test_top.env.scoreboard [uvm_test_top.env.scoreboard] sw state 1, reg state          1
UVM_INFO @ 203591355 ps: (otp_ctrl_scoreboard.sv:570) uvm_test_top.env.scoreboard [uvm_test_top.env.scoreboard] sw state 1, reg state          1
UVM_INFO @ 203591355 ps: (dv_base_reg.sv:329) [otp_ctrl_core_reg_block.direct_access_regwen] lock_lockable_flds          0 val
UVM_INFO @ 203591355 ps: (dv_base_reg.sv:329) [otp_ctrl_core_reg_block.direct_access_regwen] lock_lockable_flds          0 val
UVM_INFO @ 203631355 ps: (otp_ctrl_scoreboard.sv:570) uvm_test_top.env.scoreboard [uvm_test_top.env.scoreboard] sw state 1, reg state          0
UVM_INFO @ 203711355 ps: (otp_ctrl_scoreboard.sv:570) uvm_test_top.env.scoreboard [uvm_test_top.env.scoreboard] sw state 1, reg state          0
UVM_INFO @ 203751355 ps: (otp_ctrl_scoreboard.sv:570) uvm_test_top.env.scoreboard [uvm_test_top.env.scoreboard] sw state 1, reg state          0
UVM_INFO @ 203831355 ps: (otp_ctrl_scoreboard.sv:570) uvm_test_top.env.scoreboard [uvm_test_top.env.scoreboard] sw state 1, reg state          0
UVM_INFO @ 203871355 ps: (otp_ctrl_scoreboard.sv:570) uvm_test_top.env.scoreboard [uvm_test_top.env.scoreboard] sw state 1, reg state          0
UVM_INFO @ 203951355 ps: (otp_ctrl_scoreboard.sv:570) uvm_test_top.env.scoreboard [uvm_test_top.env.scoreboard] sw state 1, reg state          0
UVM_INFO @ 203991355 ps: (otp_ctrl_scoreboard.sv:570) uvm_test_top.env.scoreboard [uvm_test_top.env.scoreboard] sw state 1, reg state          0
UVM_INFO @ 204071355 ps: (otp_ctrl_scoreboard.sv:570) uvm_test_top.env.scoreboard [uvm_test_top.env.scoreboard] sw state 1, reg state          0
UVM_INFO @ 204111355 ps: (otp_ctrl_scoreboard.sv:570) uvm_test_top.env.scoreboard [uvm_test_top.env.scoreboard] sw state 1, reg state          0
UVM_INFO @ 204191355 ps: (otp_ctrl_scoreboard.sv:570) uvm_test_top.env.scoreboard [uvm_test_top.env.scoreboard] sw state 1, reg state          0
UVM_INFO @ 204231355 ps: (otp_ctrl_scoreboard.sv:570) uvm_test_top.env.scoreboard [uvm_test_top.env.scoreboard] sw state 1, reg state          0
UVM_INFO @ 204311355 ps: (otp_ctrl_scoreboard.sv:570) uvm_test_top.env.scoreboard [uvm_test_top.env.scoreboard] sw state 1, reg state          0
UVM_INFO @ 204351355 ps: (otp_ctrl_scoreboard.sv:570) uvm_test_top.env.scoreboard [uvm_test_top.env.scoreboard] sw state 1, reg state          0
UVM_INFO @ 204431355 ps: (otp_ctrl_scoreboard.sv:570) uvm_test_top.env.scoreboard [uvm_test_top.env.scoreboard] sw state 1, reg state          0
UVM_INFO @ 204471355 ps: (otp_ctrl_scoreboard.sv:570) uvm_test_top.env.scoreboard [uvm_test_top.env.scoreboard] sw state 1, reg state          0
UVM_INFO @ 204551355 ps: (otp_ctrl_scoreboard.sv:570) uvm_test_top.env.scoreboard [uvm_test_top.env.scoreboard] sw state 1, reg state          0
UVM_INFO @ 204591355 ps: (otp_ctrl_scoreboard.sv:570) uvm_test_top.env.scoreboard [uvm_test_top.env.scoreboard] sw state 1, reg state          0
UVM_INFO @ 204671355 ps: (otp_ctrl_scoreboard.sv:570) uvm_test_top.env.scoreboard [uvm_test_top.env.scoreboard] sw state 1, reg state          0
UVM_INFO @ 204711355 ps: (otp_ctrl_scoreboard.sv:570) uvm_test_top.env.scoreboard [uvm_test_top.env.scoreboard] sw state 1, reg state          0
UVM_INFO @ 204791355 ps: (otp_ctrl_scoreboard.sv:570) uvm_test_top.env.scoreboard [uvm_test_top.env.scoreboard] sw state 1, reg state          0
UVM_INFO @ 204831355 ps: (otp_ctrl_scoreboard.sv:570) uvm_test_top.env.scoreboard [uvm_test_top.env.scoreboard] sw state 1, reg state          0
UVM_INFO @ 204911355 ps: (otp_ctrl_scoreboard.sv:570) uvm_test_top.env.scoreboard [uvm_test_top.env.scoreboard] sw state 1, reg state          0
UVM_INFO @ 204951355 ps: (otp_ctrl_scoreboard.sv:570) uvm_test_top.env.scoreboard [uvm_test_top.env.scoreboard] sw state 1, reg state          0
UVM_INFO @ 205031355 ps: (otp_ctrl_scoreboard.sv:570) uvm_test_top.env.scoreboard [uvm_test_top.env.scoreboard] sw state 1, reg state          0
UVM_INFO @ 205071355 ps: (otp_ctrl_scoreboard.sv:570) uvm_test_top.env.scoreboard [uvm_test_top.env.scoreboard] sw state 1, reg state          0
UVM_INFO @ 205151355 ps: (otp_ctrl_scoreboard.sv:570) uvm_test_top.env.scoreboard [uvm_test_top.env.scoreboard] sw state 1, reg state          0
UVM_INFO @ 205191355 ps: (otp_ctrl_scoreboard.sv:570) uvm_test_top.env.scoreboard [uvm_test_top.env.scoreboard] sw state 1, reg state          0
UVM_INFO @ 205271355 ps: (otp_ctrl_scoreboard.sv:570) uvm_test_top.env.scoreboard [uvm_test_top.env.scoreboard] sw state 1, reg state          0
UVM_INFO @ 205311355 ps: (otp_ctrl_scoreboard.sv:570) uvm_test_top.env.scoreboard [uvm_test_top.env.scoreboard] sw state 1, reg state          0
UVM_INFO @ 205391355 ps: (otp_ctrl_scoreboard.sv:570) uvm_test_top.env.scoreboard [uvm_test_top.env.scoreboard] sw state 1, reg state          0
UVM_INFO @ 205431355 ps: (otp_ctrl_scoreboard.sv:570) uvm_test_top.env.scoreboard [uvm_test_top.env.scoreboard] sw state 1, reg state          0
UVM_INFO @ 205511355 ps: (otp_ctrl_scoreboard.sv:570) uvm_test_top.env.scoreboard [uvm_test_top.env.scoreboard] sw state 1, reg state          0
UVM_INFO @ 205551355 ps: (otp_ctrl_scoreboard.sv:570) uvm_test_top.env.scoreboard [uvm_test_top.env.scoreboard] sw state 1, reg state          0
UVM_INFO @ 205631355 ps: (otp_ctrl_scoreboard.sv:570) uvm_test_top.env.scoreboard [uvm_test_top.env.scoreboard] sw state 1, reg state          0
UVM_INFO @ 205671355 ps: (otp_ctrl_scoreboard.sv:570) uvm_test_top.env.scoreboard [uvm_test_top.env.scoreboard] sw state 1, reg state          0
UVM_INFO @ 205751355 ps: (otp_ctrl_scoreboard.sv:570) uvm_test_top.env.scoreboard [uvm_test_top.env.scoreboard] sw state 1, reg state          0
UVM_INFO @ 205791355 ps: (otp_ctrl_scoreboard.sv:570) uvm_test_top.env.scoreboard [uvm_test_top.env.scoreboard] sw state 1, reg state          0
UVM_INFO @ 205871355 ps: (otp_ctrl_scoreboard.sv:570) uvm_test_top.env.scoreboard [uvm_test_top.env.scoreboard] sw state 1, reg state          0
UVM_INFO @ 205911355 ps: (otp_ctrl_scoreboard.sv:570) uvm_test_top.env.scoreboard [uvm_test_top.env.scoreboard] sw state 1, reg state          0
UVM_INFO @ 205911355 ps: (dv_base_reg.sv:329) [otp_ctrl_core_reg_block.direct_access_regwen] lock_lockable_flds          1 val
UVM_INFO @ 205951355 ps: (otp_ctrl_scoreboard.sv:570) uvm_test_top.env.scoreboard [uvm_test_top.env.scoreboard] sw state 1, reg state          1
UVM_INFO @ 205991355 ps: (otp_ctrl_scoreboard.sv:570) uvm_test_top.env.scoreboard [uvm_test_top.env.scoreboard] sw state 1, reg state          1
UVM_INFO @ 206031355 ps: (otp_ctrl_scoreboard.sv:570) uvm_test_top.env.scoreboard [uvm_test_top.env.scoreboard] sw state 1, reg state          1
UVM_INFO @ 206071355 ps: (otp_ctrl_scoreboard.sv:570) uvm_test_top.env.scoreboard [uvm_test_top.env.scoreboard] sw state 1, reg state          1
UVM_INFO @ 206111355 ps: (otp_ctrl_scoreboard.sv:570) uvm_test_top.env.scoreboard [uvm_test_top.env.scoreboard] sw state 1, reg state          1
UVM_INFO @ 206151355 ps: (otp_ctrl_scoreboard.sv:570) uvm_test_top.env.scoreboard [uvm_test_top.env.scoreboard] sw state 1, reg state          1
UVM_INFO @ 206191355 ps: (otp_ctrl_scoreboard.sv:570) uvm_test_top.env.scoreboard [uvm_test_top.env.scoreboard] sw state 1, reg state          1
UVM_INFO @ 206231355 ps: (otp_ctrl_scoreboard.sv:570) uvm_test_top.env.scoreboard [uvm_test_top.env.scoreboard] sw state 1, reg state          1
UVM_INFO @ 206271355 ps: (otp_ctrl_scoreboard.sv:570) uvm_test_top.env.scoreboard [uvm_test_top.env.scoreboard] sw state 1, reg state          1
UVM_INFO @ 206311355 ps: (otp_ctrl_scoreboard.sv:570) uvm_test_top.env.scoreboard [uvm_test_top.env.scoreboard] sw state 1, reg state          1
UVM_INFO @ 206351355 ps: (otp_ctrl_scoreboard.sv:570) uvm_test_top.env.scoreboard [uvm_test_top.env.scoreboard] sw state 1, reg state          1
UVM_INFO @ 206391355 ps: (otp_ctrl_scoreboard.sv:570) uvm_test_top.env.scoreboard [uvm_test_top.env.scoreboard] sw state 1, reg state          1
UVM_INFO @ 206431355 ps: (otp_ctrl_scoreboard.sv:570) uvm_test_top.env.scoreboard [uvm_test_top.env.scoreboard] sw state 1, reg state          1
UVM_INFO @ 206471355 ps: (otp_ctrl_scoreboard.sv:570) uvm_test_top.env.scoreboard [uvm_test_top.env.scoreboard] sw state 1, reg state          1
UVM_INFO @ 206511355 ps: (otp_ctrl_scoreboard.sv:570) uvm_test_top.env.scoreboard [uvm_test_top.env.scoreboard] sw state 1, reg state          1
UVM_INFO @ 206551355 ps: (otp_ctrl_scoreboard.sv:570) uvm_test_top.env.scoreboard [uvm_test_top.env.scoreboard] sw state 1, reg state          1
UVM_INFO @ 206591355 ps: (otp_ctrl_scoreboard.sv:570) uvm_test_top.env.scoreboard [uvm_test_top.env.scoreboard] sw state 1, reg state          1
UVM_INFO @ 206631355 ps: (otp_ctrl_scoreboard.sv:570) uvm_test_top.env.scoreboard [uvm_test_top.env.scoreboard] sw state 1, reg state          1
UVM_INFO @ 206671355 ps: (otp_ctrl_scoreboard.sv:570) uvm_test_top.env.scoreboard [uvm_test_top.env.scoreboard] sw state 1, reg state          1
UVM_INFO @ 206711355 ps: (otp_ctrl_scoreboard.sv:570) uvm_test_top.env.scoreboard [uvm_test_top.env.scoreboard] sw state 1, reg state          1
UVM_INFO @ 206751355 ps: (otp_ctrl_scoreboard.sv:570) uvm_test_top.env.scoreboard [uvm_test_top.env.scoreboard] sw state 1, reg state          1
UVM_INFO @ 206791355 ps: (otp_ctrl_scoreboard.sv:570) uvm_test_top.env.scoreboard [uvm_test_top.env.scoreboard] sw state 1, reg state          1
UVM_INFO @ 206831355 ps: (otp_ctrl_scoreboard.sv:570) uvm_test_top.env.scoreboard [uvm_test_top.env.scoreboard] sw state 1, reg state          1
UVM_INFO @ 206871355 ps: (otp_ctrl_scoreboard.sv:570) uvm_test_top.env.scoreboard [uvm_test_top.env.scoreboard] sw state 1, reg state          1
UVM_INFO @ 206911355 ps: (otp_ctrl_scoreboard.sv:570) uvm_test_top.env.scoreboard [uvm_test_top.env.scoreboard] sw state 1, reg state          1
UVM_INFO @ 206951355 ps: (otp_ctrl_scoreboard.sv:570) uvm_test_top.env.scoreboard [uvm_test_top.env.scoreboard] sw state 1, reg state          1
UVM_INFO @ 206991355 ps: (otp_ctrl_scoreboard.sv:570) uvm_test_top.env.scoreboard [uvm_test_top.env.scoreboard] sw state 1, reg state          1
UVM_INFO @ 207031355 ps: (otp_ctrl_scoreboard.sv:570) uvm_test_top.env.scoreboard [uvm_test_top.env.scoreboard] sw state 1, reg state          1
UVM_INFO @ 207071355 ps: (otp_ctrl_scoreboard.sv:570) uvm_test_top.env.scoreboard [uvm_test_top.env.scoreboard] sw state 1, reg state          1
UVM_INFO @ 207111355 ps: (otp_ctrl_scoreboard.sv:570) uvm_test_top.env.scoreboard [uvm_test_top.env.scoreboard] sw state 1, reg state          1
UVM_INFO @ 207151355 ps: (otp_ctrl_scoreboard.sv:570) uvm_test_top.env.scoreboard [uvm_test_top.env.scoreboard] sw state 1, reg state          1
UVM_INFO @ 207191355 ps: (otp_ctrl_scoreboard.sv:570) uvm_test_top.env.scoreboard [uvm_test_top.env.scoreboard] sw state 1, reg state          1
UVM_INFO @ 207231355 ps: (otp_ctrl_scoreboard.sv:570) uvm_test_top.env.scoreboard [uvm_test_top.env.scoreboard] sw state 1, reg state          1
UVM_INFO @ 207231355 ps: (dv_base_reg.sv:329) [otp_ctrl_core_reg_block.direct_access_regwen] lock_lockable_flds          0 val
UVM_INFO @ 207231355 ps: (dv_base_reg.sv:329) [otp_ctrl_core_reg_block.direct_access_regwen] lock_lockable_flds          0 val
UVM_INFO @ 207271355 ps: (otp_ctrl_scoreboard.sv:570) uvm_test_top.env.scoreboard [uvm_test_top.env.scoreboard] sw state 1, reg state          0
UVM_INFO @ 207311355 ps: (otp_ctrl_scoreboard.sv:570) uvm_test_top.env.scoreboard [uvm_test_top.env.scoreboard] sw state 1, reg state          0
UVM_INFO @ 207351355 ps: (otp_ctrl_scoreboard.sv:570) uvm_test_top.env.scoreboard [uvm_test_top.env.scoreboard] sw state 1, reg state          0
UVM_INFO @ 207351355 ps: (dv_base_reg.sv:329) [otp_ctrl_core_reg_block.direct_access_regwen] lock_lockable_flds          0 val
UVM_INFO @ 207431355 ps: (otp_ctrl_scoreboard.sv:570) uvm_test_top.env.scoreboard [uvm_test_top.env.scoreboard] sw state 1, reg state          0
UVM_INFO @ 207471355 ps: (otp_ctrl_scoreboard.sv:570) uvm_test_top.env.scoreboard [uvm_test_top.env.scoreboard] sw state 1, reg state          0
UVM_INFO @ 207551355 ps: (otp_ctrl_scoreboard.sv:570) uvm_test_top.env.scoreboard [uvm_test_top.env.scoreboard] sw state 1, reg state          0
UVM_INFO @ 207591355 ps: (otp_ctrl_scoreboard.sv:570) uvm_test_top.env.scoreboard [uvm_test_top.env.scoreboard] sw state 1, reg state          0
UVM_INFO @ 207671355 ps: (otp_ctrl_scoreboard.sv:570) uvm_test_top.env.scoreboard [uvm_test_top.env.scoreboard] sw state 1, reg state          0
UVM_INFO @ 207711355 ps: (otp_ctrl_scoreboard.sv:570) uvm_test_top.env.scoreboard [uvm_test_top.env.scoreboard] sw state 1, reg state          0
UVM_INFO @ 207791355 ps: (otp_ctrl_scoreboard.sv:570) uvm_test_top.env.scoreboard [uvm_test_top.env.scoreboard] sw state 1, reg state          0
UVM_INFO @ 207831355 ps: (otp_ctrl_scoreboard.sv:570) uvm_test_top.env.scoreboard [uvm_test_top.env.scoreboard] sw state 1, reg state          0
UVM_INFO @ 207911355 ps: (otp_ctrl_scoreboard.sv:570) uvm_test_top.env.scoreboard [uvm_test_top.env.scoreboard] sw state 1, reg state          0
UVM_INFO @ 207951355 ps: (otp_ctrl_scoreboard.sv:570) uvm_test_top.env.scoreboard [uvm_test_top.env.scoreboard] sw state 1, reg state          0
UVM_INFO @ 208031355 ps: (otp_ctrl_scoreboard.sv:570) uvm_test_top.env.scoreboard [uvm_test_top.env.scoreboard] sw state 1, reg state          0
UVM_INFO @ 208071355 ps: (otp_ctrl_scoreboard.sv:570) uvm_test_top.env.scoreboard [uvm_test_top.env.scoreboard] sw state 1, reg state          0
UVM_INFO @ 208151355 ps: (otp_ctrl_scoreboard.sv:570) uvm_test_top.env.scoreboard [uvm_test_top.env.scoreboard] sw state 1, reg state          0
UVM_INFO @ 208191355 ps: (otp_ctrl_scoreboard.sv:570) uvm_test_top.env.scoreboard [uvm_test_top.env.scoreboard] sw state 1, reg state          0
UVM_INFO @ 208271355 ps: (otp_ctrl_scoreboard.sv:570) uvm_test_top.env.scoreboard [uvm_test_top.env.scoreboard] sw state 1, reg state          0
UVM_INFO @ 208311355 ps: (otp_ctrl_scoreboard.sv:570) uvm_test_top.env.scoreboard [uvm_test_top.env.scoreboard] sw state 1, reg state          0
UVM_INFO @ 208391355 ps: (otp_ctrl_scoreboard.sv:570) uvm_test_top.env.scoreboard [uvm_test_top.env.scoreboard] sw state 1, reg state          0
UVM_INFO @ 208431355 ps: (otp_ctrl_scoreboard.sv:570) uvm_test_top.env.scoreboard [uvm_test_top.env.scoreboard] sw state 1, reg state          0
UVM_INFO @ 208511355 ps: (otp_ctrl_scoreboard.sv:570) uvm_test_top.env.scoreboard [uvm_test_top.env.scoreboard] sw state 1, reg state          0
UVM_INFO @ 208551355 ps: (otp_ctrl_scoreboard.sv:570) uvm_test_top.env.scoreboard [uvm_test_top.env.scoreboard] sw state 1, reg state          0
UVM_INFO @ 208631355 ps: (otp_ctrl_scoreboard.sv:570) uvm_test_top.env.scoreboard [uvm_test_top.env.scoreboard] sw state 1, reg state          0
UVM_INFO @ 208671355 ps: (otp_ctrl_scoreboard.sv:570) uvm_test_top.env.scoreboard [uvm_test_top.env.scoreboard] sw state 1, reg state          0
UVM_INFO @ 208751355 ps: (otp_ctrl_scoreboard.sv:570) uvm_test_top.env.scoreboard [uvm_test_top.env.scoreboard] sw state 1, reg state          0
UVM_INFO @ 208791355 ps: (otp_ctrl_scoreboard.sv:570) uvm_test_top.env.scoreboard [uvm_test_top.env.scoreboard] sw state 1, reg state          0
UVM_INFO @ 208871355 ps: (otp_ctrl_scoreboard.sv:570) uvm_test_top.env.scoreboard [uvm_test_top.env.scoreboard] sw state 1, reg state          0
UVM_INFO @ 208911355 ps: (otp_ctrl_scoreboard.sv:570) uvm_test_top.env.scoreboard [uvm_test_top.env.scoreboard] sw state 1, reg state          0
UVM_INFO @ 208991355 ps: (otp_ctrl_scoreboard.sv:570) uvm_test_top.env.scoreboard [uvm_test_top.env.scoreboard] sw state 1, reg state          0
UVM_INFO @ 209031355 ps: (otp_ctrl_scoreboard.sv:570) uvm_test_top.env.scoreboard [uvm_test_top.env.scoreboard] sw state 1, reg state          0
UVM_INFO @ 209111355 ps: (otp_ctrl_scoreboard.sv:570) uvm_test_top.env.scoreboard [uvm_test_top.env.scoreboard] sw state 1, reg state          0
UVM_INFO @ 209151355 ps: (otp_ctrl_scoreboard.sv:570) uvm_test_top.env.scoreboard [uvm_test_top.env.scoreboard] sw state 1, reg state          0
UVM_INFO @ 209231355 ps: (otp_ctrl_scoreboard.sv:570) uvm_test_top.env.scoreboard [uvm_test_top.env.scoreboard] sw state 1, reg state          0
UVM_INFO @ 209271355 ps: (otp_ctrl_scoreboard.sv:570) uvm_test_top.env.scoreboard [uvm_test_top.env.scoreboard] sw state 1, reg state          0
UVM_INFO @ 209351355 ps: (otp_ctrl_scoreboard.sv:570) uvm_test_top.env.scoreboard [uvm_test_top.env.scoreboard] sw state 1, reg state          0
UVM_INFO @ 209391355 ps: (otp_ctrl_scoreboard.sv:570) uvm_test_top.env.scoreboard [uvm_test_top.env.scoreboard] sw state 1, reg state          0
UVM_INFO @ 209391355 ps: (dv_base_reg.sv:329) [otp_ctrl_core_reg_block.direct_access_regwen] lock_lockable_flds          1 val
UVM_INFO @ 209431355 ps: (otp_ctrl_scoreboard.sv:570) uvm_test_top.env.scoreboard [uvm_test_top.env.scoreboard] sw state 1, reg state          1
UVM_INFO @ 209471355 ps: (otp_ctrl_scoreboard.sv:570) uvm_test_top.env.scoreboard [uvm_test_top.env.scoreboard] sw state 1, reg state          1
UVM_INFO @ 209511355 ps: (otp_ctrl_scoreboard.sv:570) uvm_test_top.env.scoreboard [uvm_test_top.env.scoreboard] sw state 1, reg state          1
UVM_INFO @ 209551355 ps: (otp_ctrl_scoreboard.sv:570) uvm_test_top.env.scoreboard [uvm_test_top.env.scoreboard] sw state 1, reg state          1
UVM_INFO @ 209591355 ps: (otp_ctrl_scoreboard.sv:570) uvm_test_top.env.scoreboard [uvm_test_top.env.scoreboard] sw state 1, reg state          1
UVM_INFO @ 209631355 ps: (otp_ctrl_scoreboard.sv:570) uvm_test_top.env.scoreboard [uvm_test_top.env.scoreboard] sw state 1, reg state          1
UVM_INFO @ 209671355 ps: (otp_ctrl_scoreboard.sv:570) uvm_test_top.env.scoreboard [uvm_test_top.env.scoreboard] sw state 1, reg state          1
UVM_INFO @ 209711355 ps: (otp_ctrl_scoreboard.sv:570) uvm_test_top.env.scoreboard [uvm_test_top.env.scoreboard] sw state 1, reg state          1
UVM_INFO @ 209751355 ps: (otp_ctrl_scoreboard.sv:570) uvm_test_top.env.scoreboard [uvm_test_top.env.scoreboard] sw state 1, reg state          1
UVM_INFO @ 209791355 ps: (otp_ctrl_scoreboard.sv:570) uvm_test_top.env.scoreboard [uvm_test_top.env.scoreboard] sw state 1, reg state          1
UVM_INFO @ 209831355 ps: (otp_ctrl_scoreboard.sv:570) uvm_test_top.env.scoreboard [uvm_test_top.env.scoreboard] sw state 1, reg state          1
UVM_INFO @ 209871355 ps: (otp_ctrl_scoreboard.sv:570) uvm_test_top.env.scoreboard [uvm_test_top.env.scoreboard] sw state 1, reg state          1
UVM_INFO @ 209911355 ps: (otp_ctrl_scoreboard.sv:570) uvm_test_top.env.scoreboard [uvm_test_top.env.scoreboard] sw state 1, reg state          1
UVM_INFO @ 209951355 ps: (otp_ctrl_scoreboard.sv:570) uvm_test_top.env.scoreboard [uvm_test_top.env.scoreboard] sw state 1, reg state          1
UVM_INFO @ 209991355 ps: (otp_ctrl_scoreboard.sv:570) uvm_test_top.env.scoreboard [uvm_test_top.env.scoreboard] sw state 1, reg state          1
UVM_INFO @ 210031355 ps: (otp_ctrl_scoreboard.sv:570) uvm_test_top.env.scoreboard [uvm_test_top.env.scoreboard] sw state 1, reg state          1
UVM_INFO @ 210071355 ps: (otp_ctrl_scoreboard.sv:570) uvm_test_top.env.scoreboard [uvm_test_top.env.scoreboard] sw state 1, reg state          1
UVM_INFO @ 210111355 ps: (otp_ctrl_scoreboard.sv:570) uvm_test_top.env.scoreboard [uvm_test_top.env.scoreboard] sw state 1, reg state          1
UVM_INFO @ 210151355 ps: (otp_ctrl_scoreboard.sv:570) uvm_test_top.env.scoreboard [uvm_test_top.env.scoreboard] sw state 1, reg state          1
UVM_INFO @ 210191355 ps: (otp_ctrl_scoreboard.sv:570) uvm_test_top.env.scoreboard [uvm_test_top.env.scoreboard] sw state 1, reg state          1
UVM_INFO @ 210231355 ps: (otp_ctrl_scoreboard.sv:570) uvm_test_top.env.scoreboard [uvm_test_top.env.scoreboard] sw state 1, reg state          1
UVM_INFO @ 210271355 ps: (otp_ctrl_scoreboard.sv:570) uvm_test_top.env.scoreboard [uvm_test_top.env.scoreboard] sw state 1, reg state          1
UVM_INFO @ 210311355 ps: (otp_ctrl_scoreboard.sv:570) uvm_test_top.env.scoreboard [uvm_test_top.env.scoreboard] sw state 1, reg state          1
UVM_INFO @ 210351355 ps: (otp_ctrl_scoreboard.sv:570) uvm_test_top.env.scoreboard [uvm_test_top.env.scoreboard] sw state 1, reg state          1
UVM_INFO @ 210391355 ps: (otp_ctrl_scoreboard.sv:570) uvm_test_top.env.scoreboard [uvm_test_top.env.scoreboard] sw state 1, reg state          1
UVM_INFO @ 210431355 ps: (otp_ctrl_scoreboard.sv:570) uvm_test_top.env.scoreboard [uvm_test_top.env.scoreboard] sw state 1, reg state          1
UVM_INFO @ 210471355 ps: (otp_ctrl_scoreboard.sv:570) uvm_test_top.env.scoreboard [uvm_test_top.env.scoreboard] sw state 1, reg state          1
UVM_INFO @ 210511355 ps: (otp_ctrl_scoreboard.sv:570) uvm_test_top.env.scoreboard [uvm_test_top.env.scoreboard] sw state 1, reg state          1
UVM_INFO @ 210551355 ps: (otp_ctrl_scoreboard.sv:570) uvm_test_top.env.scoreboard [uvm_test_top.env.scoreboard] sw state 1, reg state          1
UVM_INFO @ 210591355 ps: (otp_ctrl_scoreboard.sv:570) uvm_test_top.env.scoreboard [uvm_test_top.env.scoreboard] sw state 1, reg state          1
UVM_INFO @ 210631355 ps: (otp_ctrl_scoreboard.sv:570) uvm_test_top.env.scoreboard [uvm_test_top.env.scoreboard] sw state 1, reg state          1
UVM_INFO @ 210671355 ps: (otp_ctrl_scoreboard.sv:570) uvm_test_top.env.scoreboard [uvm_test_top.env.scoreboard] sw state 1, reg state          1
UVM_INFO @ 210711355 ps: (otp_ctrl_scoreboard.sv:570) uvm_test_top.env.scoreboard [uvm_test_top.env.scoreboard] sw state 1, reg state          1
UVM_INFO @ 210751355 ps: (otp_ctrl_scoreboard.sv:570) uvm_test_top.env.scoreboard [uvm_test_top.env.scoreboard] sw state 1, reg state          1
UVM_INFO @ 212391355 ps: (otp_ctrl_scoreboard.sv:570) uvm_test_top.env.scoreboard [uvm_test_top.env.scoreboard] sw state 1, reg state          1
UVM_INFO @ 212431355 ps: (otp_ctrl_scoreboard.sv:570) uvm_test_top.env.scoreboard [uvm_test_top.env.scoreboard] sw state 1, reg state          1
UVM_INFO @ 212471355 ps: (otp_ctrl_scoreboard.sv:570) uvm_test_top.env.scoreboard [uvm_test_top.env.scoreboard] sw state 1, reg state          1
UVM_INFO @ 212471355 ps: (dv_base_reg.sv:329) [otp_ctrl_core_reg_block.direct_access_regwen] lock_lockable_flds          0 val
UVM_INFO @ 212471355 ps: (dv_base_reg.sv:329) [otp_ctrl_core_reg_block.direct_access_regwen] lock_lockable_flds          0 val
UVM_INFO @ 212511355 ps: (otp_ctrl_scoreboard.sv:570) uvm_test_top.env.scoreboard [uvm_test_top.env.scoreboard] sw state 1, reg state          0
UVM_INFO @ 212591355 ps: (otp_ctrl_scoreboard.sv:570) uvm_test_top.env.scoreboard [uvm_test_top.env.scoreboard] sw state 1, reg state          0
UVM_INFO @ 212631355 ps: (otp_ctrl_scoreboard.sv:570) uvm_test_top.env.scoreboard [uvm_test_top.env.scoreboard] sw state 1, reg state          0
UVM_INFO @ 212711355 ps: (otp_ctrl_scoreboard.sv:570) uvm_test_top.env.scoreboard [uvm_test_top.env.scoreboard] sw state 1, reg state          0
UVM_INFO @ 212751355 ps: (otp_ctrl_scoreboard.sv:570) uvm_test_top.env.scoreboard [uvm_test_top.env.scoreboard] sw state 1, reg state          0
UVM_INFO @ 212831355 ps: (otp_ctrl_scoreboard.sv:570) uvm_test_top.env.scoreboard [uvm_test_top.env.scoreboard] sw state 1, reg state          0
UVM_INFO @ 212871355 ps: (otp_ctrl_scoreboard.sv:570) uvm_test_top.env.scoreboard [uvm_test_top.env.scoreboard] sw state 1, reg state          0
UVM_INFO @ 212951355 ps: (otp_ctrl_scoreboard.sv:570) uvm_test_top.env.scoreboard [uvm_test_top.env.scoreboard] sw state 1, reg state          0
UVM_INFO @ 212991355 ps: (otp_ctrl_scoreboard.sv:570) uvm_test_top.env.scoreboard [uvm_test_top.env.scoreboard] sw state 1, reg state          0
UVM_INFO @ 213071355 ps: (otp_ctrl_scoreboard.sv:570) uvm_test_top.env.scoreboard [uvm_test_top.env.scoreboard] sw state 1, reg state          0
UVM_INFO @ 213111355 ps: (otp_ctrl_scoreboard.sv:570) uvm_test_top.env.scoreboard [uvm_test_top.env.scoreboard] sw state 1, reg state          0
UVM_INFO @ 213191355 ps: (otp_ctrl_scoreboard.sv:570) uvm_test_top.env.scoreboard [uvm_test_top.env.scoreboard] sw state 1, reg state          0
UVM_INFO @ 213231355 ps: (otp_ctrl_scoreboard.sv:570) uvm_test_top.env.scoreboard [uvm_test_top.env.scoreboard] sw state 1, reg state          0
UVM_INFO @ 213311355 ps: (otp_ctrl_scoreboard.sv:570) uvm_test_top.env.scoreboard [uvm_test_top.env.scoreboard] sw state 1, reg state          0
UVM_INFO @ 213351355 ps: (otp_ctrl_scoreboard.sv:570) uvm_test_top.env.scoreboard [uvm_test_top.env.scoreboard] sw state 1, reg state          0
UVM_INFO @ 213431355 ps: (otp_ctrl_scoreboard.sv:570) uvm_test_top.env.scoreboard [uvm_test_top.env.scoreboard] sw state 1, reg state          0
UVM_INFO @ 213471355 ps: (otp_ctrl_scoreboard.sv:570) uvm_test_top.env.scoreboard [uvm_test_top.env.scoreboard] sw state 1, reg state          0
UVM_INFO @ 213551355 ps: (otp_ctrl_scoreboard.sv:570) uvm_test_top.env.scoreboard [uvm_test_top.env.scoreboard] sw state 1, reg state          0
UVM_INFO @ 213591355 ps: (otp_ctrl_scoreboard.sv:570) uvm_test_top.env.scoreboard [uvm_test_top.env.scoreboard] sw state 1, reg state          0
UVM_INFO @ 213671355 ps: (otp_ctrl_scoreboard.sv:570) uvm_test_top.env.scoreboard [uvm_test_top.env.scoreboard] sw state 1, reg state          0
UVM_INFO @ 213711355 ps: (otp_ctrl_scoreboard.sv:570) uvm_test_top.env.scoreboard [uvm_test_top.env.scoreboard] sw state 1, reg state          0
UVM_INFO @ 213791355 ps: (otp_ctrl_scoreboard.sv:570) uvm_test_top.env.scoreboard [uvm_test_top.env.scoreboard] sw state 1, reg state          0
UVM_INFO @ 213831355 ps: (otp_ctrl_scoreboard.sv:570) uvm_test_top.env.scoreboard [uvm_test_top.env.scoreboard] sw state 1, reg state          0
UVM_INFO @ 213911355 ps: (otp_ctrl_scoreboard.sv:570) uvm_test_top.env.scoreboard [uvm_test_top.env.scoreboard] sw state 1, reg state          0
UVM_INFO @ 213951355 ps: (otp_ctrl_scoreboard.sv:570) uvm_test_top.env.scoreboard [uvm_test_top.env.scoreboard] sw state 1, reg state          0
UVM_INFO @ 214031355 ps: (otp_ctrl_scoreboard.sv:570) uvm_test_top.env.scoreboard [uvm_test_top.env.scoreboard] sw state 1, reg state          0
UVM_INFO @ 214071355 ps: (otp_ctrl_scoreboard.sv:570) uvm_test_top.env.scoreboard [uvm_test_top.env.scoreboard] sw state 1, reg state          0
UVM_INFO @ 214151355 ps: (otp_ctrl_scoreboard.sv:570) uvm_test_top.env.scoreboard [uvm_test_top.env.scoreboard] sw state 1, reg state          0
UVM_INFO @ 214191355 ps: (otp_ctrl_scoreboard.sv:570) uvm_test_top.env.scoreboard [uvm_test_top.env.scoreboard] sw state 1, reg state          0
UVM_INFO @ 214271355 ps: (otp_ctrl_scoreboard.sv:570) uvm_test_top.env.scoreboard [uvm_test_top.env.scoreboard] sw state 1, reg state          0
UVM_INFO @ 214311355 ps: (otp_ctrl_scoreboard.sv:570) uvm_test_top.env.scoreboard [uvm_test_top.env.scoreboard] sw state 1, reg state          0
UVM_INFO @ 214391355 ps: (otp_ctrl_scoreboard.sv:570) uvm_test_top.env.scoreboard [uvm_test_top.env.scoreboard] sw state 1, reg state          0
UVM_INFO @ 214431355 ps: (otp_ctrl_scoreboard.sv:570) uvm_test_top.env.scoreboard [uvm_test_top.env.scoreboard] sw state 1, reg state          0
UVM_INFO @ 214511355 ps: (otp_ctrl_scoreboard.sv:570) uvm_test_top.env.scoreboard [uvm_test_top.env.scoreboard] sw state 1, reg state          0
UVM_INFO @ 214551355 ps: (otp_ctrl_scoreboard.sv:570) uvm_test_top.env.scoreboard [uvm_test_top.env.scoreboard] sw state 1, reg state          0
UVM_INFO @ 214631355 ps: (otp_ctrl_scoreboard.sv:570) uvm_test_top.env.scoreboard [uvm_test_top.env.scoreboard] sw state 1, reg state          0
UVM_INFO @ 214671355 ps: (otp_ctrl_scoreboard.sv:570) uvm_test_top.env.scoreboard [uvm_test_top.env.scoreboard] sw state 1, reg state          0
UVM_INFO @ 214751355 ps: (otp_ctrl_scoreboard.sv:570) uvm_test_top.env.scoreboard [uvm_test_top.env.scoreboard] sw state 1, reg state          0
UVM_INFO @ 214791355 ps: (otp_ctrl_scoreboard.sv:570) uvm_test_top.env.scoreboard [uvm_test_top.env.scoreboard] sw state 1, reg state          0
UVM_INFO @ 214871355 ps: (otp_ctrl_scoreboard.sv:570) uvm_test_top.env.scoreboard [uvm_test_top.env.scoreboard] sw state 1, reg state          0
UVM_INFO @ 214911355 ps: (otp_ctrl_scoreboard.sv:570) uvm_test_top.env.scoreboard [uvm_test_top.env.scoreboard] sw state 1, reg state          0
UVM_INFO @ 214991355 ps: (otp_ctrl_scoreboard.sv:570) uvm_test_top.env.scoreboard [uvm_test_top.env.scoreboard] sw state 1, reg state          0
UVM_INFO @ 215031355 ps: (otp_ctrl_scoreboard.sv:570) uvm_test_top.env.scoreboard [uvm_test_top.env.scoreboard] sw state 1, reg state          0
UVM_INFO @ 215111355 ps: (otp_ctrl_scoreboard.sv:570) uvm_test_top.env.scoreboard [uvm_test_top.env.scoreboard] sw state 1, reg state          0
UVM_INFO @ 215151355 ps: (otp_ctrl_scoreboard.sv:570) uvm_test_top.env.scoreboard [uvm_test_top.env.scoreboard] sw state 1, reg state          0
UVM_INFO @ 215231355 ps: (otp_ctrl_scoreboard.sv:570) uvm_test_top.env.scoreboard [uvm_test_top.env.scoreboard] sw state 1, reg state          0
UVM_INFO @ 215271355 ps: (otp_ctrl_scoreboard.sv:570) uvm_test_top.env.scoreboard [uvm_test_top.env.scoreboard] sw state 1, reg state          0
UVM_INFO @ 215351355 ps: (otp_ctrl_scoreboard.sv:570) uvm_test_top.env.scoreboard [uvm_test_top.env.scoreboard] sw state 1, reg state          0
UVM_INFO @ 215391355 ps: (otp_ctrl_scoreboard.sv:570) uvm_test_top.env.scoreboard [uvm_test_top.env.scoreboard] sw state 1, reg state          0
UVM_INFO @ 215471355 ps: (otp_ctrl_scoreboard.sv:570) uvm_test_top.env.scoreboard [uvm_test_top.env.scoreboard] sw state 1, reg state          0
UVM_INFO @ 215511355 ps: (otp_ctrl_scoreboard.sv:570) uvm_test_top.env.scoreboard [uvm_test_top.env.scoreboard] sw state 1, reg state          0
UVM_INFO @ 215591355 ps: (otp_ctrl_scoreboard.sv:570) uvm_test_top.env.scoreboard [uvm_test_top.env.scoreboard] sw state 1, reg state          0
UVM_INFO @ 215631355 ps: (otp_ctrl_scoreboard.sv:570) uvm_test_top.env.scoreboard [uvm_test_top.env.scoreboard] sw state 1, reg state          0
UVM_INFO @ 215711355 ps: (otp_ctrl_scoreboard.sv:570) uvm_test_top.env.scoreboard [uvm_test_top.env.scoreboard] sw state 1, reg state          0
UVM_INFO @ 215751355 ps: (otp_ctrl_scoreboard.sv:570) uvm_test_top.env.scoreboard [uvm_test_top.env.scoreboard] sw state 1, reg state          0
UVM_INFO @ 215831355 ps: (otp_ctrl_scoreboard.sv:570) uvm_test_top.env.scoreboard [uvm_test_top.env.scoreboard] sw state 1, reg state          0
UVM_INFO @ 215871355 ps: (otp_ctrl_scoreboard.sv:570) uvm_test_top.env.scoreboard [uvm_test_top.env.scoreboard] sw state 1, reg state          0
UVM_INFO @ 215951355 ps: (otp_ctrl_scoreboard.sv:570) uvm_test_top.env.scoreboard [uvm_test_top.env.scoreboard] sw state 1, reg state          0
UVM_INFO @ 215991355 ps: (otp_ctrl_scoreboard.sv:570) uvm_test_top.env.scoreboard [uvm_test_top.env.scoreboard] sw state 1, reg state          0
UVM_INFO @ 216071355 ps: (otp_ctrl_scoreboard.sv:570) uvm_test_top.env.scoreboard [uvm_test_top.env.scoreboard] sw state 1, reg state          0
UVM_INFO @ 216111355 ps: (otp_ctrl_scoreboard.sv:570) uvm_test_top.env.scoreboard [uvm_test_top.env.scoreboard] sw state 1, reg state          0
UVM_INFO @ 216191355 ps: (otp_ctrl_scoreboard.sv:570) uvm_test_top.env.scoreboard [uvm_test_top.env.scoreboard] sw state 1, reg state          0
UVM_INFO @ 216231355 ps: (otp_ctrl_scoreboard.sv:570) uvm_test_top.env.scoreboard [uvm_test_top.env.scoreboard] sw state 1, reg state          0
UVM_INFO @ 216311355 ps: (otp_ctrl_scoreboard.sv:570) uvm_test_top.env.scoreboard [uvm_test_top.env.scoreboard] sw state 1, reg state          0
UVM_INFO @ 216351355 ps: (otp_ctrl_scoreboard.sv:570) uvm_test_top.env.scoreboard [uvm_test_top.env.scoreboard] sw state 1, reg state          0
UVM_INFO @ 216431355 ps: (otp_ctrl_scoreboard.sv:570) uvm_test_top.env.scoreboard [uvm_test_top.env.scoreboard] sw state 1, reg state          0
UVM_INFO @ 216471355 ps: (otp_ctrl_scoreboard.sv:570) uvm_test_top.env.scoreboard [uvm_test_top.env.scoreboard] sw state 1, reg state          0
UVM_INFO @ 216551355 ps: (otp_ctrl_scoreboard.sv:570) uvm_test_top.env.scoreboard [uvm_test_top.env.scoreboard] sw state 1, reg state          0
UVM_INFO @ 216591355 ps: (otp_ctrl_scoreboard.sv:570) uvm_test_top.env.scoreboard [uvm_test_top.env.scoreboard] sw state 1, reg state          0
UVM_INFO @ 216671355 ps: (otp_ctrl_scoreboard.sv:570) uvm_test_top.env.scoreboard [uvm_test_top.env.scoreboard] sw state 1, reg state          0
UVM_INFO @ 216711355 ps: (otp_ctrl_scoreboard.sv:570) uvm_test_top.env.scoreboard [uvm_test_top.env.scoreboard] sw state 1, reg state          0
UVM_INFO @ 216791355 ps: (otp_ctrl_scoreboard.sv:570) uvm_test_top.env.scoreboard [uvm_test_top.env.scoreboard] sw state 1, reg state          0
UVM_INFO @ 216831355 ps: (otp_ctrl_scoreboard.sv:570) uvm_test_top.env.scoreboard [uvm_test_top.env.scoreboard] sw state 1, reg state          0
UVM_INFO @ 216911355 ps: (otp_ctrl_scoreboard.sv:570) uvm_test_top.env.scoreboard [uvm_test_top.env.scoreboard] sw state 1, reg state          0
UVM_INFO @ 216951355 ps: (otp_ctrl_scoreboard.sv:570) uvm_test_top.env.scoreboard [uvm_test_top.env.scoreboard] sw state 1, reg state          0
UVM_INFO @ 217031355 ps: (otp_ctrl_scoreboard.sv:570) uvm_test_top.env.scoreboard [uvm_test_top.env.scoreboard] sw state 1, reg state          0
UVM_INFO @ 217071355 ps: (otp_ctrl_scoreboard.sv:570) uvm_test_top.env.scoreboard [uvm_test_top.env.scoreboard] sw state 1, reg state          0
UVM_INFO @ 217151355 ps: (otp_ctrl_scoreboard.sv:570) uvm_test_top.env.scoreboard [uvm_test_top.env.scoreboard] sw state 1, reg state          0
UVM_INFO @ 217191355 ps: (otp_ctrl_scoreboard.sv:570) uvm_test_top.env.scoreboard [uvm_test_top.env.scoreboard] sw state 1, reg state          0
UVM_INFO @ 217271355 ps: (otp_ctrl_scoreboard.sv:570) uvm_test_top.env.scoreboard [uvm_test_top.env.scoreboard] sw state 1, reg state          0
UVM_INFO @ 217311355 ps: (otp_ctrl_scoreboard.sv:570) uvm_test_top.env.scoreboard [uvm_test_top.env.scoreboard] sw state 1, reg state          0
UVM_INFO @ 217391355 ps: (otp_ctrl_scoreboard.sv:570) uvm_test_top.env.scoreboard [uvm_test_top.env.scoreboard] sw state 1, reg state          0
UVM_INFO @ 217431355 ps: (otp_ctrl_scoreboard.sv:570) uvm_test_top.env.scoreboard [uvm_test_top.env.scoreboard] sw state 1, reg state          0
UVM_INFO @ 217511355 ps: (otp_ctrl_scoreboard.sv:570) uvm_test_top.env.scoreboard [uvm_test_top.env.scoreboard] sw state 1, reg state          0
UVM_INFO @ 217551355 ps: (otp_ctrl_scoreboard.sv:570) uvm_test_top.env.scoreboard [uvm_test_top.env.scoreboard] sw state 1, reg state          0
UVM_INFO @ 217631355 ps: (otp_ctrl_scoreboard.sv:570) uvm_test_top.env.scoreboard [uvm_test_top.env.scoreboard] sw state 1, reg state          0
UVM_INFO @ 217671355 ps: (otp_ctrl_scoreboard.sv:570) uvm_test_top.env.scoreboard [uvm_test_top.env.scoreboard] sw state 1, reg state          0
UVM_INFO @ 217751355 ps: (otp_ctrl_scoreboard.sv:570) uvm_test_top.env.scoreboard [uvm_test_top.env.scoreboard] sw state 1, reg state          0
UVM_INFO @ 217791355 ps: (otp_ctrl_scoreboard.sv:570) uvm_test_top.env.scoreboard [uvm_test_top.env.scoreboard] sw state 1, reg state          0
UVM_INFO @ 217871355 ps: (otp_ctrl_scoreboard.sv:570) uvm_test_top.env.scoreboard [uvm_test_top.env.scoreboard] sw state 1, reg state          0
UVM_INFO @ 217911355 ps: (otp_ctrl_scoreboard.sv:570) uvm_test_top.env.scoreboard [uvm_test_top.env.scoreboard] sw state 1, reg state          0
UVM_INFO @ 217991355 ps: (otp_ctrl_scoreboard.sv:570) uvm_test_top.env.scoreboard [uvm_test_top.env.scoreboard] sw state 1, reg state          0
UVM_INFO @ 218031355 ps: (otp_ctrl_scoreboard.sv:570) uvm_test_top.env.scoreboard [uvm_test_top.env.scoreboard] sw state 1, reg state          0
UVM_INFO @ 218111355 ps: (otp_ctrl_scoreboard.sv:570) uvm_test_top.env.scoreboard [uvm_test_top.env.scoreboard] sw state 1, reg state          0
UVM_INFO @ 218151355 ps: (otp_ctrl_scoreboard.sv:570) uvm_test_top.env.scoreboard [uvm_test_top.env.scoreboard] sw state 1, reg state          0
UVM_INFO @ 218231355 ps: (otp_ctrl_scoreboard.sv:570) uvm_test_top.env.scoreboard [uvm_test_top.env.scoreboard] sw state 1, reg state          0
UVM_INFO @ 218271355 ps: (otp_ctrl_scoreboard.sv:570) uvm_test_top.env.scoreboard [uvm_test_top.env.scoreboard] sw state 1, reg state          0
UVM_INFO @ 218351355 ps: (otp_ctrl_scoreboard.sv:570) uvm_test_top.env.scoreboard [uvm_test_top.env.scoreboard] sw state 1, reg state          0
UVM_INFO @ 218391355 ps: (otp_ctrl_scoreboard.sv:570) uvm_test_top.env.scoreboard [uvm_test_top.env.scoreboard] sw state 1, reg state          0
UVM_INFO @ 218471355 ps: (otp_ctrl_scoreboard.sv:570) uvm_test_top.env.scoreboard [uvm_test_top.env.scoreboard] sw state 1, reg state          0
UVM_INFO @ 218511355 ps: (otp_ctrl_scoreboard.sv:570) uvm_test_top.env.scoreboard [uvm_test_top.env.scoreboard] sw state 1, reg state          0
UVM_INFO @ 218591355 ps: (otp_ctrl_scoreboard.sv:570) uvm_test_top.env.scoreboard [uvm_test_top.env.scoreboard] sw state 1, reg state          0
UVM_INFO @ 218631355 ps: (otp_ctrl_scoreboard.sv:570) uvm_test_top.env.scoreboard [uvm_test_top.env.scoreboard] sw state 1, reg state          0
UVM_INFO @ 218711355 ps: (otp_ctrl_scoreboard.sv:570) uvm_test_top.env.scoreboard [uvm_test_top.env.scoreboard] sw state 1, reg state          0
UVM_INFO @ 218751355 ps: (otp_ctrl_scoreboard.sv:570) uvm_test_top.env.scoreboard [uvm_test_top.env.scoreboard] sw state 1, reg state          0
UVM_INFO @ 218831355 ps: (otp_ctrl_scoreboard.sv:570) uvm_test_top.env.scoreboard [uvm_test_top.env.scoreboard] sw state 1, reg state          0
UVM_INFO @ 218871355 ps: (otp_ctrl_scoreboard.sv:570) uvm_test_top.env.scoreboard [uvm_test_top.env.scoreboard] sw state 1, reg state          0
UVM_INFO @ 218951355 ps: (otp_ctrl_scoreboard.sv:570) uvm_test_top.env.scoreboard [uvm_test_top.env.scoreboard] sw state 1, reg state          0
UVM_INFO @ 218991355 ps: (otp_ctrl_scoreboard.sv:570) uvm_test_top.env.scoreboard [uvm_test_top.env.scoreboard] sw state 1, reg state          0
UVM_INFO @ 219071355 ps: (otp_ctrl_scoreboard.sv:570) uvm_test_top.env.scoreboard [uvm_test_top.env.scoreboard] sw state 1, reg state          0
UVM_INFO @ 219111355 ps: (otp_ctrl_scoreboard.sv:570) uvm_test_top.env.scoreboard [uvm_test_top.env.scoreboard] sw state 1, reg state          0
UVM_INFO @ 219191355 ps: (otp_ctrl_scoreboard.sv:570) uvm_test_top.env.scoreboard [uvm_test_top.env.scoreboard] sw state 1, reg state          0
UVM_INFO @ 219231355 ps: (otp_ctrl_scoreboard.sv:570) uvm_test_top.env.scoreboard [uvm_test_top.env.scoreboard] sw state 1, reg state          0
UVM_INFO @ 219311355 ps: (otp_ctrl_scoreboard.sv:570) uvm_test_top.env.scoreboard [uvm_test_top.env.scoreboard] sw state 1, reg state          0
UVM_INFO @ 219351355 ps: (otp_ctrl_scoreboard.sv:570) uvm_test_top.env.scoreboard [uvm_test_top.env.scoreboard] sw state 1, reg state          0
UVM_INFO @ 219431355 ps: (otp_ctrl_scoreboard.sv:570) uvm_test_top.env.scoreboard [uvm_test_top.env.scoreboard] sw state 1, reg state          0
UVM_INFO @ 219471355 ps: (otp_ctrl_scoreboard.sv:570) uvm_test_top.env.scoreboard [uvm_test_top.env.scoreboard] sw state 1, reg state          0
UVM_INFO @ 219551355 ps: (otp_ctrl_scoreboard.sv:570) uvm_test_top.env.scoreboard [uvm_test_top.env.scoreboard] sw state 1, reg state          0
UVM_INFO @ 219591355 ps: (otp_ctrl_scoreboard.sv:570) uvm_test_top.env.scoreboard [uvm_test_top.env.scoreboard] sw state 1, reg state          0
UVM_INFO @ 219591355 ps: (dv_base_reg.sv:329) [otp_ctrl_core_reg_block.direct_access_regwen] lock_lockable_flds          1 val
UVM_INFO @ 219631355 ps: (otp_ctrl_scoreboard.sv:570) uvm_test_top.env.scoreboard [uvm_test_top.env.scoreboard] sw state 1, reg state          1
UVM_INFO @ 219671355 ps: (otp_ctrl_scoreboard.sv:570) uvm_test_top.env.scoreboard [uvm_test_top.env.scoreboard] sw state 1, reg state          1
UVM_INFO @ 219711355 ps: (otp_ctrl_scoreboard.sv:570) uvm_test_top.env.scoreboard [uvm_test_top.env.scoreboard] sw state 1, reg state          1
UVM_INFO @ 219751355 ps: (otp_ctrl_scoreboard.sv:570) uvm_test_top.env.scoreboard [uvm_test_top.env.scoreboard] sw state 1, reg state          1
UVM_INFO @ 219791355 ps: (otp_ctrl_scoreboard.sv:570) uvm_test_top.env.scoreboard [uvm_test_top.env.scoreboard] sw state 1, reg state          1
UVM_INFO @ 219831355 ps: (otp_ctrl_scoreboard.sv:570) uvm_test_top.env.scoreboard [uvm_test_top.env.scoreboard] sw state 1, reg state          1
UVM_INFO @ 219871355 ps: (otp_ctrl_scoreboard.sv:570) uvm_test_top.env.scoreboard [uvm_test_top.env.scoreboard] sw state 1, reg state          1
UVM_INFO @ 219871355 ps: (dv_base_reg.sv:329) [otp_ctrl_core_reg_block.direct_access_regwen] lock_lockable_flds          0 val
UVM_INFO @ 219871355 ps: (dv_base_reg.sv:329) [otp_ctrl_core_reg_block.direct_access_regwen] lock_lockable_flds          0 val
UVM_INFO @ 219911355 ps: (otp_ctrl_scoreboard.sv:570) uvm_test_top.env.scoreboard [uvm_test_top.env.scoreboard] sw state 1, reg state          0
UVM_INFO @ 219991355 ps: (otp_ctrl_scoreboard.sv:570) uvm_test_top.env.scoreboard [uvm_test_top.env.scoreboard] sw state 1, reg state          0
UVM_INFO @ 220031355 ps: (otp_ctrl_scoreboard.sv:570) uvm_test_top.env.scoreboard [uvm_test_top.env.scoreboard] sw state 1, reg state          0
UVM_INFO @ 220111355 ps: (otp_ctrl_scoreboard.sv:570) uvm_test_top.env.scoreboard [uvm_test_top.env.scoreboard] sw state 1, reg state          0
UVM_INFO @ 220151355 ps: (otp_ctrl_scoreboard.sv:570) uvm_test_top.env.scoreboard [uvm_test_top.env.scoreboard] sw state 1, reg state          0
UVM_INFO @ 220231355 ps: (otp_ctrl_scoreboard.sv:570) uvm_test_top.env.scoreboard [uvm_test_top.env.scoreboard] sw state 1, reg state          0
UVM_INFO @ 220271355 ps: (otp_ctrl_scoreboard.sv:570) uvm_test_top.env.scoreboard [uvm_test_top.env.scoreboard] sw state 1, reg state          0
UVM_INFO @ 220351355 ps: (otp_ctrl_scoreboard.sv:570) uvm_test_top.env.scoreboard [uvm_test_top.env.scoreboard] sw state 1, reg state          0
UVM_INFO @ 220391355 ps: (otp_ctrl_scoreboard.sv:570) uvm_test_top.env.scoreboard [uvm_test_top.env.scoreboard] sw state 1, reg state          0
UVM_INFO @ 220471355 ps: (otp_ctrl_scoreboard.sv:570) uvm_test_top.env.scoreboard [uvm_test_top.env.scoreboard] sw state 1, reg state          0
UVM_INFO @ 220511355 ps: (otp_ctrl_scoreboard.sv:570) uvm_test_top.env.scoreboard [uvm_test_top.env.scoreboard] sw state 1, reg state          0
UVM_INFO @ 220591355 ps: (otp_ctrl_scoreboard.sv:570) uvm_test_top.env.scoreboard [uvm_test_top.env.scoreboard] sw state 1, reg state          0
UVM_INFO @ 220631355 ps: (otp_ctrl_scoreboard.sv:570) uvm_test_top.env.scoreboard [uvm_test_top.env.scoreboard] sw state 1, reg state          0
UVM_INFO @ 220711355 ps: (otp_ctrl_scoreboard.sv:570) uvm_test_top.env.scoreboard [uvm_test_top.env.scoreboard] sw state 1, reg state          0
UVM_INFO @ 220751355 ps: (otp_ctrl_scoreboard.sv:570) uvm_test_top.env.scoreboard [uvm_test_top.env.scoreboard] sw state 1, reg state          0
UVM_INFO @ 220831355 ps: (otp_ctrl_scoreboard.sv:570) uvm_test_top.env.scoreboard [uvm_test_top.env.scoreboard] sw state 1, reg state          0
UVM_INFO @ 220871355 ps: (otp_ctrl_scoreboard.sv:570) uvm_test_top.env.scoreboard [uvm_test_top.env.scoreboard] sw state 1, reg state          0
UVM_INFO @ 220951355 ps: (otp_ctrl_scoreboard.sv:570) uvm_test_top.env.scoreboard [uvm_test_top.env.scoreboard] sw state 1, reg state          0
UVM_INFO @ 220991355 ps: (otp_ctrl_scoreboard.sv:570) uvm_test_top.env.scoreboard [uvm_test_top.env.scoreboard] sw state 1, reg state          0
UVM_INFO @ 221071355 ps: (otp_ctrl_scoreboard.sv:570) uvm_test_top.env.scoreboard [uvm_test_top.env.scoreboard] sw state 1, reg state          0
UVM_INFO @ 221111355 ps: (otp_ctrl_scoreboard.sv:570) uvm_test_top.env.scoreboard [uvm_test_top.env.scoreboard] sw state 1, reg state          0
UVM_INFO @ 221191355 ps: (otp_ctrl_scoreboard.sv:570) uvm_test_top.env.scoreboard [uvm_test_top.env.scoreboard] sw state 1, reg state          0
UVM_INFO @ 221231355 ps: (otp_ctrl_scoreboard.sv:570) uvm_test_top.env.scoreboard [uvm_test_top.env.scoreboard] sw state 1, reg state          0
UVM_INFO @ 221311355 ps: (otp_ctrl_scoreboard.sv:570) uvm_test_top.env.scoreboard [uvm_test_top.env.scoreboard] sw state 1, reg state          0
UVM_INFO @ 221351355 ps: (otp_ctrl_scoreboard.sv:570) uvm_test_top.env.scoreboard [uvm_test_top.env.scoreboard] sw state 1, reg state          0
UVM_INFO @ 221431355 ps: (otp_ctrl_scoreboard.sv:570) uvm_test_top.env.scoreboard [uvm_test_top.env.scoreboard] sw state 1, reg state          0
UVM_INFO @ 221471355 ps: (otp_ctrl_scoreboard.sv:570) uvm_test_top.env.scoreboard [uvm_test_top.env.scoreboard] sw state 1, reg state          0
UVM_INFO @ 221551355 ps: (otp_ctrl_scoreboard.sv:570) uvm_test_top.env.scoreboard [uvm_test_top.env.scoreboard] sw state 1, reg state          0
UVM_INFO @ 221591355 ps: (otp_ctrl_scoreboard.sv:570) uvm_test_top.env.scoreboard [uvm_test_top.env.scoreboard] sw state 1, reg state          0
UVM_INFO @ 221671355 ps: (otp_ctrl_scoreboard.sv:570) uvm_test_top.env.scoreboard [uvm_test_top.env.scoreboard] sw state 1, reg state          0
UVM_INFO @ 221711355 ps: (otp_ctrl_scoreboard.sv:570) uvm_test_top.env.scoreboard [uvm_test_top.env.scoreboard] sw state 1, reg state          0
UVM_INFO @ 221791355 ps: (otp_ctrl_scoreboard.sv:570) uvm_test_top.env.scoreboard [uvm_test_top.env.scoreboard] sw state 1, reg state          0
UVM_INFO @ 221831355 ps: (otp_ctrl_scoreboard.sv:570) uvm_test_top.env.scoreboard [uvm_test_top.env.scoreboard] sw state 1, reg state          0
UVM_INFO @ 221911355 ps: (otp_ctrl_scoreboard.sv:570) uvm_test_top.env.scoreboard [uvm_test_top.env.scoreboard] sw state 1, reg state          0
UVM_INFO @ 221951355 ps: (otp_ctrl_scoreboard.sv:570) uvm_test_top.env.scoreboard [uvm_test_top.env.scoreboard] sw state 1, reg state          0
UVM_INFO @ 222031355 ps: (otp_ctrl_scoreboard.sv:570) uvm_test_top.env.scoreboard [uvm_test_top.env.scoreboard] sw state 1, reg state          0
UVM_INFO @ 222071355 ps: (otp_ctrl_scoreboard.sv:570) uvm_test_top.env.scoreboard [uvm_test_top.env.scoreboard] sw state 1, reg state          0
UVM_INFO @ 222151355 ps: (otp_ctrl_scoreboard.sv:570) uvm_test_top.env.scoreboard [uvm_test_top.env.scoreboard] sw state 1, reg state          0
UVM_INFO @ 222191355 ps: (otp_ctrl_scoreboard.sv:570) uvm_test_top.env.scoreboard [uvm_test_top.env.scoreboard] sw state 1, reg state          0
UVM_INFO @ 222271355 ps: (otp_ctrl_scoreboard.sv:570) uvm_test_top.env.scoreboard [uvm_test_top.env.scoreboard] sw state 1, reg state          0
UVM_INFO @ 222311355 ps: (otp_ctrl_scoreboard.sv:570) uvm_test_top.env.scoreboard [uvm_test_top.env.scoreboard] sw state 1, reg state          0
UVM_INFO @ 222391355 ps: (otp_ctrl_scoreboard.sv:570) uvm_test_top.env.scoreboard [uvm_test_top.env.scoreboard] sw state 1, reg state          0
UVM_INFO @ 222431355 ps: (otp_ctrl_scoreboard.sv:570) uvm_test_top.env.scoreboard [uvm_test_top.env.scoreboard] sw state 1, reg state          0
UVM_INFO @ 222511355 ps: (otp_ctrl_scoreboard.sv:570) uvm_test_top.env.scoreboard [uvm_test_top.env.scoreboard] sw state 1, reg state          0
UVM_INFO @ 222551355 ps: (otp_ctrl_scoreboard.sv:570) uvm_test_top.env.scoreboard [uvm_test_top.env.scoreboard] sw state 1, reg state          0
UVM_INFO @ 222631355 ps: (otp_ctrl_scoreboard.sv:570) uvm_test_top.env.scoreboard [uvm_test_top.env.scoreboard] sw state 1, reg state          0
UVM_INFO @ 222671355 ps: (otp_ctrl_scoreboard.sv:570) uvm_test_top.env.scoreboard [uvm_test_top.env.scoreboard] sw state 1, reg state          0
UVM_INFO @ 222751355 ps: (otp_ctrl_scoreboard.sv:570) uvm_test_top.env.scoreboard [uvm_test_top.env.scoreboard] sw state 1, reg state          0
UVM_INFO @ 222791355 ps: (otp_ctrl_scoreboard.sv:570) uvm_test_top.env.scoreboard [uvm_test_top.env.scoreboard] sw state 1, reg state          0
UVM_INFO @ 222871355 ps: (otp_ctrl_scoreboard.sv:570) uvm_test_top.env.scoreboard [uvm_test_top.env.scoreboard] sw state 1, reg state          0
UVM_INFO @ 222911355 ps: (otp_ctrl_scoreboard.sv:570) uvm_test_top.env.scoreboard [uvm_test_top.env.scoreboard] sw state 1, reg state          0
UVM_INFO @ 222991355 ps: (otp_ctrl_scoreboard.sv:570) uvm_test_top.env.scoreboard [uvm_test_top.env.scoreboard] sw state 1, reg state          0
UVM_INFO @ 223031355 ps: (otp_ctrl_scoreboard.sv:570) uvm_test_top.env.scoreboard [uvm_test_top.env.scoreboard] sw state 1, reg state          0
UVM_INFO @ 223111355 ps: (otp_ctrl_scoreboard.sv:570) uvm_test_top.env.scoreboard [uvm_test_top.env.scoreboard] sw state 1, reg state          0
UVM_INFO @ 223151355 ps: (otp_ctrl_scoreboard.sv:570) uvm_test_top.env.scoreboard [uvm_test_top.env.scoreboard] sw state 1, reg state          0
UVM_INFO @ 223231355 ps: (otp_ctrl_scoreboard.sv:570) uvm_test_top.env.scoreboard [uvm_test_top.env.scoreboard] sw state 1, reg state          0
UVM_INFO @ 223271355 ps: (otp_ctrl_scoreboard.sv:570) uvm_test_top.env.scoreboard [uvm_test_top.env.scoreboard] sw state 1, reg state          0
UVM_INFO @ 223351355 ps: (otp_ctrl_scoreboard.sv:570) uvm_test_top.env.scoreboard [uvm_test_top.env.scoreboard] sw state 1, reg state          0
UVM_INFO @ 223391355 ps: (otp_ctrl_scoreboard.sv:570) uvm_test_top.env.scoreboard [uvm_test_top.env.scoreboard] sw state 1, reg state          0
UVM_INFO @ 223471355 ps: (otp_ctrl_scoreboard.sv:570) uvm_test_top.env.scoreboard [uvm_test_top.env.scoreboard] sw state 1, reg state          0
UVM_INFO @ 223511355 ps: (otp_ctrl_scoreboard.sv:570) uvm_test_top.env.scoreboard [uvm_test_top.env.scoreboard] sw state 1, reg state          0
UVM_INFO @ 223591355 ps: (otp_ctrl_scoreboard.sv:570) uvm_test_top.env.scoreboard [uvm_test_top.env.scoreboard] sw state 1, reg state          0
UVM_INFO @ 223631355 ps: (otp_ctrl_scoreboard.sv:570) uvm_test_top.env.scoreboard [uvm_test_top.env.scoreboard] sw state 1, reg state          0
UVM_INFO @ 223711355 ps: (otp_ctrl_scoreboard.sv:570) uvm_test_top.env.scoreboard [uvm_test_top.env.scoreboard] sw state 1, reg state          0
UVM_INFO @ 223751355 ps: (otp_ctrl_scoreboard.sv:570) uvm_test_top.env.scoreboard [uvm_test_top.env.scoreboard] sw state 1, reg state          0
UVM_INFO @ 223831355 ps: (otp_ctrl_scoreboard.sv:570) uvm_test_top.env.scoreboard [uvm_test_top.env.scoreboard] sw state 1, reg state          0
UVM_INFO @ 223871355 ps: (otp_ctrl_scoreboard.sv:570) uvm_test_top.env.scoreboard [uvm_test_top.env.scoreboard] sw state 1, reg state          0
UVM_INFO @ 223951355 ps: (otp_ctrl_scoreboard.sv:570) uvm_test_top.env.scoreboard [uvm_test_top.env.scoreboard] sw state 1, reg state          0
UVM_INFO @ 223991355 ps: (otp_ctrl_scoreboard.sv:570) uvm_test_top.env.scoreboard [uvm_test_top.env.scoreboard] sw state 1, reg state          0
UVM_INFO @ 224071355 ps: (otp_ctrl_scoreboard.sv:570) uvm_test_top.env.scoreboard [uvm_test_top.env.scoreboard] sw state 1, reg state          0
UVM_INFO @ 224111355 ps: (otp_ctrl_scoreboard.sv:570) uvm_test_top.env.scoreboard [uvm_test_top.env.scoreboard] sw state 1, reg state          0
UVM_INFO @ 224191355 ps: (otp_ctrl_scoreboard.sv:570) uvm_test_top.env.scoreboard [uvm_test_top.env.scoreboard] sw state 1, reg state          0
UVM_INFO @ 224231355 ps: (otp_ctrl_scoreboard.sv:570) uvm_test_top.env.scoreboard [uvm_test_top.env.scoreboard] sw state 1, reg state          0
UVM_INFO @ 224311355 ps: (otp_ctrl_scoreboard.sv:570) uvm_test_top.env.scoreboard [uvm_test_top.env.scoreboard] sw state 1, reg state          0
UVM_INFO @ 224351355 ps: (otp_ctrl_scoreboard.sv:570) uvm_test_top.env.scoreboard [uvm_test_top.env.scoreboard] sw state 1, reg state          0
UVM_INFO @ 224431355 ps: (otp_ctrl_scoreboard.sv:570) uvm_test_top.env.scoreboard [uvm_test_top.env.scoreboard] sw state 1, reg state          0
UVM_INFO @ 224471355 ps: (otp_ctrl_scoreboard.sv:570) uvm_test_top.env.scoreboard [uvm_test_top.env.scoreboard] sw state 1, reg state          0
UVM_INFO @ 224551355 ps: (otp_ctrl_scoreboard.sv:570) uvm_test_top.env.scoreboard [uvm_test_top.env.scoreboard] sw state 1, reg state          0
UVM_INFO @ 224591355 ps: (otp_ctrl_scoreboard.sv:570) uvm_test_top.env.scoreboard [uvm_test_top.env.scoreboard] sw state 1, reg state          0
UVM_INFO @ 224671355 ps: (otp_ctrl_scoreboard.sv:570) uvm_test_top.env.scoreboard [uvm_test_top.env.scoreboard] sw state 1, reg state          0
UVM_INFO @ 224711355 ps: (otp_ctrl_scoreboard.sv:570) uvm_test_top.env.scoreboard [uvm_test_top.env.scoreboard] sw state 1, reg state          0
UVM_INFO @ 224791355 ps: (otp_ctrl_scoreboard.sv:570) uvm_test_top.env.scoreboard [uvm_test_top.env.scoreboard] sw state 1, reg state          0
UVM_INFO @ 224831355 ps: (otp_ctrl_scoreboard.sv:570) uvm_test_top.env.scoreboard [uvm_test_top.env.scoreboard] sw state 1, reg state          0
UVM_INFO @ 224911355 ps: (otp_ctrl_scoreboard.sv:570) uvm_test_top.env.scoreboard [uvm_test_top.env.scoreboard] sw state 1, reg state          0
UVM_INFO @ 224951355 ps: (otp_ctrl_scoreboard.sv:570) uvm_test_top.env.scoreboard [uvm_test_top.env.scoreboard] sw state 1, reg state          0
UVM_INFO @ 225031355 ps: (otp_ctrl_scoreboard.sv:570) uvm_test_top.env.scoreboard [uvm_test_top.env.scoreboard] sw state 1, reg state          0
UVM_INFO @ 225071355 ps: (otp_ctrl_scoreboard.sv:570) uvm_test_top.env.scoreboard [uvm_test_top.env.scoreboard] sw state 1, reg state          0
UVM_INFO @ 225151355 ps: (otp_ctrl_scoreboard.sv:570) uvm_test_top.env.scoreboard [uvm_test_top.env.scoreboard] sw state 1, reg state          0
UVM_INFO @ 225191355 ps: (otp_ctrl_scoreboard.sv:570) uvm_test_top.env.scoreboard [uvm_test_top.env.scoreboard] sw state 1, reg state          0
UVM_INFO @ 225271355 ps: (otp_ctrl_scoreboard.sv:570) uvm_test_top.env.scoreboard [uvm_test_top.env.scoreboard] sw state 1, reg state          0
UVM_INFO @ 225311355 ps: (otp_ctrl_scoreboard.sv:570) uvm_test_top.env.scoreboard [uvm_test_top.env.scoreboard] sw state 1, reg state          0
UVM_INFO @ 225391355 ps: (otp_ctrl_scoreboard.sv:570) uvm_test_top.env.scoreboard [uvm_test_top.env.scoreboard] sw state 1, reg state          0
UVM_INFO @ 225431355 ps: (otp_ctrl_scoreboard.sv:570) uvm_test_top.env.scoreboard [uvm_test_top.env.scoreboard] sw state 1, reg state          0
UVM_INFO @ 225511355 ps: (otp_ctrl_scoreboard.sv:570) uvm_test_top.env.scoreboard [uvm_test_top.env.scoreboard] sw state 1, reg state          0
UVM_INFO @ 225551355 ps: (otp_ctrl_scoreboard.sv:570) uvm_test_top.env.scoreboard [uvm_test_top.env.scoreboard] sw state 1, reg state          0
UVM_INFO @ 225631355 ps: (otp_ctrl_scoreboard.sv:570) uvm_test_top.env.scoreboard [uvm_test_top.env.scoreboard] sw state 1, reg state          0
UVM_INFO @ 225671355 ps: (otp_ctrl_scoreboard.sv:570) uvm_test_top.env.scoreboard [uvm_test_top.env.scoreboard] sw state 1, reg state          0
UVM_INFO @ 225751355 ps: (otp_ctrl_scoreboard.sv:570) uvm_test_top.env.scoreboard [uvm_test_top.env.scoreboard] sw state 1, reg state          0
UVM_INFO @ 225791355 ps: (otp_ctrl_scoreboard.sv:570) uvm_test_top.env.scoreboard [uvm_test_top.env.scoreboard] sw state 1, reg state          0
UVM_INFO @ 225871355 ps: (otp_ctrl_scoreboard.sv:570) uvm_test_top.env.scoreboard [uvm_test_top.env.scoreboard] sw state 1, reg state          0
UVM_INFO @ 225911355 ps: (otp_ctrl_scoreboard.sv:570) uvm_test_top.env.scoreboard [uvm_test_top.env.scoreboard] sw state 1, reg state          0
UVM_INFO @ 225991355 ps: (otp_ctrl_scoreboard.sv:570) uvm_test_top.env.scoreboard [uvm_test_top.env.scoreboard] sw state 1, reg state          0
UVM_INFO @ 226031355 ps: (otp_ctrl_scoreboard.sv:570) uvm_test_top.env.scoreboard [uvm_test_top.env.scoreboard] sw state 1, reg state          0
UVM_INFO @ 226111355 ps: (otp_ctrl_scoreboard.sv:570) uvm_test_top.env.scoreboard [uvm_test_top.env.scoreboard] sw state 1, reg state          0
UVM_INFO @ 226151355 ps: (otp_ctrl_scoreboard.sv:570) uvm_test_top.env.scoreboard [uvm_test_top.env.scoreboard] sw state 1, reg state          0
UVM_INFO @ 226231355 ps: (otp_ctrl_scoreboard.sv:570) uvm_test_top.env.scoreboard [uvm_test_top.env.scoreboard] sw state 1, reg state          0
UVM_INFO @ 226271355 ps: (otp_ctrl_scoreboard.sv:570) uvm_test_top.env.scoreboard [uvm_test_top.env.scoreboard] sw state 1, reg state          0
UVM_INFO @ 226351355 ps: (otp_ctrl_scoreboard.sv:570) uvm_test_top.env.scoreboard [uvm_test_top.env.scoreboard] sw state 1, reg state          0
UVM_INFO @ 226391355 ps: (otp_ctrl_scoreboard.sv:570) uvm_test_top.env.scoreboard [uvm_test_top.env.scoreboard] sw state 1, reg state          0
UVM_INFO @ 226471355 ps: (otp_ctrl_scoreboard.sv:570) uvm_test_top.env.scoreboard [uvm_test_top.env.scoreboard] sw state 1, reg state          0
UVM_INFO @ 226511355 ps: (otp_ctrl_scoreboard.sv:570) uvm_test_top.env.scoreboard [uvm_test_top.env.scoreboard] sw state 1, reg state          0
UVM_INFO @ 226591355 ps: (otp_ctrl_scoreboard.sv:570) uvm_test_top.env.scoreboard [uvm_test_top.env.scoreboard] sw state 1, reg state          0
UVM_INFO @ 226631355 ps: (otp_ctrl_scoreboard.sv:570) uvm_test_top.env.scoreboard [uvm_test_top.env.scoreboard] sw state 1, reg state          0
UVM_INFO @ 226711355 ps: (otp_ctrl_scoreboard.sv:570) uvm_test_top.env.scoreboard [uvm_test_top.env.scoreboard] sw state 1, reg state          0
UVM_INFO @ 226751355 ps: (otp_ctrl_scoreboard.sv:570) uvm_test_top.env.scoreboard [uvm_test_top.env.scoreboard] sw state 1, reg state          0
UVM_INFO @ 226831355 ps: (otp_ctrl_scoreboard.sv:570) uvm_test_top.env.scoreboard [uvm_test_top.env.scoreboard] sw state 1, reg state          0
UVM_INFO @ 226871355 ps: (otp_ctrl_scoreboard.sv:570) uvm_test_top.env.scoreboard [uvm_test_top.env.scoreboard] sw state 1, reg state          0
UVM_INFO @ 226951355 ps: (otp_ctrl_scoreboard.sv:570) uvm_test_top.env.scoreboard [uvm_test_top.env.scoreboard] sw state 1, reg state          0
UVM_INFO @ 226991355 ps: (otp_ctrl_scoreboard.sv:570) uvm_test_top.env.scoreboard [uvm_test_top.env.scoreboard] sw state 1, reg state          0
UVM_INFO @ 227071355 ps: (otp_ctrl_scoreboard.sv:570) uvm_test_top.env.scoreboard [uvm_test_top.env.scoreboard] sw state 1, reg state          0
UVM_INFO @ 227111355 ps: (otp_ctrl_scoreboard.sv:570) uvm_test_top.env.scoreboard [uvm_test_top.env.scoreboard] sw state 1, reg state          0
UVM_INFO @ 227191355 ps: (otp_ctrl_scoreboard.sv:570) uvm_test_top.env.scoreboard [uvm_test_top.env.scoreboard] sw state 1, reg state          0
UVM_INFO @ 227231355 ps: (otp_ctrl_scoreboard.sv:570) uvm_test_top.env.scoreboard [uvm_test_top.env.scoreboard] sw state 1, reg state          0
UVM_INFO @ 227311355 ps: (otp_ctrl_scoreboard.sv:570) uvm_test_top.env.scoreboard [uvm_test_top.env.scoreboard] sw state 1, reg state          0
UVM_INFO @ 227351355 ps: (otp_ctrl_scoreboard.sv:570) uvm_test_top.env.scoreboard [uvm_test_top.env.scoreboard] sw state 1, reg state          0
UVM_INFO @ 227431355 ps: (otp_ctrl_scoreboard.sv:570) uvm_test_top.env.scoreboard [uvm_test_top.env.scoreboard] sw state 1, reg state          0
UVM_INFO @ 227471355 ps: (otp_ctrl_scoreboard.sv:570) uvm_test_top.env.scoreboard [uvm_test_top.env.scoreboard] sw state 1, reg state          0
UVM_INFO @ 227551355 ps: (otp_ctrl_scoreboard.sv:570) uvm_test_top.env.scoreboard [uvm_test_top.env.scoreboard] sw state 1, reg state          0
UVM_INFO @ 227591355 ps: (otp_ctrl_scoreboard.sv:570) uvm_test_top.env.scoreboard [uvm_test_top.env.scoreboard] sw state 1, reg state          0
UVM_INFO @ 227671355 ps: (otp_ctrl_scoreboard.sv:570) uvm_test_top.env.scoreboard [uvm_test_top.env.scoreboard] sw state 1, reg state          0
UVM_INFO @ 227711355 ps: (otp_ctrl_scoreboard.sv:570) uvm_test_top.env.scoreboard [uvm_test_top.env.scoreboard] sw state 1, reg state          0
UVM_INFO @ 227791355 ps: (otp_ctrl_scoreboard.sv:570) uvm_test_top.env.scoreboard [uvm_test_top.env.scoreboard] sw state 1, reg state          0
UVM_INFO @ 227831355 ps: (otp_ctrl_scoreboard.sv:570) uvm_test_top.env.scoreboard [uvm_test_top.env.scoreboard] sw state 1, reg state          0
UVM_INFO @ 227911355 ps: (otp_ctrl_scoreboard.sv:570) uvm_test_top.env.scoreboard [uvm_test_top.env.scoreboard] sw state 1, reg state          0
UVM_INFO @ 227951355 ps: (otp_ctrl_scoreboard.sv:570) uvm_test_top.env.scoreboard [uvm_test_top.env.scoreboard] sw state 1, reg state          0
UVM_INFO @ 228031355 ps: (otp_ctrl_scoreboard.sv:570) uvm_test_top.env.scoreboard [uvm_test_top.env.scoreboard] sw state 1, reg state          0
UVM_INFO @ 228071355 ps: (otp_ctrl_scoreboard.sv:570) uvm_test_top.env.scoreboard [uvm_test_top.env.scoreboard] sw state 1, reg state          0
UVM_INFO @ 228151355 ps: (otp_ctrl_scoreboard.sv:570) uvm_test_top.env.scoreboard [uvm_test_top.env.scoreboard] sw state 1, reg state          0
UVM_INFO @ 228191355 ps: (otp_ctrl_scoreboard.sv:570) uvm_test_top.env.scoreboard [uvm_test_top.env.scoreboard] sw state 1, reg state          0
UVM_INFO @ 228271355 ps: (otp_ctrl_scoreboard.sv:570) uvm_test_top.env.scoreboard [uvm_test_top.env.scoreboard] sw state 1, reg state          0
UVM_INFO @ 228311355 ps: (otp_ctrl_scoreboard.sv:570) uvm_test_top.env.scoreboard [uvm_test_top.env.scoreboard] sw state 1, reg state          0
UVM_INFO @ 228391355 ps: (otp_ctrl_scoreboard.sv:570) uvm_test_top.env.scoreboard [uvm_test_top.env.scoreboard] sw state 1, reg state          0
UVM_INFO @ 228431355 ps: (otp_ctrl_scoreboard.sv:570) uvm_test_top.env.scoreboard [uvm_test_top.env.scoreboard] sw state 1, reg state          0
UVM_INFO @ 228511355 ps: (otp_ctrl_scoreboard.sv:570) uvm_test_top.env.scoreboard [uvm_test_top.env.scoreboard] sw state 1, reg state          0
UVM_INFO @ 228551355 ps: (otp_ctrl_scoreboard.sv:570) uvm_test_top.env.scoreboard [uvm_test_top.env.scoreboard] sw state 1, reg state          0
UVM_INFO @ 228631355 ps: (otp_ctrl_scoreboard.sv:570) uvm_test_top.env.scoreboard [uvm_test_top.env.scoreboard] sw state 1, reg state          0
UVM_INFO @ 228671355 ps: (otp_ctrl_scoreboard.sv:570) uvm_test_top.env.scoreboard [uvm_test_top.env.scoreboard] sw state 1, reg state          0
UVM_INFO @ 228751355 ps: (otp_ctrl_scoreboard.sv:570) uvm_test_top.env.scoreboard [uvm_test_top.env.scoreboard] sw state 1, reg state          0
UVM_INFO @ 228791355 ps: (otp_ctrl_scoreboard.sv:570) uvm_test_top.env.scoreboard [uvm_test_top.env.scoreboard] sw state 1, reg state          0
UVM_INFO @ 228871355 ps: (otp_ctrl_scoreboard.sv:570) uvm_test_top.env.scoreboard [uvm_test_top.env.scoreboard] sw state 1, reg state          0
UVM_INFO @ 228911355 ps: (otp_ctrl_scoreboard.sv:570) uvm_test_top.env.scoreboard [uvm_test_top.env.scoreboard] sw state 1, reg state          0
UVM_INFO @ 228991355 ps: (otp_ctrl_scoreboard.sv:570) uvm_test_top.env.scoreboard [uvm_test_top.env.scoreboard] sw state 1, reg state          0
UVM_INFO @ 229031355 ps: (otp_ctrl_scoreboard.sv:570) uvm_test_top.env.scoreboard [uvm_test_top.env.scoreboard] sw state 1, reg state          0
UVM_INFO @ 229111355 ps: (otp_ctrl_scoreboard.sv:570) uvm_test_top.env.scoreboard [uvm_test_top.env.scoreboard] sw state 1, reg state          0
UVM_INFO @ 229151355 ps: (otp_ctrl_scoreboard.sv:570) uvm_test_top.env.scoreboard [uvm_test_top.env.scoreboard] sw state 1, reg state          0
UVM_INFO @ 229231355 ps: (otp_ctrl_scoreboard.sv:570) uvm_test_top.env.scoreboard [uvm_test_top.env.scoreboard] sw state 1, reg state          0
UVM_INFO @ 229271355 ps: (otp_ctrl_scoreboard.sv:570) uvm_test_top.env.scoreboard [uvm_test_top.env.scoreboard] sw state 1, reg state          0
UVM_INFO @ 229351355 ps: (otp_ctrl_scoreboard.sv:570) uvm_test_top.env.scoreboard [uvm_test_top.env.scoreboard] sw state 1, reg state          0
UVM_INFO @ 229391355 ps: (otp_ctrl_scoreboard.sv:570) uvm_test_top.env.scoreboard [uvm_test_top.env.scoreboard] sw state 1, reg state          0
UVM_INFO @ 229471355 ps: (otp_ctrl_scoreboard.sv:570) uvm_test_top.env.scoreboard [uvm_test_top.env.scoreboard] sw state 1, reg state          0
UVM_INFO @ 229511355 ps: (otp_ctrl_scoreboard.sv:570) uvm_test_top.env.scoreboard [uvm_test_top.env.scoreboard] sw state 1, reg state          0
UVM_INFO @ 229591355 ps: (otp_ctrl_scoreboard.sv:570) uvm_test_top.env.scoreboard [uvm_test_top.env.scoreboard] sw state 1, reg state          0
UVM_INFO @ 229631355 ps: (otp_ctrl_scoreboard.sv:570) uvm_test_top.env.scoreboard [uvm_test_top.env.scoreboard] sw state 1, reg state          0
UVM_INFO @ 229711355 ps: (otp_ctrl_scoreboard.sv:570) uvm_test_top.env.scoreboard [uvm_test_top.env.scoreboard] sw state 1, reg state          0
UVM_INFO @ 229751355 ps: (otp_ctrl_scoreboard.sv:570) uvm_test_top.env.scoreboard [uvm_test_top.env.scoreboard] sw state 1, reg state          0
UVM_INFO @ 229831355 ps: (otp_ctrl_scoreboard.sv:570) uvm_test_top.env.scoreboard [uvm_test_top.env.scoreboard] sw state 1, reg state          0
UVM_INFO @ 229871355 ps: (otp_ctrl_scoreboard.sv:570) uvm_test_top.env.scoreboard [uvm_test_top.env.scoreboard] sw state 1, reg state          0
UVM_INFO @ 229951355 ps: (otp_ctrl_scoreboard.sv:570) uvm_test_top.env.scoreboard [uvm_test_top.env.scoreboard] sw state 1, reg state          0
UVM_INFO @ 229991355 ps: (otp_ctrl_scoreboard.sv:570) uvm_test_top.env.scoreboard [uvm_test_top.env.scoreboard] sw state 1, reg state          0
UVM_INFO @ 230071355 ps: (otp_ctrl_scoreboard.sv:570) uvm_test_top.env.scoreboard [uvm_test_top.env.scoreboard] sw state 1, reg state          0
UVM_INFO @ 230111355 ps: (otp_ctrl_scoreboard.sv:570) uvm_test_top.env.scoreboard [uvm_test_top.env.scoreboard] sw state 1, reg state          0
UVM_INFO @ 230191355 ps: (otp_ctrl_scoreboard.sv:570) uvm_test_top.env.scoreboard [uvm_test_top.env.scoreboard] sw state 1, reg state          0
UVM_INFO @ 230231355 ps: (otp_ctrl_scoreboard.sv:570) uvm_test_top.env.scoreboard [uvm_test_top.env.scoreboard] sw state 1, reg state          0
UVM_INFO @ 230311355 ps: (otp_ctrl_scoreboard.sv:570) uvm_test_top.env.scoreboard [uvm_test_top.env.scoreboard] sw state 1, reg state          0
UVM_INFO @ 230351355 ps: (otp_ctrl_scoreboard.sv:570) uvm_test_top.env.scoreboard [uvm_test_top.env.scoreboard] sw state 1, reg state          0
UVM_INFO @ 230431355 ps: (otp_ctrl_scoreboard.sv:570) uvm_test_top.env.scoreboard [uvm_test_top.env.scoreboard] sw state 1, reg state          0
UVM_INFO @ 230471355 ps: (otp_ctrl_scoreboard.sv:570) uvm_test_top.env.scoreboard [uvm_test_top.env.scoreboard] sw state 1, reg state          0
UVM_INFO @ 230551355 ps: (otp_ctrl_scoreboard.sv:570) uvm_test_top.env.scoreboard [uvm_test_top.env.scoreboard] sw state 1, reg state          0
UVM_INFO @ 230591355 ps: (otp_ctrl_scoreboard.sv:570) uvm_test_top.env.scoreboard [uvm_test_top.env.scoreboard] sw state 1, reg state          0
UVM_INFO @ 230671355 ps: (otp_ctrl_scoreboard.sv:570) uvm_test_top.env.scoreboard [uvm_test_top.env.scoreboard] sw state 1, reg state          0
UVM_INFO @ 230711355 ps: (otp_ctrl_scoreboard.sv:570) uvm_test_top.env.scoreboard [uvm_test_top.env.scoreboard] sw state 1, reg state          0
UVM_INFO @ 230791355 ps: (otp_ctrl_scoreboard.sv:570) uvm_test_top.env.scoreboard [uvm_test_top.env.scoreboard] sw state 1, reg state          0
UVM_INFO @ 230831355 ps: (otp_ctrl_scoreboard.sv:570) uvm_test_top.env.scoreboard [uvm_test_top.env.scoreboard] sw state 1, reg state          0
UVM_INFO @ 230911355 ps: (otp_ctrl_scoreboard.sv:570) uvm_test_top.env.scoreboard [uvm_test_top.env.scoreboard] sw state 1, reg state          0
UVM_INFO @ 230951355 ps: (otp_ctrl_scoreboard.sv:570) uvm_test_top.env.scoreboard [uvm_test_top.env.scoreboard] sw state 1, reg state          0
UVM_INFO @ 231031355 ps: (otp_ctrl_scoreboard.sv:570) uvm_test_top.env.scoreboard [uvm_test_top.env.scoreboard] sw state 1, reg state          0
UVM_INFO @ 231071355 ps: (otp_ctrl_scoreboard.sv:570) uvm_test_top.env.scoreboard [uvm_test_top.env.scoreboard] sw state 1, reg state          0
UVM_INFO @ 231151355 ps: (otp_ctrl_scoreboard.sv:570) uvm_test_top.env.scoreboard [uvm_test_top.env.scoreboard] sw state 1, reg state          0
UVM_INFO @ 231191355 ps: (otp_ctrl_scoreboard.sv:570) uvm_test_top.env.scoreboard [uvm_test_top.env.scoreboard] sw state 1, reg state          0
UVM_INFO @ 231271355 ps: (otp_ctrl_scoreboard.sv:570) uvm_test_top.env.scoreboard [uvm_test_top.env.scoreboard] sw state 1, reg state          0
UVM_INFO @ 231311355 ps: (otp_ctrl_scoreboard.sv:570) uvm_test_top.env.scoreboard [uvm_test_top.env.scoreboard] sw state 1, reg state          0
UVM_INFO @ 231391355 ps: (otp_ctrl_scoreboard.sv:570) uvm_test_top.env.scoreboard [uvm_test_top.env.scoreboard] sw state 1, reg state          0
UVM_INFO @ 231431355 ps: (otp_ctrl_scoreboard.sv:570) uvm_test_top.env.scoreboard [uvm_test_top.env.scoreboard] sw state 1, reg state          0
UVM_INFO @ 231511355 ps: (otp_ctrl_scoreboard.sv:570) uvm_test_top.env.scoreboard [uvm_test_top.env.scoreboard] sw state 1, reg state          0
UVM_INFO @ 231551355 ps: (otp_ctrl_scoreboard.sv:570) uvm_test_top.env.scoreboard [uvm_test_top.env.scoreboard] sw state 1, reg state          0
UVM_INFO @ 231631355 ps: (otp_ctrl_scoreboard.sv:570) uvm_test_top.env.scoreboard [uvm_test_top.env.scoreboard] sw state 1, reg state          0
UVM_INFO @ 231671355 ps: (otp_ctrl_scoreboard.sv:570) uvm_test_top.env.scoreboard [uvm_test_top.env.scoreboard] sw state 1, reg state          0
UVM_INFO @ 231751355 ps: (otp_ctrl_scoreboard.sv:570) uvm_test_top.env.scoreboard [uvm_test_top.env.scoreboard] sw state 1, reg state          0
UVM_INFO @ 231791355 ps: (otp_ctrl_scoreboard.sv:570) uvm_test_top.env.scoreboard [uvm_test_top.env.scoreboard] sw state 1, reg state          0
UVM_INFO @ 231871355 ps: (otp_ctrl_scoreboard.sv:570) uvm_test_top.env.scoreboard [uvm_test_top.env.scoreboard] sw state 1, reg state          0
UVM_INFO @ 231911355 ps: (otp_ctrl_scoreboard.sv:570) uvm_test_top.env.scoreboard [uvm_test_top.env.scoreboard] sw state 1, reg state          0
UVM_INFO @ 231991355 ps: (otp_ctrl_scoreboard.sv:570) uvm_test_top.env.scoreboard [uvm_test_top.env.scoreboard] sw state 1, reg state          0
UVM_INFO @ 232031355 ps: (otp_ctrl_scoreboard.sv:570) uvm_test_top.env.scoreboard [uvm_test_top.env.scoreboard] sw state 1, reg state          0
UVM_INFO @ 232111355 ps: (otp_ctrl_scoreboard.sv:570) uvm_test_top.env.scoreboard [uvm_test_top.env.scoreboard] sw state 1, reg state          0
UVM_INFO @ 232151355 ps: (otp_ctrl_scoreboard.sv:570) uvm_test_top.env.scoreboard [uvm_test_top.env.scoreboard] sw state 1, reg state          0
UVM_INFO @ 232231355 ps: (otp_ctrl_scoreboard.sv:570) uvm_test_top.env.scoreboard [uvm_test_top.env.scoreboard] sw state 1, reg state          0
UVM_INFO @ 232271355 ps: (otp_ctrl_scoreboard.sv:570) uvm_test_top.env.scoreboard [uvm_test_top.env.scoreboard] sw state 1, reg state          0
UVM_INFO @ 232351355 ps: (otp_ctrl_scoreboard.sv:570) uvm_test_top.env.scoreboard [uvm_test_top.env.scoreboard] sw state 1, reg state          0
UVM_INFO @ 232391355 ps: (otp_ctrl_scoreboard.sv:570) uvm_test_top.env.scoreboard [uvm_test_top.env.scoreboard] sw state 1, reg state          0
UVM_INFO @ 232471355 ps: (otp_ctrl_scoreboard.sv:570) uvm_test_top.env.scoreboard [uvm_test_top.env.scoreboard] sw state 1, reg state          0
UVM_INFO @ 232511355 ps: (otp_ctrl_scoreboard.sv:570) uvm_test_top.env.scoreboard [uvm_test_top.env.scoreboard] sw state 1, reg state          0
UVM_INFO @ 232591355 ps: (otp_ctrl_scoreboard.sv:570) uvm_test_top.env.scoreboard [uvm_test_top.env.scoreboard] sw state 1, reg state          0
UVM_INFO @ 232631355 ps: (otp_ctrl_scoreboard.sv:570) uvm_test_top.env.scoreboard [uvm_test_top.env.scoreboard] sw state 1, reg state          0
UVM_INFO @ 232711355 ps: (otp_ctrl_scoreboard.sv:570) uvm_test_top.env.scoreboard [uvm_test_top.env.scoreboard] sw state 1, reg state          0
UVM_INFO @ 232751355 ps: (otp_ctrl_scoreboard.sv:570) uvm_test_top.env.scoreboard [uvm_test_top.env.scoreboard] sw state 1, reg state          0
UVM_INFO @ 232831355 ps: (otp_ctrl_scoreboard.sv:570) uvm_test_top.env.scoreboard [uvm_test_top.env.scoreboard] sw state 1, reg state          0
UVM_INFO @ 232871355 ps: (otp_ctrl_scoreboard.sv:570) uvm_test_top.env.scoreboard [uvm_test_top.env.scoreboard] sw state 1, reg state          0
UVM_INFO @ 232951355 ps: (otp_ctrl_scoreboard.sv:570) uvm_test_top.env.scoreboard [uvm_test_top.env.scoreboard] sw state 1, reg state          0
UVM_INFO @ 232991355 ps: (otp_ctrl_scoreboard.sv:570) uvm_test_top.env.scoreboard [uvm_test_top.env.scoreboard] sw state 1, reg state          0
UVM_INFO @ 233071355 ps: (otp_ctrl_scoreboard.sv:570) uvm_test_top.env.scoreboard [uvm_test_top.env.scoreboard] sw state 1, reg state          0
UVM_INFO @ 233111355 ps: (otp_ctrl_scoreboard.sv:570) uvm_test_top.env.scoreboard [uvm_test_top.env.scoreboard] sw state 1, reg state          0
UVM_INFO @ 233111355 ps: (dv_base_reg.sv:329) [otp_ctrl_core_reg_block.direct_access_regwen] lock_lockable_flds          1 val
UVM_INFO @ 233151355 ps: (otp_ctrl_scoreboard.sv:570) uvm_test_top.env.scoreboard [uvm_test_top.env.scoreboard] sw state 1, reg state          1
UVM_INFO @ 233191355 ps: (otp_ctrl_scoreboard.sv:570) uvm_test_top.env.scoreboard [uvm_test_top.env.scoreboard] sw state 1, reg state          1
UVM_INFO @ 233231355 ps: (otp_ctrl_scoreboard.sv:570) uvm_test_top.env.scoreboard [uvm_test_top.env.scoreboard] sw state 1, reg state          1
UVM_INFO @ 233271355 ps: (otp_ctrl_scoreboard.sv:570) uvm_test_top.env.scoreboard [uvm_test_top.env.scoreboard] sw state 1, reg state          1
UVM_INFO @ 233311355 ps: (otp_ctrl_scoreboard.sv:570) uvm_test_top.env.scoreboard [uvm_test_top.env.scoreboard] sw state 1, reg state          1
UVM_INFO @ 233351355 ps: (otp_ctrl_scoreboard.sv:570) uvm_test_top.env.scoreboard [uvm_test_top.env.scoreboard] sw state 1, reg state          1
UVM_INFO @ 233391355 ps: (otp_ctrl_scoreboard.sv:570) uvm_test_top.env.scoreboard [uvm_test_top.env.scoreboard] sw state 1, reg state          1
UVM_INFO @ 233431355 ps: (otp_ctrl_scoreboard.sv:570) uvm_test_top.env.scoreboard [uvm_test_top.env.scoreboard] sw state 1, reg state          1
UVM_INFO @ 233471355 ps: (otp_ctrl_scoreboard.sv:570) uvm_test_top.env.scoreboard [uvm_test_top.env.scoreboard] sw state 1, reg state          1
UVM_INFO @ 233511355 ps: (otp_ctrl_scoreboard.sv:570) uvm_test_top.env.scoreboard [uvm_test_top.env.scoreboard] sw state 1, reg state          1
UVM_INFO @ 233551355 ps: (otp_ctrl_scoreboard.sv:570) uvm_test_top.env.scoreboard [uvm_test_top.env.scoreboard] sw state 1, reg state          1
UVM_INFO @ 233591355 ps: (otp_ctrl_scoreboard.sv:570) uvm_test_top.env.scoreboard [uvm_test_top.env.scoreboard] sw state 1, reg state          1
UVM_INFO @ 233631355 ps: (otp_ctrl_scoreboard.sv:570) uvm_test_top.env.scoreboard [uvm_test_top.env.scoreboard] sw state 1, reg state          1
UVM_INFO @ 233671355 ps: (otp_ctrl_scoreboard.sv:570) uvm_test_top.env.scoreboard [uvm_test_top.env.scoreboard] sw state 1, reg state          1
UVM_INFO @ 233711355 ps: (otp_ctrl_scoreboard.sv:570) uvm_test_top.env.scoreboard [uvm_test_top.env.scoreboard] sw state 1, reg state          1
UVM_INFO @ 233751355 ps: (otp_ctrl_scoreboard.sv:570) uvm_test_top.env.scoreboard [uvm_test_top.env.scoreboard] sw state 1, reg state          1
UVM_INFO @ 233791355 ps: (otp_ctrl_scoreboard.sv:570) uvm_test_top.env.scoreboard [uvm_test_top.env.scoreboard] sw state 1, reg state          1
UVM_INFO @ 233831355 ps: (otp_ctrl_scoreboard.sv:570) uvm_test_top.env.scoreboard [uvm_test_top.env.scoreboard] sw state 1, reg state          1
UVM_INFO @ 233871355 ps: (otp_ctrl_scoreboard.sv:570) uvm_test_top.env.scoreboard [uvm_test_top.env.scoreboard] sw state 1, reg state          1
UVM_INFO @ 233911355 ps: (otp_ctrl_scoreboard.sv:570) uvm_test_top.env.scoreboard [uvm_test_top.env.scoreboard] sw state 1, reg state          1
UVM_INFO @ 233951355 ps: (otp_ctrl_scoreboard.sv:570) uvm_test_top.env.scoreboard [uvm_test_top.env.scoreboard] sw state 1, reg state          1
UVM_INFO @ 233991355 ps: (otp_ctrl_scoreboard.sv:570) uvm_test_top.env.scoreboard [uvm_test_top.env.scoreboard] sw state 1, reg state          1
UVM_INFO @ 234031355 ps: (otp_ctrl_scoreboard.sv:570) uvm_test_top.env.scoreboard [uvm_test_top.env.scoreboard] sw state 1, reg state          1
UVM_INFO @ 234071355 ps: (otp_ctrl_scoreboard.sv:570) uvm_test_top.env.scoreboard [uvm_test_top.env.scoreboard] sw state 1, reg state          1
UVM_INFO @ 234111355 ps: (otp_ctrl_scoreboard.sv:570) uvm_test_top.env.scoreboard [uvm_test_top.env.scoreboard] sw state 1, reg state          1
UVM_INFO @ 234151355 ps: (otp_ctrl_scoreboard.sv:570) uvm_test_top.env.scoreboard [uvm_test_top.env.scoreboard] sw state 1, reg state          1
UVM_INFO @ 234191355 ps: (otp_ctrl_scoreboard.sv:570) uvm_test_top.env.scoreboard [uvm_test_top.env.scoreboard] sw state 1, reg state          1
UVM_INFO @ 234231355 ps: (otp_ctrl_scoreboard.sv:570) uvm_test_top.env.scoreboard [uvm_test_top.env.scoreboard] sw state 1, reg state          1
UVM_INFO @ 234271355 ps: (otp_ctrl_scoreboard.sv:570) uvm_test_top.env.scoreboard [uvm_test_top.env.scoreboard] sw state 1, reg state          1
UVM_INFO @ 234311355 ps: (otp_ctrl_scoreboard.sv:570) uvm_test_top.env.scoreboard [uvm_test_top.env.scoreboard] sw state 1, reg state          1
UVM_INFO @ 234351355 ps: (otp_ctrl_scoreboard.sv:570) uvm_test_top.env.scoreboard [uvm_test_top.env.scoreboard] sw state 1, reg state          1
UVM_INFO @ 234391355 ps: (otp_ctrl_scoreboard.sv:570) uvm_test_top.env.scoreboard [uvm_test_top.env.scoreboard] sw state 1, reg state          1
UVM_INFO @ 236871355 ps: (dv_base_reg.sv:329) [otp_ctrl_core_reg_block.direct_access_regwen] lock_lockable_flds          0 val
UVM_INFO @ 240871355 ps: (dv_base_reg.sv:329) [otp_ctrl_core_reg_block.direct_access_regwen] lock_lockable_flds          0 val
UVM_INFO @ 339871355 ps: (dv_base_reg.sv:329) [otp_ctrl_core_reg_block.direct_access_regwen] lock_lockable_flds          1 val
UVM_INFO @ 339911355 ps: (otp_ctrl_scoreboard.sv:570) uvm_test_top.env.scoreboard [uvm_test_top.env.scoreboard] sw state 1, reg state          1
UVM_INFO @ 339951355 ps: (otp_ctrl_scoreboard.sv:570) uvm_test_top.env.scoreboard [uvm_test_top.env.scoreboard] sw state 1, reg state          1
UVM_INFO @ 339991355 ps: (otp_ctrl_scoreboard.sv:570) uvm_test_top.env.scoreboard [uvm_test_top.env.scoreboard] sw state 1, reg state          1
UVM_INFO @ 340031355 ps: (otp_ctrl_scoreboard.sv:570) uvm_test_top.env.scoreboard [uvm_test_top.env.scoreboard] sw state 1, reg state          1
UVM_INFO @ 340071355 ps: (otp_ctrl_scoreboard.sv:570) uvm_test_top.env.scoreboard [uvm_test_top.env.scoreboard] sw state 1, reg state          1
UVM_INFO @ 340111355 ps: (otp_ctrl_scoreboard.sv:570) uvm_test_top.env.scoreboard [uvm_test_top.env.scoreboard] sw state 1, reg state          1
UVM_INFO @ 340151355 ps: (otp_ctrl_scoreboard.sv:570) uvm_test_top.env.scoreboard [uvm_test_top.env.scoreboard] sw state 1, reg state          1
UVM_INFO @ 340191355 ps: (otp_ctrl_scoreboard.sv:570) uvm_test_top.env.scoreboard [uvm_test_top.env.scoreboard] sw state 1, reg state          1
UVM_INFO @ 340231355 ps: (otp_ctrl_scoreboard.sv:570) uvm_test_top.env.scoreboard [uvm_test_top.env.scoreboard] sw state 1, reg state          1
UVM_INFO @ 340271355 ps: (otp_ctrl_scoreboard.sv:570) uvm_test_top.env.scoreboard [uvm_test_top.env.scoreboard] sw state 1, reg state          1
UVM_INFO @ 340311355 ps: (otp_ctrl_scoreboard.sv:570) uvm_test_top.env.scoreboard [uvm_test_top.env.scoreboard] sw state 1, reg state          1
UVM_INFO @ 340351355 ps: (otp_ctrl_scoreboard.sv:570) uvm_test_top.env.scoreboard [uvm_test_top.env.scoreboard] sw state 1, reg state          1
UVM_INFO @ 340391355 ps: (otp_ctrl_scoreboard.sv:570) uvm_test_top.env.scoreboard [uvm_test_top.env.scoreboard] sw state 1, reg state          1
UVM_INFO @ 340431355 ps: (otp_ctrl_scoreboard.sv:570) uvm_test_top.env.scoreboard [uvm_test_top.env.scoreboard] sw state 1, reg state          1
UVM_INFO @ 340471355 ps: (otp_ctrl_scoreboard.sv:570) uvm_test_top.env.scoreboard [uvm_test_top.env.scoreboard] sw state 1, reg state          1
UVM_INFO @ 340511355 ps: (otp_ctrl_scoreboard.sv:570) uvm_test_top.env.scoreboard [uvm_test_top.env.scoreboard] sw state 1, reg state          1
UVM_INFO @ 340551355 ps: (otp_ctrl_scoreboard.sv:570) uvm_test_top.env.scoreboard [uvm_test_top.env.scoreboard] sw state 1, reg state          1
UVM_INFO @ 340591355 ps: (otp_ctrl_scoreboard.sv:570) uvm_test_top.env.scoreboard [uvm_test_top.env.scoreboard] sw state 1, reg state          1
UVM_INFO @ 340631355 ps: (otp_ctrl_scoreboard.sv:570) uvm_test_top.env.scoreboard [uvm_test_top.env.scoreboard] sw state 1, reg state          1
UVM_INFO @ 340671355 ps: (otp_ctrl_scoreboard.sv:570) uvm_test_top.env.scoreboard [uvm_test_top.env.scoreboard] sw state 1, reg state          1
UVM_INFO @ 340711355 ps: (otp_ctrl_scoreboard.sv:570) uvm_test_top.env.scoreboard [uvm_test_top.env.scoreboard] sw state 1, reg state          1
UVM_INFO @ 340751355 ps: (otp_ctrl_scoreboard.sv:570) uvm_test_top.env.scoreboard [uvm_test_top.env.scoreboard] sw state 1, reg state          1
UVM_INFO @ 340791355 ps: (otp_ctrl_scoreboard.sv:570) uvm_test_top.env.scoreboard [uvm_test_top.env.scoreboard] sw state 1, reg state          1
UVM_INFO @ 340831355 ps: (otp_ctrl_scoreboard.sv:570) uvm_test_top.env.scoreboard [uvm_test_top.env.scoreboard] sw state 1, reg state          1
UVM_INFO @ 340871355 ps: (otp_ctrl_scoreboard.sv:570) uvm_test_top.env.scoreboard [uvm_test_top.env.scoreboard] sw state 1, reg state          1
UVM_INFO @ 340911355 ps: (otp_ctrl_scoreboard.sv:570) uvm_test_top.env.scoreboard [uvm_test_top.env.scoreboard] sw state 1, reg state          1
UVM_INFO @ 340951355 ps: (otp_ctrl_scoreboard.sv:570) uvm_test_top.env.scoreboard [uvm_test_top.env.scoreboard] sw state 1, reg state          1
UVM_INFO @ 340991355 ps: (otp_ctrl_scoreboard.sv:570) uvm_test_top.env.scoreboard [uvm_test_top.env.scoreboard] sw state 1, reg state          1
UVM_INFO @ 341031355 ps: (otp_ctrl_scoreboard.sv:570) uvm_test_top.env.scoreboard [uvm_test_top.env.scoreboard] sw state 1, reg state          1
UVM_INFO @ 341071355 ps: (otp_ctrl_scoreboard.sv:570) uvm_test_top.env.scoreboard [uvm_test_top.env.scoreboard] sw state 1, reg state          1
UVM_INFO @ 341111355 ps: (otp_ctrl_scoreboard.sv:570) uvm_test_top.env.scoreboard [uvm_test_top.env.scoreboard] sw state 1, reg state          1
UVM_INFO @ 341151355 ps: (otp_ctrl_scoreboard.sv:570) uvm_test_top.env.scoreboard [uvm_test_top.env.scoreboard] sw state 1, reg state          1
UVM_INFO @ 341191355 ps: (otp_ctrl_scoreboard.sv:570) uvm_test_top.env.scoreboard [uvm_test_top.env.scoreboard] sw state 1, reg state          1
UVM_INFO @ 341231355 ps: (otp_ctrl_scoreboard.sv:570) uvm_test_top.env.scoreboard [uvm_test_top.env.scoreboard] sw state 1, reg state          1
UVM_INFO @ 341271355 ps: (otp_ctrl_scoreboard.sv:570) uvm_test_top.env.scoreboard [uvm_test_top.env.scoreboard] sw state 1, reg state          1
UVM_INFO @ 341311355 ps: (otp_ctrl_scoreboard.sv:570) uvm_test_top.env.scoreboard [uvm_test_top.env.scoreboard] sw state 1, reg state          1
UVM_INFO @ 341351355 ps: (otp_ctrl_scoreboard.sv:570) uvm_test_top.env.scoreboard [uvm_test_top.env.scoreboard] sw state 1, reg state          1
UVM_INFO @ 341391355 ps: (otp_ctrl_scoreboard.sv:570) uvm_test_top.env.scoreboard [uvm_test_top.env.scoreboard] sw state 1, reg state          1
UVM_INFO @ 341431355 ps: (otp_ctrl_scoreboard.sv:570) uvm_test_top.env.scoreboard [uvm_test_top.env.scoreboard] sw state 1, reg state          1
UVM_INFO @ 341471355 ps: (otp_ctrl_scoreboard.sv:570) uvm_test_top.env.scoreboard [uvm_test_top.env.scoreboard] sw state 1, reg state          1
UVM_INFO @ 341511355 ps: (otp_ctrl_scoreboard.sv:570) uvm_test_top.env.scoreboard [uvm_test_top.env.scoreboard] sw state 1, reg state          1
UVM_INFO @ 341551355 ps: (otp_ctrl_scoreboard.sv:570) uvm_test_top.env.scoreboard [uvm_test_top.env.scoreboard] sw state 1, reg state          1
UVM_INFO @ 375431355 ps: (otp_ctrl_scoreboard.sv:570) uvm_test_top.env.scoreboard [uvm_test_top.env.scoreboard] sw state 1, reg state          1
UVM_INFO @ 375471355 ps: (otp_ctrl_scoreboard.sv:570) uvm_test_top.env.scoreboard [uvm_test_top.env.scoreboard] sw state 1, reg state          1
UVM_INFO @ 380471355 ps: (uvm_report_catcher.svh:705) [UVM/REPORT/CATCHER] 
--- UVM Report catcher Summary ---


Number of demoted UVM_FATAL reports  :    0
Number of demoted UVM_ERROR reports  :    0
Number of demoted UVM_WARNING reports:    0
Number of caught UVM_FATAL reports   :    0
Number of caught UVM_ERROR reports   :    0
Number of caught UVM_WARNING reports :    0

UVM_INFO @ 380471355 ps: (uvm_report_server.svh:847) [UVM/REPORT/SERVER] 
--- UVM Report Summary ---

Quit count :     0 of     1
** Report counts by severity
UVM_INFO :  899
UVM_WARNING :    0
UVM_ERROR :    0
UVM_FATAL :    0
** Report counts by id
[RNTST]     1
[UVM/REPORT/CATCHER]     1
[mem_bkdr_util]     1
[otp_ctrl_core_reg_block.check_regwen]     1
[otp_ctrl_core_reg_block.check_trigger_regwen]     1
[otp_ctrl_core_reg_block.direct_access_regwen]    19
[uvm_test_top.env.scoreboard]   874
[uvm_test_top.env.virtual_sequencer.otp_ctrl_smoke_vseq]     1


TEST PASSED CHECKS
 _____         _                                  _ _ 
|_   _|__  ___| |_   _ __   __ _ ___ ___  ___  __| | |
  | |/ _ \/ __| __| | '_ \ / _` / __/ __|/ _ \/ _` | |
  | |  __/\__ \ |_  | |_) | (_| \__ \__ \  __/ (_| |_|
  |_|\___||___/\__| | .__/ \__,_|___/___/\___|\__,_(_)
                    |_|                               

/Users/danielellerbrock/projects/iverilog_uvm/iverilog-uvm-campaign-20260908/third_party/uvm-releases/sources/1.2/uvm-1.2/src/base/uvm_root.svh:517: $finish called at 380471355 (1ps)
