Running compiler/VVP tests for Icarus Verilog version: 13
Using list(s): regress-vvp.list
----------------------------------------------------------------------------
                                                                      always4A: Passed - CE.
                                                                      always4B: Passed - CE.
                                                                       analog1: Not Implemented.
                                                                       analog2: Not Implemented.
                                                         array_packed_sysfunct: Not Implemented.
                                                       array_packed_value_list: Not Implemented.
                                                       array_packed_write_read: Passed.
                                                            array_slice_concat: Passed.
                                                             automatic_error11: Passed - EF.
                                                             automatic_error12: Passed - EF.
                                                             automatic_error13: Passed - EF.
                                                                         bits4: Passed.
                                                                      bitsel11: Passed.
                                                                     br_gh1001: Passed.
                                                                     br_gh1018: Passed.
                                                                     br_gh1029: Passed - CE.
                                                                    br_gh1074a: Passed.
                                                                    br_gh1074b: Passed.
                                                                   br_gh1087a1: Passed - CE.
                                                                   br_gh1087a2: Passed - CE.
                                                                   br_gh1087a3: Passed - CE.
                                                                    br_gh1087b: Passed - CE.
                                                                    br_gh1087c: Passed - CE.
                                                                     br_gh1097: Passed.
                                                                    br_gh1099a: Passed.
                                                                    br_gh1099b: Passed.
                                                                    br_gh1099c: Passed.
                                                                     br_gh1104: Passed - CE.
                                                                     br_gh1122: Passed.
                                                                    br_gh1143a: Passed.
                                                                    br_gh1143b: Passed.
                                                                    br_gh1143c: Passed.
                                                                    br_gh1143d: Passed.
                                                                    br_gh1143e: Passed - CE.
                                                                    br_gh1143f: Passed - CE.
                                                                    br_gh1143g: Passed - CE.
                                                                    br_gh1143h: Passed - CE.
                                                                     br_gh1155: Passed.
                                                                     br_gh1163: Passed.
                                                                    br_gh1180a: Passed.
                                                                    br_gh1180b: Passed.
                                                                     br_gh1181: Passed.
                                                                     br_gh1184: Passed - EF.
                                                                    br_gh1225c: Passed - CE.
                                                                     br_gh1242: Passed.
                                                                     br_gh1248: Passed.
                                                                    br_gh1256a: Passed.
                                                                    br_gh1256b: Passed.
                                                                    br_gh1258a: Passed.
                                                                    br_gh1258b: Passed.
                                                                     br_gh1286: Passed.
                                                                      br_gh13a: Passed.
                                                                      br_gh230: Passed - EF.
                                                                     br_gh383a: Passed.
                                                                     br_gh383b: Passed.
                                                                     br_gh383c: Passed.
                                                                     br_gh383d: Passed.
                                                                      br_gh440: Passed - CE.
                                                                     br_gh483a: Passed.
                                                                     br_gh483b: Passed.
                                                                      br_gh552: Passed - CE.
                                                                      br_gh687: Passed.
                                                                      br_gh703: Passed.
                                                                     br_gh710a: Passed.
                                                                     br_gh710b: Passed.
                                                                     br_gh710c: Passed.
                                                                      br_gh939: Passed - CE.
                                                                      br_gh99c: Passed.
                                                                  ca_time_real: Passed.
                                                                         case1: Passed.
                                                                         case2: Passed.
                                                                       case2-S: Passed.
                                                                         case3: Passed.
                                                                   casex_synth: Passed.
                                                                  cast_int_ams: Passed.
                                                            cast_real_invalid1: Passed - CE.
                                                            cast_real_invalid2: Passed - CE.
                                                            cast_real_invalid3: Passed - CE.
                                                            cast_real_invalid4: Passed - CE.
                                                                      comment1: Passed - CE.
                                                                   constfunc16: Passed.
                                                                   constfunc17: Passed.
                                                                   constfunc18: Passed.
                                                                   constfunc19: Passed.
                                                                   constfunc20: Passed.
                                                                constfunc4_ams: Passed.
                                                                constfunc6_ams: Passed.
                                                                constfunccall1: Passed.
                                                                constfunccall2: Passed.
                                                                constfunccall3: Passed - CE.
                                                              decl_before_use1: Passed - CE.
                                                              decl_before_use2: Passed - CE.
                                                              decl_before_use3: Passed - CE.
                                                              decl_before_use4: Passed - CE.
                                                              decl_before_use5: Passed - CE.
                                                              decl_before_use6: Passed.
                                                                 delayed_sfunc: Passed.
                                                                      dffsynth: Passed.
                                                                    dffsynth-S: Passed.
                                                                    dffsynth10: Passed.
                                                                    dffsynth11: Passed.
                                                                     dffsynth2: Passed.
                                                                     dffsynth3: Passed.
                                                                     dffsynth4: Passed.
                                                                dffsynth4_2017: Passed.
                                                                dffsynth4_2023: Passed.
                                                                     dffsynth5: Passed.
                                                                     dffsynth6: Passed.
                                                                     dffsynth7: Passed.
                                                                     dffsynth8: Not Implemented.
                                                                     dffsynth9: Passed.
                                                                      dumpfile: Passed.
                                                               early_sig_elab1: Passed.
                                                               early_sig_elab2: Passed.
                                                               early_sig_elab3: Passed - CE.
                                                                 eofmt_percent: Passed.
                                                                     fdisplay3: Passed - EF.
                                                                        final3: Passed.
                                                                     fmonitor1: Passed.
                                                                     fmonitor2: Passed.
                                              fork_disable_detached_grandchild: Passed.
                                                                   fread-error: Passed - EF.
                                                     function_nba_verilog_fail: Passed - CE.
                                                                line_directive: Passed.
                                                               localparam_type: Passed.
                                                                 macro_str_esc: Passed.
                                                                     memsynth1: Not Implemented.
                                                                     memsynth2: Passed.
                                                               memsynth2-synth: Not Implemented.
                                                                     memsynth3: Passed.
                                                               memsynth3-synth: Not Implemented.
                                                                     memsynth4: Passed.
                                                               memsynth4-synth: Passed.
                                                                     memsynth5: Passed.
                                                               memsynth5-synth: Not Implemented.
                                                                     memsynth6: Passed.
                                                               memsynth6-synth: Not Implemented.
                                                                     memsynth7: Passed.
                                                               memsynth7-synth: Not Implemented.
                                                                     memsynth9: Passed.
                                                               memsynth9-synth: Not Implemented.
                                                                     mix_reset: Passed.
                                                               mix_reset-synth: Not Implemented.
                                                          module_ordered_list1: Passed.
                                                          module_ordered_list2: Passed - CE.
                                                            module_port_array1: Passed.
                                                       module_port_array_init1: Passed.
                                                                      monitor4: Passed.
                                                           non-polymorphic-abs: Passed.
                                                                   param-width: Passed.
                                                                   param_test3: Passed.
                                                                parameter_type: Passed.
                                                          partsel_invalid_idx1: Passed - CE.
                                                          partsel_invalid_idx2: Passed - CE.
                                                          partsel_invalid_idx3: Passed - CE.
                                                          partsel_invalid_idx4: Passed - CE.
                                                          partsel_invalid_idx5: Passed - CE.
                                                          partsel_invalid_idx6: Passed - CE.
                                                         partsel_outside_const: Passed.
                                                          partsel_outside_expr: Passed.
                                                         partsel_reversed_idx1: Passed - CE.
                                                         partsel_reversed_idx2: Passed - CE.
                                                         partsel_reversed_idx3: Passed - CE.
                                                         partsel_reversed_idx4: Passed - CE.
                                                         partsel_reversed_idx5: Passed - CE.
                                                         partsel_reversed_idx6: Passed - CE.
                                                                     pr1388974: Passed.
                                                                     pr1701890: Passed.
                                                                    pr1864110a: Passed.
                                                                    pr1864110b: Passed.
                                                                     pr1864115: Passed.
                                                                    pr1916261a: Passed - CE.
                                                                    pr2509349a: Passed.
                                                                    pr2509349b: Passed.
                                                                    pr2800985b: Passed - EF.
                                                                 pr3270320_ams: Passed - CE.
                                                                         pr903: Passed.
                                                                     program2b: Passed.
                                                                     program3a: Passed.
                                                                 pv_wr_fn_vec2: Passed.
                                                                 pv_wr_fn_vec4: Passed.
                                                                    queue_fail: Passed - EF.
                                                               readmem-invalid: Passed - EF.
                                                                real_force_rel: Passed.
                                                                   scaled_real: Passed.
                                                                  scan-invalid: Passed - EF.
                                                                    sdf_header: Passed.
                                                             sdf_interconnect1: Passed.
                                                             sdf_interconnect2: Passed.
                                                             sdf_interconnect3: Passed.
                                                             sdf_interconnect4: Passed - EF.
                                                             sf_countbits_fail: Passed - EF.
                                                             sf_countones_fail: Passed - EF.
                                                             sf_isunknown_fail: Passed - EF.
                                                               sf_onehot0_fail: Passed - EF.
                                                                sf_onehot_fail: Passed - EF.
                                                                        shift6: Passed.
                                                          single_element_array: Passed.
                                                           struct_enum_partsel: Passed.
                                                       struct_field_left_right: Passed.
                                                                struct_nested1: Passed.
                                                      struct_packed_value_list: Not Implemented.
                                                      struct_packed_write_read: Passed.
                                                     struct_packed_write_read2: Passed.
                                                     sv_2state_array_init_prop: Passed.
                                    sv_always_comb_assertion_action_visibility: Passed.
                                                    sv_always_comb_fixed_point: Passed.
                                                 sv_always_comb_for_null_index: Passed - CE.
                                            sv_always_comb_func_local_interval: Passed.
                                       sv_always_comb_func_local_interval_2023: Passed.
                                              sv_always_comb_named_fixed_point: Passed.
                                            sv_always_comb_observer_visibility: Passed.
                                                                 sv_ap_uarray1: Passed.
                                                                 sv_ap_uarray2: Passed.
                                                                 sv_ap_uarray3: Passed.
                                                                 sv_ap_uarray4: Passed.
                                                                 sv_ap_uarray5: Passed.
                                                                 sv_ap_uarray6: Passed.
                                                            sv_ap_uarray_fail1: Passed - CE.
                                                            sv_ap_uarray_fail2: Passed - CE.
                                                          sv_argumentless_func: Passed.
                                                         sv_array_assign_fail1: Passed - CE.
                                                         sv_array_assign_fail2: Passed - CE.
                                                             sv_array_cassign6: Passed.
                                                             sv_array_cassign7: Passed.
                                                             sv_array_cassign8: Passed.
                                                            sv_array_find_last: Passed.
                                                 sv_array_find_last_assoc_fail: Passed - CE.
                                                 sv_array_find_last_fixed_base: Passed.
                                           sv_array_find_last_fixed_shape_fail: Passed - CE.
                                                  sv_array_find_last_type_fail: Passed - CE.
                                                  sv_array_find_last_with_fail: Passed - CE.
                                               sv_array_locator_fixed_property: Passed.
                                          sv_array_locator_fixed_property_fail: Passed - CE.
                                                     sv_array_minmax_parenless: Passed.
                                                 sv_array_minmax_residual_fail: Passed - CE.
                                                     sv_array_minmax_type_fail: Passed - CE.
                                                 sv_array_packed_select_incdec: Passed.
                                            sv_array_packed_select_incdec_2023: Passed.
                                          sv_array_packed_select_incdec_bounds: Passed.
                                     sv_array_packed_select_incdec_bounds_2023: Passed.
                                            sv_array_packed_select_incdec_fail: Passed - CE.
                                       sv_array_packed_select_incdec_fail_2023: Passed - CE.
                                          sv_array_packed_select_incdec_scopes: Passed.
                                     sv_array_packed_select_incdec_scopes_2023: Passed.
                                                    sv_array_port_object_event: Passed.
                                                    sv_array_port_string_event: Passed.
                                            sv_array_string_character_compound: Passed.
                                       sv_array_string_character_compound_2023: Passed.
                                     sv_array_string_character_compound_bounds: Passed.
                                sv_array_string_character_compound_bounds_2023: Passed.
                                       sv_array_string_character_compound_fail: Passed - CE.
                                  sv_array_string_character_compound_fail_2023: Passed - CE.
                                        sv_array_string_character_compound_ops: Passed.
                                   sv_array_string_character_compound_ops_2023: Passed.
                                              sv_array_string_character_incdec: Passed.
                                         sv_array_string_character_incdec_2023: Passed.
                                       sv_array_string_character_incdec_bounds: Passed.
                                  sv_array_string_character_incdec_bounds_2023: Passed.
                                         sv_array_string_character_incdec_fail: Passed - CE.
                                    sv_array_string_character_incdec_fail_2023: Passed - CE.
                                  sv_array_string_character_incdec_return_fail: Passed - CE.
                             sv_array_string_character_incdec_return_fail_2023: Passed - CE.
                                               sv_array_string_character_store: Passed.
                                          sv_array_string_character_store_2023: Passed.
                                        sv_array_string_character_store_bounds: Passed.
                                   sv_array_string_character_store_bounds_2023: Passed.
                                          sv_array_string_character_store_fail: Passed - CE.
                                     sv_array_string_character_store_fail_2023: Passed - CE.
                                                sv_array_unique_aggregate_fail: Passed - CE.
                                                 sv_array_unique_argument_fail: Passed - CE.
                                                    sv_array_unique_attributes: Passed.
                                                 sv_array_unique_class_handles: Passed.
                                                   sv_array_unique_fixed_types: Passed.
                                               sv_array_unique_fixed_wide_fail: Passed - CE.
                                                     sv_array_unique_parenless: Passed.
                                                  sv_array_unique_scalar_types: Passed.
                                                     sv_array_unique_type_fail: Passed - CE.
                                                sv_array_unique_width_boundary: Passed.
                                                sv_array_unique_with_eval_once: Passed.
                                                   sv_array_unique_with_object: Passed.
                                         sv_array_unique_with_object_type_fail: Passed - CE.
                                             sv_array_unique_with_scalar_types: Passed.
                                                     sv_assert_attempt_verdict: Passed.
                                                sv_assert_attempt_verdict_2023: Passed.
                                           sv_assert_control_instance_identity: Passed.
                                           sv_assert_control_labeled_selective: Passed.
                                           sv_assert_control_relative_selector: Passed.
                                          sv_assert_control_undefined_selector: Passed.
                                                  sv_assert_cycle_delay_cancel: Passed.
                                             sv_assert_cycle_delay_cancel_2023: Passed.
                                        sv_assert_cycle_delay_composition_fail: Passed - CE.
                                   sv_assert_cycle_delay_composition_fail_2023: Passed - CE.
                                                   sv_assert_cycle_delay_empty: Passed.
                                              sv_assert_cycle_delay_empty_2023: Passed.
                                           sv_assert_cycle_delay_negative_fail: Passed - CE.
                                      sv_assert_cycle_delay_negative_fail_2023: Passed - CE.
                                    sv_assert_cycle_delay_offset_negative_fail: Passed - CE.
                               sv_assert_cycle_delay_offset_negative_fail_2023: Passed - CE.
                                           sv_assert_cycle_delay_operand_width: Passed.
                                      sv_assert_cycle_delay_operand_width_2023: Passed.
                                                sv_assert_cycle_delay_override: Passed.
                                           sv_assert_cycle_delay_override_2023: Passed.
                                            sv_assert_cycle_delay_unknown_fail: Passed - CE.
                                       sv_assert_cycle_delay_unknown_fail_2023: Passed - CE.
                                          sv_assert_endpoint_obligation_fanout: Passed.
                                                      sv_assert_eventually_not: Passed.
                                          sv_assert_grouped_clocked_consequent: Passed.
                                     sv_assert_grouped_clocked_consequent_2023: Passed.
                                        sv_assert_late_default_clock_execution: Passed.
                                   sv_assert_late_default_clock_execution_2023: Passed.
                                          sv_assert_literal_overlap_boundaries: Passed.
                                     sv_assert_literal_overlap_boundaries_2023: Passed.
                                       sv_assert_literal_overlap_failure_count: Passed.
                                  sv_assert_literal_overlap_failure_count_2023: Passed.
                                             sv_assert_modport_preponed_sample: Passed.
                              sv_assert_multiclock_boolean_repeat_64tick_bound: Passed.
                         sv_assert_multiclock_boolean_repeat_64tick_bound_2023: Passed.
                           sv_assert_multiclock_boolean_repeat_disable_restart: Passed.
                      sv_assert_multiclock_boolean_repeat_disable_restart_2023: Passed.
                          sv_assert_multiclock_boolean_repeat_empty_nonoverlap: Passed.
                     sv_assert_multiclock_boolean_repeat_empty_nonoverlap_2023: Passed.
                        sv_assert_multiclock_boolean_repeat_empty_overlap_fail: Passed - CE.
                   sv_assert_multiclock_boolean_repeat_empty_overlap_fail_2023: Passed - CE.
                              sv_assert_multiclock_boolean_repeat_empty_prefix: Passed.
                         sv_assert_multiclock_boolean_repeat_empty_prefix_2023: Passed.
                               sv_assert_multiclock_boolean_repeat_empty_range: Passed.
                          sv_assert_multiclock_boolean_repeat_empty_range_2023: Passed.
                              sv_assert_multiclock_boolean_repeat_grouped_fail: Passed.
                         sv_assert_multiclock_boolean_repeat_grouped_fail_2023: Passed.
                             sv_assert_multiclock_boolean_repeat_internal_zero: Passed.
                        sv_assert_multiclock_boolean_repeat_internal_zero_2023: Passed.
                              sv_assert_multiclock_boolean_repeat_kill_restart: Passed.
                         sv_assert_multiclock_boolean_repeat_kill_restart_2023: Passed.
                          sv_assert_multiclock_boolean_repeat_mixed_coincident: Passed.
                     sv_assert_multiclock_boolean_repeat_mixed_coincident_2023: Passed.
                   sv_assert_multiclock_boolean_repeat_mixed_prefix_coincident: Passed.
              sv_assert_multiclock_boolean_repeat_mixed_prefix_coincident_2023: Passed.
                            sv_assert_multiclock_boolean_repeat_paused_backlog: Passed.
                       sv_assert_multiclock_boolean_repeat_paused_backlog_2023: Passed.
                                     sv_assert_multiclock_boolean_repeat_range: Passed.
                                sv_assert_multiclock_boolean_repeat_range_2023: Passed.
                       sv_assert_multiclock_boolean_repeat_ranged_vector_truth: Passed.
                  sv_assert_multiclock_boolean_repeat_ranged_vector_truth_2023: Passed.
                            sv_assert_multiclock_boolean_repeat_unsupported_65: Passed - CE.
                       sv_assert_multiclock_boolean_repeat_unsupported_65_2023: Passed - CE.
                     sv_assert_multiclock_boolean_repeat_unsupported_unbounded: Passed - CE.
                sv_assert_multiclock_boolean_repeat_unsupported_unbounded_2023: Passed - CE.
                              sv_assert_multiclock_boolean_repeat_vector_truth: Passed.
                         sv_assert_multiclock_boolean_repeat_vector_truth_2023: Passed.
                                       sv_assert_multiclock_bounded_antecedent: Passed.
                                  sv_assert_multiclock_bounded_antecedent_2023: Passed.
                          sv_assert_multiclock_bounded_antecedent_64tick_bound: Passed.
                     sv_assert_multiclock_bounded_antecedent_64tick_bound_2023: Passed.
                               sv_assert_multiclock_bounded_antecedent_backlog: Passed.
                          sv_assert_multiclock_bounded_antecedent_backlog_2023: Passed.
         sv_assert_multiclock_bounded_antecedent_coincident_nonoverlap_forward: Passed.
    sv_assert_multiclock_bounded_antecedent_coincident_nonoverlap_forward_2023: Passed.
         sv_assert_multiclock_bounded_antecedent_coincident_nonoverlap_reverse: Passed.
    sv_assert_multiclock_bounded_antecedent_coincident_nonoverlap_reverse_2023: Passed.
            sv_assert_multiclock_bounded_antecedent_coincident_overlap_forward: Passed.
       sv_assert_multiclock_bounded_antecedent_coincident_overlap_forward_2023: Passed.
            sv_assert_multiclock_bounded_antecedent_coincident_overlap_reverse: Passed.
       sv_assert_multiclock_bounded_antecedent_coincident_overlap_reverse_2023: Passed.
                                 sv_assert_multiclock_bounded_antecedent_cover: Passed.
                            sv_assert_multiclock_bounded_antecedent_cover_2023: Passed.
                               sv_assert_multiclock_bounded_antecedent_disable: Passed.
                          sv_assert_multiclock_bounded_antecedent_disable_2023: Passed.
                   sv_assert_multiclock_bounded_antecedent_early_child_failure: Passed.
              sv_assert_multiclock_bounded_antecedent_early_child_failure_2023: Passed.
                           sv_assert_multiclock_bounded_antecedent_equal_bound: Passed.
                      sv_assert_multiclock_bounded_antecedent_equal_bound_2023: Passed.
                              sv_assert_multiclock_bounded_antecedent_internal: Passed.
                         sv_assert_multiclock_bounded_antecedent_internal_2023: Passed.
               sv_assert_multiclock_bounded_antecedent_kill_paused_destination: Passed.
          sv_assert_multiclock_bounded_antecedent_kill_paused_destination_2023: Passed.
       sv_assert_multiclock_bounded_antecedent_kill_restart_before_source_edge: Passed.
  sv_assert_multiclock_bounded_antecedent_kill_restart_before_source_edge_2023: Passed.
                      sv_assert_multiclock_bounded_antecedent_lifecycle_resume: Passed.
                 sv_assert_multiclock_bounded_antecedent_lifecycle_resume_2023: Passed.
                   sv_assert_multiclock_bounded_antecedent_lifecycle_retention: Passed.
              sv_assert_multiclock_bounded_antecedent_lifecycle_retention_2023: Passed.
                     sv_assert_multiclock_bounded_antecedent_nonoverlap_prefix: Passed.
                sv_assert_multiclock_bounded_antecedent_nonoverlap_prefix_2023: Passed.
                   sv_assert_multiclock_bounded_antecedent_overlapping_parents: Passed.
              sv_assert_multiclock_bounded_antecedent_overlapping_parents_2023: Passed.
                                sv_assert_multiclock_bounded_antecedent_prefix: Passed.
                           sv_assert_multiclock_bounded_antecedent_prefix_2023: Passed.
                 sv_assert_multiclock_bounded_antecedent_source_closure_timing: Passed.
            sv_assert_multiclock_bounded_antecedent_source_closure_timing_2023: Passed.
              sv_assert_multiclock_bounded_antecedent_unsupported_65tick_bound: Passed - CE.
         sv_assert_multiclock_bounded_antecedent_unsupported_65tick_bound_2023: Passed - CE.
                 sv_assert_multiclock_bounded_antecedent_unsupported_unbounded: Passed - CE.
            sv_assert_multiclock_bounded_antecedent_unsupported_unbounded_2023: Passed - CE.
     sv_assert_multiclock_bounded_antecedent_vacuity_without_destination_clock: Passed.
sv_assert_multiclock_bounded_antecedent_vacuity_without_destination_clock_2023: Passed.
                                  sv_assert_multiclock_consequence_nfa_backlog: Passed.
                             sv_assert_multiclock_consequence_nfa_backlog_2023: Passed.
                                    sv_assert_multiclock_consequence_nfa_cover: Passed.
                               sv_assert_multiclock_consequence_nfa_cover_2023: Passed.
                                     sv_assert_multiclock_consequence_nfa_dead: Passed.
                                sv_assert_multiclock_consequence_nfa_dead_2023: Passed.
                                  sv_assert_multiclock_consequence_nfa_depth64: Passed.
                             sv_assert_multiclock_consequence_nfa_depth64_2023: Passed.
                             sv_assert_multiclock_consequence_nfa_depth65_fail: Passed - CE.
                        sv_assert_multiclock_consequence_nfa_depth65_fail_2023: Passed - CE.
                                  sv_assert_multiclock_consequence_nfa_disable: Passed.
                             sv_assert_multiclock_consequence_nfa_disable_2023: Passed.
                                    sv_assert_multiclock_consequence_nfa_early: Passed.
                               sv_assert_multiclock_consequence_nfa_early_2023: Passed.
                         sv_assert_multiclock_consequence_nfa_empty_nonoverlap: Passed.
                    sv_assert_multiclock_consequence_nfa_empty_nonoverlap_2023: Passed.
                             sv_assert_multiclock_consequence_nfa_kill_restart: Passed.
                        sv_assert_multiclock_consequence_nfa_kill_restart_2023: Passed.
                                     sv_assert_multiclock_consequence_nfa_late: Passed.
                                sv_assert_multiclock_consequence_nfa_late_2023: Passed.
                               sv_assert_multiclock_consequence_nfa_nonoverlap: Passed.
                          sv_assert_multiclock_consequence_nfa_nonoverlap_2023: Passed.
                               sv_assert_multiclock_consequence_nfa_prefix_off: Passed.
                          sv_assert_multiclock_consequence_nfa_prefix_off_2023: Passed.
                            sv_assert_multiclock_consequence_nfa_reverse_order: Passed.
                       sv_assert_multiclock_consequence_nfa_reverse_order_2023: Passed.
                                 sv_assert_multiclock_consequence_nfa_siblings: Passed.
                            sv_assert_multiclock_consequence_nfa_siblings_2023: Passed.
                           sv_assert_multiclock_consequence_nfa_unbounded_fail: Passed - CE.
                      sv_assert_multiclock_consequence_nfa_unbounded_fail_2023: Passed - CE.
                                 sv_assert_multiclock_fixed_control_coincident: Passed.
                            sv_assert_multiclock_fixed_control_coincident_2023: Passed.
                                       sv_assert_multiclock_fixed_control_kill: Passed.
                                  sv_assert_multiclock_fixed_control_kill_2023: Passed.
                                 sv_assert_multiclock_fixed_control_no_vacuity: Passed.
                            sv_assert_multiclock_fixed_control_no_vacuity_2023: Passed.
                                        sv_assert_multiclock_fixed_control_off: Passed.
                                   sv_assert_multiclock_fixed_control_off_2023: Passed.
                            sv_assert_multiclock_fixed_control_pending_failure: Passed.
                       sv_assert_multiclock_fixed_control_pending_failure_2023: Passed.
                             sv_assert_multiclock_fixed_control_pending_repeat: Passed.
                        sv_assert_multiclock_fixed_control_pending_repeat_2023: Passed.
                                      sv_assert_multiclock_fixed_control_plain: Passed.
                                 sv_assert_multiclock_fixed_control_plain_2023: Passed.
                             sv_assert_multiclock_fixed_control_prefix_pending: Passed.
                        sv_assert_multiclock_fixed_control_prefix_pending_2023: Passed.
                                    sv_assert_multiclock_fixed_control_restart: Passed.
                               sv_assert_multiclock_fixed_control_restart_2023: Passed.
                                   sv_assert_multiclock_fixed_control_selected: Passed.
                              sv_assert_multiclock_fixed_control_selected_2023: Passed.
                                             sv_assert_multiclock_group_repeat: Passed.
                                        sv_assert_multiclock_group_repeat_2023: Passed.
                                sv_assert_multiclock_group_repeat_64tick_bound: Passed.
                           sv_assert_multiclock_group_repeat_64tick_bound_2023: Passed.
                               sv_assert_multiclock_group_repeat_adjacent_zero: Passed.
                          sv_assert_multiclock_group_repeat_adjacent_zero_2023: Passed.
                            sv_assert_multiclock_group_repeat_consequent_exact: Passed.
                       sv_assert_multiclock_group_repeat_consequent_exact_2023: Passed.
              sv_assert_multiclock_group_repeat_consequent_internal_range_fail: Passed.
         sv_assert_multiclock_group_repeat_consequent_internal_range_fail_2023: Passed.
                            sv_assert_multiclock_group_repeat_empty_nonoverlap: Passed.
                       sv_assert_multiclock_group_repeat_empty_nonoverlap_2023: Passed.
                          sv_assert_multiclock_group_repeat_empty_overlap_fail: Passed - CE.
                     sv_assert_multiclock_group_repeat_empty_overlap_fail_2023: Passed - CE.
                                       sv_assert_multiclock_group_repeat_exact: Passed.
                                  sv_assert_multiclock_group_repeat_exact_2023: Passed.
                             sv_assert_multiclock_group_repeat_external_window: Passed.
                        sv_assert_multiclock_group_repeat_external_window_2023: Passed.
                              sv_assert_multiclock_group_repeat_interior_guard: Passed.
                         sv_assert_multiclock_group_repeat_interior_guard_2023: Passed.
                                    sv_assert_multiclock_group_repeat_internal: Passed.
                               sv_assert_multiclock_group_repeat_internal_2023: Passed.
                            sv_assert_multiclock_group_repeat_intrinsic_window: Passed.
                       sv_assert_multiclock_group_repeat_intrinsic_window_2023: Passed.
                                sv_assert_multiclock_group_repeat_kill_restart: Passed.
                           sv_assert_multiclock_group_repeat_kill_restart_2023: Passed.
                               sv_assert_multiclock_group_repeat_leading_delay: Passed.
                          sv_assert_multiclock_group_repeat_leading_delay_2023: Passed.
                            sv_assert_multiclock_group_repeat_multiple_parents: Passed.
                       sv_assert_multiclock_group_repeat_multiple_parents_2023: Passed.
                                 sv_assert_multiclock_group_repeat_nested_fail: Passed.
                            sv_assert_multiclock_group_repeat_nested_fail_2023: Passed.
                                 sv_assert_multiclock_group_repeat_outer_delay: Passed.
                            sv_assert_multiclock_group_repeat_outer_delay_2023: Passed.
                                      sv_assert_multiclock_group_repeat_prefix: Passed.
                                 sv_assert_multiclock_group_repeat_prefix_2023: Passed.
                                sv_assert_multiclock_group_repeat_prefix_exact: Passed.
                           sv_assert_multiclock_group_repeat_prefix_exact_2023: Passed.
                                   sv_assert_multiclock_group_repeat_sameclock: Passed.
                              sv_assert_multiclock_group_repeat_sameclock_2023: Passed.
                              sv_assert_multiclock_group_repeat_unbounded_fail: Passed - CE.
                         sv_assert_multiclock_group_repeat_unbounded_fail_2023: Passed - CE.
                              sv_assert_multiclock_group_repeat_unsupported_65: Passed - CE.
                         sv_assert_multiclock_group_repeat_unsupported_65_2023: Passed - CE.
                                        sv_assert_multiclock_group_repeat_zero: Passed.
                                   sv_assert_multiclock_group_repeat_zero_2023: Passed.
                                sv_assert_multiclock_group_repeat_zero_concat0: Passed - CE.
                           sv_assert_multiclock_group_repeat_zero_concat0_2023: Passed - CE.
                            sv_assert_multiclock_group_repeat_zero_outer_delay: Passed.
                       sv_assert_multiclock_group_repeat_zero_outer_delay_2023: Passed.
                       sv_assert_multiclock_group_repeat_zero_suppression_left: Passed.
                  sv_assert_multiclock_group_repeat_zero_suppression_left_2023: Passed.
                      sv_assert_multiclock_group_repeat_zero_suppression_right: Passed.
                 sv_assert_multiclock_group_repeat_zero_suppression_right_2023: Passed.
                           sv_assert_multiclock_group_repeat_zero_then_concat0: Passed - CE.
                      sv_assert_multiclock_group_repeat_zero_then_concat0_2023: Passed - CE.
                               sv_assert_multiclock_group_repeat_zero_trailing: Passed.
                          sv_assert_multiclock_group_repeat_zero_trailing_2023: Passed.
                                      sv_assert_multiclock_variable_antecedent: Passed.
                                 sv_assert_multiclock_variable_antecedent_2012: Passed.
                                 sv_assert_multiclock_variable_antecedent_2023: Passed.
                                      sv_assert_named_param_consequent_runtime: Passed.
                                 sv_assert_named_param_consequent_runtime_2023: Passed.
                                           sv_assert_nested_group_64tick_bound: Passed.
                                      sv_assert_nested_group_64tick_bound_2023: Passed.
                                       sv_assert_nested_group_consequent_exact: Passed.
                                  sv_assert_nested_group_consequent_exact_2023: Passed.
                                  sv_assert_nested_group_consequent_range_fail: Passed.
                             sv_assert_nested_group_consequent_range_fail_2023: Passed.
                                                  sv_assert_nested_group_exact: Passed.
                                             sv_assert_nested_group_exact_2023: Passed.
                                             sv_assert_nested_group_inner_zero: Passed.
                                        sv_assert_nested_group_inner_zero_2023: Passed.
                                           sv_assert_nested_group_kill_restart: Passed.
                                      sv_assert_nested_group_kill_restart_2023: Passed.
                                         sv_assert_nested_group_nullable_whole: Passed.
                                    sv_assert_nested_group_nullable_whole_2023: Passed.
                                sv_assert_nested_group_outer_zero_overlap_fail: Passed - CE.
                           sv_assert_nested_group_outer_zero_overlap_fail_2023: Passed - CE.
                                    sv_assert_nested_group_outer_zero_survives: Passed.
                               sv_assert_nested_group_outer_zero_survives_2023: Passed.
                                           sv_assert_nested_group_prefix_exact: Passed.
                                      sv_assert_nested_group_prefix_exact_2023: Passed.
                                     sv_assert_nested_group_product_bound_fail: Passed - CE.
                                sv_assert_nested_group_product_bound_fail_2023: Passed - CE.
                                                 sv_assert_nested_group_ranged: Passed.
                                            sv_assert_nested_group_ranged_2023: Passed.
                                              sv_assert_nested_group_sameclock: Passed.
                                         sv_assert_nested_group_sameclock_2023: Passed.
                                         sv_assert_nested_group_unbounded_fail: Passed - CE.
                                    sv_assert_nested_group_unbounded_fail_2023: Passed - CE.
                                            sv_assert_nested_nonoverlap_fanout: Passed.
                                         sv_assert_nested_nonoverlap_unbounded: Passed.
                                              sv_assert_nested_packed_preponed: Passed.
                                         sv_assert_nested_packed_preponed_2023: Passed.
                                        sv_assert_nested_sequence_actual_scope: Passed.
                                   sv_assert_nested_sequence_actual_scope_2023: Passed.
                                               sv_assert_nested_sequence_alias: Passed.
                                          sv_assert_nested_sequence_alias_2023: Passed.
                                              sv_assert_nested_sequence_shadow: Passed.
                                         sv_assert_nested_sequence_shadow_2023: Passed.
                                       sv_assert_packed_member_preponed_sample: Passed.
                                            sv_assert_parameter_vacuous_action: Passed.
                                       sv_assert_parameter_vacuous_action_2023: Passed.
                            sv_assert_plain_multiclock_consequence_nfa_backlog: Passed.
                       sv_assert_plain_multiclock_consequence_nfa_backlog_2023: Passed.
                              sv_assert_plain_multiclock_consequence_nfa_cover: Passed.
                         sv_assert_plain_multiclock_consequence_nfa_cover_2023: Passed.
                               sv_assert_plain_multiclock_consequence_nfa_dead: Passed.
                          sv_assert_plain_multiclock_consequence_nfa_dead_2023: Passed.
                            sv_assert_plain_multiclock_consequence_nfa_depth64: Passed.
                       sv_assert_plain_multiclock_consequence_nfa_depth64_2023: Passed.
                       sv_assert_plain_multiclock_consequence_nfa_depth65_fail: Passed - CE.
                  sv_assert_plain_multiclock_consequence_nfa_depth65_fail_2023: Passed - CE.
                            sv_assert_plain_multiclock_consequence_nfa_disable: Passed.
                       sv_assert_plain_multiclock_consequence_nfa_disable_2023: Passed.
                              sv_assert_plain_multiclock_consequence_nfa_early: Passed.
                         sv_assert_plain_multiclock_consequence_nfa_early_2023: Passed.
                        sv_assert_plain_multiclock_consequence_nfa_false_start: Passed.
                   sv_assert_plain_multiclock_consequence_nfa_false_start_2023: Passed.
                       sv_assert_plain_multiclock_consequence_nfa_kill_restart: Passed.
                  sv_assert_plain_multiclock_consequence_nfa_kill_restart_2023: Passed.
                               sv_assert_plain_multiclock_consequence_nfa_late: Passed.
                          sv_assert_plain_multiclock_consequence_nfa_late_2023: Passed.
                   sv_assert_plain_multiclock_consequence_nfa_multitick_prefix: Passed.
              sv_assert_plain_multiclock_consequence_nfa_multitick_prefix_2023: Passed.
           sv_assert_plain_multiclock_consequence_nfa_overlap_boundary_reverse: Passed.
      sv_assert_plain_multiclock_consequence_nfa_overlap_boundary_reverse_2023: Passed.
                 sv_assert_plain_multiclock_consequence_nfa_overlapping_starts: Passed.
            sv_assert_plain_multiclock_consequence_nfa_overlapping_starts_2023: Passed.
                        sv_assert_plain_multiclock_consequence_nfa_prefix_fail: Passed.
                   sv_assert_plain_multiclock_consequence_nfa_prefix_fail_2023: Passed.
                     sv_assert_plain_multiclock_consequence_nfa_unbounded_fail: Passed - CE.
                sv_assert_plain_multiclock_consequence_nfa_unbounded_fail_2023: Passed - CE.
                             sv_assert_plain_multiclock_ranged_prefix_all_fail: Passed.
                        sv_assert_plain_multiclock_ranged_prefix_all_fail_2023: Passed.
                              sv_assert_plain_multiclock_ranged_prefix_backlog: Passed.
                         sv_assert_plain_multiclock_ranged_prefix_backlog_2023: Passed.
                           sv_assert_plain_multiclock_ranged_prefix_cover_once: Passed.
                      sv_assert_plain_multiclock_ranged_prefix_cover_once_2023: Passed.
                              sv_assert_plain_multiclock_ranged_prefix_depth64: Passed.
                         sv_assert_plain_multiclock_ranged_prefix_depth64_2023: Passed.
                              sv_assert_plain_multiclock_ranged_prefix_disable: Passed.
                         sv_assert_plain_multiclock_ranged_prefix_disable_2023: Passed.
                         sv_assert_plain_multiclock_ranged_prefix_fixed_suffix: Passed.
                    sv_assert_plain_multiclock_ranged_prefix_fixed_suffix_2023: Passed.
                 sv_assert_plain_multiclock_ranged_prefix_implication_neighbor: Passed.
            sv_assert_plain_multiclock_ranged_prefix_implication_neighbor_2023: Passed.
                                 sv_assert_plain_multiclock_ranged_prefix_kill: Passed.
                            sv_assert_plain_multiclock_ranged_prefix_kill_2023: Passed.
                         sv_assert_plain_multiclock_ranged_prefix_late_success: Passed.
                    sv_assert_plain_multiclock_ranged_prefix_late_success_2023: Passed.
                             sv_assert_plain_multiclock_ranged_prefix_no_match: Passed.
                        sv_assert_plain_multiclock_ranged_prefix_no_match_2023: Passed.
                        sv_assert_plain_multiclock_ranged_prefix_nullable_fail: Passed - CE.
                   sv_assert_plain_multiclock_ranged_prefix_nullable_fail_2023: Passed - CE.
                         sv_assert_plain_multiclock_ranged_prefix_open_success: Passed.
                    sv_assert_plain_multiclock_ranged_prefix_open_success_2023: Passed.
                      sv_assert_plain_multiclock_ranged_prefix_overlap_reverse: Passed.
                 sv_assert_plain_multiclock_ranged_prefix_overlap_reverse_2023: Passed.
                          sv_assert_plain_multiclock_ranged_prefix_overlapping: Passed.
                     sv_assert_plain_multiclock_ranged_prefix_overlapping_2023: Passed.
                       sv_assert_plain_multiclock_ranged_prefix_unbounded_fail: Passed - CE.
                  sv_assert_plain_multiclock_ranged_prefix_unbounded_fail_2023: Passed - CE.
                                      sv_assert_preponed_resolved_net_strength: Passed.
                                        sv_assert_property_local_declared_type: Passed.
                                               sv_assert_property_local_packed: Passed.
                                       sv_assert_property_local_unbounded_wait: Passed.
                                          sv_assert_sequence_actual_cycle_fail: Passed - CE.
                                     sv_assert_sequence_actual_cycle_fail_2023: Passed - CE.
                                          sv_assert_sequence_branch_cycle_fail: Passed - CE.
                                     sv_assert_sequence_branch_cycle_fail_2023: Passed - CE.
                                          sv_assert_sequence_mutual_cycle_fail: Passed - CE.
                                     sv_assert_sequence_mutual_cycle_fail_2023: Passed - CE.
                                         sv_assert_symbolic_empty_overlap_fail: Passed - CE.
                                    sv_assert_symbolic_empty_overlap_fail_2023: Passed - CE.
                                               sv_assert_symbolic_empty_window: Passed.
                                          sv_assert_symbolic_empty_window_2023: Passed.
                                          sv_assert_symbolic_parent_boundaries: Passed.
                                     sv_assert_symbolic_parent_boundaries_2023: Passed.
                                              sv_assert_symbolic_parent_cancel: Passed.
                                         sv_assert_symbolic_parent_cancel_2023: Passed.
                                             sv_assert_symbolic_parent_overlap: Passed.
                                        sv_assert_symbolic_parent_overlap_2023: Passed.
                                             sv_assert_symbolic_parent_verdict: Passed.
                                        sv_assert_symbolic_parent_verdict_2023: Passed.
                                          sv_assert_symbolic_parent_zero_range: Passed.
                                     sv_assert_symbolic_parent_zero_range_2023: Passed.
                                                      sv_assert_vacuous_action: Passed.
                                                 sv_assert_vacuous_action_2023: Passed.
                                                     sv_assert_vacuous_disable: Passed.
                                                sv_assert_vacuous_disable_2023: Passed.
                                               sv_assert_window_vacuous_action: Passed.
                                          sv_assert_window_vacuous_action_2023: Passed.
                                                 sv_assertkill_active_attempts: Passed.
                                               sv_assertkill_final_obligations: Passed.
                                               sv_assertkill_multiclock_active: Passed.
                                                      sv_assignment_expression: Passed.
                                          sv_assignment_expression_select_fail: Passed - CE.
                                 sv_assignment_expression_unparenthesized_fail: Passed - CE.
                                               sv_assignment_pattern_keys_fail: Passed - CE.
                                        sv_assignment_pattern_keys_replication: Passed.
                                                   sv_assoc_cast_to_queue_fail: Passed - CE.
                                                   sv_assoc_class_key_lifetime: Passed.
                                                      sv_assoc_compound_typing: Passed.
                                                 sv_assoc_compound_typing_2023: Passed.
                                                    sv_assoc_default_cast_fail: Passed - CE.
                                           sv_assoc_default_const_ternary_fail: Passed - CE.
                                          sv_assoc_default_expression_contexts: Passed.
                                             sv_assoc_default_formal_null_fail: Passed - CE.
                                             sv_assoc_default_formal_type_fail: Passed - CE.
                                                    sv_assoc_default_null_fail: Passed - CE.
                                            sv_assoc_default_struct_value_copy: Passed.
                                       sv_assoc_default_struct_value_copy_2023: Passed.
                                             sv_assoc_default_typed_empty_fail: Passed - CE.
                                                       sv_assoc_default_values: Passed.
                               sv_assoc_explicit_pattern_class_value_type_fail: Passed - CE.
                          sv_assoc_explicit_pattern_class_value_type_fail_2023: Passed - CE.
                              sv_assoc_explicit_pattern_duplicate_default_fail: Passed - CE.
                         sv_assoc_explicit_pattern_duplicate_default_fail_2023: Passed - CE.
                                  sv_assoc_explicit_pattern_duplicate_key_fail: Passed - CE.
                             sv_assoc_explicit_pattern_duplicate_key_fail_2023: Passed - CE.
                                       sv_assoc_explicit_pattern_key_type_fail: Passed - CE.
                                  sv_assoc_explicit_pattern_key_type_fail_2023: Passed - CE.
                                sv_assoc_explicit_pattern_nonconstant_key_fail: Passed - CE.
                           sv_assoc_explicit_pattern_nonconstant_key_fail_2023: Passed - CE.
                                           sv_assoc_explicit_pattern_opentitan: Passed.
                                      sv_assoc_explicit_pattern_opentitan_2023: Passed.
                               sv_assoc_explicit_pattern_queue_value_type_fail: Passed - CE.
                          sv_assoc_explicit_pattern_queue_value_type_fail_2023: Passed - CE.
                                              sv_assoc_explicit_pattern_values: Passed.
                                         sv_assoc_explicit_pattern_values_2023: Passed.
                                         sv_assoc_explicit_pattern_xz_key_fail: Passed - CE.
                                    sv_assoc_explicit_pattern_xz_key_fail_2023: Passed - CE.
                                                      sv_assoc_find_index_2017: Passed.
                                                      sv_assoc_find_index_2023: Passed.
                                          sv_assoc_find_index_unsupported_2017: Passed - CE.
                                          sv_assoc_find_index_unsupported_2023: Passed - CE.
                                       sv_assoc_fixed_prefix_entry_select_fail: Passed - CE.
                                  sv_assoc_fixed_prefix_entry_select_fail_2023: Passed - CE.
                                                 sv_assoc_fixed_prefix_pattern: Passed.
                                            sv_assoc_fixed_prefix_pattern_2023: Passed.
                                             sv_assoc_fixed_prefix_real_values: Passed.
                                        sv_assoc_fixed_prefix_real_values_2023: Passed.
                                                      sv_assoc_function_output: Passed.
                                          sv_assoc_function_output_lvalue_fail: Passed - CE.
                                                 sv_assoc_integral_key_context: Passed.
                                                     sv_assoc_nested_type_fail: Passed - CE.
                                                    sv_assoc_nested_value_copy: Passed.
                                             sv_assoc_nested_wrapper_type_fail: Passed - CE.
                                         sv_assoc_nonassoc_formal_default_fail: Passed - CE.
                                             sv_assoc_output_element_type_fail: Passed - CE.
                                               sv_assoc_output_index_type_fail: Passed - CE.
                                                 sv_assoc_output_nonassoc_fail: Passed - CE.
                                                    sv_assoc_queue_pop_invalid: Passed - CE.
                                               sv_assoc_queue_pop_invalid_2023: Passed - CE.
                                           sv_assoc_scalar_formal_default_fail: Passed - CE.
                                                     sv_assoc_signed_traversal: Passed.
                                              sv_assoc_task_output_lvalue_fail: Passed - CE.
                                                       sv_assoc_to_darray_fail: Passed - CE.
                                                        sv_assoc_to_fixed_fail: Passed - CE.
                                                        sv_assoc_to_queue_fail: Passed - CE.
                                              sv_assoc_traversal_key_type_fail: Passed - CE.
                                           sv_assoc_unique_index_wildcard_fail: Passed - CE.
                                             sv_assoc_unique_object_index_fail: Passed - CE.
                                                         sv_assoc_unique_typed: Passed.
                                                 sv_assoc_unique_wildcard_fail: Passed - CE.
                                      sv_assoc_unique_wildcard_iter_index_fail: Passed - CE.
                                                    sv_assoc_unique_with_types: Passed.
                                                   sv_assoc_wildcard_type_fail: Passed - CE.
                                               sv_associative_array_slice_fail: Passed - CE.
                                                         sv_auto_block_reentry: Passed.
                                                    sv_auto_block_reentry_2023: Passed.
                                               sv_auto_block_shared_wait_event: Passed.
                                                sv_auto_event_ancestor_history: Passed.
                                           sv_auto_event_ancestor_history_2023: Passed.
                                                           sv_automatic_2state: Passed.
                                         sv_automatic_boolean_chained_operands: Passed.
                                    sv_automatic_boolean_chained_operands_2023: Passed.
                                            sv_automatic_boolean_default_chain: Passed.
                                       sv_automatic_boolean_default_chain_2023: Passed.
                                       sv_automatic_boolean_history_expression: Passed.
                                  sv_automatic_boolean_history_expression_2023: Passed.
                                           sv_automatic_boolean_mixed_operands: Passed.
                                      sv_automatic_boolean_mixed_operands_2023: Passed.
                                           sv_automatic_boolean_nba_coalescing: Passed.
                                      sv_automatic_boolean_nba_coalescing_2023: Passed.
                                                sv_automatic_boolean_recursive: Passed.
                                           sv_automatic_boolean_recursive_2023: Passed.
                                          sv_automatic_integral_default_events: Passed.
                                     sv_automatic_integral_default_events_2023: Passed.
                                       sv_automatic_integral_default_recursive: Passed.
                                  sv_automatic_integral_default_recursive_2023: Passed.
                                                sv_automatic_task_static_event: Passed.
                                           sv_based_literal_leading_underscore: Passed.
                                       sv_binary_self_determined_operand_width: Passed.
                                                sv_bind_checker_root_selection: Passed.
                                           sv_bind_checker_root_selection_2023: Passed.
                                                   sv_bind_checker_target_fail: Passed - CE.
                                              sv_bind_checker_target_fail_2023: Passed - CE.
                                          sv_bind_conditional_array_shape_fail: Passed - CE.
                                     sv_bind_conditional_array_shape_fail_2023: Passed - CE.
                                           sv_bind_conditional_different_types: Passed.
                                      sv_bind_conditional_different_types_2023: Passed.
                                         sv_bind_conditional_duplicate_targets: Passed.
                                    sv_bind_conditional_duplicate_targets_2023: Passed.
                                     sv_bind_conditional_generate_scalar_shape: Passed.
                                sv_bind_conditional_generate_scalar_shape_2023: Passed.
                                            sv_bind_conditional_generate_shape: Passed.
                                       sv_bind_conditional_generate_shape_2023: Passed.
                                             sv_bind_explicit_root_target_list: Passed.
                                        sv_bind_explicit_root_target_list_2023: Passed.
                                        sv_bind_fixed_point_owner_overlap_fail: Passed - CE.
                                   sv_bind_fixed_point_owner_overlap_fail_2023: Passed - CE.
                                         sv_bind_fixed_point_target_first_fail: Passed - CE.
                                    sv_bind_fixed_point_target_first_fail_2023: Passed - CE.
                                      sv_bind_fixed_point_target_reversed_fail: Passed - CE.
                                 sv_bind_fixed_point_target_reversed_fail_2023: Passed - CE.
                                              sv_bind_indexed_relative_targets: Passed.
                                         sv_bind_indexed_relative_targets_2023: Passed.
                                                     sv_bind_interface_checker: Passed.
                                                sv_bind_interface_checker_2023: Passed.
                                        sv_bind_interface_inactive_alternative: Passed.
                                   sv_bind_interface_inactive_alternative_2023: Passed.
                                                 sv_bind_interface_module_fail: Passed - CE.
                                            sv_bind_interface_module_fail_2023: Passed - CE.
                                                    sv_bind_interface_udp_fail: Passed - CE.
                                               sv_bind_interface_udp_fail_2023: Passed - CE.
                                                     sv_bind_library_late_root: Passed.
                                                sv_bind_library_late_root_2023: Passed.
                                                          sv_bind_library_path: Passed.
                                                     sv_bind_library_path_2023: Passed.
                                                        sv_bind_library_target: Passed.
                                                   sv_bind_library_target_2023: Passed.
                                                 sv_bind_library_udp_kind_fail: Passed - CE.
                                            sv_bind_library_udp_kind_fail_2023: Passed - CE.
                                                       sv_bind_module_udp_fail: Passed - CE.
                                                  sv_bind_module_udp_fail_2023: Passed - CE.
                                                  sv_bind_nested_deferred_fail: Passed - CE.
                                             sv_bind_nested_deferred_fail_2023: Passed - CE.
                                              sv_bind_nested_direct_first_fail: Passed - CE.
                                         sv_bind_nested_direct_first_fail_2023: Passed - CE.
                                           sv_bind_nested_direct_reversed_fail: Passed - CE.
                                      sv_bind_nested_direct_reversed_fail_2023: Passed - CE.
                                                     sv_bind_origin_scope_fail: Passed - CE.
                                                sv_bind_origin_scope_fail_2023: Passed - CE.
                                               sv_bind_owner_absolute_disjoint: Passed.
                                          sv_bind_owner_absolute_disjoint_2023: Passed.
                                           sv_bind_owner_absolute_overlap_fail: Passed - CE.
                                      sv_bind_owner_absolute_overlap_fail_2023: Passed - CE.
                                             sv_bind_owner_active_invalid_fail: Passed - CE.
                                        sv_bind_owner_active_invalid_fail_2023: Passed - CE.
                                       sv_bind_owner_definition_collision_fail: Passed - CE.
                                  sv_bind_owner_definition_collision_fail_2023: Passed - CE.
                                       sv_bind_owner_duplicate_designwide_fail: Passed - CE.
                                  sv_bind_owner_duplicate_designwide_fail_2023: Passed - CE.
                                               sv_bind_owner_excluded_absolute: Passed.
                                          sv_bind_owner_excluded_absolute_2023: Passed.
                                                sv_bind_owner_generate_lexical: Passed.
                                           sv_bind_owner_generate_lexical_2023: Passed.
                                               sv_bind_owner_inactive_generate: Passed.
                                          sv_bind_owner_inactive_generate_2023: Passed.
                                                sv_bind_owner_inactive_invalid: Passed.
                                           sv_bind_owner_inactive_invalid_2023: Passed.
                                                sv_bind_owner_inactive_library: Passed.
                                           sv_bind_owner_inactive_library_2023: Passed.
                                              sv_bind_owner_library_cu_closure: Passed.
                                         sv_bind_owner_library_cu_closure_2023: Passed.
                                              sv_bind_owner_loop_genvar_select: Passed.
                                         sv_bind_owner_loop_genvar_select_2023: Passed.
                                               sv_bind_owner_nested_first_fail: Passed - CE.
                                          sv_bind_owner_nested_first_fail_2023: Passed - CE.
                                            sv_bind_owner_nested_reversed_fail: Passed - CE.
                                       sv_bind_owner_nested_reversed_fail_2023: Passed - CE.
                                           sv_bind_owner_nonroot_absolute_fail: Passed - CE.
                                      sv_bind_owner_nonroot_absolute_fail_2023: Passed - CE.
                                              sv_bind_owner_scoped_target_list: Passed.
                                         sv_bind_owner_scoped_target_list_2023: Passed.
                                      sv_bind_owner_select_specialization_fail: Passed - CE.
                                 sv_bind_owner_select_specialization_fail_2023: Passed - CE.
                                          sv_bind_program_instance_target_fail: Passed - CE.
                                     sv_bind_program_instance_target_fail_2023: Passed - CE.
                                        sv_bind_same_base_array_collision_fail: Passed - CE.
                                   sv_bind_same_base_array_collision_fail_2023: Passed - CE.
                                                    sv_bind_same_name_disjoint: Passed.
                                               sv_bind_same_name_disjoint_2023: Passed.
                                           sv_bind_same_name_list_overlap_fail: Passed - CE.
                                      sv_bind_same_name_list_overlap_fail_2023: Passed - CE.
                                         sv_bind_same_name_target_overlap_fail: Passed - CE.
                                    sv_bind_same_name_target_overlap_fail_2023: Passed - CE.
                                                         sv_bind_self_instance: Passed.
                                                    sv_bind_self_instance_2023: Passed.
                                                 sv_bind_target_dynamic_select: Passed - CE.
                                            sv_bind_target_dynamic_select_2023: Passed - CE.
                                        sv_bind_target_list_invalid_first_fail: Passed - CE.
                                   sv_bind_target_list_invalid_first_fail_2023: Passed - CE.
                                         sv_bind_target_list_invalid_last_fail: Passed - CE.
                                    sv_bind_target_list_invalid_last_fail_2023: Passed - CE.
                                           sv_bind_target_list_scope_kind_fail: Passed - CE.
                                      sv_bind_target_list_scope_kind_fail_2023: Passed - CE.
                                                sv_bind_target_path_shape_fail: Passed - CE.
                                           sv_bind_target_path_shape_fail_2023: Passed - CE.
                                                   sv_bind_target_range_select: Passed - CE.
                                              sv_bind_target_range_select_2023: Passed - CE.
                                          sv_bind_target_unselected_array_fail: Passed - CE.
                                     sv_bind_target_unselected_array_fail_2023: Passed - CE.
                                                      sv_block_scope_lifetimes: Passed.
                                                 sv_block_scope_lifetimes_2023: Passed.
                                                  sv_block_scope_recovery_fail: Passed - CE.
                                             sv_block_scope_recovery_fail_2023: Passed - CE.
                                           sv_bounded_queue_same_kind_contexts: Passed.
                                      sv_bounded_queue_same_kind_contexts_2023: Passed.
                                                          sv_byte_array_string: Passed.
                                                     sv_byte_array_string_fail: Passed - CE.
                                                 sv_captured_class_root_rebind: Passed.
                                            sv_captured_class_root_rebind_2023: Passed.
                                                    sv_case_exit_stack_balance: Passed.
                                                sv_case_inside_concat_selector: Passed.
                                              sv_case_inside_concat_selector-S: Passed.
                                                    sv_case_inside_mixed_items: Passed.
                                                  sv_case_inside_recovery_fail: Passed - CE.
                                             sv_case_range_without_inside_fail: Passed - CE.
                                                    sv_cast_exact_width_solver: Passed.
                                               sv_cast_exact_width_solver_2023: Passed.
                                                         sv_cast_typed_builtin: Passed.
                                                    sv_cast_typed_builtin_2023: Passed.
                                                              sv_ch20_coverage: Passed.
                                                   sv_ch20_coverage_bad_domain: Passed.
                                                    sv_ch20_coverage_call_fail: Passed - CE.
                                                           sv_ch20_isunbounded: Passed.
                                                sv_ch20_isunbounded_arity_fail: Passed - CE.
                                                 sv_ch20_isunbounded_type_fail: Passed - CE.
                                                  sv_ch20_isunbounded_use_fail: Passed - CE.
                                                       sv_chained_constructor1: Passed.
                                                       sv_chained_constructor2: Passed.
                                                       sv_chained_constructor3: Passed.
                                                       sv_chained_constructor4: Passed.
                                                       sv_chained_constructor5: Passed.
                                                  sv_class_array_packed_incdec: Passed.
                                             sv_class_array_packed_incdec_2023: Passed.
                                           sv_class_array_packed_incdec_bounds: Passed.
                                      sv_class_array_packed_incdec_bounds_2023: Passed.
                                          sv_class_array_packed_incdec_context: Passed.
                                     sv_class_array_packed_incdec_context_2023: Passed.
                                             sv_class_array_packed_incdec_fail: Passed - CE.
                                        sv_class_array_packed_incdec_fail_2023: Passed - CE.
                                         sv_class_array_packed_incdec_multidim: Passed.
                                    sv_class_array_packed_incdec_multidim_2023: Passed.
                                          sv_class_assoc_object_property_event: Passed.
                                           sv_class_assoc_object_property_wait: Passed.
                                                sv_class_assoc_recursive_find1: Passed.
                                               sv_class_const_constructor_init: Passed.
                                         sv_class_enum_container_packed_select: Passed.
                                    sv_class_enum_container_packed_select_2023: Passed.
                               sv_class_enum_container_packed_select_ascending: Passed.
                          sv_class_enum_container_packed_select_ascending_2023: Passed.
                                  sv_class_enum_container_packed_select_bounds: Passed.
                             sv_class_enum_container_packed_select_bounds_2023: Passed.
                                    sv_class_enum_container_packed_select_fail: Passed - CE.
                               sv_class_enum_container_packed_select_fail_2023: Passed - CE.
                                    sv_class_enum_container_packed_select_once: Passed.
                               sv_class_enum_container_packed_select_once_2023: Passed.
                                     sv_class_event_list_automatic_cancel_2017: Passed.
                                     sv_class_event_list_automatic_cancel_2023: Passed.
                                      sv_class_event_list_automatic_local_2017: Passed.
                                      sv_class_event_list_automatic_local_2023: Passed.
                                             sv_class_event_list_comma_or_2017: Passed.
                                             sv_class_event_list_comma_or_2023: Passed.
                                    sv_class_event_list_four_state_widths_2017: Passed.
                                    sv_class_event_list_four_state_widths_2023: Passed.
                                       sv_class_event_list_invalid_member_2017: Passed - CE.
                                       sv_class_event_list_invalid_member_2023: Passed - CE.
                                sv_class_event_list_mixed_static_constant_2017: Passed.
                                sv_class_event_list_mixed_static_constant_2023: Passed.
                                     sv_class_event_list_ordinary_control_2017: Passed.
                                     sv_class_event_list_ordinary_control_2023: Passed.
                                    sv_class_event_list_prequeued_regions_2017: Passed.
                                    sv_class_event_list_prequeued_regions_2023: Passed.
                                       sv_class_event_list_rebind_refresh_2017: Passed.
                                       sv_class_event_list_rebind_refresh_2023: Passed.
                                         sv_class_event_multi_object_list_2017: Passed.
                                         sv_class_event_multi_object_list_2023: Passed.
                                                 sv_class_event_triggered_2017: Passed.
                                                 sv_class_event_triggered_2023: Passed.
                                 sv_class_fixed_array_container_invalid_delete: Passed.
                               sv_class_fixed_array_container_outer_assignment: Passed.
                                sv_class_fixed_array_container_outer_read_fail: Passed - CE.
                              sv_class_fixed_array_container_packed_select_oob: Passed.
                                       sv_class_fixed_array_container_property: Passed.
                                  sv_class_fixed_array_container_property_fail: Passed - CE.
                              sv_class_fixed_array_container_slice_lvalue_fail: Passed - CE.
                                           sv_class_fixed_array_deep_container: Passed.
                                                sv_class_fixed_array_reduction: Passed.
                                           sv_class_fixed_array_reduction_fail: Passed - CE.
                                         sv_class_fixed_array_scalar_index_oob: Passed.
                                         sv_class_fixed_uarray_slice_lval_fail: Passed - CE.
                                      sv_class_fixed_uarray_slice_lval_pattern: Passed.
                                                 sv_class_independent_defaults: Passed.
                                            sv_class_independent_defaults_2023: Passed.
                              sv_class_instance_const_conditional_runtime_fail: Passed - EF.
                         sv_class_instance_const_conditional_runtime_fail_2023: Passed - EF.
                                                  sv_class_instance_const_flow: Passed.
                                             sv_class_instance_const_flow_2023: Passed.
                                 sv_class_instance_const_for_step_runtime_fail: Passed - EF.
                            sv_class_instance_const_for_step_runtime_fail_2023: Passed - EF.
                                     sv_class_instance_const_fork_runtime_fail: Passed - EF.
                                sv_class_instance_const_fork_runtime_fail_2023: Passed - EF.
                                     sv_class_instance_const_loop_runtime_fail: Passed - EF.
                                sv_class_instance_const_loop_runtime_fail_2023: Passed - EF.
                                           sv_class_instance_const_static_fail: Passed - CE.
                                      sv_class_instance_const_static_fail_2023: Passed - CE.
                                      sv_class_local_struct_shadows_outer_type: Passed.
                                  sv_class_local_value_shadows_outer_type_fail: Passed - CE.
                                               sv_class_member_wildcard_import: Passed.
                                          sv_class_member_wildcard_import_2023: Passed.
                                     sv_class_member_wildcard_import_ambiguous: Passed - CE.
                                sv_class_member_wildcard_import_ambiguous_2023: Passed - CE.
                               sv_class_member_wildcard_imported_function_fail: Passed - CE.
                          sv_class_member_wildcard_imported_function_fail_2023: Passed - CE.
                                sv_class_multi_value_dependent_width_fail_2017: Passed - CE.
                                sv_class_multi_value_dependent_width_fail_2023: Passed - CE.
                                            sv_class_multi_value_identity_2017: Passed.
                                            sv_class_multi_value_identity_2023: Passed.
                                       sv_class_multi_value_identity_fail_2017: Passed - CE.
                                       sv_class_multi_value_identity_fail_2023: Passed - CE.
                                               sv_class_nested_ctor_provenance: Passed.
                                          sv_class_nested_ctor_provenance_2023: Passed.
                                              sv_class_new_typed_parameterized: Passed.
                                  sv_class_new_typed_parameterized_compat_fail: Passed - CE.
                                                 sv_class_packed_select_incdec: Passed.
                                            sv_class_packed_select_incdec_2023: Passed.
                                          sv_class_packed_select_incdec_bounds: Passed.
                                     sv_class_packed_select_incdec_bounds_2023: Passed.
                                            sv_class_packed_select_incdec_fail: Passed - CE.
                                       sv_class_packed_select_incdec_fail_2023: Passed - CE.
                                          sv_class_packed_select_incdec_nested: Passed.
                                     sv_class_packed_select_incdec_nested_2023: Passed.
                                            sv_class_packed_select_incdec_wrap: Passed.
                                       sv_class_packed_select_incdec_wrap_2023: Passed.
                                      sv_class_packed_struct_missing_size_fail: Passed - CE.
                                 sv_class_packed_struct_missing_size_fail_2023: Passed - CE.
                                             sv_class_packed_struct_queue_size: Passed.
                                        sv_class_packed_struct_queue_size_2023: Passed.
                                        sv_class_parameter_missing_actual_fail: Passed - CE.
                                        sv_class_parenless_method_via_property: Passed.
                                   sv_class_parenless_method_via_property_2023: Passed.
                                         sv_class_parenless_unqualified_method: Passed.
                                    sv_class_parenless_unqualified_method_2023: Passed.
                                                      sv_class_prop_assign_op1: Passed.
                                                      sv_class_prop_assign_op2: Passed.
                                                           sv_class_prop_logic: Passed.
                                                    sv_class_prop_nest_darray1: Passed.
                                                       sv_class_prop_nest_obj1: Passed.
                                                      sv_class_prop_nest_real1: Passed.
                                                       sv_class_prop_nest_str1: Passed.
                                                       sv_class_prop_nest_vec1: Passed.
                                               sv_class_prop_packed_member_var: Passed.
                                            sv_class_prop_queue_pop_arity_fail: Passed - CE.
                                       sv_class_prop_queue_pop_arity_fail_2023: Passed - CE.
                                         sv_class_prop_queue_pop_front_noparen: Passed.
                                    sv_class_prop_queue_pop_front_noparen_2023: Passed.
                                        sv_class_property_always_comb_mutation: Passed.
                                    sv_class_property_array_event_value_change: Passed.
                                 sv_class_property_compound_event_value_change: Passed.
                                               sv_class_property_compound_wait: Passed.
                                          sv_class_property_event_disable_fork: Passed.
                                      sv_class_property_event_filter_isolation: Passed.
                                          sv_class_property_event_value_change: Passed.
                                      sv_class_property_invalid_selector_event: Passed.
                                          sv_class_property_mixed_event_reject: Passed - CE.
                                    sv_class_property_mixed_event_value_change: Passed.
                                     sv_class_property_mixed_wait_value_change: Passed.
                               sv_class_property_packed_bit_event_value_change: Passed.
                                               sv_class_property_partial_write: Passed.
                                        sv_class_property_wait_method_receiver: Passed.
                                           sv_class_recursive_argument_context: Passed.
                                      sv_class_recursive_argument_context_2023: Passed.
                                              sv_class_recursive_find_wrapper1: Passed.
                                                    sv_class_repeat_count_flow: Passed.
                                               sv_class_repeat_count_flow_2023: Passed.
                                           sv_class_repeat_count_probe_warning: Passed - CE.
                                      sv_class_repeat_count_probe_warning_2023: Passed - CE.
                                             sv_class_repeat_count_shadow_fail: Passed - CE.
                                        sv_class_repeat_count_shadow_fail_2023: Passed - CE.
                                     sv_class_scoped_static_queue_slice_lvalue: Passed.
                                          sv_class_seed_derived_specialization: Passed.
                                     sv_class_seed_derived_specialization_2023: Passed.
                                           sv_class_static_const_for_init_fail: Passed - CE.
                                      sv_class_static_const_for_init_fail_2023: Passed - CE.
                                                    sv_class_static_const_init: Passed.
                                            sv_class_static_const_missing_fail: Passed - CE.
                                           sv_class_static_const_reassign_fail: Passed - CE.
                                    sv_class_static_const_scoped_reassign_fail: Passed - CE.
                                                  sv_class_static_event_shared: Passed.
                       sv_class_static_fixed_array_container_element_read_fail: Passed - CE.
                                sv_class_static_fixed_array_container_property: Passed.
                                         sv_class_static_get_bad_receiver_fail: Passed - CE.
                                         sv_class_static_get_recursive_control: Passed.
                                    sv_class_static_get_specialization_reentry: Passed.
                                      sv_class_static_nested_property_lifetime: Passed.
                                  sv_class_static_nested_property_missing_fail: Passed - CE.
                             sv_class_struct_nested_fixed_array_container_fail: Passed - CE.
                                 sv_class_type_param_scoped_call_template_seed: Passed.
                            sv_class_type_param_scoped_call_template_seed_2023: Passed.
                                      sv_class_type_param_virtual_default_seed: Passed.
                                 sv_class_type_param_virtual_default_seed_2023: Passed.
                                    sv_class_typedef_parameterized_shadow_fail: Passed - CE.
                                    sv_class_typedef_scoped_static_shadow_fail: Passed - CE.
                                      sv_clocking_class_handle_shadow_selected: Passed.
                       sv_clocking_class_typeparam_vif_modport_raw_member_fail: Passed - CE.
                         sv_clocking_class_vif_modport_clocking_collision_fail: Passed - CE.
                                     sv_clocking_class_vif_modport_input_event: Passed.
                                          sv_clocking_class_vif_modport_output: Passed.
                              sv_clocking_class_vif_modport_property_isolation: Passed.
                                 sv_clocking_class_vif_modport_raw_member_fail: Passed - CE.
                        sv_clocking_class_vif_modport_unexported_clocking_fail: Passed - CE.
                                         sv_clocking_concat_member_lvalue_fail: Passed - CE.
                                       sv_clocking_indexed_class_receiver_fail: Passed - CE.
                                            sv_clocking_itemless_program_event: Passed.
                                             sv_clocking_itemless_static_event: Passed.
                                                sv_clocking_itemless_vif_event: Passed.
                                      sv_clocking_nonconstant_output_skew_fail: Passed - CE.
                              sv_clocking_output_continuous_alias_overlap_2017: Passed - CE.
                              sv_clocking_output_continuous_alias_overlap_2023: Passed - CE.
                           sv_clocking_output_continuous_declaration_only_2017: Passed.
                           sv_clocking_output_continuous_declaration_only_2023: Passed.
                                   sv_clocking_output_continuous_disjoint_2017: Passed.
                                   sv_clocking_output_continuous_disjoint_2023: Passed.
                    sv_clocking_output_continuous_disjoint_first_receiver_2017: Passed.
                    sv_clocking_output_continuous_disjoint_first_receiver_2023: Passed.
                            sv_clocking_output_continuous_pending_overlap_2017: Passed - CE.
                            sv_clocking_output_continuous_pending_overlap_2023: Passed - CE.
                         sv_clocking_output_continuous_same_scope_overlap_2017: Passed - CE.
                         sv_clocking_output_continuous_same_scope_overlap_2023: Passed - CE.
                             sv_clocking_output_continuous_static_overlap_2017: Passed - CE.
                             sv_clocking_output_continuous_static_overlap_2023: Passed - CE.
                      sv_clocking_output_continuous_static_overlap_unsafe_2017: Passed - CE.
                      sv_clocking_output_continuous_static_overlap_unsafe_2023: Passed - CE.
                            sv_clocking_output_continuous_virtual_overlap_2017: Passed - CE.
                            sv_clocking_output_continuous_virtual_overlap_2023: Passed - CE.
                     sv_clocking_output_continuous_virtual_overlap_unsafe_2017: Passed - CE.
                     sv_clocking_output_continuous_virtual_overlap_unsafe_2023: Passed - CE.
                                  sv_clocking_root_indexed_class_receiver_fail: Passed - CE.
                                  sv_clocking_selected_decl_assign_target_fail: Passed - CE.
                                             sv_clocking_selected_output_alias: Passed.
                                      sv_clocking_selected_output_dynamic_fail: Passed - CE.
                                            sv_clocking_selected_output_static: Passed.
                                          sv_clocking_static_output_skew_scope: Passed.
                                sv_clocking_struct_vif_modport_raw_member_fail: Passed - CE.
                                      sv_clocking_unpacked_output_storage_fail: Passed - CE.
                                            sv_clocking_vif_input_sys_task_arg: Passed.
                                           sv_clocking_vif_modport_input_event: Passed.
                                                sv_clocking_vif_modport_output: Passed.
                                       sv_clocking_vif_modport_raw_member_fail: Passed - CE.
                               sv_clocking_vif_modport_typedef_raw_member_fail: Passed - CE.
                              sv_clocking_vif_modport_unexported_clocking_fail: Passed - CE.
                                                   sv_clocking_vif_no_t0_event: Passed.
                                sv_clocking_vif_numeric_input_skew_delay_order: Passed.
                                 sv_clocking_vif_numeric_input_skew_zero_order: Passed.
                                         sv_clocking_vif_selected_dynamic_fail: Passed - CE.
                                          sv_clocking_vif_skew_precision_order: Passed.
                                                sv_clocking_vif_skew_type_only: Passed.
                                                sv_clocking_vif_vpi_write_fail: Passed - EF.
                                                     sv_commercial_unsafe_fail: Passed - CE.
                                                sv_commercial_unsafe_fail_2023: Passed - CE.
                                              sv_commercial_unsafe_strict_fail: Passed - CE.
                                         sv_commercial_unsafe_strict_fail_2023: Passed - CE.
                                           sv_compat_block_scope_recovery_fail: Passed - CE.
                                      sv_compat_block_scope_recovery_fail_2023: Passed - CE.
                                                sv_compound_four_state_operand: Passed.
                                           sv_compound_four_state_operand_2023: Passed.
                                                   sv_compound_operation_width: Passed.
                                              sv_compound_operation_width_2023: Passed.
                                               sv_concat_initial_port_delivery: Passed.
                               sv_concat_object_lvalue_extreme_negative_offset: Passed.
                                                sv_concat_object_lvalue_shapes: Passed.
                                        sv_concat_object_lvalue_unknown_offset: Passed.
                                                      sv_concat_postfix_select: Passed.
                                       sv_concat_postfix_select_ascending_fail: Passed - CE.
                                                                     sv_const1: Passed.
                                                                     sv_const2: Passed.
                                                                     sv_const3: Passed.
                                                                     sv_const4: Passed.
                                                                     sv_const5: Passed.
                                        sv_const_array_string_character_incdec: Passed.
                                   sv_const_array_string_character_incdec_2023: Passed.
                                 sv_const_array_string_character_incdec_bounds: Passed.
                            sv_const_array_string_character_incdec_bounds_2023: Passed.
                                   sv_const_array_string_character_incdec_fail: Passed - CE.
                              sv_const_array_string_character_incdec_fail_2023: Passed - CE.
                          sv_const_array_string_character_incdec_readonly_fail: Passed - CE.
                     sv_const_array_string_character_incdec_readonly_fail_2023: Passed - CE.
                              sv_const_array_string_character_incdec_recursive: Passed.
                         sv_const_array_string_character_incdec_recursive_2023: Passed.
                                                                sv_const_fail1: Passed - CE.
                                                                sv_const_fail2: Passed - CE.
                                                                sv_const_fail3: Passed - CE.
                                                                sv_const_fail4: Passed - CE.
                                                                sv_const_fail5: Passed - CE.
                                                                sv_const_fail6: Passed - CE.
                                                                sv_const_fail7: Passed - CE.
                                                                sv_const_fail8: Passed - CE.
                                                                sv_const_fail9: Passed - CE.
                                                      sv_const_function_formal: Passed.
                                                 sv_const_function_formal_2023: Passed.
                                       sv_const_function_formal_const_ref_fail: Passed - CE.
                                  sv_const_function_formal_const_ref_fail_2023: Passed - CE.
                                           sv_const_function_formal_inout_fail: Passed - CE.
                                      sv_const_function_formal_inout_fail_2023: Passed - CE.
                                          sv_const_function_formal_output_fail: Passed - CE.
                                     sv_const_function_formal_output_fail_2023: Passed - CE.
                                             sv_const_function_formal_ref_fail: Passed - CE.
                                        sv_const_function_formal_ref_fail_2023: Passed - CE.
                                                    sv_const_function_generate: Passed.
                                               sv_const_function_generate_2023: Passed.
                                        sv_const_function_generate_cached_fail: Passed - CE.
                                   sv_const_function_generate_cached_fail_2023: Passed - CE.
                                        sv_const_function_generate_direct_fail: Passed - CE.
                                   sv_const_function_generate_direct_fail_2023: Passed - CE.
                                           sv_const_function_generate_for_fail: Passed - CE.
                                      sv_const_function_generate_for_fail_2023: Passed - CE.
                                        sv_const_function_generate_nested_fail: Passed - CE.
                                   sv_const_function_generate_nested_fail_2023: Passed - CE.
                                                        sv_const_handle_member: Passed.
                                                   sv_const_handle_member_2023: Passed.
                                                 sv_const_handle_property_fail: Passed - CE.
                                            sv_const_handle_property_fail_2023: Passed - CE.
                                                   sv_const_handle_rebind_fail: Passed - CE.
                                              sv_const_handle_rebind_fail_2023: Passed - CE.
                                                       sv_const_mixed_equality: Passed.
                                                  sv_const_mixed_equality_2023: Passed.
                                                  sv_const_mixed_equality_fail: Passed - CE.
                                             sv_const_mixed_equality_fail_2023: Passed - CE.
                                               sv_const_mixed_equality_strings: Passed.
                                          sv_const_mixed_equality_strings_2023: Passed.
                                         sv_const_nonlocal_static_class_static: Passed - CE.
                                    sv_const_nonlocal_static_class_static_2023: Passed - CE.
                              sv_const_nonlocal_static_legal_locals_parameters: Passed.
                         sv_const_nonlocal_static_legal_locals_parameters_2023: Passed.
                             sv_const_nonlocal_static_package_qualified_shadow: Passed - CE.
                        sv_const_nonlocal_static_package_qualified_shadow_2023: Passed - CE.
                           sv_const_nonlocal_static_package_scalar_initialized: Passed - CE.
                      sv_const_nonlocal_static_package_scalar_initialized_2023: Passed - CE.
                         sv_const_nonlocal_static_package_scalar_uninitialized: Passed - CE.
                    sv_const_nonlocal_static_package_scalar_uninitialized_2023: Passed - CE.
                           sv_const_nonlocal_static_package_string_initialized: Passed - CE.
                      sv_const_nonlocal_static_package_string_initialized_2023: Passed - CE.
                         sv_const_nonlocal_static_package_string_uninitialized: Passed - CE.
                    sv_const_nonlocal_static_package_string_uninitialized_2023: Passed - CE.
                   sv_const_nonlocal_static_package_string_untyped_initialized: Passed - CE.
              sv_const_nonlocal_static_package_string_untyped_initialized_2023: Passed - CE.
                                        sv_const_nonlocal_static_runtime_state: Passed.
                                   sv_const_nonlocal_static_runtime_state_2023: Passed.
                                                  sv_const_string_array_method: Passed.
                                             sv_const_string_array_method_2023: Passed.
                                    sv_const_string_array_method_argument_fail: Passed - CE.
                               sv_const_string_array_method_argument_fail_2023: Passed - CE.
                                           sv_const_string_array_method_bounds: Passed.
                                      sv_const_string_array_method_bounds_2023: Passed.
                                    sv_const_string_array_method_external_fail: Passed - CE.
                               sv_const_string_array_method_external_fail_2023: Passed - CE.
                                          sv_const_string_array_method_runtime: Passed.
                                     sv_const_string_array_method_runtime_2023: Passed.
                                                     sv_const_string_character: Passed.
                                                sv_const_string_character_2023: Passed.
                                                sv_const_string_character_fail: Passed - CE.
                                           sv_const_string_character_fail_2023: Passed - CE.
                                              sv_const_string_character_incdec: Passed.
                                         sv_const_string_character_incdec_2023: Passed.
                                       sv_const_string_character_incdec_bounds: Passed.
                                  sv_const_string_character_incdec_bounds_2023: Passed.
                                         sv_const_string_character_incdec_fail: Passed - CE.
                                    sv_const_string_character_incdec_fail_2023: Passed - CE.
                                               sv_const_string_character_write: Passed.
                                          sv_const_string_character_write_2023: Passed.
                                        sv_const_string_character_write_bounds: Passed.
                                   sv_const_string_character_write_bounds_2023: Passed.
                                          sv_const_string_character_write_fail: Passed - CE.
                                     sv_const_string_character_write_fail_2023: Passed - CE.
                                    sv_const_string_character_write_mixed_fail: Passed - CE.
                               sv_const_string_character_write_mixed_fail_2023: Passed - CE.
                                  sv_const_string_character_write_package_fail: Passed - CE.
                             sv_const_string_character_write_package_fail_2023: Passed - CE.
                                       sv_const_string_character_write_runtime: Passed.
                                  sv_const_string_character_write_runtime_2023: Passed.
                                                    sv_const_string_comparison: Passed.
                                               sv_const_string_comparison_2023: Passed.
                                             sv_const_string_comparison_bounds: Passed.
                                        sv_const_string_comparison_bounds_2023: Passed.
                                               sv_const_string_comparison_fail: Passed - CE.
                                          sv_const_string_comparison_fail_2023: Passed - CE.
                                                        sv_const_string_format: Passed.
                                                   sv_const_string_format_2023: Passed.
                                          sv_const_string_format_argument_fail: Passed - CE.
                                     sv_const_string_format_argument_fail_2023: Passed - CE.
                                                   sv_const_string_format_fail: Passed - CE.
                                              sv_const_string_format_fail_2023: Passed - CE.
                                                       sv_const_string_integer: Passed.
                                                  sv_const_string_integer_2023: Passed.
                                                sv_const_string_integer_bounds: Passed.
                                           sv_const_string_integer_bounds_2023: Passed.
                                                  sv_const_string_integer_fail: Passed - CE.
                                             sv_const_string_integer_fail_2023: Passed - CE.
                                                          sv_const_string_putc: Passed.
                                                     sv_const_string_putc_2023: Passed.
                                            sv_const_string_putc_argument_fail: Passed - CE.
                                       sv_const_string_putc_argument_fail_2023: Passed - CE.
                                           sv_const_string_putc_character_fail: Passed - CE.
                                      sv_const_string_putc_character_fail_2023: Passed - CE.
                                                     sv_const_string_putc_fail: Passed - CE.
                                                sv_const_string_putc_fail_2023: Passed - CE.
                                     sv_const_string_real_format_argument_fail: Passed - CE.
                                sv_const_string_real_format_argument_fail_2023: Passed - CE.
                                                        sv_const_string_substr: Passed.
                                                   sv_const_string_substr_2023: Passed.
                                                 sv_const_string_substr_bounds: Passed.
                                            sv_const_string_substr_bounds_2023: Passed.
                                                   sv_const_string_substr_fail: Passed - CE.
                                              sv_const_string_substr_fail_2023: Passed - CE.
                                                       sv_const_string_toupper: Passed.
                                                  sv_const_string_toupper_2023: Passed.
                                                sv_const_string_toupper_bounds: Passed.
                                           sv_const_string_toupper_bounds_2023: Passed.
                                                  sv_const_string_toupper_fail: Passed - CE.
                                             sv_const_string_toupper_fail_2023: Passed - CE.
                                                    sv_const_value_member_fail: Passed - CE.
                                               sv_const_value_member_fail_2023: Passed - CE.
                                     sv_constant_assignment_expression_effects: Passed.
                                sv_constant_assignment_expression_effects_2023: Passed.
                           sv_constant_assignment_expression_restrictions_fail: Passed - CE.
                      sv_constant_assignment_expression_restrictions_fail_2023: Passed - CE.
                                   sv_constant_assignment_packed_index_effects: Passed.
                              sv_constant_assignment_packed_index_effects_2023: Passed.
                                                   sv_constraint_caller_method: Passed.
                                              sv_constraint_caller_method_2023: Passed.
                                         sv_constraint_caller_method_collision: Passed - CE.
                                    sv_constraint_caller_method_collision_2023: Passed - CE.
                                             sv_constraint_caller_method_local: Passed.
                                        sv_constraint_caller_method_local_2023: Passed.
                                                    sv_constraint_caller_queue: Passed.
                                               sv_constraint_caller_queue_2023: Passed.
                                         sv_constraint_caller_queue_boundaries: Passed.
                                    sv_constraint_caller_queue_boundaries_2023: Passed.
                                           sv_constraint_caller_queue_rollback: Passed.
                                      sv_constraint_caller_queue_rollback_2023: Passed.
                                                sv_constraint_cast_fixed_index: Passed.
                                           sv_constraint_cast_fixed_index_2023: Passed.
                                       sv_constraint_cast_inside_global_common: Passed.
                                  sv_constraint_cast_inside_global_common_2023: Passed.
                                         sv_constraint_cast_inside_queue_state: Passed.
                                    sv_constraint_cast_inside_queue_state_2023: Passed.
                                   sv_constraint_cast_inside_scope_queue_state: Passed.
                              sv_constraint_cast_inside_scope_queue_state_2023: Passed.
                          sv_constraint_cast_supported_owner_queue_qfield_cast: Passed.
                     sv_constraint_cast_supported_owner_queue_qfield_cast_2023: Passed.
                                               sv_constraint_cast_unbased_fill: Passed.
                                          sv_constraint_cast_unbased_fill_2023: Passed.
                                sv_constraint_cast_unbased_fill_fourstate_fail: Passed - CE.
                           sv_constraint_cast_unbased_fill_fourstate_fail_2023: Passed - CE.
                                     sv_constraint_cast_unbased_fill_wide_fail: Passed - CE.
                                sv_constraint_cast_unbased_fill_wide_fail_2023: Passed - CE.
                                               sv_constraint_clog2_unsupported: Passed - CE.
                                          sv_constraint_clog2_unsupported_2023: Passed - CE.
                                             sv_constraint_const_sysfunc_clog2: Passed.
                                        sv_constraint_const_sysfunc_clog2_2023: Passed.
                                         sv_constraint_darray_size_local_scope: Passed.
                                  sv_constraint_darray_size_nonrand_order_fail: Passed - CE.
                                           sv_constraint_darray_size_parenless: Passed.
                                sv_constraint_darray_size_parenless_randc_fail: Passed - CE.
                                            sv_constraint_dist_boolean_subject: Passed.
                                          sv_constraint_dist_wide_literal_fail: Passed - CE.
                                                     sv_constraint_divmod_zero: Passed.
                                                sv_constraint_divmod_zero_2023: Passed.
                                           sv_constraint_fixed_array_reduction: Passed.
                                             sv_constraint_foreach_assoc_state: Passed.
                                        sv_constraint_foreach_assoc_state_2023: Passed.
                                         sv_constraint_foreach_deep_state_path: Passed.
                                    sv_constraint_foreach_deep_state_path_2023: Passed.
                                sv_constraint_foreach_deep_state_path_nonarray: Passed - CE.
                           sv_constraint_foreach_deep_state_path_nonarray_2023: Passed - CE.
                                            sv_constraint_foreach_global_alias: Passed.
                                       sv_constraint_foreach_global_alias_2023: Passed.
                                            sv_constraint_foreach_hierarchical: Passed - CE.
                                          sv_constraint_foreach_inactive_width: Passed.
                                     sv_constraint_foreach_inactive_width_2023: Passed.
                                            sv_constraint_foreach_index_signed: Passed.
                                       sv_constraint_foreach_index_signed_2023: Passed.
                                           sv_constraint_foreach_member_access: Passed - CE.
                                      sv_constraint_foreach_member_access_2023: Passed - CE.
                                       sv_constraint_foreach_object_queue_prop: Passed.
                                  sv_constraint_foreach_object_queue_prop_2023: Passed.
                                          sv_constraint_foreach_selected_queue: Passed.
                                     sv_constraint_foreach_selected_queue_2023: Passed.
                                    sv_constraint_foreach_selected_unsupported: Passed - CE.
                               sv_constraint_foreach_selected_unsupported_2023: Passed - CE.
                                       sv_constraint_foreach_selector_declared: Passed.
                                  sv_constraint_foreach_selector_declared_2023: Passed.
                                           sv_constraint_foreach_selector_type: Passed - CE.
                                      sv_constraint_foreach_selector_type_2023: Passed - CE.
                                        sv_constraint_foreach_selector_unknown: Passed - CE.
                                   sv_constraint_foreach_selector_unknown_2023: Passed - CE.
                                            sv_constraint_foreach_state_errors: Passed.
                                       sv_constraint_foreach_state_errors_2023: Passed.
                                            sv_constraint_foreach_state_guards: Passed.
                                       sv_constraint_foreach_state_guards_2023: Passed.
                              sv_constraint_function_active_selected_array_sum: Passed.
                         sv_constraint_function_active_selected_array_sum_2023: Passed.
                                         sv_constraint_function_argument_chain: Passed.
                                    sv_constraint_function_argument_chain_2023: Passed.
                                    sv_constraint_function_argument_conversion: Passed.
                               sv_constraint_function_argument_conversion_2023: Passed.
                                      sv_constraint_function_argument_inactive: Passed.
                                 sv_constraint_function_argument_inactive_2023: Passed.
                                        sv_constraint_function_argument_inline: Passed.
                                   sv_constraint_function_argument_inline_2023: Passed.
                                    sv_constraint_function_argument_late_unsat: Passed.
                               sv_constraint_function_argument_late_unsat_2023: Passed.
                               sv_constraint_function_argument_multiple_inputs: Passed.
                          sv_constraint_function_argument_multiple_inputs_2023: Passed.
                                         sv_constraint_function_argument_order: Passed.
                                    sv_constraint_function_argument_order_2023: Passed.
                                    sv_constraint_function_argument_peer_level: Passed.
                               sv_constraint_function_argument_peer_level_2023: Passed.
                              sv_constraint_function_conditional_member_active: Passed.
                         sv_constraint_function_conditional_member_active_2023: Passed.
                            sv_constraint_function_conditional_member_inactive: Passed.
                       sv_constraint_function_conditional_member_inactive_2023: Passed.
                         sv_constraint_function_conditional_member_right_guard: Passed.
                    sv_constraint_function_conditional_member_right_guard_2023: Passed.
                              sv_constraint_function_conditional_member_signed: Passed.
                         sv_constraint_function_conditional_member_signed_2023: Passed.
                                sv_constraint_function_conditional_member_type: Passed.
                           sv_constraint_function_conditional_member_type_2023: Passed.
                              sv_constraint_function_conditional_nested_handle: Passed.
                         sv_constraint_function_conditional_nested_handle_2023: Passed.
                              sv_constraint_function_conditional_nested_scopes: Passed.
                         sv_constraint_function_conditional_nested_scopes_2023: Passed.
                                     sv_constraint_function_const_ref_argument: Passed.
                                sv_constraint_function_const_ref_argument_2023: Passed.
                            sv_constraint_function_const_ref_selected_argument: Passed.
                       sv_constraint_function_const_ref_selected_argument_2023: Passed.
                                sv_constraint_function_dynamic_array_const_ref: Passed.
                           sv_constraint_function_dynamic_array_const_ref_2023: Passed.
                                 sv_constraint_function_dynamic_array_inactive: Passed.
                            sv_constraint_function_dynamic_array_inactive_2023: Passed.
                                    sv_constraint_function_dynamic_array_input: Passed.
                               sv_constraint_function_dynamic_array_input_2023: Passed.
                               sv_constraint_function_dynamic_foreach_argument: Passed.
                          sv_constraint_function_dynamic_foreach_argument_2023: Passed.
                             sv_constraint_function_dynamic_foreach_future_ref: Passed.
                        sv_constraint_function_dynamic_foreach_future_ref_2023: Passed.
                              sv_constraint_function_dynamic_foreach_lower_ref: Passed.
                         sv_constraint_function_dynamic_foreach_lower_ref_2023: Passed.
                          sv_constraint_function_dynamic_foreach_multiple_args: Passed.
                     sv_constraint_function_dynamic_foreach_multiple_args_2023: Passed.
                                 sv_constraint_function_dynamic_foreach_repeat: Passed.
                            sv_constraint_function_dynamic_foreach_repeat_2023: Passed.
                                  sv_constraint_function_dynamic_queue_element: Passed.
                             sv_constraint_function_dynamic_queue_element_2023: Passed.
                                 sv_constraint_function_dynamic_randc_neighbor: Passed.
                            sv_constraint_function_dynamic_randc_neighbor_2023: Passed.
                                      sv_constraint_function_dynamic_size_mode: Passed.
                                 sv_constraint_function_dynamic_size_mode_2023: Passed.
                                  sv_constraint_function_dynamic_size_priority: Passed.
                             sv_constraint_function_dynamic_size_priority_2023: Passed.
                                      sv_constraint_function_dynamic_size_zero: Passed.
                                 sv_constraint_function_dynamic_size_zero_2023: Passed.
                                sv_constraint_function_dynamic_unordered_peers: Passed.
                           sv_constraint_function_dynamic_unordered_peers_2023: Passed.
                              sv_constraint_function_dynamic_unrelated_foreach: Passed.
                         sv_constraint_function_dynamic_unrelated_foreach_2023: Passed.
                             sv_constraint_function_expression_random_argument: Passed.
                        sv_constraint_function_expression_random_argument_2023: Passed.
                              sv_constraint_function_expression_state_argument: Passed.
                         sv_constraint_function_expression_state_argument_2023: Passed.
                                   sv_constraint_function_fixed_member_control: Passed.
                              sv_constraint_function_fixed_member_control_2023: Passed.
                                  sv_constraint_function_fixed_member_multidim: Passed.
                             sv_constraint_function_fixed_member_multidim_2023: Passed.
                               sv_constraint_function_foreach_active_key_alias: Passed.
                          sv_constraint_function_foreach_active_key_alias_2023: Passed.
                               sv_constraint_function_foreach_class_key_member: Passed.
                          sv_constraint_function_foreach_class_key_member_2023: Passed.
                               sv_constraint_function_foreach_multidimensional: Passed.
                          sv_constraint_function_foreach_multidimensional_2023: Passed.
                             sv_constraint_function_foreach_omitted_dimensions: Passed.
                        sv_constraint_function_foreach_omitted_dimensions_2023: Passed.
                                sv_constraint_function_foreach_soft_key_shadow: Passed.
                           sv_constraint_function_foreach_soft_key_shadow_2023: Passed.
                                             sv_constraint_function_inout_fail: Passed - CE.
                                        sv_constraint_function_inout_fail_2023: Passed - CE.
                                  sv_constraint_function_locator_active_member: Passed.
                             sv_constraint_function_locator_active_member_2023: Passed.
                                  sv_constraint_function_locator_chained_count: Passed.
                             sv_constraint_function_locator_chained_count_2023: Passed.
                             sv_constraint_function_locator_chained_duplicates: Passed.
                        sv_constraint_function_locator_chained_duplicates_2023: Passed.
                           sv_constraint_function_locator_chained_index_shadow: Passed.
                      sv_constraint_function_locator_chained_index_shadow_2023: Passed.
                                    sv_constraint_function_locator_class_count: Passed.
                               sv_constraint_function_locator_class_count_2023: Passed.
                                 sv_constraint_function_locator_integral_count: Passed.
                            sv_constraint_function_locator_integral_count_2023: Passed.
                                 sv_constraint_function_locator_integral_truth: Passed.
                            sv_constraint_function_locator_integral_truth_2023: Passed.
                                sv_constraint_function_locator_iterator_shadow: Passed.
                           sv_constraint_function_locator_iterator_shadow_2023: Passed.
                             sv_constraint_function_locator_method_noarg_state: Passed.
                        sv_constraint_function_locator_method_noarg_state_2023: Passed.
                         sv_constraint_function_locator_method_sideeffect_fail: Passed - CE.
                    sv_constraint_function_locator_method_sideeffect_fail_2023: Passed - CE.
                                sv_constraint_function_locator_nested_integral: Passed.
                           sv_constraint_function_locator_nested_integral_2023: Passed.
                              sv_constraint_function_locator_scoped_index_fail: Passed - CE.
                         sv_constraint_function_locator_scoped_index_fail_2023: Passed - CE.
                                  sv_constraint_function_locator_scoped_static: Passed.
                             sv_constraint_function_locator_scoped_static_2023: Passed.
                                sv_constraint_function_locator_selected_method: Passed.
                           sv_constraint_function_locator_selected_method_2023: Passed.
                                sv_constraint_function_named_default_arguments: Passed.
                           sv_constraint_function_named_default_arguments_2023: Passed.
                             sv_constraint_function_nested_expression_argument: Passed.
                        sv_constraint_function_nested_expression_argument_2023: Passed.
                                            sv_constraint_function_output_fail: Passed - CE.
                                       sv_constraint_function_output_fail_2023: Passed - CE.
                             sv_constraint_function_purity_external_write_fail: Passed - CE.
                        sv_constraint_function_purity_external_write_fail_2023: Passed - CE.
                              sv_constraint_function_purity_file_function_fail: Passed - CE.
                         sv_constraint_function_purity_file_function_fail_2023: Passed - CE.
                                      sv_constraint_function_purity_local_loop: Passed.
                                 sv_constraint_function_purity_local_loop_2023: Passed.
                                       sv_constraint_function_purity_mode_fail: Passed - CE.
                                  sv_constraint_function_purity_mode_fail_2023: Passed - CE.
                                        sv_constraint_function_purity_rng_fail: Passed - CE.
                                   sv_constraint_function_purity_rng_fail_2023: Passed - CE.
                               sv_constraint_function_purity_static_local_fail: Passed - CE.
                          sv_constraint_function_purity_static_local_fail_2023: Passed - CE.
                      sv_constraint_function_purity_static_missing_return_fail: Passed - CE.
                 sv_constraint_function_purity_static_missing_return_fail_2023: Passed - CE.
                      sv_constraint_function_purity_static_partial_return_fail: Passed - CE.
                 sv_constraint_function_purity_static_partial_return_fail_2023: Passed - CE.
                       sv_constraint_function_purity_static_return_retain_fail: Passed - CE.
                  sv_constraint_function_purity_static_return_retain_fail_2023: Passed - CE.
                           sv_constraint_function_purity_transitive_write_fail: Passed - CE.
                      sv_constraint_function_purity_transitive_write_fail_2023: Passed - CE.
                              sv_constraint_function_purity_virtual_write_fail: Passed - CE.
                         sv_constraint_function_purity_virtual_write_fail_2023: Passed - CE.
                                        sv_constraint_function_qualified_calls: Passed.
                                   sv_constraint_function_qualified_calls_2023: Passed.
                                   sv_constraint_function_qualified_enum_steps: Passed.
                              sv_constraint_function_qualified_enum_steps_2023: Passed.
                                               sv_constraint_function_ref_fail: Passed - CE.
                                          sv_constraint_function_ref_fail_2023: Passed - CE.
                          sv_constraint_function_scoped_method_sideeffect_fail: Passed - CE.
                     sv_constraint_function_scoped_method_sideeffect_fail_2023: Passed - CE.
                                    sv_constraint_function_scoped_method_state: Passed.
                               sv_constraint_function_scoped_method_state_2023: Passed.
                                     sv_constraint_function_selected_array_sum: Passed.
                                sv_constraint_function_selected_array_sum_2023: Passed.
                                   sv_constraint_function_staged_state_element: Passed.
                              sv_constraint_function_staged_state_element_2023: Passed.
                                    sv_constraint_function_staged_state_member: Passed.
                               sv_constraint_function_staged_state_member_2023: Passed.
                                      sv_constraint_function_staged_state_size: Passed.
                                 sv_constraint_function_staged_state_size_2023: Passed.
                                         sv_constraint_function_state_argument: Passed.
                                    sv_constraint_function_state_argument_2023: Passed.
                                          sv_constraint_function_state_changes: Passed.
                                     sv_constraint_function_state_changes_2023: Passed.
                                        sv_constraint_function_static_argument: Passed.
                                   sv_constraint_function_static_argument_2023: Passed.
                               sv_constraint_function_static_argument_rollback: Passed.
                          sv_constraint_function_static_argument_rollback_2023: Passed.
                              sv_constraint_function_static_const_ref_argument: Passed.
                         sv_constraint_function_static_const_ref_argument_2023: Passed.
                       sv_constraint_function_static_dynamic_element_const_ref: Passed.
                  sv_constraint_function_static_dynamic_element_const_ref_2023: Passed.
                           sv_constraint_function_static_dynamic_element_input: Passed.
                      sv_constraint_function_static_dynamic_element_input_2023: Passed.
                                    sv_constraint_function_static_dynamic_size: Passed.
                               sv_constraint_function_static_dynamic_size_2023: Passed.
                                sv_constraint_function_static_member_const_ref: Passed.
                           sv_constraint_function_static_member_const_ref_2023: Passed.
                                    sv_constraint_function_static_member_input: Passed.
                               sv_constraint_function_static_member_input_2023: Passed.
                                     sv_constraint_function_static_nested_read: Passed.
                                sv_constraint_function_static_nested_read_2023: Passed.
                                 sv_constraint_function_static_rollback_events: Passed.
                            sv_constraint_function_static_rollback_events_2023: Passed.
                              sv_constraint_function_static_selected_const_ref: Passed.
                         sv_constraint_function_static_selected_const_ref_2023: Passed.
                                 sv_constraint_function_typed_element_inactive: Passed.
                            sv_constraint_function_typed_element_inactive_2023: Passed.
                                    sv_constraint_function_typed_element_input: Passed.
                               sv_constraint_function_typed_element_input_2023: Passed.
                                      sv_constraint_function_typed_element_ref: Passed.
                                 sv_constraint_function_typed_element_ref_2023: Passed.
                                  sv_constraint_function_typed_member_priority: Passed.
                             sv_constraint_function_typed_member_priority_2023: Passed.
                                   sv_constraint_function_typed_randc_neighbor: Passed.
                              sv_constraint_function_typed_randc_neighbor_2023: Passed.
                                     sv_constraint_function_typed_state_2state: Passed.
                                sv_constraint_function_typed_state_2state_2023: Passed.
                             sv_constraint_function_typed_static_element_input: Passed.
                        sv_constraint_function_typed_static_element_input_2023: Passed.
                               sv_constraint_function_typed_static_element_ref: Passed.
                          sv_constraint_function_typed_static_element_ref_2023: Passed.
                                      sv_constraint_function_virtual_inherited: Passed.
                                 sv_constraint_function_virtual_inherited_2023: Passed.
                                     sv_constraint_function_wide_signed_return: Passed.
                                sv_constraint_function_wide_signed_return_2023: Passed.
                                                sv_constraint_handle_case_fail: Passed - CE.
                                           sv_constraint_handle_case_fail_2023: Passed - CE.
                                                  sv_constraint_handle_foreach: Passed.
                                             sv_constraint_handle_foreach_2023: Passed.
                                                 sv_constraint_handle_guard_xz: Passed.
                                            sv_constraint_handle_guard_xz_2023: Passed.
                                                 sv_constraint_handle_identity: Passed.
                                            sv_constraint_handle_identity_2023: Passed.
                                                   sv_constraint_handle_inline: Passed.
                                              sv_constraint_handle_inline_2023: Passed.
                                         sv_constraint_handle_inline_case_fail: Passed - CE.
                                    sv_constraint_handle_inline_case_fail_2023: Passed - CE.
                                                 sv_constraint_handle_rollback: Passed.
                                            sv_constraint_handle_rollback_2023: Passed.
                                          sv_constraint_handle_scope_case_fail: Passed - CE.
                                     sv_constraint_handle_scope_case_fail_2023: Passed - CE.
                                                sv_constraint_handle_selection: Passed.
                                           sv_constraint_handle_selection_2023: Passed.
                                              sv_constraint_handle_state_guard: Passed.
                                         sv_constraint_handle_state_guard_2023: Passed.
                                                    sv_constraint_inline_empty: Passed.
                                               sv_constraint_inline_empty_2023: Passed.
                                sv_constraint_inline_function_caller_null_2017: Passed.
                                sv_constraint_inline_function_caller_null_2023: Passed.
                                  sv_constraint_inline_function_caller_xz_2017: Passed.
                                  sv_constraint_inline_function_caller_xz_2023: Passed.
                                     sv_constraint_inline_function_lookup_2017: Passed.
                                     sv_constraint_inline_function_lookup_2023: Passed.
                                       sv_constraint_inline_function_null_2017: Passed.
                                       sv_constraint_inline_function_null_2023: Passed.
                                       sv_constraint_inline_function_once_2017: Passed.
                                       sv_constraint_inline_function_once_2023: Passed.
                                     sv_constraint_inline_function_rebind_2017: Passed.
                                     sv_constraint_inline_function_rebind_2023: Passed.
                                                   sv_constraint_inline_reject: Passed - CE.
                                              sv_constraint_inline_reject_2023: Passed - CE.
                                              sv_constraint_inside_queue_state: Passed.
                                         sv_constraint_inside_queue_state_2023: Passed.
                                        sv_constraint_inside_scope_queue_state: Passed.
                                   sv_constraint_inside_scope_queue_state_2023: Passed.
                                          sv_constraint_inside_wide_class_fail: Passed - CE.
                                     sv_constraint_inside_wide_class_fail_2023: Passed - CE.
                                          sv_constraint_inside_wide_scope_fail: Passed - CE.
                                     sv_constraint_inside_wide_scope_fail_2023: Passed - CE.
                                              sv_constraint_integral_cast_core: Passed.
                                         sv_constraint_integral_cast_core_2023: Passed.
                                    sv_constraint_integral_cast_nested_context: Passed.
                               sv_constraint_integral_cast_nested_context_2023: Passed.
                                     sv_constraint_integral_cast_shift_context: Passed.
                                sv_constraint_integral_cast_shift_context_2023: Passed.
                                        sv_constraint_integral_cast_signed_ops: Passed.
                                   sv_constraint_integral_cast_signed_ops_2023: Passed.
                                        sv_constraint_integral_cast_state_fail: Passed.
                                   sv_constraint_integral_cast_state_fail_2023: Passed.
                                         sv_constraint_method_local_queue_size: Passed.
                                   sv_constraint_method_local_queue_size_unsat: Passed.
                                              sv_constraint_multiprefix_active: Passed.
                                         sv_constraint_multiprefix_active_2023: Passed.
                                                sv_constraint_multiprefix_fail: Passed - CE.
                                           sv_constraint_multiprefix_fail_2023: Passed - CE.
                                               sv_constraint_multiprefix_rank4: Passed.
                                          sv_constraint_multiprefix_rank4_2023: Passed.
                                               sv_constraint_multiprefix_state: Passed.
                                          sv_constraint_multiprefix_state_2023: Passed.
                                  sv_constraint_nested_dynamic_handle_boundary: Passed.
                             sv_constraint_nested_dynamic_handle_boundary_2023: Passed.
                                     sv_constraint_nested_dynamic_outer_resize: Passed.
                                sv_constraint_nested_dynamic_outer_resize_2023: Passed.
                              sv_constraint_object_method_impure_override_fail: Passed - CE.
                         sv_constraint_object_method_impure_override_fail_2023: Passed - CE.
                                          sv_constraint_object_method_receiver: Passed.
                                     sv_constraint_object_method_receiver_2023: Passed.
                                        sv_constraint_object_method_state_fail: Passed.
                                   sv_constraint_object_method_state_fail_2023: Passed.
                                        sv_constraint_prototype_collision_fail: Passed - CE.
                                   sv_constraint_prototype_collision_fail_2023: Passed - CE.
                                        sv_constraint_solve_before_fixed_array: Passed.
                                   sv_constraint_solve_before_fixed_array_2023: Passed.
                                    sv_constraint_solve_before_fixed_array_neg: Passed - CE.
                               sv_constraint_solve_before_fixed_array_neg_2023: Passed - CE.
                                      sv_constraint_state_selected_fixed_array: Passed.
                                 sv_constraint_state_selected_fixed_array_2023: Passed.
                               sv_constraint_state_selected_fixed_array_bounds: Passed.
                          sv_constraint_state_selected_fixed_array_bounds_2023: Passed.
                                                        sv_constraint_state_xz: Passed.
                                                   sv_constraint_state_xz_2023: Passed.
                                         sv_constraint_two_state_x_index_error: Passed.
                                    sv_constraint_two_state_x_index_error_2023: Passed.
                                        sv_container_conditional_explicit_cast: Passed.
                                   sv_container_conditional_explicit_cast_2023: Passed.
                                   sv_container_conditional_explicit_cast_fail: Passed - CE.
                              sv_container_conditional_explicit_cast_fail_2023: Passed - CE.
                                              sv_container_cross_kind_builders: Passed.
                                         sv_container_cross_kind_builders_2023: Passed.
                                              sv_container_cross_kind_contexts: Passed.
                                         sv_container_cross_kind_contexts_2023: Passed.
                                           sv_container_cross_kind_destination: Passed.
                                      sv_container_cross_kind_destination_2023: Passed.
                                            sv_container_cross_kind_provenance: Passed.
                                       sv_container_cross_kind_provenance_2023: Passed.
                                                    sv_container_explicit_cast: Passed.
                                               sv_container_explicit_cast_2023: Passed.
                                               sv_container_explicit_cast_fail: Passed - CE.
                                          sv_container_explicit_cast_fail_2023: Passed - CE.
                                       sv_container_explicit_cast_fail_reverse: Passed - CE.
                                  sv_container_explicit_cast_fail_reverse_2023: Passed - CE.
                                      sv_container_method_multi_index_receiver: Passed.
                                 sv_container_method_multi_index_receiver_2023: Passed.
                                                          sv_continuous_string: Passed.
                                                     sv_continuous_string_2023: Passed.
                                                  sv_continuous_string_dynamic: Passed.
                                             sv_continuous_string_dynamic_2023: Passed.
                                             sv_continuous_string_multi_driver: Passed - CE.
                                        sv_continuous_string_multi_driver_2023: Passed - CE.
                                                 sv_cover_cycle_delay_override: Passed.
                                            sv_cover_cycle_delay_override_2023: Passed.
                                              sv_covergroup_array_bin_identity: Passed.
                                         sv_covergroup_array_bin_identity_2023: Passed.
                                                   sv_covergroup_average_empty: Passed.
                                              sv_covergroup_average_empty_2023: Passed.
                                                         sv_covergroup_bin_iff: Passed.
                                          sv_covergroup_class_const_bin_ranges: Passed.
                                     sv_covergroup_class_const_bin_ranges_2023: Passed.
                                     sv_covergroup_class_const_bin_ranges_fail: Passed - CE.
                                sv_covergroup_class_const_bin_ranges_fail_2023: Passed - CE.
                                               sv_covergroup_constructor_scope: Passed.
                                            sv_covergroup_cross_bin_precedence: Passed.
                                       sv_covergroup_cross_bin_precedence_2023: Passed.
                                      sv_covergroup_cross_range_tuple_overflow: Passed.
                                            sv_covergroup_cross_recursive_with: Passed.
                                       sv_covergroup_cross_recursive_with_2023: Passed.
                                    sv_covergroup_cross_recursive_with_illegal: Passed.
                               sv_covergroup_cross_recursive_with_illegal_2023: Passed.
                        sv_covergroup_cross_recursive_with_matches_unsupported: Passed - CE.
                   sv_covergroup_cross_recursive_with_matches_unsupported_2023: Passed - CE.
                                sv_covergroup_cross_recursive_with_unsupported: Passed - CE.
                           sv_covergroup_cross_recursive_with_unsupported_2023: Passed - CE.
                                     sv_covergroup_cross_retain_auto_bins_2017: Passed - CE.
                                     sv_covergroup_cross_retain_auto_bins_2023: Passed.
                                         sv_covergroup_cross_retain_scope_fail: Passed - CE.
                                                      sv_covergroup_cross_with: Passed.
                                         sv_covergroup_cross_with_range_values: Passed.
                                    sv_covergroup_cross_with_range_values_2023: Passed.
                                          sv_covergroup_cross_with_value_limit: Passed.
                                     sv_covergroup_cross_with_value_limit_2023: Passed.
                                     sv_covergroup_cross_with_value_limit_fail: Passed - CE.
                                sv_covergroup_cross_with_value_limit_fail_2023: Passed - CE.
                                                 sv_covergroup_ctor_bin_ranges: Passed.
                                            sv_covergroup_ctor_bin_ranges_2023: Passed.
                                   sv_covergroup_ctor_bin_ranges_type_coverage: Passed.
                              sv_covergroup_ctor_bin_ranges_type_coverage_2023: Passed.
                                      sv_covergroup_ctor_bin_ranges_unresolved: Passed.
                                 sv_covergroup_ctor_bin_ranges_unresolved_2023: Passed.
                                             sv_covergroup_ctor_bin_resolution: Passed.
                                        sv_covergroup_ctor_bin_resolution_2023: Passed.
                                                  sv_covergroup_ctor_bin_typed: Passed.
                                             sv_covergroup_ctor_bin_typed_2023: Passed.
                                                   sv_covergroup_dynamic_cross: Passed.
                                              sv_covergroup_dynamic_cross_2023: Passed.
                                            sv_covergroup_dynamic_cross_binsof: Passed.
                                       sv_covergroup_dynamic_cross_binsof_2023: Passed.
                                            sv_covergroup_fixed_bin_post_carve: Passed.
                                       sv_covergroup_fixed_bin_post_carve_2023: Passed.
                                            sv_covergroup_following_localparam: Passed.
                                              sv_covergroup_four_state_options: Passed.
                                         sv_covergroup_four_state_options_2023: Passed.
                                              sv_covergroup_hierarchical_cross: Passed.
                                      sv_covergroup_inside_unsigned_comparison: Passed.
                                 sv_covergroup_inside_unsigned_comparison_2023: Passed.
                                          sv_covergroup_inst_option_write_fail: Passed - CE.
                                     sv_covergroup_inst_option_write_fail_2023: Passed - CE.
                                                sv_covergroup_instance_average: Passed.
                                           sv_covergroup_instance_average_2023: Passed.
                                                sv_covergroup_item_type_weight: Passed.
                                           sv_covergroup_item_type_weight_2023: Passed.
                                  sv_covergroup_item_type_weight_compound_fail: Passed - CE.
                             sv_covergroup_item_type_weight_compound_fail_2023: Passed - CE.
                                          sv_covergroup_item_type_weight_cross: Passed.
                                     sv_covergroup_item_type_weight_cross_2023: Passed.
                            sv_covergroup_item_type_weight_group_compound_fail: Passed - CE.
                       sv_covergroup_item_type_weight_group_compound_fail_2023: Passed - CE.
                                          sv_covergroup_item_type_weight_modes: Passed.
                                     sv_covergroup_item_type_weight_modes_2023: Passed.
                                  sv_covergroup_item_type_weight_negative_fail: Passed - CE.
                             sv_covergroup_item_type_weight_negative_fail_2023: Passed - CE.
                               sv_covergroup_item_type_weight_nonconstant_fail: Passed - CE.
                          sv_covergroup_item_type_weight_nonconstant_fail_2023: Passed - CE.
                            sv_covergroup_item_type_weight_point_compound_fail: Passed - CE.
                       sv_covergroup_item_type_weight_point_compound_fail_2023: Passed - CE.
                                          sv_covergroup_item_type_weight_scope: Passed.
                                     sv_covergroup_item_type_weight_scope_2023: Passed.
                                    sv_covergroup_item_type_weight_signed_fail: Passed - CE.
                               sv_covergroup_item_type_weight_signed_fail_2023: Passed - CE.
                                           sv_covergroup_item_type_weight_zero: Passed.
                                      sv_covergroup_item_type_weight_zero_2023: Passed.
                                           sv_covergroup_merged_cross_identity: Passed.
                                      sv_covergroup_merged_cross_identity_2023: Passed.
                                              sv_covergroup_merged_cross_named: Passed.
                                         sv_covergroup_merged_cross_named_2023: Passed.
                                             sv_covergroup_merged_cross_parent: Passed.
                                        sv_covergroup_merged_cross_parent_2023: Passed.
                                          sv_covergroup_merged_cross_retention: Passed.
                                          sv_covergroup_merged_cross_threshold: Passed.
                                     sv_covergroup_merged_cross_threshold_2023: Passed.
                                         sv_covergroup_merged_cross_transition: Passed.
                                    sv_covergroup_merged_cross_transition_2023: Passed.
                                           sv_covergroup_merged_cross_universe: Passed.
                                      sv_covergroup_merged_cross_universe_2023: Passed.
                                              sv_covergroup_merged_value_union: Passed.
                                         sv_covergroup_merged_value_union_2023: Passed.
                                              sv_covergroup_merged_wide_totals: Passed.
                                         sv_covergroup_merged_wide_totals_2023: Passed.
                                                    sv_covergroup_option_scope: Passed.
                                               sv_covergroup_option_scope_2023: Passed.
                                                  sv_covergroup_parent_options: Passed.
                                             sv_covergroup_parent_options_2023: Passed.
                                         sv_covergroup_procedural_item_options: Passed.
                             sv_covergroup_procedural_item_options_unsupported: Passed - CE.
                                                    sv_covergroup_signed_cross: Passed.
                                               sv_covergroup_signed_cross_2023: Passed.
                                                sv_covergroup_signed_range_cap: Passed - CE.
                                           sv_covergroup_signed_range_cap_2023: Passed - CE.
                                         sv_covergroup_signed_range_resolution: Passed.
                                    sv_covergroup_signed_range_resolution_2023: Passed.
                                                   sv_covergroup_signed_ranges: Passed.
                                              sv_covergroup_signed_ranges_2023: Passed.
                                                sv_covergroup_transition_modes: Passed.
                                               sv_covergroup_transition_repeat: Passed.
                                          sv_covergroup_transition_repeat_fail: Passed - CE.
                                                 sv_covergroup_type_population: Passed.
                                            sv_covergroup_type_population_2023: Passed.
                                           sv_covergroup_type_population_cross: Passed.
                                      sv_covergroup_type_population_cross_2023: Passed.
                                           sv_covergroup_type_population_modes: Passed.
                                      sv_covergroup_type_population_modes_2023: Passed.
                                                     sv_covergroup_type_weight: Passed.
                                                sv_covergroup_type_weight_2023: Passed.
                                       sv_covergroup_type_weight_negative_fail: Passed - CE.
                                  sv_covergroup_type_weight_negative_fail_2023: Passed - CE.
                                    sv_covergroup_type_weight_nonconstant_fail: Passed - CE.
                               sv_covergroup_type_weight_nonconstant_fail_2023: Passed - CE.
                                         sv_covergroup_type_weight_signed_fail: Passed - CE.
                                    sv_covergroup_type_weight_signed_fail_2023: Passed - CE.
                                                sv_covergroup_type_weight_zero: Passed.
                                           sv_covergroup_type_weight_zero_2023: Passed.
                                sv_csrng_interface_array_missing_instance_fail: Passed - CE.
                           sv_csrng_interface_array_missing_instance_fail_2023: Passed - CE.
                                  sv_csrng_interface_array_missing_member_fail: Passed - CE.
                             sv_csrng_interface_array_missing_member_fail_2023: Passed - CE.
                                            sv_csrng_interface_array_same_name: Passed.
                                       sv_csrng_interface_array_same_name_2023: Passed.
                                           sv_csrng_interface_scalar_same_name: Passed.
                                      sv_csrng_interface_scalar_same_name_2023: Passed.
                                                           sv_darray_assign_op: Passed.
                                                    sv_darray_new_default_fill: Passed.
                                            sv_darray_new_default_runtime_size: Passed.
                                               sv_darray_new_default_type_fail: Passed - CE.
                                                   sv_darray_property_compound: Passed.
                                              sv_darray_property_compound_2023: Passed.
                                                 sv_declaration_class_frontier: Passed.
                                                    sv_default_formal_contexts: Passed.
                                                        sv_default_port_value1: Passed.
                                                        sv_default_port_value2: Passed.
                                                        sv_default_port_value3: Passed - CE.
                                                  sv_deferred_array_index_live: Passed.
                                             sv_deferred_array_index_live_2023: Passed.
                                                           sv_deferred_assert1: Passed.
                                                           sv_deferred_assert2: Passed.
                                                   sv_deferred_assert_control0: Passed.
                                                           sv_deferred_assume2: Passed.
                                                    sv_deferred_cover_actions0: Passed.
                                                   sv_deferred_cover_disabled0: Passed.
                                                       sv_deferred_fifo_flush0: Passed.
                                             sv_deferred_final_assert_control0: Passed.
                                                  sv_deferred_final_block_fail: Passed - CE.
                                                   sv_deferred_final_contexts0: Passed.
                                                     sv_deferred_final_finish0: Passed.
                                         sv_deferred_final_in_final_procedure0: Passed.
                                                     sv_deferred_final_latest1: Passed.
                                               sv_deferred_final_null_default0: Passed.
                                                      sv_deferred_final_order0: Passed.
                                                  sv_deferred_final_user_task0: Passed.
                                            sv_deferred_final_user_task_error0: Passed.
                                              sv_deferred_final_void_cast_fail: Passed - CE.
                                                            sv_deferred_flush1: Passed - CE.
                                                  sv_deferred_matured_disable0: Passed.
                                                      sv_deferred_null_action0: Passed.
                                                    sv_deferred_observed_args0: Passed.
                                              sv_deferred_observed_error_args0: Passed.
                                                   sv_deferred_reactive_order0: Passed.
                                                  sv_deferred_static_generate0: Passed.
                                                   sv_deferred_supported_only0: Passed.
                                             sv_deferred_void_cast_action_fail: Passed - CE.
                                            sv_disjoint_dynamic_packed_subpart: Passed.
                                       sv_disjoint_dynamic_packed_subpart_2023: Passed.
                                                sv_dist_large_exact_boundaries: Passed.
                                           sv_dist_large_exact_boundaries_2023: Passed.
                                           sv_dist_large_exact_connected_state: Passed.
                                      sv_dist_large_exact_connected_state_2023: Passed.
                                         sv_dist_large_exact_coupled_projected: Passed.
                                    sv_dist_large_exact_coupled_projected_2023: Passed.
                              sv_dist_large_exact_nonsingleton_expression_fail: Passed.
                         sv_dist_large_exact_nonsingleton_expression_fail_2023: Passed.
                                             sv_dist_large_exact_overflow_fail: Passed.
                                        sv_dist_large_exact_overflow_fail_2023: Passed.
                                              sv_dist_large_exact_pinned_state: Passed.
                                         sv_dist_large_exact_pinned_state_2023: Passed.
                                               sv_dist_large_exact_probability: Passed.
                                          sv_dist_large_exact_probability_2023: Passed.
                                          sv_dist_large_exact_reject_projected: Passed.
                                     sv_dist_large_exact_reject_projected_2023: Passed.
                                      sv_dist_large_exact_singleton_expression: Passed.
                                 sv_dist_large_exact_singleton_expression_2023: Passed.
                                           sv_dist_large_exact_singleton_unsat: Passed.
                                      sv_dist_large_exact_singleton_unsat_2023: Passed.
                                                        sv_dumpports_args_fail: Passed - EF.
                                                sv_dumpports_control_args_fail: Passed - EF.
                                              sv_dumpports_duplicate_file_fail: Passed - EF.
                                             sv_dumpports_duplicate_scope_fail: Passed - EF.
                                                   sv_dumpports_finish_pending: Passed.
                                                        sv_dumpports_late_fail: Passed - EF.
                                                  sv_dumpports_limit_args_fail: Passed - EF.
                                                   sv_dumpports_limit_prestart: Passed.
                                                    sv_dumpports_metadata_base: Passed.
                                                        sv_dumpports_multifile: Passed.
                                                     sv_dumpports_no_use_inout: Passed.
                                                          sv_dumpports_runtime: Passed.
                                                     sv_dumpports_svtests_21_7: Passed.
                                                 sv_dynamic_array_slice_rvalue: Passed.
                                    sv_dynamic_array_slice_variable_bound_fail: Passed - CE.
                                                sv_dynamic_packed_nonleaf_part: Passed.
                                           sv_dynamic_packed_nonleaf_part_2023: Passed.
                                               sv_dynamic_packed_prefix_shapes: Passed.
                                          sv_dynamic_packed_prefix_shapes_2023: Passed.
                                                sv_dynamic_packed_prefix_synth: Passed.
                                           sv_dynamic_packed_prefix_synth_2023: Passed.
                                           sv_dynamic_packed_prefix_wide_synth: Passed.
                                      sv_dynamic_packed_prefix_wide_synth_2023: Passed.
                                               sv_dynamic_packed_prefix_writes: Passed.
                                          sv_dynamic_packed_prefix_writes_2023: Passed.
                                                     sv_empty_compilation_unit: Passed.
                                               sv_empty_task_input_side_effect: Passed.
                                          sv_empty_task_input_side_effect_2023: Passed.
                                                      sv_enum_bare_name_concat: Passed.
                                                 sv_enum_bare_name_concat_2023: Passed.
                                                  sv_enum_bare_num_string_fail: Passed - CE.
                                             sv_enum_bare_num_string_fail_2023: Passed - CE.
                                       sv_enum_class_typedef_forward_kind_fail: Passed - CE.
                                                sv_enum_class_typedef_identity: Passed.
                                           sv_enum_class_typedef_mismatch_fail: Passed - CE.
                                                  sv_enum_class_typedef_shadow: Passed.
                                              sv_enum_compound_assignment_fail: Passed - CE.
                                              sv_enum_default_formal_cast_fail: Passed - CE.
                                                  sv_enum_default_formal_width: Passed.
                                                     sv_enum_return_provenance: Passed.
                                                sv_enum_return_provenance_fail: Passed - CE.
                                                     sv_enum_vpi_scalar_format: Passed.
                                                sv_enum_vpi_scalar_format_2023: Passed.
                                                     sv_event_array_llp64_pack: Passed.
                                               sv_event_automatic_part_context: Passed.
                                          sv_event_automatic_part_context_2023: Passed.
                                                     sv_event_automatic_rebind: Passed.
                                                sv_event_automatic_rebind_2023: Passed.
                                         sv_event_automatic_static_null_active: Passed.
                                    sv_event_automatic_static_null_active_2023: Passed.
                                           sv_event_automatic_vif_part_context: Passed.
                                      sv_event_automatic_vif_part_context_2023: Passed.
                                               sv_event_boolean_atomic_dynamic: Passed.
                                          sv_event_boolean_atomic_dynamic_2023: Passed.
                                                sv_event_boolean_atomic_static: Passed.
                                           sv_event_boolean_atomic_static_2023: Passed.
                                                sv_event_boolean_pulse_dynamic: Passed.
                                           sv_event_boolean_pulse_dynamic_2023: Passed.
                                                 sv_event_boolean_pulse_static: Passed.
                                            sv_event_boolean_pulse_static_2023: Passed.
                                           sv_event_boolean_pulse_static_synth: Passed.
                                      sv_event_boolean_pulse_static_synth_2023: Passed.
                                         sv_event_boolean_reconvergent_dynamic: Passed.
                                    sv_event_boolean_reconvergent_dynamic_2023: Passed.
                                          sv_event_boolean_reconvergent_static: Passed.
                                     sv_event_boolean_reconvergent_static_2023: Passed.
                                                       sv_event_compound_edges: Passed.
                                                  sv_event_compound_edges_2023: Passed.
                                                          sv_event_conditional: Passed.
                                                     sv_event_conditional_fail: Passed - CE.
                                                sv_event_edge_transition_table: Passed.
                                           sv_event_edge_transition_table_2023: Passed.
                                                         sv_event_guarded_null: Passed.
                                                    sv_event_guarded_null_2023: Passed.
                                        sv_event_list_prepare_single_diag_fail: Passed - CE.
                                   sv_event_list_prepare_single_diag_fail_2023: Passed - CE.
                                        sv_event_list_prepare_static_diag_fail: Passed - CE.
                                   sv_event_list_prepare_static_diag_fail_2023: Passed - CE.
                                                  sv_event_list_vif_mixed_once: Passed.
                                             sv_event_list_vif_mixed_once_2023: Passed.
                                            sv_event_list_vif_preserved_leaves: Passed.
                                       sv_event_list_vif_preserved_leaves_2023: Passed.
                                                       sv_event_mixed_event_or: Passed.
                                                  sv_event_mixed_event_or_2023: Passed.
                                               sv_event_nba_active_interaction: Passed.
                                          sv_event_nba_active_interaction_2023: Passed.
                                                    sv_event_nba_context_reuse: Passed.
                                               sv_event_nba_context_reuse_2023: Passed.
                                             sv_event_nba_vif_active_null_fail: Passed.
                                        sv_event_nba_vif_active_null_fail_2023: Passed.
                                                 sv_event_nba_vif_guard_settle: Passed.
                                            sv_event_nba_vif_guard_settle_2023: Passed.
                                            sv_event_null_arm_same_slot_rebind: Passed.
                                       sv_event_null_arm_same_slot_rebind_2023: Passed.
                                             sv_event_null_dereference_runtime: Passed.
                                        sv_event_null_dereference_runtime_2023: Passed.
                                                 sv_event_null_negedge_runtime: Passed.
                                            sv_event_null_negedge_runtime_2023: Passed.
                                           sv_event_null_x_conditional_runtime: Passed.
                                      sv_event_null_x_conditional_runtime_2023: Passed.
                                                        sv_event_pulse_dynamic: Passed.
                                                   sv_event_pulse_dynamic_2023: Passed.
                                                         sv_event_pulse_static: Passed.
                                                    sv_event_pulse_static_2023: Passed.
                                                     sv_event_real_edge_reject: Passed - CE.
                                                sv_event_real_edge_reject_2023: Passed - CE.
                                                        sv_event_rebind_stress: Passed.
                                                   sv_event_rebind_stress_2023: Passed.
                                             sv_event_renba_boolean_coalescing: Passed.
                                        sv_event_renba_boolean_coalescing_2023: Passed.
                                  sv_explicit_static_fixed_array_force_release: Passed.
                                                      sv_fatal_explicit_finish: Passed.
                                                 sv_fatal_explicit_finish_2023: Passed.
                                                  sv_fatal_string_first_strict: Passed.
                                             sv_fatal_string_first_strict_2023: Passed.
                                                  sv_fatal_string_first_unsafe: Passed.
                                             sv_fatal_string_first_unsafe_2023: Passed.
                                               sv_fatal_string_variable_unsafe: Passed.
                                          sv_fatal_string_variable_unsafe_2023: Passed.
                                                         sv_finish_event_rearm: Passed.
                                             sv_fixed_container_array_elements: Passed.
                                        sv_fixed_container_array_elements_2023: Passed.
                                                sv_fixed_output_copyback_shape: Passed.
                                           sv_fixed_output_copyback_shape_2023: Passed.
                                                sv_fixed_property_output_index: Passed.
                                           sv_fixed_property_output_index_2023: Passed.
                                              sv_fixed_property_output_invalid: Passed.
                                         sv_fixed_property_output_invalid_2023: Passed.
                                          sv_fixed_property_output_string_fail: Passed - CE.
                                     sv_fixed_property_output_string_fail_2023: Passed - CE.
                                                sv_fixed_property_output_types: Passed.
                                           sv_fixed_property_output_types_2023: Passed.
                                            sv_fixed_uarray_slice_queue_rvalue: Passed.
                                       sv_fixed_uarray_slice_queue_rvalue_2023: Passed.
                                       sv_fixed_uarray_slice_queue_rvalue_fail: Passed - CE.
                                  sv_fixed_uarray_slice_queue_rvalue_fail_2023: Passed - CE.
                                       sv_fixed_uarray_slice_queue_unsupported: Passed - CE.
                                  sv_fixed_uarray_slice_queue_unsupported_2023: Passed - CE.
                                        sv_fixed_uarray_slice_queue_visibility: Passed.
                                   sv_fixed_uarray_slice_queue_visibility_2023: Passed.
                                   sv_fixed_uarray_slice_queue_visibility_fail: Passed - CE.
                              sv_fixed_uarray_slice_queue_visibility_fail_2023: Passed - CE.
                                                         sv_for_decl_after_use: Passed - CE.
                                                    sv_for_decl_after_use_2023: Passed - CE.
                                                   sv_for_decl_bad_member_type: Passed - CE.
                                              sv_for_decl_bad_member_type_2023: Passed - CE.
                                                     sv_for_decl_bare_type_ref: Passed - CE.
                                                sv_for_decl_bare_type_ref_2023: Passed - CE.
                                                    sv_for_decl_dup_declarator: Passed - CE.
                                               sv_for_decl_dup_declarator_2023: Passed - CE.
                                                       sv_for_decl_scope_forms: Passed.
                                                  sv_for_decl_scope_forms_2023: Passed.
                                                        sv_for_decl_type_forms: Passed.
                                                   sv_for_decl_type_forms_2023: Passed.
                                                           sv_force_array_word: Passed.
                                                 sv_force_auto_static_rhs_live: Passed.
                                                      sv_force_binary_rhs_live: Passed.
                                                 sv_force_partial_live_overlap: Passed.
                                                         sv_force_urandom_once: Passed.
                                                                  sv_foreach10: Passed.
                                                                   sv_foreach9: Passed.
                                              sv_foreach_hierarchical_dual_dim: Passed.
                                                sv_foreach_package_param_array: Passed.
                                           sv_foreach_package_param_array_2023: Passed.
                                              sv_foreach_package_param_missing: Passed - CE.
                                         sv_foreach_package_param_missing_2023: Passed - CE.
                                             sv_foreach_package_param_nonarray: Passed - CE.
                                        sv_foreach_package_param_nonarray_2023: Passed - CE.
                                              sv_foreach_package_scoped_target: Passed.
                                         sv_foreach_package_scoped_target_2023: Passed.
                                                   sv_foreach_packed_parameter: Passed.
                                              sv_foreach_packed_parameter_2023: Passed.
                                            sv_foreach_packed_parameter_scalar: Passed - CE.
                                       sv_foreach_packed_parameter_scalar_2023: Passed - CE.
                                                     sv_foreach_selected_comma: Passed - CE.
                                                sv_foreach_selected_comma_2023: Passed - CE.
                                                    sv_foreach_selected_member: Passed.
                                               sv_foreach_selected_member_2023: Passed.
                                          sv_foreach_selected_member_inherited: Passed.
                                     sv_foreach_selected_member_inherited_2023: Passed.
                                               sv_foreach_selected_member_keys: Passed.
                                          sv_foreach_selected_member_keys_2023: Passed.
                                           sv_foreach_selected_member_lifetime: Passed.
                                      sv_foreach_selected_member_lifetime_2023: Passed.
                                             sv_foreach_selected_member_shadow: Passed.
                                        sv_foreach_selected_member_shadow_2023: Passed.
                                             sv_foreach_selected_member_string: Passed.
                                        sv_foreach_selected_member_string_2023: Passed.
                                                   sv_foreach_selected_missing: Passed - CE.
                                              sv_foreach_selected_missing_2023: Passed - CE.
                                                sv_foreach_selector_evaluation: Passed.
                                           sv_foreach_selector_evaluation_2023: Passed.
                                                      sv_foreach_selector_real: Passed - CE.
                                                 sv_foreach_selector_real_2023: Passed - CE.
                                                sv_foreach_selector_unresolved: Passed - CE.
                                           sv_foreach_selector_unresolved_2023: Passed - CE.
                                                  sv_fork_deferred_null_action: Passed.
                                             sv_fork_deferred_null_action_2023: Passed.
                                                           sv_fork_empty_child: Passed.
                                                      sv_fork_empty_child_2023: Passed.
                                                     sv_fork_function_children: Passed.
                                                sv_fork_function_children_2023: Passed.
                                                            sv_fork_null_child: Passed.
                                                       sv_fork_null_child_2023: Passed.
                                                   sv_fork_scope_recovery_fail: Passed - CE.
                                              sv_fork_scope_recovery_fail_2023: Passed - CE.
                                                     sv_fork_singleton_control: Passed.
                                                sv_fork_singleton_control_2023: Passed.
                                                     sv_fork_singleton_process: Passed.
                                                sv_fork_singleton_process_2023: Passed.
                                                     sv_forward_interface_port: Passed.
                                                    sv_forwarded_callback_init: Passed.
                                               sv_forwarded_callback_init_2023: Passed.
                                                 sv_forwarded_type_static_init: Passed.
                                            sv_forwarded_type_static_init_2023: Passed.
                                                   sv_function_background_join: Passed.
                                              sv_function_background_join_2023: Passed.
                                              sv_function_background_join_fail: Passed - CE.
                                         sv_function_background_join_fail_2023: Passed - CE.
                                                sv_function_fork_blocking_fail: Passed - CE.
                                                    sv_function_fork_join_none: Passed.
                                                sv_function_nba_automatic_fail: Passed - CE.
                                                    sv_function_nba_const_fail: Passed - CE.
                                       sv_function_nba_explicit_automatic_fail: Passed - CE.
                                                    sv_function_nba_persistent: Passed.
                                                        sv_function_return_ref: Passed.
                                                   sv_function_return_ref_2023: Passed.
                                            sv_function_scalar_output_defaults: Passed.
                                       sv_function_scalar_output_defaults_2023: Passed.
                                                sv_function_scalar_output_once: Passed.
                                           sv_function_scalar_output_once_2023: Passed.
                                                 sv_generic_master_static_init: Passed.
                                            sv_generic_master_static_init_2023: Passed.
                                                  sv_hier_automatic_event_fail: Passed - CE.
                                             sv_hier_automatic_event_fail_2023: Passed - CE.
                                                  sv_hier_automatic_local_fail: Passed - CE.
                                             sv_hier_automatic_local_fail_2023: Passed - CE.
                                                 sv_hier_automatic_nested_fail: Passed - CE.
                                            sv_hier_automatic_nested_fail_2023: Passed - CE.
                                                          sv_hier_static_event: Passed.
                                                     sv_hier_static_event_2023: Passed.
                                                          sv_hier_static_local: Passed.
                                                     sv_hier_static_local_2023: Passed.
                                                   sv_hier_unnamed_static_fail: Passed - CE.
                                              sv_hier_unnamed_static_fail_2023: Passed - CE.
                                             sv_hierarchical_missing_task_fail: Passed - CE.
                                        sv_hierarchical_missing_task_fail_2023: Passed - CE.
                                             sv_hierarchical_subroutine_lookup: Passed.
                                        sv_hierarchical_subroutine_lookup_2023: Passed.
                                                     sv_immediate_cover_action: Passed.
                                                   sv_implicit_named_parameter: Passed.
                                          sv_implicit_randomize_hook_args_fail: Passed - CE.
                                                   sv_implicit_randomize_hooks: Passed.
                                     sv_indexed_hierarchical_missing_task_fail: Passed - CE.
                                sv_indexed_hierarchical_missing_task_fail_2023: Passed - CE.
                                      sv_indexed_hierarchical_nonconstant_fail: Passed - CE.
                                 sv_indexed_hierarchical_nonconstant_fail_2023: Passed - CE.
                                     sv_indexed_hierarchical_out_of_range_fail: Passed - CE.
                                sv_indexed_hierarchical_out_of_range_fail_2023: Passed - CE.
                                           sv_indexed_hierarchical_task_lookup: Passed.
                                      sv_indexed_hierarchical_task_lookup_2023: Passed.
                                             sv_indexed_hierarchical_wide_fail: Passed - CE.
                                        sv_indexed_hierarchical_wide_fail_2023: Passed - CE.
                                         sv_inherited_class_parameter_vif_task: Passed.
                                    sv_inherited_class_parameter_vif_task_2023: Passed.
                                                    sv_inherited_method_lookup: Passed.
                                               sv_inherited_method_lookup_2023: Passed.
                                               sv_inherited_method_static_fail: Passed - CE.
                                          sv_inherited_method_static_fail_2023: Passed - CE.
                                                sv_inherited_method_visibility: Passed.
                                           sv_inherited_method_visibility_2023: Passed.
                                     sv_inherited_typeparam_nested_static_call: Passed.
                                sv_inherited_typeparam_nested_static_call_fail: Passed - CE.
                                               sv_inside_const_array_parameter: Passed.
                                          sv_inside_const_array_parameter_2023: Passed.
                                       sv_inside_const_array_parameter_invalid: Passed - CE.
                                  sv_inside_const_array_parameter_invalid_2023: Passed - CE.
                                                        sv_interconnect_corpus: Passed.
                                              sv_interconnect_declaration_fail: Passed - CE.
                                                sv_interconnect_reference_fail: Passed - CE.
                                                        sv_interconnect_scalar: Passed.
                                                        sv_interconnect_shapes: Passed.
                                            sv_interconnect_udnt_conflict_fail: Passed - CE.
                                               sv_interconnect_unresolved_fail: Passed - CE.
                                                 sv_interconnect_variable_fail: Passed - CE.
                                                                  sv_interface: Not Implemented.
                                         sv_interface_class_illegal_items_fail: Passed - CE.
                                           sv_interface_class_lexical_boundary: Passed.
                                        sv_interface_class_missing_method_fail: Passed - CE.
                                     sv_interface_class_nonvirtual_method_fail: Passed - CE.
                                             sv_interface_class_qualifier_fail: Passed - CE.
                                              sv_interface_class_relation_fail: Passed - CE.
                                                    sv_interface_class_runtime: Passed.
                                             sv_interface_class_signature_fail: Passed - CE.
                                          sv_interface_instance_name_collision: Passed.
                                     sv_interface_instance_name_collision_2023: Passed.
                                     sv_interface_member_contassign_decl_delay: Passed.
                           sv_interface_member_contassign_function_sensitivity: Passed.
                                  sv_interface_member_contassign_net_semantics: Passed.
                              sv_interface_member_contassign_oob_instance_fail: Passed - CE.
                                  sv_interface_member_contassign_timing_reject: Passed - CE.
                                        sv_interface_member_select_sensitivity: Passed.
                                               sv_interface_member_sensitivity: Passed.
                         sv_interface_member_uwire_contassign_multidriver_fail: Passed - CE.
                      sv_interface_member_variable_contassign_multidriver_fail: Passed - CE.
                                        sv_interface_net_contassign_resolution: Passed.
                                         sv_interface_port_array_copyback_task: Passed.
                                     sv_interface_port_array_direction_methods: Passed.
                                  sv_interface_port_array_forwarded_shape_fail: Passed - CE.
                                  sv_interface_port_array_function_sensitivity: Passed.
                             sv_interface_port_array_function_sensitivity_2012: Passed.
                             sv_interface_port_array_function_sensitivity_2023: Passed.
                                                sv_interface_port_array_member: Passed.
                                            sv_interface_port_array_shape_fail: Passed - CE.
                                               sv_interface_port_forward_chain: Passed.
                                          sv_interface_port_forward_chain_2023: Passed.
                                              sv_interface_port_forward_direct: Passed.
                                         sv_interface_port_forward_direct_2023: Passed.
                                                sv_interface_port_forward_null: Passed - EF.
                                           sv_interface_port_forward_null_2023: Passed - EF.
                                              sv_interface_port_forward_onehop: Passed.
                                         sv_interface_port_forward_onehop_2023: Passed.
                                  sv_interface_port_mixed_driver_called_unsafe: Passed - CE.
                             sv_interface_port_mixed_driver_called_unsafe_2023: Passed - CE.
                            sv_interface_port_mixed_driver_class_handle_unsafe: Passed - CE.
                       sv_interface_port_mixed_driver_class_handle_unsafe_2023: Passed - CE.
                                   sv_interface_port_mixed_driver_clean_strict: Passed.
                              sv_interface_port_mixed_driver_clean_strict_2023: Passed.
                             sv_interface_port_mixed_driver_direct_port_strict: Passed - CE.
                        sv_interface_port_mixed_driver_direct_port_strict_2023: Passed - CE.
                             sv_interface_port_mixed_driver_direct_port_unsafe: Passed - CE.
                        sv_interface_port_mixed_driver_direct_port_unsafe_2023: Passed - CE.
                                 sv_interface_port_mixed_driver_dynamic_unsafe: Passed - CE.
                            sv_interface_port_mixed_driver_dynamic_unsafe_2023: Passed - CE.
                         sv_interface_port_mixed_driver_modport_dynamic_unsafe: Passed - CE.
                    sv_interface_port_mixed_driver_modport_dynamic_unsafe_2023: Passed - CE.
                                sv_interface_port_mixed_driver_ref_port_strict: Passed - CE.
                           sv_interface_port_mixed_driver_ref_port_strict_2023: Passed - CE.
                                sv_interface_port_mixed_driver_ref_port_unsafe: Passed - CE.
                           sv_interface_port_mixed_driver_ref_port_unsafe_2023: Passed - CE.
                                 sv_interface_port_mixed_driver_sibling_unsafe: Passed - CE.
                            sv_interface_port_mixed_driver_sibling_unsafe_2023: Passed - CE.
                                sv_interface_port_mixed_driver_two_port_strict: Passed - CE.
                           sv_interface_port_mixed_driver_two_port_strict_2023: Passed - CE.
                                sv_interface_port_mixed_driver_two_port_unsafe: Passed - CE.
                           sv_interface_port_mixed_driver_two_port_unsafe_2023: Passed - CE.
                                  sv_interface_port_mixed_driver_unused_strict: Passed - CE.
                             sv_interface_port_mixed_driver_unused_strict_2023: Passed - CE.
                                  sv_interface_port_mixed_driver_unused_unsafe: Passed.
                             sv_interface_port_mixed_driver_unused_unsafe_2023: Passed.
                                 sv_interface_port_selected_actual_access_fail: Passed - CE.
                            sv_interface_port_selected_actual_access_fail_2023: Passed - CE.
                         sv_interface_port_selected_actual_export_missing_fail: Passed - CE.
                    sv_interface_port_selected_actual_export_missing_fail_2023: Passed - CE.
                          sv_interface_port_selected_actual_unqualified_formal: Passed.
                     sv_interface_port_selected_actual_unqualified_formal_2023: Passed.
                                   sv_interface_task_mixed_driver_alias_unsafe: Passed - CE.
                              sv_interface_task_mixed_driver_alias_unsafe_2023: Passed - CE.
                                  sv_interface_task_mixed_driver_called_unsafe: Passed - CE.
                             sv_interface_task_mixed_driver_called_unsafe_2023: Passed - CE.
                             sv_interface_task_mixed_driver_double_cont_unsafe: Passed - CE.
                        sv_interface_task_mixed_driver_double_cont_unsafe_2023: Passed - CE.
                                sv_interface_task_mixed_driver_indirect_unsafe: Passed - CE.
                           sv_interface_task_mixed_driver_indirect_unsafe_2023: Passed - CE.
                            sv_interface_task_mixed_driver_live_process_unsafe: Passed - CE.
                       sv_interface_task_mixed_driver_live_process_unsafe_2023: Passed - CE.
                               sv_interface_task_mixed_driver_nb_called_unsafe: Passed - CE.
                          sv_interface_task_mixed_driver_nb_called_unsafe_2023: Passed - CE.
                                      sv_interface_task_mixed_driver_nb_strict: Passed - CE.
                                 sv_interface_task_mixed_driver_nb_strict_2023: Passed - CE.
                               sv_interface_task_mixed_driver_nb_unused_unsafe: Passed.
                          sv_interface_task_mixed_driver_nb_unused_unsafe_2023: Passed.
                               sv_interface_task_mixed_driver_ref_class_strict: Passed - CE.
                          sv_interface_task_mixed_driver_ref_class_strict_2023: Passed - CE.
                               sv_interface_task_mixed_driver_ref_class_unsafe: Passed - CE.
                          sv_interface_task_mixed_driver_ref_class_unsafe_2023: Passed - CE.
                                     sv_interface_task_mixed_driver_ref_strict: Passed - CE.
                                sv_interface_task_mixed_driver_ref_strict_2023: Passed - CE.
                                     sv_interface_task_mixed_driver_ref_unsafe: Passed - CE.
                                sv_interface_task_mixed_driver_ref_unsafe_2023: Passed - CE.
                                 sv_interface_task_mixed_driver_sibling_unsafe: Passed - CE.
                            sv_interface_task_mixed_driver_sibling_unsafe_2023: Passed - CE.
                             sv_interface_task_mixed_driver_static_init_strict: Passed - CE.
                        sv_interface_task_mixed_driver_static_init_strict_2023: Passed - CE.
                             sv_interface_task_mixed_driver_static_init_unsafe: Passed - CE.
                        sv_interface_task_mixed_driver_static_init_unsafe_2023: Passed - CE.
                                         sv_interface_task_mixed_driver_strict: Passed - CE.
                                    sv_interface_task_mixed_driver_strict_2023: Passed - CE.
                                  sv_interface_task_mixed_driver_unused_unsafe: Passed.
                             sv_interface_task_mixed_driver_unused_unsafe_2023: Passed.
                          sv_interface_task_no_candidate_same_type_unsafe_2017: Passed - CE.
                          sv_interface_task_no_candidate_same_type_unsafe_2023: Passed - CE.
                          sv_interface_task_no_candidate_unrelated_strict_2017: Passed - CE.
                          sv_interface_task_no_candidate_unrelated_strict_2023: Passed - CE.
                          sv_interface_task_no_candidate_unrelated_unsafe_2017: Passed.
                          sv_interface_task_no_candidate_unrelated_unsafe_2023: Passed.
                              sv_interface_virtual_nonvirtual_call_2017_strict: Passed - CE.
                              sv_interface_virtual_nonvirtual_call_2017_unsafe: Passed - CE.
                              sv_interface_virtual_nonvirtual_call_2023_strict: Passed - CE.
                              sv_interface_virtual_nonvirtual_call_2023_unsafe: Passed - CE.
                         sv_interface_virtual_override_direct_call_2017_strict: Passed - CE.
                         sv_interface_virtual_override_direct_call_2017_unsafe: Passed - CE.
                         sv_interface_virtual_override_direct_call_2023_strict: Passed - CE.
                         sv_interface_virtual_override_direct_call_2023_unsafe: Passed - CE.
                             sv_interface_virtual_override_no_call_2017_strict: Passed - CE.
                             sv_interface_virtual_override_no_call_2017_unsafe: Passed.
                             sv_interface_virtual_override_no_call_2023_strict: Passed - CE.
                             sv_interface_virtual_override_no_call_2023_unsafe: Passed.
                          sv_interface_virtual_override_super_only_2017_strict: Passed - CE.
                          sv_interface_virtual_override_super_only_2017_unsafe: Passed.
                          sv_interface_virtual_override_super_only_2023_strict: Passed - CE.
                          sv_interface_virtual_override_super_only_2023_unsafe: Passed.
                          sv_interface_virtual_override_transitive_2017_strict: Passed - CE.
                          sv_interface_virtual_override_transitive_2017_unsafe: Passed - CE.
                          sv_interface_virtual_override_transitive_2023_strict: Passed - CE.
                          sv_interface_virtual_override_transitive_2023_unsafe: Passed - CE.
                           sv_interface_virtual_override_uncertain_2017_strict: Passed - CE.
                           sv_interface_virtual_override_uncertain_2017_unsafe: Passed - CE.
                           sv_interface_virtual_override_uncertain_2023_strict: Passed - CE.
                           sv_interface_virtual_override_uncertain_2023_unsafe: Passed - CE.
                            sv_interface_virtual_override_via_base_2017_strict: Passed - CE.
                            sv_interface_virtual_override_via_base_2017_unsafe: Passed - CE.
                            sv_interface_virtual_override_via_base_2023_strict: Passed - CE.
                            sv_interface_virtual_override_via_base_2023_unsafe: Passed - CE.
                                         sv_joint_ordered_guard_coupled_reject: Passed.
                                    sv_joint_ordered_guard_coupled_reject_2023: Passed.
                                                  sv_joint_ordered_guard_fiber: Passed.
                                             sv_joint_ordered_guard_fiber_2023: Passed.
                                       sv_joint_ordered_guard_independent_pair: Passed.
                                  sv_joint_ordered_guard_independent_pair_2023: Passed.
                                      sv_joint_ordered_guard_prefix_cap_reject: Passed.
                                 sv_joint_ordered_guard_prefix_cap_reject_2023: Passed.
                                           sv_joint_ordered_guard_randc_reject: Passed.
                                      sv_joint_ordered_guard_randc_reject_2023: Passed.
                                              sv_joint_ordered_guard_tautology: Passed.
                                         sv_joint_ordered_guard_tautology_2023: Passed.
                                             sv_joint_proven_guard_conjunction: Passed.
                                        sv_joint_proven_guard_conjunction_2023: Passed.
                                                   sv_joint_proven_guard_macro: Passed.
                                              sv_joint_proven_guard_macro_2023: Passed.
                                                sv_joint_proven_guard_positive: Passed.
                                           sv_joint_proven_guard_positive_2023: Passed.
                                               sv_joint_proven_guard_selfproof: Passed.
                                          sv_joint_proven_guard_selfproof_2023: Passed.
                                              sv_joint_proven_guard_unresolved: Passed.
                                         sv_joint_proven_guard_unresolved_2023: Passed.
                                          sv_labeled_block_scope_recovery_fail: Passed - CE.
                                     sv_labeled_block_scope_recovery_fail_2023: Passed - CE.
                                                                   sv_literals: Passed.
                                          sv_macro_actual_delimiter_boundaries: Passed.
                                     sv_macro_actual_delimiter_boundaries_2023: Passed.
                                              sv_macro_casted_argument_balance: Passed.
                                         sv_macro_casted_argument_balance_2023: Passed.
                                                   sv_macro_definition_context: Passed.
                                              sv_macro_matched_bracket_actuals: Passed.
                                         sv_macro_matched_bracket_actuals_2023: Passed.
                                                sv_macro_mismatched_group_fail: Passed - CE.
                                           sv_macro_mismatched_group_fail_2023: Passed - CE.
                                                 sv_macro_pasted_function_name: Passed.
                                            sv_macro_pasted_function_name_2023: Passed.
                                                 sv_macro_recursion_limit_fail: Passed - CE.
                                             sv_macro_unterminated_string_fail: Passed - CE.
                                                   sv_mailbox_kill_blocked_get: Passed.
                                                  sv_mailbox_kill_blocked_peek: Passed.
                                                   sv_mailbox_kill_blocked_put: Passed.
                                            sv_mailbox_ref_output_assoc_signal: Passed.
                                       sv_mailbox_ref_output_assoc_signal_2023: Passed.
                                          sv_mailbox_ref_output_class_property: Passed.
                                     sv_mailbox_ref_output_class_property_2023: Passed.
                                                    sv_mailbox_ref_output_fail: Passed - CE.
                                               sv_mailbox_ref_output_fail_2023: Passed - CE.
                                                  sv_mailbox_ref_output_lvalue: Passed.
                                             sv_mailbox_ref_output_lvalue_2023: Passed.
                                                        sv_member_delay_compat: Passed.
                                                   sv_member_delay_compat_2023: Passed.
                                               sv_member_delay_expression_fail: Passed - CE.
                                          sv_member_delay_expression_fail_2023: Passed - CE.
                                                 sv_member_delay_parenthesized: Passed.
                                            sv_member_delay_parenthesized_2023: Passed.
                                                   sv_member_delay_strict_fail: Passed - CE.
                                              sv_member_delay_strict_fail_2023: Passed - CE.
                                                     sv_missing_bare_task_fail: Passed - CE.
                                                sv_missing_bare_task_fail_2023: Passed - CE.
                                             sv_missing_package_self_task_fail: Passed - CE.
                                        sv_missing_package_self_task_fail_2023: Passed - CE.
                                                  sv_missing_package_task_fail: Passed - CE.
                                             sv_missing_package_task_fail_2023: Passed - CE.
                                           sv_missing_package_task_shadow_fail: Passed - CE.
                                      sv_missing_package_task_shadow_fail_2023: Passed - CE.
                                                              sv_mixed_assign1: Not Implemented.
                                                              sv_mixed_assign2: Not Implemented.
                                                        sv_mixed_assign_error1: Passed - CE.
                                                        sv_mixed_assign_error2: Passed - CE.
                                                        sv_mixed_assign_error3: Passed - CE.
                                                        sv_mixed_assign_error4: Passed - CE.
                                                      sv_mixed_assign_multidim: Passed.
                                      sv_mixed_event_automatic_sfunc_expr_2017: Passed.
                                      sv_mixed_event_automatic_sfunc_expr_2023: Passed.
                                       sv_mixed_event_conditional_capture_2017: Passed.
                                       sv_mixed_event_conditional_capture_2023: Passed.
                                     sv_mixed_event_disable_during_sample_2017: Passed.
                                     sv_mixed_event_disable_during_sample_2023: Passed.
                                             sv_mixed_event_disable_reuse_2017: Passed.
                                             sv_mixed_event_disable_reuse_2023: Passed.
                                           sv_mixed_event_full_expr_forms_2017: Passed.
                                           sv_mixed_event_full_expr_forms_2023: Passed.
                                          sv_mixed_event_invalid_selector_2017: Passed.
                                          sv_mixed_event_invalid_selector_2023: Passed.
                                  sv_mixed_event_local_index_value_filter_2017: Passed.
                                  sv_mixed_event_local_index_value_filter_2023: Passed.
                                sv_mixed_event_method_selector_dependency_2017: Passed.
                                sv_mixed_event_method_selector_dependency_2023: Passed.
                                          sv_mixed_event_multi_path_local_2017: Passed.
                                          sv_mixed_event_multi_path_local_2023: Passed.
                                   sv_mixed_event_nested_owner_concurrent_2017: Passed.
                                   sv_mixed_event_nested_owner_concurrent_2023: Passed.
                                 sv_mixed_event_original_shape_data_pulse_2017: Passed.
                                 sv_mixed_event_original_shape_data_pulse_2023: Passed.
                             sv_mixed_event_original_shape_selector_pulse_2017: Passed.
                             sv_mixed_event_original_shape_selector_pulse_2023: Passed.
                                        sv_mixed_event_parallel_automatic_2017: Passed.
                                        sv_mixed_event_parallel_automatic_2023: Passed.
                                     sv_mixed_event_program_queued_writer_2017: Passed.
                                     sv_mixed_event_program_queued_writer_2023: Passed.
                                       sv_mixed_event_root_after_ordinary_2017: Passed.
                                       sv_mixed_event_root_after_ordinary_2023: Passed.
                                             sv_mixed_event_runtime_chain_2017: Passed.
                                             sv_mixed_event_runtime_chain_2023: Passed.
                                   sv_mixed_event_samepins_different_expr_2017: Passed.
                                   sv_mixed_event_samepins_different_expr_2023: Passed.
                                       sv_mixed_event_selected_unselected_2017: Passed.
                                       sv_mixed_event_selected_unselected_2023: Passed.
                                      sv_mixed_event_selector_side_effect_2017: Passed.
                                      sv_mixed_event_selector_side_effect_2023: Passed.
                                              sv_mixed_event_simultaneous_2017: Passed.
                                              sv_mixed_event_simultaneous_2023: Passed.
                                  sv_mixed_event_transient_selected_pulse_2017: Passed.
                                  sv_mixed_event_transient_selected_pulse_2023: Passed.
                                  sv_mixed_event_transient_selector_pulse_2017: Passed.
                                  sv_mixed_event_transient_selector_pulse_2023: Passed.
                                     sv_mixed_lifetime_fixed_array_named_block: Passed.
                                                sv_modport_export_missing_fail: Passed - CE.
                                           sv_modport_export_missing_fail_2023: Passed - CE.
                                      sv_modport_function_implicit_return_fail: Passed - CE.
                                 sv_modport_function_implicit_return_fail_2023: Passed - CE.
                                                  sv_modport_tf_duplicate_fail: Passed - CE.
                                             sv_modport_tf_duplicate_fail_2023: Passed - CE.
                                    sv_modport_tf_prototype_file_recovery_fail: Passed - CE.
                               sv_modport_tf_prototype_file_recovery_fail_2023: Passed - CE.
                                         sv_modport_tf_prototype_recovery_fail: Passed - CE.
                                    sv_modport_tf_prototype_recovery_fail_2023: Passed - CE.
                                  sv_modport_tf_prototype_syntax_recovery_fail: Passed - CE.
                             sv_modport_tf_prototype_syntax_recovery_fail_2023: Passed - CE.
                                                          sv_module_class_type: Passed.
                                                     sv_module_class_type_2023: Passed.
                                       sv_module_class_type_enum_mismatch_fail: Passed - CE.
                                  sv_module_class_type_enum_mismatch_fail_2023: Passed - CE.
                                          sv_module_class_type_incomplete_fail: Passed - CE.
                                     sv_module_class_type_incomplete_fail_2023: Passed - CE.
                                             sv_module_class_type_missing_fail: Passed - CE.
                                        sv_module_class_type_missing_fail_2023: Passed - CE.
                                            sv_module_class_type_non_type_fail: Passed - CE.
                                       sv_module_class_type_non_type_fail_2023: Passed - CE.
                                           sv_module_class_type_parameter_fail: Passed - CE.
                                      sv_module_class_type_parameter_fail_2023: Passed - CE.
                                                               sv_module_port1: Passed.
                                                               sv_module_port2: Passed.
                                                               sv_module_port3: Passed.
                                                               sv_module_port4: Passed.
                                                sv_module_scoped_class_methods: Passed.
                                            sv_named_block_scope_recovery_fail: Passed - CE.
                                       sv_named_block_scope_recovery_fail_2023: Passed - CE.
                                            sv_named_event_triggered_automatic: Passed.
                                       sv_named_event_triggered_automatic_2023: Passed.
                                    sv_named_event_triggered_mixed_unsupported: Passed - CE.
                               sv_named_event_triggered_mixed_unsupported_2023: Passed - CE.
                                          sv_named_event_triggered_sensitivity: Passed.
                                     sv_named_event_triggered_sensitivity_2023: Passed.
                                                 sv_nba_concat_property_reject: Passed - CE.
                                                       sv_nba_property_dynamic: Passed.
                                          sv_nba_vif_selected_bit_capture_2017: Passed.
                                          sv_nba_vif_selected_bit_capture_2023: Passed.
                                                   sv_nested_class_scope_stack: Passed.
                                                     sv_nested_container_audit: Passed.
                                                       sv_nested_packed_incdec: Passed.
                                                  sv_nested_packed_incdec_2023: Passed.
                                                sv_nested_packed_incdec_bounds: Passed.
                                           sv_nested_packed_incdec_bounds_2023: Passed.
                                                  sv_nested_packed_incdec_fail: Passed - CE.
                                             sv_nested_packed_incdec_fail_2023: Passed - CE.
                                                      sv_net_decl_delay_corpus: Passed.
                                                    sv_net_decl_delay_inertial: Passed.
                                           sv_net_decl_delay_invalid_expr_fail: Passed - CE.
                                            sv_net_decl_delay_port_inline_fail: Passed - CE.
                                                       sv_net_decl_delay_ports: Passed.
                                                  sv_net_decl_delay_pull_chain: Passed.
                                                    sv_net_decl_delay_strength: Passed.
                                                       sv_net_decl_delay_table: Passed.
                                                      sv_net_decl_delay_vector: Passed.
                                                        sv_net_decl_delay_wide: Passed.
                                                              sv_nettype_alias: Passed.
                                                   sv_nettype_class_scope_scan: Passed.
                                                        sv_nettype_corpus_decl: Passed.
                                               sv_nettype_corpus_resolution_fn: Passed.
                                                             sv_nettype_direct: Passed.
                                            sv_nettype_invalid_underlying_fail: Passed - CE.
                                                        sv_nettype_lookup_fail: Passed - CE.
                                                            sv_nettype_package: Passed.
                                                sv_nettype_parameter_instances: Passed.
                                     sv_nettype_resolved_runtime_boundary_fail: Passed.
                                            sv_nettype_resolver_signature_fail: Passed - CE.
                                                      sv_nettype_single_driver: Passed.
                                    sv_nettype_unresolved_multiple_driver_fail: Passed - CE.
                                      sv_nettype_unresolved_select_driver_fail: Passed - CE.
                                 sv_nonvoid_function_assoc_element_formal_fail: Passed - CE.
                            sv_nonvoid_function_assoc_element_formal_fail_2023: Passed - CE.
                                   sv_nonvoid_function_container_formal_compat: Passed.
                              sv_nonvoid_function_container_formal_compat_2023: Passed.
                                     sv_nonvoid_function_container_formal_fail: Passed - CE.
                                sv_nonvoid_function_container_formal_fail_2023: Passed - CE.
                                         sv_nonvoid_function_fixed_formal_fail: Passed - CE.
                                    sv_nonvoid_function_fixed_formal_fail_2023: Passed - CE.
                                               sv_nonvoid_function_fixed_slice: Passed.
                                          sv_nonvoid_function_fixed_slice_2023: Passed.
                                               sv_output_explicit_wire_control: Passed.
                                          sv_output_explicit_wire_control_2023: Passed.
                                        sv_output_variable_initializer_overlap: Passed - CE.
                                   sv_output_variable_initializer_overlap_2023: Passed - CE.
                                      sv_output_variable_input_inout_neighbors: Passed.
                                 sv_output_variable_input_inout_neighbors_2023: Passed.
                                         sv_output_variable_interface_resolved: Passed.
                                    sv_output_variable_interface_resolved_2023: Passed.
                                               sv_output_variable_logic_vector: Passed.
                                          sv_output_variable_logic_vector_2023: Passed.
                                            sv_output_variable_multiple_driver: Passed - CE.
                                       sv_output_variable_multiple_driver_2023: Passed - CE.
                                         sv_output_variable_procedural_overlap: Passed - CE.
                                    sv_output_variable_procedural_overlap_2023: Passed - CE.
                                          sv_output_variable_procedural_struct: Passed.
                                     sv_output_variable_procedural_struct_2023: Passed.
                                              sv_output_variable_scalar_nested: Passed.
                                         sv_output_variable_scalar_nested_2023: Passed.
                                        sv_output_variable_scalar_nested_synth: Passed.
                                   sv_output_variable_scalar_nested_synth_2023: Passed.
                                            sv_output_variable_selected_actual: Passed.
                                       sv_output_variable_selected_actual_2023: Passed.
                                    sv_output_variable_selected_actual_overlap: Passed - CE.
                               sv_output_variable_selected_actual_overlap_2023: Passed - CE.
                                            sv_output_variable_unpacked_actual: Passed.
                                       sv_output_variable_unpacked_actual_2023: Passed.
                                    sv_overlapping_dynamic_packed_subpart_fail: Passed - CE.
                               sv_overlapping_dynamic_packed_subpart_fail_2023: Passed - CE.
                                        sv_package_lazy_subroutine_post_repair: Passed.
                                                 sv_package_nested_static_call: Passed.
                                            sv_package_nested_static_call_fail: Passed - CE.
                                                sv_package_param_class_extends: Passed.
                                          sv_package_param_interface_relations: Passed.
                                        sv_package_qualified_subroutine_lookup: Passed.
                                   sv_package_qualified_subroutine_lookup_2023: Passed.
                                        sv_package_self_class_method_collision: Passed.
                                                 sv_package_self_queue_methods: Passed.
                                                sv_packed_element_write_bounds: Passed.
                                           sv_packed_element_write_bounds_2023: Passed.
                                              sv_packed_element_write_compound: Passed.
                                         sv_packed_element_write_compound_2023: Passed.
                                                   sv_packed_element_write_nba: Passed.
                                              sv_packed_element_write_nba_2023: Passed.
                                                 sv_packed_element_write_synth: Passed.
                                            sv_packed_element_write_synth_2023: Passed.
                                         sv_packed_indexed_subpart_read_bounds: Passed.
                                    sv_packed_indexed_subpart_read_bounds_2023: Passed.
                                               sv_packed_mixed_driver_compound: Passed.
                                          sv_packed_mixed_driver_compound_2023: Passed.
                                            sv_packed_net_array_forward_concat: Passed.
                                       sv_packed_net_array_forward_concat_2023: Passed.
                                             sv_packed_net_array_proc_net_fail: Passed - CE.
                                        sv_packed_net_array_proc_net_fail_2023: Passed - CE.
                                     sv_packed_part_select_variable_bound_fail: Passed - CE.
                                                    sv_packed_partial_feedback: Passed.
                                               sv_packed_partial_feedback_2023: Passed.
                               sv_packed_partial_index_nonzero_lsb_2017_strict: Passed.
                               sv_packed_partial_index_nonzero_lsb_2017_unsafe: Passed.
                               sv_packed_partial_index_nonzero_lsb_2023_strict: Passed.
                               sv_packed_partial_index_nonzero_lsb_2023_unsafe: Passed.
                                                sv_packed_partial_overlap_fail: Passed - CE.
                                           sv_packed_partial_overlap_fail_2023: Passed - CE.
                                                  sv_packed_prefix_read_bounds: Passed.
                                             sv_packed_prefix_read_bounds_2023: Passed.
                                                   sv_packed_prefix_read_synth: Passed.
                                              sv_packed_prefix_read_synth_2023: Passed.
                                                    sv_packed_real_prefix_fail: Passed - CE.
                                               sv_packed_real_prefix_fail_2023: Passed - CE.
                                                       sv_packed_select_incdec: Passed.
                                                  sv_packed_select_incdec_2023: Passed.
                                                sv_packed_select_incdec_bounds: Passed.
                                           sv_packed_select_incdec_bounds_2023: Passed.
                                               sv_packed_select_incdec_context: Passed.
                                          sv_packed_select_incdec_context_2023: Passed.
                                                  sv_packed_select_incdec_fail: Passed - CE.
                                             sv_packed_select_incdec_fail_2023: Passed - CE.
                                          sv_packed_singleton_runtime_idx_part: Passed.
                                               sv_packed_tri_feedback_converge: Passed.
                                          sv_packed_tri_feedback_converge_2023: Passed.
                                             sv_packed_tri_feedback_resolution: Passed.
                                        sv_packed_tri_feedback_resolution_2023: Passed.
                                                    sv_packed_tri_startup_slot: Passed.
                                               sv_packed_tri_startup_slot_2023: Passed.
                                           sv_packed_wide_constant_select_read: Passed.
                                      sv_packed_wide_constant_select_read_2023: Passed.
                                                 sv_packed_wide_select_monitor: Passed.
                                            sv_packed_wide_select_monitor_2023: Passed.
                                             sv_param_class_bare_base_identity: Passed.
                                          sv_param_class_bare_forward_identity: Passed.
                                      sv_param_class_bare_parameter_scope_fail: Passed - CE.
                                      sv_param_class_bare_static_function_fail: Passed - CE.
                                      sv_param_class_bare_static_property_fail: Passed - CE.
                               sv_param_class_bare_static_property_lvalue_fail: Passed - CE.
                                          sv_param_class_bare_static_task_fail: Passed - CE.
                                          sv_param_class_builtin_property_type: Passed.
                                    sv_param_class_cache_probe_diagnostic_fail: Passed - CE.
                                             sv_param_class_cached_vif_default: Passed.
                                  sv_param_class_dependent_super_real_identity: Passed.
                                 sv_param_class_dependent_super_value_identity: Passed.
                                sv_param_class_package_bare_static_lvalue_fail: Passed - CE.
                                          sv_param_class_package_static_lvalue: Passed.
                                       sv_param_class_randomize_hook_task_fail: Passed - CE.
                                                sv_param_class_randomize_hooks: Passed.
                                sv_param_class_scoped_parameter_specialization: Passed.
                              sv_param_class_scoped_static_lvalue_invalid_fail: Passed - CE.
                                    sv_param_class_scoped_static_lvalue_nested: Passed.
                                 sv_param_class_scoped_static_lvalue_recursive: Passed.
                               sv_param_class_scoped_static_lvalue_special_rhs: Passed.
                                        sv_param_class_static_container_method: Passed.
                     sv_param_class_static_fixed_array_container_property_fail: Passed - CE.
                                   sv_param_class_typedef_static_function_fail: Passed - CE.
                                        sv_param_class_typedef_static_property: Passed.
                                       sv_param_class_typedef_static_task_fail: Passed - CE.
                                           sv_param_class_virtual_override_tlm: Passed.
                                          sv_param_string_array_runtime_access: Passed.
                                     sv_param_string_array_runtime_access_2023: Passed.
                                              sv_param_string_override_untyped: Passed.
                                         sv_param_string_override_untyped_2023: Passed.
                                                       sv_param_type_identity1: Passed.
                                            sv_param_unpacked_array_slice_port: Passed.
                                          sv_param_unpacked_array_slice_port-S: Passed.
                                           sv_param_unsized_unpacked_dimension: Passed.
                                      sv_param_unsized_unpacked_dimension_2023: Passed.
                                      sv_param_value_forward_compound_identity: Passed.
                                                             sv_parameter_type: Passed.
                                            sv_pattern_matching_duplicate_fail: Passed - CE.
                                              sv_pattern_matching_invalid_fail: Passed - CE.
                                                sv_pattern_matching_structured: Passed.
                                         sv_positional_assoc_element_cast_fail: Passed - CE.
                                    sv_positional_assoc_element_cast_fail_2023: Passed - CE.
                                         sv_positional_assoc_element_same_type: Passed.
                                    sv_positional_assoc_element_same_type_2023: Passed.
                                        sv_positional_container_bitstream_cast: Passed.
                                   sv_positional_container_bitstream_cast_2023: Passed.
                             sv_positional_container_bitstream_cast_bound_fail: Passed - EF.
                        sv_positional_container_bitstream_cast_bound_fail_2023: Passed - EF.
                              sv_positional_container_bitstream_cast_size_fail: Passed - EF.
                         sv_positional_container_bitstream_cast_size_fail_2023: Passed - EF.
                                                  sv_procedural_package_import: Passed.
                                             sv_procedural_package_import_2023: Passed.
                                        sv_procedural_package_import_late_fail: Passed - CE.
                                   sv_procedural_package_import_late_fail_2023: Passed - CE.
                                sv_procedural_package_import_substatement_fail: Passed - CE.
                           sv_procedural_package_import_substatement_fail_2023: Passed - CE.
                                                sv_process_await_resource_wait: Passed.
                                                  sv_process_kill_join_reducer: Passed.
                                              sv_process_kill_task_descendants: Passed.
                                         sv_process_kill_task_descendants_2023: Passed.
                                                 sv_process_kill_task_resource: Passed.
                                            sv_process_kill_task_resource_2023: Passed.
                                                     sv_process_kill_task_self: Passed.
                                                sv_process_kill_task_self_2023: Passed.
                                                 sv_process_state_missing_root: Passed - CE.
                                            sv_process_state_missing_root_2023: Passed - CE.
                                                         sv_process_state_type: Passed.
                                                    sv_process_state_type_2023: Passed.
                                                    sv_process_state_type_fail: Passed - CE.
                                               sv_process_state_type_fail_2023: Passed - CE.
                                                   sv_property_compound_signed: Passed.
                                              sv_property_compound_signed_2023: Passed.
                                           sv_property_extreme_negative_offset: Passed.
                                                sv_pure_constraint_inheritance: Passed.
                                               sv_pure_constraint_missing_fail: Passed - CE.
                                            sv_pure_constraint_nonvirtual_fail: Passed - CE.
                                 sv_pure_constraint_static_implementation_fail: Passed - CE.
                                                sv_pure_method_nonvirtual_fail: Passed - CE.
                                                                 sv_quality_if: Passed.
                                                            sv_queue_assign_op: Passed.
                                                      sv_queue_concat_snapshot: Passed.
                                                     sv_queue_concat_type_fail: Passed - CE.
                                                  sv_queue_darray_state_compat: Passed.
                                             sv_queue_darray_state_compat_2023: Passed.
                                             sv_queue_darray_state_compat_fail: Passed - CE.
                                        sv_queue_darray_state_compat_fail_2023: Passed - CE.
                                                          sv_queue_last_lvalue: Passed.
                                                     sv_queue_last_lvalue_2023: Passed.
                                                    sv_queue_last_lvalue_empty: Passed.
                                               sv_queue_last_lvalue_empty_2023: Passed.
                                                  sv_queue_last_lvalue_invalid: Passed - CE.
                                             sv_queue_last_lvalue_invalid_2023: Passed - CE.
                                                      sv_queue_last_lvalue_nba: Passed.
                                                 sv_queue_last_lvalue_nba_2023: Passed.
                                                    sv_queue_last_lvalue_parts: Passed.
                                               sv_queue_last_lvalue_parts_2023: Passed.
                                                      sv_queue_ref_persistence: Passed.
                                             sv_queue_selected_receiver_assign: Passed.
                                        sv_queue_selected_receiver_assign_2023: Passed.
                                                    sv_queue_slice_dollar_left: Passed.
                                               sv_queue_slice_dollar_left_2023: Passed.
                                               sv_queue_slice_dollar_left_fail: Passed - CE.
                                          sv_queue_slice_dollar_left_fail_2023: Passed - CE.
                                        sv_queue_slice_dollar_left_lvalue_fail: Passed - CE.
                                   sv_queue_slice_dollar_left_lvalue_fail_2023: Passed - CE.
                                                  sv_queue_slice_dollar_offset: Passed.
                                         sv_queue_slice_nonintegral_bound_fail: Passed - CE.
                                                sv_queue_slice_variable_bounds: Passed.
                                                  sv_queue_suffix_slice_lvalue: Passed.
                                          sv_queue_suffix_slice_lvalue_runtime: Passed.
                                        sv_queue_suffix_slice_lvalue_type_fail: Passed - CE.
                                              sv_rand_array_mode_object_struct: Passed.
                                                 sv_rand_mode_dynamic_indexing: Passed.
                                         sv_rand_mode_dynamic_whole_query_fail: Passed - CE.
                                                   sv_rand_mode_fixed_indexing: Passed.
                                               sv_rand_mode_invalid_field_fail: Passed - CE.
                                            sv_rand_mode_nested_class_property: Passed.
                                                    sv_rand_mode_packed_select: Passed.
                                sv_rand_mode_static_inheritance_specialization: Passed.
                                                sv_randc_constraint_provenance: Passed.
                                           sv_randc_constraint_provenance_fail: Passed - CE.
                                                     sv_randc_container_cycles: Passed.
                                               sv_randc_container_transactions: Passed.
                                                    sv_randc_fixed_array_modes: Passed.
                                                sv_randc_txn_class_handle_fail: Passed - CE.
                                                sv_randc_txn_constrained_cycle: Passed.
                                                        sv_randc_txn_dist_fail: Passed - CE.
                                              sv_randc_txn_final_actual_commit: Passed.
                                              sv_randc_txn_full_cycle_boundary: Passed.
                                                      sv_randc_txn_legal_types: Passed.
                                                       sv_randc_txn_object_rng: Passed.
                                            sv_randc_txn_recursive_alias_cycle: Passed.
                                      sv_randc_txn_recursive_atomic_visibility: Passed.
                                               sv_randc_txn_recursive_rollback: Passed.
                                                  sv_randc_txn_reentrant_hooks: Passed.
                                               sv_randc_txn_shallow_copy_state: Passed.
                                                        sv_randc_txn_soft_fail: Passed - CE.
                                                sv_randc_txn_solve_before_fail: Passed - CE.
                                               sv_randc_txn_static_alias_cycle: Passed.
                                                  sv_randc_txn_two_pass_commit: Passed.
                                               sv_randc_txn_two_pass_rng_order: Passed.
                                                  sv_randc_txn_unbiased_choice: Passed.
                                                      sv_randc_txn_unique_fail: Passed - CE.
                                             sv_randc_txn_unpacked_struct_fail: Passed - CE.
                                                    sv_randc_txn_unsat_history: Passed.
                     sv_randomization_builtin_method_override_adversarial_fail: Passed - CE.
                                 sv_randomization_builtin_method_override_fail: Passed - CE.
                       sv_randomization_builtin_method_override_multiroot_fail: Passed - CE.
                                                    sv_randomize_dynamic_hooks: Passed.
                                               sv_randomize_dynamic_hooks_2023: Passed.
                                                sv_randomize_global_alias_soft: Passed.
                                           sv_randomize_global_alias_soft_2023: Passed.
                                                sv_randomize_global_components: Passed.
                                           sv_randomize_global_components_2023: Passed.
                                           sv_randomize_global_components_fail: Passed.
                                      sv_randomize_global_components_fail_2023: Passed.
                                         sv_randomize_global_container_history: Passed.
                                    sv_randomize_global_container_history_2023: Passed.
                                                sv_randomize_global_cycle_fail: Passed.
                                           sv_randomize_global_cycle_fail_2023: Passed.
                                           sv_randomize_global_dist_components: Passed.
                                      sv_randomize_global_dist_components_2023: Passed.
                                                    sv_randomize_global_domain: Passed.
                                               sv_randomize_global_domain_2023: Passed.
                                          sv_randomize_global_handle_size_fail: Passed.
                                     sv_randomize_global_handle_size_fail_2023: Passed.
                                              sv_randomize_global_history_fail: Passed.
                                         sv_randomize_global_history_fail_2023: Passed.
                                                   sv_randomize_global_ordered: Passed.
                                              sv_randomize_global_ordered_2023: Passed.
                                              sv_randomize_global_ordered_fail: Passed.
                                         sv_randomize_global_ordered_fail_2023: Passed.
                                             sv_randomize_global_ordered_limit: Passed.
                                        sv_randomize_global_ordered_limit_2023: Passed.
                                             sv_randomize_global_owner_domains: Passed.
                                        sv_randomize_global_owner_domains_2023: Passed.
                                                sv_randomize_global_queue_fail: Passed.
                                           sv_randomize_global_queue_fail_2023: Passed.
                                                     sv_randomize_global_randc: Passed.
                                                sv_randomize_global_randc_2023: Passed.
                                             sv_randomize_global_sampling_fail: Passed.
                                        sv_randomize_global_sampling_fail_2023: Passed.
                                                sv_randomize_global_soft_order: Passed.
                                           sv_randomize_global_soft_order_2023: Passed.
                                           sv_randomize_global_source_priority: Passed.
                                      sv_randomize_global_source_priority_2023: Passed.
                                                   sv_randomize_global_uniform: Passed.
                                              sv_randomize_global_uniform_2023: Passed.
                                                     sv_randomize_hook_context: Passed.
                                                sv_randomize_hook_context_2023: Passed.
                                               sv_randomize_hook_escaped_names: Passed.
                                          sv_randomize_hook_escaped_names_2023: Passed.
                                      sv_randomize_joint_dynamic_element_order: Passed.
                                 sv_randomize_joint_dynamic_element_order_2023: Passed.
                                 sv_randomize_joint_dynamic_element_order_dist: Passed.
                            sv_randomize_joint_dynamic_element_order_dist_2023: Passed.
                                 sv_randomize_joint_dynamic_element_order_fail: Passed.
                            sv_randomize_joint_dynamic_element_order_fail_2023: Passed.
                                sv_randomize_joint_dynamic_element_order_mixed: Passed.
                           sv_randomize_joint_dynamic_element_order_mixed_2023: Passed.
                       sv_randomize_joint_dynamic_element_order_nonrandom_fail: Passed - CE.
                  sv_randomize_joint_dynamic_element_order_nonrandom_fail_2023: Passed - CE.
                                              sv_randomize_joint_element_order: Passed.
                                         sv_randomize_joint_element_order_2023: Passed.
                                         sv_randomize_joint_element_order_dist: Passed.
                                    sv_randomize_joint_element_order_dist_2023: Passed.
                                         sv_randomize_joint_element_order_fail: Passed.
                                    sv_randomize_joint_element_order_fail_2023: Passed.
                                        sv_randomize_joint_element_order_mixed: Passed.
                                   sv_randomize_joint_element_order_mixed_2023: Passed.
                                     sv_randomize_joint_element_order_oob_fail: Passed - CE.
                                sv_randomize_joint_element_order_oob_fail_2023: Passed - CE.
                                              sv_randomize_joint_multiple_dist: Passed.
                                         sv_randomize_joint_multiple_dist_2023: Passed.
                                         sv_randomize_joint_multiple_dist_fail: Passed.
                                    sv_randomize_joint_multiple_dist_fail_2023: Passed.
                                               sv_randomize_joint_ordered_dist: Passed.
                                          sv_randomize_joint_ordered_dist_2023: Passed.
                                          sv_randomize_joint_ordered_dist_fail: Passed.
                                     sv_randomize_joint_ordered_dist_fail_2023: Passed.
                                        sv_randomize_joint_ordered_dist_ranges: Passed.
                                   sv_randomize_joint_ordered_dist_ranges_2023: Passed.
                                   sv_randomize_joint_ordered_dist_transaction: Passed.
                              sv_randomize_joint_ordered_dist_transaction_2023: Passed.
                                              sv_randomize_joint_ordered_randc: Passed.
                                         sv_randomize_joint_ordered_randc_2023: Passed.
                                         sv_randomize_joint_ordered_randc_fail: Passed.
                                    sv_randomize_joint_ordered_randc_fail_2023: Passed.
                   sv_randomize_joint_ordered_randc_multidist_range_cap_atomic: Passed.
              sv_randomize_joint_ordered_randc_multidist_range_cap_atomic_2023: Passed.
                                sv_randomize_joint_ordered_randc_multiple_dist: Passed.
                           sv_randomize_joint_ordered_randc_multiple_dist_2023: Passed.
                       sv_randomize_joint_ordered_randc_multiple_dist_boundary: Passed.
                  sv_randomize_joint_ordered_randc_multiple_dist_boundary_2023: Passed.
                                        sv_randomize_joint_power_two_component: Passed.
                                   sv_randomize_joint_power_two_component_2023: Passed.
                                        sv_randomize_joint_queue_element_order: Passed.
                                   sv_randomize_joint_queue_element_order_2023: Passed.
                                   sv_randomize_joint_queue_element_order_dist: Passed.
                              sv_randomize_joint_queue_element_order_dist_2023: Passed.
                                   sv_randomize_joint_queue_element_order_fail: Passed.
                              sv_randomize_joint_queue_element_order_fail_2023: Passed.
                                  sv_randomize_joint_queue_element_order_mixed: Passed.
                             sv_randomize_joint_queue_element_order_mixed_2023: Passed.
                         sv_randomize_joint_queue_element_order_nonrandom_fail: Passed - CE.
                    sv_randomize_joint_queue_element_order_nonrandom_fail_2023: Passed - CE.
                        sv_randomize_joint_unordered_randc_multiple_dist_large: Passed.
                   sv_randomize_joint_unordered_randc_multiple_dist_large_2023: Passed.
                                           sv_randomize_member_container_modes: Passed.
                                      sv_randomize_member_container_modes_2023: Passed.
                                                     sv_randomize_member_hooks: Passed.
                                                sv_randomize_member_hooks_2023: Passed.
                                              sv_randomize_member_nested_hooks: Passed.
                                         sv_randomize_member_nested_hooks_2023: Passed.
                                              sv_randomize_member_reachability: Passed.
                                         sv_randomize_member_reachability_2023: Passed.
                                                 sv_randomize_member_selection: Passed.
                                            sv_randomize_member_selection_2023: Passed.
                                               sv_randomize_receiver_eval_once: Passed.
                                    sv_randomize_with_identifier_no_block_fail: Passed - CE.
                                            sv_randomize_with_identifier_scope: Passed.
                                     sv_randomize_with_identifier_unknown_fail: Passed - CE.
                                        sv_randomize_with_unresolvable_dropped: Passed - CE.
                                                               sv_randsequence: Passed.
                                                  sv_randsequence_control_flow: Passed.
                                              sv_randsequence_join_nested_fail: Passed - CE.
                                       sv_randsequence_nonconstant_actual_fail: Passed - CE.
                                                sv_randsequence_recursive_fail: Passed - CE.
                                             sv_randsequence_value_return_fail: Passed - CE.
                                                sv_real_uarray_return_boundary: Passed.
                                           sv_real_uarray_return_boundary_2023: Passed.
                                                sv_real_uarray_return_compound: Passed.
                                           sv_real_uarray_return_compound_2023: Passed.
                                                   sv_receiver_task_resolution: Passed.
                                              sv_receiver_task_resolution_2023: Passed.
                                                    sv_recursive_output_actual: Passed.
                                               sv_recursive_output_actual_2023: Passed.
                                                     sv_recursive_output_index: Passed.
                                                sv_recursive_output_index_2023: Passed.
                                                     sv_recursive_output_types: Passed.
                                                sv_recursive_output_types_2023: Passed.
                                                 sv_ref_arg_object_fork_detach: Passed.
                                            sv_ref_queue_formal_unrelated_fork: Passed.
                                       sv_ref_queue_formal_unrelated_fork_2023: Passed.
                                                  sv_resource_wait_normal_wake: Passed.
                                                  sv_resource_wait_sync_nested: Passed.
                                                  sv_rootless_compilation_unit: Passed.
                                             sv_rootless_compilation_unit_fail: Passed - CE.
                                                 sv_rootless_explicit_top_fail: Passed - CE.
                                    sv_rootless_extern_constraint_missing_fail: Passed - CE.
                                      sv_rootless_randsequence_undeclared_fail: Passed - CE.
                                                      sv_rootless_verilog_fail: Passed - CE.
                                            sv_runtime_array_const_incdec_fail: Passed - CE.
                                       sv_runtime_array_const_incdec_fail_2023: Passed - CE.
                                               sv_runtime_array_element_incdec: Passed.
                                          sv_runtime_array_element_incdec_2023: Passed.
                                        sv_runtime_array_static_invalid_incdec: Passed.
                                   sv_runtime_array_static_invalid_incdec_2023: Passed.
                                   sv_runtime_assignment_expression_conversion: Passed.
                              sv_runtime_assignment_expression_conversion_2023: Passed.
                                         sv_runtime_const_property_incdec_fail: Passed - CE.
                                    sv_runtime_const_property_incdec_fail_2023: Passed - CE.
                                                    sv_runtime_property_incdec: Passed.
                                               sv_runtime_property_incdec_2023: Passed.
                                            sv_runtime_string_array_wide_index: Passed.
                                       sv_runtime_string_array_wide_index_2023: Passed.
                                              sv_scope_index_constant_function: Passed.
                                                   sv_scope_index_dynamic_fail: Passed - CE.
                                          sv_scope_randomize_local_queue_exact: Passed.
                                     sv_scope_randomize_local_queue_exact_2023: Passed.
                                    sv_scope_randomize_local_queue_unsupported: Passed.
                               sv_scope_randomize_local_queue_unsupported_2023: Passed.
                                  sv_scope_randomize_with_identifier_list_fail: Passed - CE.
                                          sv_scoped_class_method_generate_fail: Passed - CE.
                                       sv_scoped_class_method_wrong_scope_fail: Passed - CE.
                                      sv_scoped_constructor_unknown_class_fail: Passed - CE.
                                                         sv_scoped_type_actual: Passed.
                                                    sv_scoped_type_actual_2023: Passed.
                                             sv_scoped_type_actual_escape_fail: Passed - CE.
                                        sv_scoped_type_actual_escape_fail_2023: Passed - CE.
                                              sv_scoped_type_actual_index_fail: Passed - CE.
                                         sv_scoped_type_actual_index_fail_2023: Passed - CE.
                                         sv_scoped_type_actual_specializations: Passed.
                                    sv_scoped_type_actual_specializations_2023: Passed.
                                             sv_scoped_type_actual_values_fail: Passed - CE.
                                        sv_scoped_type_actual_values_fail_2023: Passed - CE.
                                sv_selected_container_struct_fixed_member_read: Passed.
                           sv_selected_container_struct_fixed_member_read_2023: Passed.
                                    sv_selected_vif_edge_automatic_cancel_2017: Passed.
                                    sv_selected_vif_edge_automatic_cancel_2023: Passed.
                       sv_selected_vif_edge_cached_successor_process_kill_2017: Passed.
                       sv_selected_vif_edge_cached_successor_process_kill_2023: Passed.
                         sv_selected_vif_edge_class_index_ordinary_vector_2017: Passed.
                         sv_selected_vif_edge_class_index_ordinary_vector_2023: Passed.
                       sv_selected_vif_edge_concurrent_same_signal_cancel_2017: Passed.
                       sv_selected_vif_edge_concurrent_same_signal_cancel_2023: Passed.
                     sv_selected_vif_edge_concurrent_same_signal_delivery_2017: Passed.
                     sv_selected_vif_edge_concurrent_same_signal_delivery_2023: Passed.
                                       sv_selected_vif_edge_dynamic_index_2017: Passed.
                                       sv_selected_vif_edge_dynamic_index_2023: Passed.
                               sv_selected_vif_edge_edge_transition_table_2017: Passed.
                               sv_selected_vif_edge_edge_transition_table_2023: Passed.
                                    sv_selected_vif_edge_four_state_edges_2017: Passed.
                                    sv_selected_vif_edge_four_state_edges_2023: Passed.
                                  sv_selected_vif_edge_invalid_real_index_2017: Passed - CE.
                                  sv_selected_vif_edge_invalid_real_index_2023: Passed - CE.
                                       sv_selected_vif_edge_nested_rebind_2017: Passed.
                                       sv_selected_vif_edge_nested_rebind_2023: Passed.
                                sv_selected_vif_edge_null_rebind_negative_2017: Passed.
                                sv_selected_vif_edge_null_rebind_negative_2023: Passed.
                             sv_selected_vif_edge_null_vif_function_guard_2017: Passed.
                             sv_selected_vif_edge_null_vif_function_guard_2023: Passed.
                          sv_selected_vif_edge_null_vif_function_negative_2017: Passed.
                          sv_selected_vif_edge_null_vif_function_negative_2023: Passed.
                                   sv_selected_vif_edge_null_vif_negative_2017: Passed.
                                   sv_selected_vif_edge_null_vif_negative_2023: Passed.
                                sv_selected_vif_edge_ordinary_vif_control_2017: Passed.
                                sv_selected_vif_edge_ordinary_vif_control_2023: Passed.
                             sv_selected_vif_edge_out_of_range_index_edge_2017: Passed.
                             sv_selected_vif_edge_out_of_range_index_edge_2023: Passed.
                                sv_selected_vif_edge_selected_suppression_2017: Passed.
                                sv_selected_vif_edge_selected_suppression_2023: Passed.
                                  sv_selected_vif_edge_unknown_index_edge_2017: Passed.
                                  sv_selected_vif_edge_unknown_index_edge_2023: Passed.
                             sv_selected_vif_edge_vif_function_dependency_2017: Passed.
                             sv_selected_vif_edge_vif_function_dependency_2023: Passed.
                                                     sv_self_package_enum_cast: Passed.
                                                sv_self_package_enum_cast_2023: Passed.
                                   sv_self_package_enum_cast_unknown_type_fail: Passed - CE.
                              sv_self_package_enum_cast_unknown_type_fail_2023: Passed - CE.
                                                 sv_semaphore_kill_blocked_get: Passed.
                                               sv_signal_fixed_array_container: Passed.
                                   sv_signal_struct_fixed_array_container_fail: Passed - CE.
                                               sv_specparam_constant_expr_fail: Passed - CE.
                                                   sv_statement_label_parallel: Passed.
                                              sv_statement_label_parallel_fail: Passed - CE.
                                                        sv_statement_label_seq: Passed.
                                                   sv_statement_label_seq_fail: Passed - CE.
                                                sv_static_const_qualifier_fail: Passed - CE.
                                                   sv_static_rand_fixed_arrays: Passed.
                                             sv_static_rand_inheritance_hiding: Passed.
                                          sv_static_rand_mode_dynamic_indexing: Passed.
                                           sv_static_rand_specialization_alias: Passed.
                                                  sv_static_rand_typed_storage: Passed.
                                                sv_static_rand_unsat_copy_mode: Passed.
                                                  sv_static_rand_value_storage: Passed.
                                        sv_static_task_auto_array_port_context: Passed.
                                           sv_static_task_explicit_auto_darray: Passed.
                                              sv_static_task_output_auto_frame: Passed.
                                         sv_static_task_output_auto_frame_2023: Passed.
                                                sv_stream_dynamic_multi_target: Passed.
                                         sv_stream_dynamic_target_control_fail: Passed - CE.
                                      sv_stream_dynamic_target_fixed_type_fail: Passed - CE.
                                 sv_stream_dynamic_target_nested_residual_fail: Passed.
                                                sv_stream_dynamic_target_short: Passed.
                                    sv_stream_dynamic_target_static_short_fail: Passed - CE.
                                            sv_stream_dynamic_target_type_fail: Passed - CE.
                                                sv_stream_fixed_uarray_modport: Passed.
                                           sv_stream_fixed_uarray_modport_2023: Passed.
                                           sv_stream_fixed_uarray_modport_fail: Passed - CE.
                                      sv_stream_fixed_uarray_modport_fail_2023: Passed - CE.
                                     sv_stream_fixed_uarray_modport_whole_fail: Passed - CE.
                                sv_stream_fixed_uarray_modport_whole_fail_2023: Passed - CE.
                                                  sv_stream_fixed_uarray_slice: Passed.
                                             sv_stream_fixed_uarray_slice_2023: Passed.
                                          sv_stream_fixed_uarray_slice_invalid: Passed - CE.
                                     sv_stream_fixed_uarray_slice_invalid_2023: Passed - CE.
                                                      sv_stream_unpacked_array: Passed.
                                                 sv_stream_with_const_oob_fail: Passed - CE.
                                             sv_stream_with_extreme_const_fail: Passed - CE.
                                                    sv_stream_with_fixed_limit: Passed.
                                                   sv_stream_with_fixed_linear: Passed.
                                                       sv_stream_with_nba_fail: Passed - CE.
                                                 sv_stream_with_property_order: Passed.
                                                sv_stream_with_range_type_fail: Passed - CE.
                                                        sv_stream_with_runtime: Passed.
                                                  sv_stream_with_runtime_error: Passed.
                                                  sv_stream_with_svtests_exact: Passed.
                                                    sv_stream_with_syntax_fail: Passed - CE.
                                           sv_stream_with_unbounded_order_fail: Passed - CE.
                                                         sv_string_byte_signed: Passed.
                                                    sv_string_byte_signed_2023: Passed.
                                               sv_string_byte_unsigned_context: Passed.
                                          sv_string_byte_unsigned_context_2023: Passed.
                                                  sv_string_character_compound: Passed.
                                             sv_string_character_compound_2023: Passed.
                                           sv_string_character_compound_bounds: Passed.
                                      sv_string_character_compound_bounds_2023: Passed.
                                             sv_string_character_compound_fail: Passed - CE.
                                        sv_string_character_compound_fail_2023: Passed - CE.
                                                    sv_string_character_incdec: Passed.
                                               sv_string_character_incdec_2023: Passed.
                                             sv_string_character_incdec_bounds: Passed.
                                        sv_string_character_incdec_bounds_2023: Passed.
                                               sv_string_character_incdec_fail: Passed - CE.
                                          sv_string_character_incdec_fail_2023: Passed - CE.
                                             sv_string_character_incdec_return: Passed.
                                        sv_string_character_incdec_return_2023: Passed.
                                                 sv_string_concat_packed_param: Passed.
                                               sv_string_concat_packed_param-S: Passed.
                                               sv_string_constant_empty_concat: Passed.
                                          sv_string_constant_empty_concat_2023: Passed.
                                                 sv_string_function_dependency: Passed.
                                            sv_string_function_dependency_2023: Passed.
                                                 sv_string_initializer_overlap: Passed - CE.
                                            sv_string_initializer_overlap_2023: Passed - CE.
                                           sv_string_localparam_sformatf_scope: Passed.
                                         sv_string_localparam_sformatf_scope-S: Passed.
                                                      sv_string_parameter_byte: Passed.
                                                 sv_string_parameter_byte_2023: Passed.
                                                  sv_string_procedural_overlap: Passed - CE.
                                             sv_string_procedural_overlap_2023: Passed - CE.
                                                    sv_string_return_character: Passed.
                                               sv_string_return_character_2023: Passed.
                                             sv_string_return_character_bounds: Passed.
                                        sv_string_return_character_bounds_2023: Passed.
                                               sv_string_return_character_fail: Passed - CE.
                                          sv_string_return_character_fail_2023: Passed - CE.
                                                sv_string_return_character_ops: Passed.
                                           sv_string_return_character_ops_2023: Passed.
                                                  sv_string_synthesis_boundary: Passed - CE.
                                             sv_string_synthesis_boundary_2023: Passed - CE.
                                                            sv_string_timezero: Passed.
                                                       sv_string_timezero_2023: Passed.
                                              sv_string_uarray_return_boundary: Passed.
                                         sv_string_uarray_return_boundary_2023: Passed.
                                                        sv_string_update_count: Passed.
                                                   sv_string_update_count_2023: Passed.
                                                          sv_string_zero_delay: Passed.
                                                     sv_string_zero_delay_2023: Passed.
                                       sv_struct_array_constraint_4state_g2017: Passed.
                                       sv_struct_array_constraint_4state_g2023: Passed.
                                       sv_struct_array_constraint_bounds_g2017: Passed.
                                       sv_struct_array_constraint_bounds_g2023: Passed.
                                         sv_struct_array_constraint_dist_g2017: Passed.
                                         sv_struct_array_constraint_dist_g2023: Passed.
                                     sv_struct_array_constraint_explicit_g2017: Passed.
                                     sv_struct_array_constraint_explicit_g2023: Passed.
                                              sv_struct_array_constraint_g2017: Passed.
                                              sv_struct_array_constraint_g2023: Passed.
                                   sv_struct_array_constraint_shape_fail_g2017: Passed - CE.
                                   sv_struct_array_constraint_shape_fail_g2023: Passed - CE.
                                        sv_struct_array_constraint_state_g2017: Passed.
                                        sv_struct_array_constraint_state_g2023: Passed.
                                             sv_struct_array_flat_pattern_fail: Passed - CE.
                                        sv_struct_array_rand_mode_bounds_g2017: Passed.
                                        sv_struct_array_rand_mode_bounds_g2023: Passed.
                                               sv_struct_array_rand_mode_g2017: Passed.
                                               sv_struct_array_rand_mode_g2023: Passed.
                                    sv_struct_array_rand_mode_query_fail_g2017: Passed - CE.
                                    sv_struct_array_rand_mode_query_fail_g2023: Passed - CE.
                                          sv_struct_array_randc_rollback_g2017: Passed.
                                          sv_struct_array_randc_rollback_g2023: Passed.
                                            sv_struct_array_randc_subset_g2017: Passed.
                                            sv_struct_array_randc_subset_g2023: Passed.
                                                   sv_struct_member_constraint: Passed.
                                              sv_struct_member_constraint_fail: Passed - CE.
                                             sv_struct_member_constraint_paths: Passed.
                                   sv_struct_member_defaults_invalid_kind_fail: Passed - CE.
                                                 sv_struct_member_disable_soft: Passed.
                                                    sv_struct_member_randc_cap: Passed.
                                        sv_struct_member_random_qualifier_fail: Passed - CE.
                                      sv_struct_member_random_unsupported_fail: Passed.
                                                sv_struct_member_randomization: Passed.
                                                        sv_struct_string_index: Passed.
                                                   sv_struct_string_index_2023: Passed.
                                                 sv_struct_string_index_bounds: Passed.
                                            sv_struct_string_index_bounds_2023: Passed.
                                              sv_struct_string_index_real_fail: Passed - CE.
                                         sv_struct_string_index_real_fail_2023: Passed - CE.
                               sv_subroutine_fixed_container_state_formal_fail: Passed - CE.
                          sv_subroutine_fixed_container_state_formal_fail_2023: Passed - CE.
                                           sv_subroutine_fixed_slice_direction: Passed.
                                      sv_subroutine_fixed_slice_direction_2023: Passed.
                                                sv_subroutine_init_before_fork: Passed.
                                    sv_subroutine_nested_container_formal_fail: Passed - CE.
                               sv_subroutine_nested_container_formal_fail_2023: Passed - CE.
                                           sv_synth_empty_implicit_sensitivity: Passed.
                                      sv_synth_empty_implicit_sensitivity_2023: Passed.
                               sv_synth_empty_implicit_sensitivity_forced_fail: Passed - CE.
                          sv_synth_empty_implicit_sensitivity_forced_fail_2023: Passed - CE.
                                                  sv_synth_event_clock_coexist: Passed.
                                             sv_synth_event_clock_coexist_2023: Passed.
                                               sv_synth_integral_member_lvalue: Passed.
                                        sv_task_codegen_error_status_fail_2017: Passed - CE.
                                        sv_task_codegen_error_status_fail_2023: Passed - CE.
                                          sv_task_codegen_error_status_ok_2017: Passed.
                                          sv_task_codegen_error_status_ok_2023: Passed.
                                                    sv_task_localparam_untyped: Passed.
                                                     sv_task_lookup_resolution: Passed.
                                                sv_task_lookup_resolution_2023: Passed.
                                        sv_task_output_container_formal_compat: Passed.
                                   sv_task_output_container_formal_compat_2023: Passed.
                                          sv_task_output_container_formal_fail: Passed - CE.
                                     sv_task_output_container_formal_fail_2023: Passed - CE.
                                             sv_task_output_container_lifetime: Passed.
                                        sv_task_output_container_lifetime_2023: Passed.
                                    sv_task_output_container_untouched_default: Passed.
                               sv_task_output_container_untouched_default_2023: Passed.
                                                         sv_type_operator_case: Passed.
                                               sv_type_parameter_static_method: Passed.
                                          sv_type_parameter_static_method_2023: Passed.
                                  sv_type_parameter_static_method_missing_fail: Passed - CE.
                             sv_type_parameter_static_method_missing_fail_2023: Passed - CE.
                                 sv_type_parameter_static_method_nonclass_fail: Passed - CE.
                            sv_type_parameter_static_method_nonclass_fail_2023: Passed - CE.
                                sv_type_parameter_static_method_nonstatic_fail: Passed - CE.
                           sv_type_parameter_static_method_nonstatic_fail_2023: Passed - CE.
                           sv_type_parameter_static_method_static_context_fail: Passed - CE.
                      sv_type_parameter_static_method_static_context_fail_2023: Passed - CE.
                                         sv_typed_mailbox_expression_type_fail: Passed - CE.
                                    sv_typed_mailbox_expression_type_fail_2023: Passed - CE.
                                               sv_typed_mailbox_statement_type: Passed.
                                          sv_typed_mailbox_statement_type_2023: Passed.
                                          sv_typed_mailbox_statement_type_fail: Passed - CE.
                                     sv_typed_mailbox_statement_type_fail_2023: Passed - CE.
                                                sv_typed_mailbox_type_identity: Passed.
                                           sv_typed_mailbox_type_identity_2023: Passed.
                                                sv_typed_string_concat_context: Passed.
                                           sv_typed_string_concat_context_2023: Passed.
                                          sv_typed_string_concat_integral_fail: Passed - CE.
                                     sv_typed_string_concat_integral_fail_2023: Passed - CE.
                                   sv_typed_string_concat_integral_target_fail: Passed - CE.
                              sv_typed_string_concat_integral_target_fail_2023: Passed - CE.
                                             sv_typed_string_concat_mixed_fail: Passed - CE.
                                        sv_typed_string_concat_mixed_fail_2023: Passed - CE.
                                  sv_typed_string_concat_procedural_mixed_fail: Passed - CE.
                             sv_typed_string_concat_procedural_mixed_fail_2023: Passed - CE.
                                       sv_typed_string_concat_repeat_type_fail: Passed - CE.
                                  sv_typed_string_concat_repeat_type_fail_2023: Passed - CE.
                                    sv_typed_string_concat_type_parameter_fail: Passed - CE.
                               sv_typed_string_concat_type_parameter_fail_2023: Passed - CE.
                                     sv_typed_string_concat_vector_select_fail: Passed - CE.
                                sv_typed_string_concat_vector_select_fail_2023: Passed - CE.
                                             sv_typed_string_method_arity_fail: Passed - CE.
                                        sv_typed_string_method_arity_fail_2023: Passed - CE.
                                          sv_typed_string_repeat_runtime_error: Passed.
                                     sv_typed_string_repeat_runtime_error_2023: Passed.
                                               sv_typed_uarray_return_elements: Passed.
                                          sv_typed_uarray_return_elements_2023: Passed.
                                           sv_typedef_eager_invalid_width_fail: Passed - CE.
                                      sv_typedef_eager_unresolved_forward_fail: Passed - CE.
                                                        sv_typedef_eager_valid: Passed.
                                               sv_typeparam_default_cycle_fail: Passed - CE.
                                  sv_typeparam_enum_receiver_cache_orders_fail: Passed - CE.
                                sv_typeparam_enum_receiver_concrete_outer_fail: Passed - CE.
                                             sv_typeparam_enum_receiver_method: Passed.
                                        sv_typeparam_enum_receiver_method_fail: Passed - CE.
                         sv_typeparam_enum_receiver_omitted_default_array_fail: Passed - CE.
                               sv_typeparam_enum_receiver_omitted_default_fail: Passed - CE.
                     sv_typeparam_enum_receiver_omitted_default_inherited_fail: Passed - CE.
                      sv_typeparam_enum_receiver_omitted_default_property_fail: Passed - CE.
                           sv_typeparam_enum_receiver_pkg_alias_collision_fail: Passed - CE.
                               sv_typeparam_receiver_omitted_default_task_fail: Passed - CE.
                                                  sv_typeparam_static_dispatch: Passed.
                                      sv_typeparam_static_lvalue_nonclass_fail: Passed - CE.
                                        sv_typeparam_virtual_interface_default: Passed.
                               sv_typeparam_virtual_interface_default_override: Passed.
                               sv_typeparam_virtual_interface_default_use_fail: Passed - CE.
                               sv_typeparam_virtual_interface_explicit_modport: Passed.
                        sv_typeparam_virtual_interface_known_noninterface_fail: Passed - CE.
                                          sv_uarray_func_return_queue_property: Passed.
                                            sv_uarray_invalid_row_mixed_driver: Passed.
                                       sv_uarray_invalid_row_mixed_driver_2023: Passed.
                                                   sv_uarray_slice_bounds_fail: Passed - CE.
                                                sv_uarray_slice_direction_fail: Passed - CE.
                                                           sv_uarray_slice_ops: Passed.
                                                     sv_uarray_slice_size_fail: Passed - CE.
                                                     sv_uarray_slice_type_fail: Passed - CE.
                                                    sv_uarray_slice_width_fail: Passed - CE.
                                            sv_union_tagged_inactive_read_fail: Passed - EF.
                                                sv_union_tagged_packed_storage: Passed.
                                                       sv_union_tagged_runtime: Passed.
                                                     sv_union_unpacked_storage: Passed.
                                                 sv_unit_import_interface_type: Passed.
                                       sv_unowned_unpacked_word_initialization: Passed.
                                  sv_unowned_unpacked_word_initialization_2023: Passed.
                                 sv_unowned_unpacked_word_initialization_synth: Passed.
                            sv_unowned_unpacked_word_initialization_synth_2023: Passed.
                                               sv_unpacked_array_concat_inside: Passed.
                                             sv_unpacked_array_concat_inside-S: Passed.
                                         sv_unpacked_concat_nested_scalar_fail: Passed - CE.
                                    sv_unpacked_concat_nested_scalar_fail_2023: Passed - CE.
                                              sv_unresolved_receiver_task_fail: Passed - CE.
                                         sv_unresolved_receiver_task_fail_2023: Passed - CE.
                                                    sv_until_continuation_2017: Passed.
                                                    sv_until_continuation_2023: Passed.
                                                    sv_until_empty_concat_2017: Passed.
                                                    sv_until_empty_concat_2023: Passed.
                                                        sv_until_empty_or_2017: Passed.
                                                        sv_until_empty_or_2023: Passed.
                                                       sv_until_fourstate_2017: Passed.
                                                       sv_until_fourstate_2023: Passed.
                                                   sv_until_leading_delay_2017: Passed.
                                                   sv_until_leading_delay_2023: Passed.
                                                   sv_until_leading_empty_2017: Passed.
                                                   sv_until_leading_empty_2023: Passed.
                                                      sv_until_real_truth_2017: Passed.
                                                      sv_until_real_truth_2023: Passed.
                                          sv_until_unknown_local_snapshot_2017: Passed.
                                          sv_until_unknown_local_snapshot_2023: Passed.
                                                    sv_ustruct_member_defaults: Passed.
                                   sv_ustruct_member_defaults_class_scope_fail: Passed - CE.
                                        sv_ustruct_member_defaults_declaration: Passed.
                                   sv_ustruct_member_defaults_declaration_fail: Passed - CE.
                                               sv_ustruct_member_defaults_edge: Passed.
                                   sv_ustruct_member_defaults_nonconstant_fail: Passed - CE.
                                         sv_ustruct_member_defaults_scope_fail: Passed.
                                         sv_ustruct_member_defaults_shape_fail: Passed - CE.
                                         sv_ustruct_member_defaults_union_fail: Passed - CE.
                                   sv_ustruct_member_defaults_unused_kind_fail: Passed - CE.
                                  sv_ustruct_member_defaults_unused_shape_fail: Passed - CE.
                                                     sv_ustruct_queue_defaults: Passed.
                                                sv_ustruct_queue_defaults_2023: Passed.
                                 sv_ustruct_queue_defaults_array_boundary_fail: Passed - CE.
                            sv_ustruct_queue_defaults_array_boundary_fail_2023: Passed - CE.
                                           sv_ustruct_queue_defaults_kind_fail: Passed - CE.
                                      sv_ustruct_queue_defaults_kind_fail_2023: Passed - CE.
                                    sv_ustruct_queue_defaults_nonconstant_fail: Passed - CE.
                               sv_ustruct_queue_defaults_nonconstant_fail_2023: Passed - CE.
                                               sv_ustruct_queue_defaults_scope: Passed.
                                          sv_ustruct_queue_defaults_scope_2023: Passed.
                                 sv_ustruct_queue_defaults_shape_boundary_fail: Passed - CE.
                            sv_ustruct_queue_defaults_shape_boundary_fail_2023: Passed - CE.
                                              sv_ustruct_queue_defaults_shapes: Passed.
                                         sv_ustruct_queue_defaults_shapes_2023: Passed.
                                                    sv_variable_row_assignment: Passed.
                                               sv_variable_row_assignment_2023: Passed.
                                                       sv_variable_row_invalid: Passed.
                                                  sv_variable_row_invalid_2023: Passed.
                                                          sv_variable_row_loop: Passed.
                                                     sv_variable_row_loop_2023: Passed.
                                                       sv_variable_row_pattern: Passed.
                                                  sv_variable_row_pattern_2023: Passed.
                                                    sv_variable_row_shape_fail: Passed - CE.
                                               sv_variable_row_shape_fail_2023: Passed - CE.
                                                  sv_variable_row_whole_source: Passed.
                                             sv_variable_row_whole_source_2023: Passed.
                                             sv_vif_class_nested_value_handoff: Passed.
                                        sv_vif_class_nested_value_handoff_2023: Passed.
                                        sv_vif_class_nested_value_missing_fail: Passed - CE.
                                   sv_vif_class_nested_value_missing_fail_2023: Passed - CE.
                         sv_vif_class_nested_value_no_instance_wrong_type_fail: Passed - CE.
                    sv_vif_class_nested_value_no_instance_wrong_type_fail_2023: Passed - CE.
                                           sv_vif_class_nested_value_null_fail: Passed.
                                      sv_vif_class_nested_value_null_fail_2023: Passed.
                               sv_vif_class_nested_value_null_no_instance_fail: Passed.
                          sv_vif_class_nested_value_null_no_instance_fail_2023: Passed.
                                  sv_vif_class_nested_value_wrong_modport_fail: Passed - CE.
                             sv_vif_class_nested_value_wrong_modport_fail_2023: Passed - CE.
                                     sv_vif_class_nested_value_wrong_type_fail: Passed - CE.
                                sv_vif_class_nested_value_wrong_type_fail_2023: Passed - CE.
                                          sv_vif_clocking_output_complex_alias: Passed.
                                             sv_vif_clocking_output_skew_scope: Passed.
                                     sv_vif_clocking_output_target_select_fail: Passed - CE.
                                       sv_vif_clocking_partial_member_preserve: Passed.
                                       sv_vif_clocking_partial_select_preserve: Passed.
                                                     sv_vif_default_decl_scope: Passed.
                                             sv_vif_descendant_concurrent_2017: Passed.
                                             sv_vif_descendant_concurrent_2023: Passed.
                                               sv_vif_descendant_detached_2017: Passed.
                                               sv_vif_descendant_detached_2023: Passed.
                                                 sv_vif_descendant_direct_2017: Passed.
                                                 sv_vif_descendant_direct_2023: Passed.
                                                 sv_vif_descendant_nested_2017: Passed.
                                                 sv_vif_descendant_nested_2023: Passed.
                                              sv_vif_descendant_null_fail_2017: Passed - EF.
                                              sv_vif_descendant_null_fail_2023: Passed - EF.
                                                 sv_vif_descendant_rebind_2017: Passed.
                                                 sv_vif_descendant_rebind_2023: Passed.
                                              sv_vif_descendant_recursive_2017: Passed.
                                              sv_vif_descendant_recursive_2023: Passed.
                                               sv_vif_descendant_retained_2017: Passed.
                                               sv_vif_descendant_retained_2023: Passed.
                                                  sv_vif_descendant_reuse_2017: Passed.
                                                  sv_vif_descendant_reuse_2023: Passed.
                      sv_vif_disjoint_property_writer_direct_legal_2017_strict: Passed.
                      sv_vif_disjoint_property_writer_direct_legal_2017_unsafe: Passed.
                      sv_vif_disjoint_property_writer_direct_legal_2023_strict: Passed.
                      sv_vif_disjoint_property_writer_direct_legal_2023_unsafe: Passed.
        sv_vif_disjoint_property_writer_direct_same_member_illegal_2017_strict: Passed - CE.
        sv_vif_disjoint_property_writer_direct_same_member_illegal_2017_unsafe: Passed - CE.
        sv_vif_disjoint_property_writer_direct_same_member_illegal_2023_strict: Passed - CE.
        sv_vif_disjoint_property_writer_direct_same_member_illegal_2023_unsafe: Passed - CE.
             sv_vif_disjoint_property_writer_modport_alias_illegal_2017_strict: Passed - CE.
             sv_vif_disjoint_property_writer_modport_alias_illegal_2017_unsafe: Passed - CE.
             sv_vif_disjoint_property_writer_modport_alias_illegal_2023_strict: Passed - CE.
             sv_vif_disjoint_property_writer_modport_alias_illegal_2023_unsafe: Passed - CE.
                        sv_vif_disjoint_property_writer_port_legal_2017_strict: Passed.
                        sv_vif_disjoint_property_writer_port_legal_2017_unsafe: Passed.
                        sv_vif_disjoint_property_writer_port_legal_2023_strict: Passed.
                        sv_vif_disjoint_property_writer_port_legal_2023_unsafe: Passed.
               sv_vif_disjoint_property_writer_same_member_illegal_2017_strict: Passed - CE.
               sv_vif_disjoint_property_writer_same_member_illegal_2017_unsafe: Passed - CE.
               sv_vif_disjoint_property_writer_same_member_illegal_2023_strict: Passed - CE.
               sv_vif_disjoint_property_writer_same_member_illegal_2023_unsafe: Passed - CE.
        sv_vif_disjoint_property_writer_uncertain_receiver_illegal_2017_strict: Passed - CE.
        sv_vif_disjoint_property_writer_uncertain_receiver_illegal_2017_unsafe: Passed - CE.
        sv_vif_disjoint_property_writer_uncertain_receiver_illegal_2023_strict: Passed - CE.
        sv_vif_disjoint_property_writer_uncertain_receiver_illegal_2023_unsafe: Passed - CE.
                                                      sv_vif_event_initialized: Passed.
                                  sv_vif_explicit_interface_class_missing_fail: Passed - CE.
                             sv_vif_explicit_interface_class_missing_fail_2023: Passed - CE.
                                  sv_vif_explicit_interface_class_modport_fail: Passed - CE.
                             sv_vif_explicit_interface_class_modport_fail_2023: Passed - CE.
                             sv_vif_explicit_interface_class_noninterface_fail: Passed - CE.
                        sv_vif_explicit_interface_class_noninterface_fail_2023: Passed - CE.
                                      sv_vif_explicit_interface_class_property: Passed.
                                 sv_vif_explicit_interface_class_property_2023: Passed.
                                  sv_vif_explicit_interface_data_type_contexts: Passed.
                             sv_vif_explicit_interface_data_type_contexts_2023: Passed.
                                            sv_vif_fixed_input_bad_scalar_2017: Passed - CE.
                                            sv_vif_fixed_input_bad_scalar_2023: Passed - CE.
                                              sv_vif_fixed_input_bad_size_2017: Passed - CE.
                                              sv_vif_fixed_input_bad_size_2023: Passed - CE.
                                              sv_vif_fixed_input_bad_type_2017: Passed - CE.
                                              sv_vif_fixed_input_bad_type_2023: Passed - CE.
                                                  sv_vif_fixed_input_task_2017: Passed.
                                                  sv_vif_fixed_input_task_2023: Passed.
                                   sv_vif_fixed_input_unsupported_default_2017: Passed - CE.
                                   sv_vif_fixed_input_unsupported_default_2023: Passed - CE.
                                sv_vif_fixed_input_unsupported_directions_2017: Passed - CE.
                                sv_vif_fixed_input_unsupported_directions_2023: Passed - CE.
                                          sv_vif_forbidden_interface_item_fail: Passed - CE.
                                     sv_vif_forbidden_interface_item_fail_2023: Passed - CE.
                           sv_vif_forbidden_interface_item_type_parameter_fail: Passed - CE.
                      sv_vif_forbidden_interface_item_type_parameter_fail_2023: Passed - CE.
                                                    sv_vif_forbidden_port_fail: Passed - CE.
                                               sv_vif_forbidden_port_fail_2023: Passed - CE.
                                            sv_vif_forbidden_union_member_fail: Passed - CE.
                                       sv_vif_forbidden_union_member_fail_2023: Passed - CE.
                                             sv_vif_function_copyback_arg_fail: Passed - CE.
                                        sv_vif_function_copyback_arg_fail_2023: Passed - CE.
                                                      sv_vif_function_dispatch: Passed.
                                                 sv_vif_function_dispatch_2023: Passed.
                                                sv_vif_function_fixed_arg_fail: Passed - CE.
                                           sv_vif_function_fixed_arg_fail_2023: Passed - CE.
                                             sv_vif_function_fixed_return_fail: Passed - CE.
                                        sv_vif_function_fixed_return_fail_2023: Passed - CE.
                                    sv_vif_function_named_then_positional_fail: Passed - CE.
                               sv_vif_function_named_then_positional_fail_2023: Passed - CE.
                                sv_vif_function_parameterized_candidate_filter: Passed.
                           sv_vif_function_parameterized_candidate_filter_2023: Passed.
                                            sv_vif_function_recursive_dispatch: Passed.
                                       sv_vif_function_recursive_dispatch_2023: Passed.
                                             sv_vif_function_statement_discard: Passed.
                                        sv_vif_function_statement_discard_2023: Passed.
                                       sv_vif_function_static_formal_semantics: Passed.
                                  sv_vif_function_static_formal_semantics_2023: Passed.
                                    sv_vif_function_static_object_stack_growth: Passed.
                               sv_vif_function_static_object_stack_growth_2023: Passed.
                                                sv_vif_input_array_method_fail: Passed - CE.
                                                    sv_vif_instance_comparison: Passed.
                                               sv_vif_instance_comparison_2023: Passed.
                                       sv_vif_instance_runtime_index_extension: Passed.
                                  sv_vif_instance_runtime_index_extension_2023: Passed.
                                          sv_vif_local_nominal_function_result: Passed.
                                     sv_vif_local_nominal_function_result_2023: Passed.
                                     sv_vif_local_nominal_function_result_fail: Passed - CE.
                                sv_vif_local_nominal_function_result_fail_2023: Passed - CE.
                                              sv_vif_mixed_lifetime_call_frame: Passed.
                                             sv_vif_modport_hidden_method_fail: Passed - CE.
                                        sv_vif_modport_hidden_method_fail_2023: Passed - CE.
                                              sv_vif_modport_identifier_import: Passed.
                                         sv_vif_modport_identifier_import_2023: Passed.
                                 sv_vif_modport_prototype_earlier_default_fail: Passed - CE.
                            sv_vif_modport_prototype_earlier_default_fail_2023: Passed - CE.
                                                 sv_vif_modport_prototype_fail: Passed - CE.
                                            sv_vif_modport_prototype_fail_2023: Passed - CE.
                                   sv_vif_modport_prototype_type_mismatch_fail: Passed - CE.
                              sv_vif_modport_prototype_type_mismatch_fail_2023: Passed - CE.
                                                      sv_vif_null_anyedge_fail: Passed - EF.
                                                     sv_vif_null_function_fail: Passed.
                                                sv_vif_null_function_fail_2023: Passed.
                                         sv_vif_null_function_no_instance_fail: Passed.
                                    sv_vif_null_function_no_instance_fail_2023: Passed.
                             sv_vif_null_function_no_instance_missing_arg_fail: Passed - CE.
                        sv_vif_null_function_no_instance_missing_arg_fail_2023: Passed - CE.
                                                       sv_vif_null_method_fail: Passed - EF.
                                           sv_vif_null_method_no_instance_fail: Passed - EF.
                                                        sv_vif_null_multi_fail: Passed - EF.
                                                      sv_vif_null_negedge_fail: Passed - EF.
                                                      sv_vif_null_posedge_fail: Passed - EF.
                               sv_vif_parameter_specialization_allocator_reuse: Passed.
                          sv_vif_parameter_specialization_allocator_reuse_2023: Passed.
                               sv_vif_parameter_specialization_assignment_fail: Passed - CE.
                          sv_vif_parameter_specialization_assignment_fail_2023: Passed - CE.
                              sv_vif_parameter_specialization_cache_provenance: Passed.
                         sv_vif_parameter_specialization_cache_provenance_2023: Passed.
                                   sv_vif_parameter_specialization_class_cache: Passed.
                              sv_vif_parameter_specialization_class_cache_2023: Passed.
                               sv_vif_parameter_specialization_comparison_fail: Passed - CE.
                          sv_vif_parameter_specialization_comparison_fail_2023: Passed - CE.
                                 sv_vif_parameter_specialization_defparam_fail: Passed - CE.
                            sv_vif_parameter_specialization_defparam_fail_2023: Passed - CE.
                                       sv_vif_parameter_specialization_members: Passed.
                                  sv_vif_parameter_specialization_members_2023: Passed.
                                       sv_vif_parameter_specialization_methods: Passed.
                                  sv_vif_parameter_specialization_methods_2023: Passed.
                                     sv_vif_parameter_specialization_null_fail: Passed.
                                sv_vif_parameter_specialization_null_fail_2023: Passed.
                                          sv_vif_parameter_specialization_pins: Passed.
                                     sv_vif_parameter_specialization_pins_2023: Passed.
                            sv_vif_parameter_specialization_queue_bound_layout: Passed.
                       sv_vif_parameter_specialization_queue_bound_layout_2023: Passed.
                                                     sv_vif_struct_field_write: Passed.
                                                sv_vif_task_from_function_fail: Passed - CE.
                                                   sv_vif_task_scalar_copyback: Passed.
                                              sv_vif_task_scalar_copyback_2023: Passed.
                                              sv_vif_task_scalar_copyback_fail: Passed - CE.
                                         sv_vif_task_scalar_copyback_fail_2023: Passed - CE.
                                                    sv_void_cast_struct_method: Passed.
                                               sv_void_cast_struct_method_fail: Passed - CE.
                                            sv_void_function_cast_restrictions: Passed - CE.
                                       sv_void_function_cast_restrictions_2023: Passed - CE.
                                               sv_void_function_cast_statement: Passed.
                                          sv_void_function_cast_statement_2023: Passed.
                                            sv_vthread_zero_time_named_reclaim: Passed.
                                        sv_whole_function_event_assoc_num_2017: Passed.
                                        sv_whole_function_event_assoc_num_2023: Passed.
                             sv_whole_function_event_concurrent_automatic_2017: Passed.
                             sv_whole_function_event_concurrent_automatic_2023: Passed.
                                    sv_whole_function_event_dual_receiver_2017: Passed.
                                    sv_whole_function_event_dual_receiver_2023: Passed.
                                     sv_whole_function_event_dynamic_size_2017: Passed.
                                     sv_whole_function_event_dynamic_size_2023: Passed.
                                 sv_whole_function_event_factory_constant_2017: Passed.
                                 sv_whole_function_event_factory_constant_2023: Passed.
                                sv_whole_function_event_factory_no_inputs_2017: Passed.
                                sv_whole_function_event_factory_no_inputs_2023: Passed.
                                   sv_whole_function_event_factory_rebind_2017: Passed.
                                   sv_whole_function_event_factory_rebind_2023: Passed.
                                 sv_whole_function_event_factory_receiver_2017: Passed.
                                 sv_whole_function_event_factory_receiver_2023: Passed.
                                      sv_whole_function_event_nested_body_2017: Passed.
                                      sv_whole_function_event_nested_body_2023: Passed.
                                    sv_whole_function_event_nested_rebind_2017: Passed.
                                    sv_whole_function_event_nested_rebind_2023: Passed.
                                 sv_whole_function_event_no_parens_static_2017: Passed.
                                 sv_whole_function_event_no_parens_static_2023: Passed.
                                    sv_whole_function_event_null_negative_2017: Passed.
                                    sv_whole_function_event_null_negative_2023: Passed.
                             sv_whole_function_event_null_nested_negative_2017: Passed.
                             sv_whole_function_event_null_nested_negative_2023: Passed.
                                   sv_whole_function_event_program_queued_2017: Passed.
                                   sv_whole_function_event_program_queued_2023: Passed.
                                       sv_whole_function_event_queue_size_2017: Passed.
                                       sv_whole_function_event_queue_size_2023: Passed.
                                    sv_whole_function_event_real_negative_2017: Passed - CE.
                                    sv_whole_function_event_real_negative_2023: Passed - CE.
                              sv_whole_function_event_receiver_expression_2017: Passed.
                              sv_whole_function_event_receiver_expression_2023: Passed.
                                  sv_whole_function_event_receiver_rebind_2017: Passed.
                                  sv_whole_function_event_receiver_rebind_2023: Passed.
                                         sv_whole_function_event_selector_2017: Passed.
                                         sv_whole_function_event_selector_2023: Passed.
                                   sv_whole_function_event_static_forward_2017: Passed.
                                   sv_whole_function_event_static_forward_2023: Passed.
                                     sv_whole_function_event_static_later_2017: Passed.
                                     sv_whole_function_event_static_later_2023: Passed.
                                    sv_whole_function_event_static_member_2017: Passed.
                                    sv_whole_function_event_static_member_2023: Passed.
                                                  sv_wide_lvalue_runtime_index: Passed.
                                                     sv_wide_word_positive_oob: Passed.
                                                sv_wide_word_positive_oob_2023: Passed.
                                               sv_wide_word_positive_oob_synth: Passed.
                                          sv_wide_word_positive_oob_synth_2023: Passed.
                                                    sv_wide_word_signed_bounds: Passed.
                                               sv_wide_word_signed_bounds_2023: Passed.
                                              sv_wide_word_signed_bounds_synth: Passed.
                                         sv_wide_word_signed_bounds_synth_2023: Passed.
                                                     sv_wide_word_valid_bounds: Passed.
                                                sv_wide_word_valid_bounds_2023: Passed.
                                               sv_wide_word_valid_bounds_synth: Passed.
                                          sv_wide_word_valid_bounds_synth_2023: Passed.
                                                           sv_wildcard_import8: Passed.
                                              sv_wire_procedural_compound_fail: Passed - CE.
                                         sv_wire_procedural_compound_fail_2023: Passed - CE.
                                                    sv_word_part_selector_once: Passed.
                                               sv_word_part_selector_once_2023: Passed.
                                     synth_async_reset_cast_predicate_reject-S: Passed - CE.
                                  synth_async_reset_comparison_mismatch_fail-S: Passed - CE.
                                    synth_async_reset_concat_constant_slices-S: Passed.
                                      synth_async_reset_cyclic_select_reject-S: Passed - CE.
                                       synth_async_reset_cyclic_value_reject-S: Passed - CE.
                                                  synth_async_reset_equality-S: Passed.
                                 synth_async_reset_multidriver_select_reject-S: Passed - CE.
                                  synth_async_reset_root_inout_driver_reject-S: Passed - CE.
                              synth_async_reset_transformed_predicate_reject-S: Passed - CE.
                                                synth_automatic_block_locals-S: Passed.
                                                synth_clocked_uarray_loop_copy: Passed.
                                              synth_clocked_uarray_loop_copy-S: Passed.
                                             synth_compound_assignment_carrier: Passed.
                                           synth_compound_assignment_carrier-S: Passed.
                                      synth_compound_assignment_concat_carrier: Passed.
                                    synth_compound_assignment_concat_carrier-S: Passed.
                                        synth_compound_assignment_concat_edges: Passed.
                                      synth_compound_assignment_concat_edges-S: Passed.
                    synth_compound_assignment_concat_incomplete_prior_reject-S: Passed - CE.
                            synth_compound_assignment_dynamic_carrier_reject-S: Passed - CE.
                                      synth_compound_assignment_extreme_select: Passed.
                                    synth_compound_assignment_extreme_select-S: Passed.
                           synth_compound_assignment_incomplete_prior_reject-S: Passed - CE.
                                      synth_concurrent_assertion_transparent-S: Passed.
                                            synth_dead_declaration_initializer: Passed.
                                          synth_dead_declaration_initializer-S: Passed.
                                                  synth_dual_async_fpga_reject: Passed - CE.
                                               synth_dual_async_initial_events: Passed.
                                             synth_dual_async_initial_events-S: Passed.
                                                   synth_dual_async_priority-S: Passed.
                                 synth_forwarded_parameterized_interface_array: Passed.
                               synth_forwarded_parameterized_interface_array-S: Passed.
                                      synth_initial_unobservable_side_effect-S: Passed.
                                      synth_interface_member_contassign_shapes: Passed.
                                    synth_interface_member_contassign_shapes-S: Passed.
                                         synth_interface_member_dynamic_select: Passed.
                                       synth_interface_member_dynamic_select-S: Passed.
                                             synth_interface_member_top_port-S: Passed.
                                               synth_interface_member_transfer: Passed.
                                             synth_interface_member_transfer-S: Passed.
                                                synth_multiple_clocks_reject-S: Passed - CE.
                                                  synth_object_lvalue_reject-S: Passed - CE.
                                      synth_packed_struct_async_event_orders-S: Passed.
                                             synth_packed_struct_async_reset-S: Passed.
                                                  synth_parameter_member_width: Passed.
                                                synth_parameter_member_width-S: Passed.
                                          synth_parameterized_interface_member: Passed.
                                        synth_parameterized_interface_member-S: Passed.
                                    synth_parameterized_interface_member_array: Passed.
                                  synth_parameterized_interface_member_array-S: Passed.
                               synth_parameterized_interface_selected_instance: Passed.
                             synth_parameterized_interface_selected_instance-S: Passed.
                                            synth_pending_nba_assignment_order: Passed.
                                       synth_pending_nba_assignment_order_2023: Passed.
                                      synth_pending_nba_assignment_order_async: Passed.
                                 synth_pending_nba_assignment_order_async_2023: Passed.
                                 synth_pending_nba_blocking-overwrite-boundary: Passed.
                            synth_pending_nba_blocking-overwrite-boundary_2023: Passed.
                          synth_pending_nba_blocking-overwrite-packed-boundary: Passed.
                     synth_pending_nba_blocking-overwrite-packed-boundary_2023: Passed.
                                                synth_pending_nba_case_default: Passed.
                                           synth_pending_nba_case_default_2023: Passed.
                                               synth_pending_nba_case_no_match: Passed.
                                          synth_pending_nba_case_no_match_2023: Passed.
                                            synth_pending_nba_compact_old_read: Passed.
                                       synth_pending_nba_compact_old_read_2023: Passed.
                                                synth_pending_nba_concat_order: Passed.
                                           synth_pending_nba_concat_order_2023: Passed.
                                   synth_pending_nba_conditional_blocking_hold: Passed.
                              synth_pending_nba_conditional_blocking_hold_2023: Passed.
                                   synth_pending_nba_conditional_blocking_read: Passed.
                              synth_pending_nba_conditional_blocking_read_2023: Passed.
                                        synth_pending_nba_conditional_disjoint: Passed.
                                   synth_pending_nba_conditional_disjoint_2023: Passed.
                                                synth_pending_nba_loop_capture: Passed.
                                           synth_pending_nba_loop_capture_2023: Passed.
                                            synth_pending_nba_partial_blocking: Passed.
                                       synth_pending_nba_partial_blocking_2023: Passed.
                                       synth_pending_nba_unpacked_dynamic_part: Passed.
                                  synth_pending_nba_unpacked_dynamic_part_2023: Passed.
                                            synth_precise_select_async_control: Passed.
                                          synth_precise_select_async_control-S: Passed.
                                            synth_property_rhs_no_crash_fail-S: Passed - CE.
                                              synth_reset_only_async_load_fail: Passed - CE.
                                         synth_reset_only_async_load_fail_2023: Passed - CE.
                                                         synth_reset_only_hold: Passed.
                                                    synth_reset_only_hold_2023: Passed.
                                                         synth_row_async_reset: Passed.
                                                    synth_row_async_reset_2023: Passed.
                                                       synth_row_invalid_reset: Passed.
                                                  synth_row_invalid_reset_2023: Passed.
                                                        synth_row_nested_reset: Passed.
                                                   synth_row_nested_reset_2023: Passed.
                                                       synth_runtime_for_bound: Passed.
                                                     synth_runtime_for_bound-S: Passed.
                                                synth_runtime_memory_mask_loop: Passed.
                                           synth_runtime_memory_mask_loop_2023: Passed.
                                               synth_runtime_memory_output_set: Passed.
                                             synth_runtime_memory_output_set-S: Passed.
                                          synth_runtime_memory_part_boundaries: Passed.
                                     synth_runtime_memory_part_boundaries_2023: Passed.
                                                  synth_runtime_memory_partial: Passed.
                                             synth_runtime_memory_partial_2023: Passed.
                                               synth_selected_input_port_async: Passed.
                                             synth_selected_input_port_async-S: Passed.
                                              synth_selected_output_feedback-S: Passed.
                                     synth_selected_output_real_overlap_fail-S: Passed - CE.
                                                synth_single_async_fpga_reject: Passed - CE.
                                           synth_uarray_partial_index_caliptra: Passed.
                                         synth_uarray_partial_index_caliptra-S: Passed.
                                             synth_unpacked_array_slice_assign: Passed.
                                           synth_unpacked_array_slice_assign-S: Passed.
                                       synth_unwritten_packed_initialization-S: Passed.
                                                                  task_return1: Passed.
                                                                  task_return2: Passed.
                                                             task_return_fail1: Passed - CE.
                                                             task_return_fail2: Passed - CE.
                                                                  test_va_math: Passed.
                                                                test_vams_math: Passed.
                                                  timing_check_delayed_signals: Passed.
                                                           timing_check_syntax: Passed.
                                                                   uwire_fail2: Passed - CE.
                                                                   uwire_fail3: Passed - CE.
                                                                       va_math: Passed.
                                                                  value_range1: Passed.
                                                                  value_range2: Passed.
                                                                  value_range3: Passed - CE.
                                                                     vams_abs1: Passed.
                                                                     vams_abs2: Passed.
                                                                     vams_abs3: Passed.
                                                          vardly_undefined_vec: Passed.
                                                             vvp_plusarg_order: Passed.
                                                                vvp_quiet_mode: Passed.
                                                               warn_opt_sys_tf: Passed - EF.
                                                                         wreal: Passed.
                                                              writemem-invalid: Passed - EF.
============================================================================
Test results: Ran 3640, Failed 0.
