../src/lowrisc_dv_dv_utils_0/dv_utils_pkg.sv:205: Warning: Calling system function $system() as a task.
../src/lowrisc_dv_dv_utils_0/dv_utils_pkg.sv:205:          The functions return value will be ignored.
tb.dut.u_otp_ctrl_lfsr_timer.u_prim_double_lfsr.gen_double_lfsr[0].u_prim_lfsr.p_randomize_default_seed: DefaultSeed = 0x453d28ea98, DefaultSeedLocal = 0xd1bb3b6c98
tb.dut.u_otp_ctrl_lfsr_timer.u_prim_double_lfsr.gen_double_lfsr[1].u_prim_lfsr.p_randomize_default_seed: DefaultSeed = 0x453d28ea98, DefaultSeedLocal = 0xc890a3bd43
tb.dut.u_otp_ctrl_lfsr_timer.u_prim_double_lfsr.p_sync_lfsr_default_seed: Updated gen_double_lfsr[1].u_prim_lfsr.DefaultSeedLocal = 0xd1bb3b6c98
UVM_INFO @ 0 ps: reporter [RNTST] Running test  (via factory override for test "otp_ctrl_base_test")...
1000 ps: (../src/lowrisc_dv_otp_ctrl_cov_0/otp_ctrl_cov_if.sv:105) [tb.dut.u_otp_ctrl_cov_if] Creating covergroup lc_esc_en_condition_cg
1000 ps: (../src/lowrisc_dv_otp_ctrl_cov_0/otp_ctrl_cov_if.sv:106) [tb.dut.u_otp_ctrl_cov_if] Creating covergroup flash_data_req_condition_cg
1000 ps: (../src/lowrisc_dv_otp_ctrl_cov_0/otp_ctrl_cov_if.sv:107) [tb.dut.u_otp_ctrl_cov_if] Creating covergroup flash_addr_req_condition_cg
1000 ps: (../src/lowrisc_dv_otp_ctrl_cov_0/otp_ctrl_cov_if.sv:108) [tb.dut.u_otp_ctrl_cov_if] Creating covergroup sram_0_req_condition_cg
1000 ps: (../src/lowrisc_dv_otp_ctrl_cov_0/otp_ctrl_cov_if.sv:109) [tb.dut.u_otp_ctrl_cov_if] Creating covergroup sram_1_req_condition_cg
1000 ps: (../src/lowrisc_dv_otp_ctrl_cov_0/otp_ctrl_cov_if.sv:110) [tb.dut.u_otp_ctrl_cov_if] Creating covergroup otbn_req_condition_cg
1000 ps: (../src/lowrisc_dv_otp_ctrl_cov_0/otp_ctrl_cov_if.sv:111) [tb.dut.u_otp_ctrl_cov_if] Creating covergroup lc_prog_req_condition_cg
UVM_INFO @    548612 ps: (dv_base_reg.sv:329) [otp_ctrl_core_reg_block.direct_access_regwen] lock_lockable_flds          0 val
UVM_INFO @   1423641 ps: (mem_bkdr_util.sv:530) [mem_bkdr_util] Clear memory
UVM_INFO @   9173888 ps: (dv_base_reg.sv:329) [otp_ctrl_core_reg_block.direct_access_regwen] lock_lockable_flds          0 val
UVM_INFO @  36310173 ps: (dv_base_reg.sv:329) [otp_ctrl_core_reg_block.direct_access_regwen] lock_lockable_flds          1 val
UVM_INFO @  36320590 ps: (otp_ctrl_scoreboard.sv:570) uvm_test_top.env.scoreboard [uvm_test_top.env.scoreboard] sw state 1, reg state          1
UVM_INFO @  36331007 ps: (otp_ctrl_scoreboard.sv:570) uvm_test_top.env.scoreboard [uvm_test_top.env.scoreboard] sw state 1, reg state          1
UVM_INFO @  36331007 ps: (otp_ctrl_smoke_vseq.sv:122) uvm_test_top.env.virtual_sequencer [uvm_test_top.env.virtual_sequencer.otp_ctrl_smoke_vseq] starting seq 1/1
UVM_INFO @  36351841 ps: (otp_ctrl_scoreboard.sv:570) uvm_test_top.env.scoreboard [uvm_test_top.env.scoreboard] sw state 1, reg state          1
UVM_INFO @  36362258 ps: (otp_ctrl_scoreboard.sv:570) uvm_test_top.env.scoreboard [uvm_test_top.env.scoreboard] sw state 1, reg state          1
UVM_INFO @  36372675 ps: (otp_ctrl_scoreboard.sv:570) uvm_test_top.env.scoreboard [uvm_test_top.env.scoreboard] sw state 1, reg state          1
UVM_INFO @  36372675 ps: (dv_base_reg.sv:329) [otp_ctrl_core_reg_block.check_regwen] lock_lockable_flds          1 val
UVM_INFO @  36383092 ps: (otp_ctrl_scoreboard.sv:570) uvm_test_top.env.scoreboard [uvm_test_top.env.scoreboard] sw state 1, reg state          1
UVM_INFO @  36393509 ps: (otp_ctrl_scoreboard.sv:570) uvm_test_top.env.scoreboard [uvm_test_top.env.scoreboard] sw state 1, reg state          1
UVM_INFO @  36393509 ps: (dv_base_reg.sv:329) [otp_ctrl_core_reg_block.check_trigger_regwen] lock_lockable_flds          1 val
UVM_INFO @  36403926 ps: (otp_ctrl_scoreboard.sv:570) uvm_test_top.env.scoreboard [uvm_test_top.env.scoreboard] sw state 1, reg state          1
UVM_INFO @  36414343 ps: (otp_ctrl_scoreboard.sv:570) uvm_test_top.env.scoreboard [uvm_test_top.env.scoreboard] sw state 1, reg state          1
UVM_INFO @  36424760 ps: (otp_ctrl_scoreboard.sv:570) uvm_test_top.env.scoreboard [uvm_test_top.env.scoreboard] sw state 1, reg state          1
UVM_INFO @  36435177 ps: (otp_ctrl_scoreboard.sv:570) uvm_test_top.env.scoreboard [uvm_test_top.env.scoreboard] sw state 1, reg state          1
UVM_INFO @  36445594 ps: (otp_ctrl_scoreboard.sv:570) uvm_test_top.env.scoreboard [uvm_test_top.env.scoreboard] sw state 1, reg state          1
UVM_INFO @  36456011 ps: (otp_ctrl_scoreboard.sv:570) uvm_test_top.env.scoreboard [uvm_test_top.env.scoreboard] sw state 1, reg state          1
UVM_INFO @  36466428 ps: (otp_ctrl_scoreboard.sv:570) uvm_test_top.env.scoreboard [uvm_test_top.env.scoreboard] sw state 1, reg state          1
UVM_INFO @  36476845 ps: (otp_ctrl_scoreboard.sv:570) uvm_test_top.env.scoreboard [uvm_test_top.env.scoreboard] sw state 1, reg state          1
UVM_INFO @  36487262 ps: (otp_ctrl_scoreboard.sv:570) uvm_test_top.env.scoreboard [uvm_test_top.env.scoreboard] sw state 1, reg state          1
UVM_INFO @  36497679 ps: (otp_ctrl_scoreboard.sv:570) uvm_test_top.env.scoreboard [uvm_test_top.env.scoreboard] sw state 1, reg state          1
UVM_INFO @  36508096 ps: (otp_ctrl_scoreboard.sv:570) uvm_test_top.env.scoreboard [uvm_test_top.env.scoreboard] sw state 1, reg state          1
UVM_INFO @  36518513 ps: (otp_ctrl_scoreboard.sv:570) uvm_test_top.env.scoreboard [uvm_test_top.env.scoreboard] sw state 1, reg state          1
UVM_INFO @  36528930 ps: (otp_ctrl_scoreboard.sv:570) uvm_test_top.env.scoreboard [uvm_test_top.env.scoreboard] sw state 1, reg state          1
UVM_INFO @  36539347 ps: (otp_ctrl_scoreboard.sv:570) uvm_test_top.env.scoreboard [uvm_test_top.env.scoreboard] sw state 1, reg state          1
UVM_INFO @  36549764 ps: (otp_ctrl_scoreboard.sv:570) uvm_test_top.env.scoreboard [uvm_test_top.env.scoreboard] sw state 1, reg state          1
UVM_INFO @  36560181 ps: (otp_ctrl_scoreboard.sv:570) uvm_test_top.env.scoreboard [uvm_test_top.env.scoreboard] sw state 1, reg state          1
UVM_INFO @  36570598 ps: (otp_ctrl_scoreboard.sv:570) uvm_test_top.env.scoreboard [uvm_test_top.env.scoreboard] sw state 1, reg state          1
UVM_INFO @  36581015 ps: (otp_ctrl_scoreboard.sv:570) uvm_test_top.env.scoreboard [uvm_test_top.env.scoreboard] sw state 1, reg state          1
UVM_INFO @  36591432 ps: (otp_ctrl_scoreboard.sv:570) uvm_test_top.env.scoreboard [uvm_test_top.env.scoreboard] sw state 1, reg state          1
UVM_INFO @  36601849 ps: (otp_ctrl_scoreboard.sv:570) uvm_test_top.env.scoreboard [uvm_test_top.env.scoreboard] sw state 1, reg state          1
UVM_INFO @  36612266 ps: (otp_ctrl_scoreboard.sv:570) uvm_test_top.env.scoreboard [uvm_test_top.env.scoreboard] sw state 1, reg state          1
UVM_INFO @  36622683 ps: (otp_ctrl_scoreboard.sv:570) uvm_test_top.env.scoreboard [uvm_test_top.env.scoreboard] sw state 1, reg state          1
UVM_INFO @  36633100 ps: (otp_ctrl_scoreboard.sv:570) uvm_test_top.env.scoreboard [uvm_test_top.env.scoreboard] sw state 1, reg state          1
UVM_INFO @  36643517 ps: (otp_ctrl_scoreboard.sv:570) uvm_test_top.env.scoreboard [uvm_test_top.env.scoreboard] sw state 1, reg state          1
UVM_INFO @  36653934 ps: (otp_ctrl_scoreboard.sv:570) uvm_test_top.env.scoreboard [uvm_test_top.env.scoreboard] sw state 1, reg state          1
UVM_INFO @  36664351 ps: (otp_ctrl_scoreboard.sv:570) uvm_test_top.env.scoreboard [uvm_test_top.env.scoreboard] sw state 1, reg state          1
UVM_INFO @  36674768 ps: (otp_ctrl_scoreboard.sv:570) uvm_test_top.env.scoreboard [uvm_test_top.env.scoreboard] sw state 1, reg state          1
UVM_INFO @  36685185 ps: (otp_ctrl_scoreboard.sv:570) uvm_test_top.env.scoreboard [uvm_test_top.env.scoreboard] sw state 1, reg state          1
UVM_INFO @  36695602 ps: (otp_ctrl_scoreboard.sv:570) uvm_test_top.env.scoreboard [uvm_test_top.env.scoreboard] sw state 1, reg state          1
UVM_INFO @  36706019 ps: (otp_ctrl_scoreboard.sv:570) uvm_test_top.env.scoreboard [uvm_test_top.env.scoreboard] sw state 1, reg state          1
UVM_INFO @  36716436 ps: (otp_ctrl_scoreboard.sv:570) uvm_test_top.env.scoreboard [uvm_test_top.env.scoreboard] sw state 1, reg state          1
UVM_INFO @  36726853 ps: (otp_ctrl_scoreboard.sv:570) uvm_test_top.env.scoreboard [uvm_test_top.env.scoreboard] sw state 1, reg state          1
UVM_INFO @  36737270 ps: (otp_ctrl_scoreboard.sv:570) uvm_test_top.env.scoreboard [uvm_test_top.env.scoreboard] sw state 1, reg state          1
UVM_INFO @  36747687 ps: (otp_ctrl_scoreboard.sv:570) uvm_test_top.env.scoreboard [uvm_test_top.env.scoreboard] sw state 1, reg state          1
UVM_INFO @  36758104 ps: (otp_ctrl_scoreboard.sv:570) uvm_test_top.env.scoreboard [uvm_test_top.env.scoreboard] sw state 1, reg state          1
UVM_INFO @  36768521 ps: (otp_ctrl_scoreboard.sv:570) uvm_test_top.env.scoreboard [uvm_test_top.env.scoreboard] sw state 1, reg state          1
UVM_INFO @  36778938 ps: (otp_ctrl_scoreboard.sv:570) uvm_test_top.env.scoreboard [uvm_test_top.env.scoreboard] sw state 1, reg state          1
UVM_INFO @  36789355 ps: (otp_ctrl_scoreboard.sv:570) uvm_test_top.env.scoreboard [uvm_test_top.env.scoreboard] sw state 1, reg state          1
UVM_INFO @  36799772 ps: (otp_ctrl_scoreboard.sv:570) uvm_test_top.env.scoreboard [uvm_test_top.env.scoreboard] sw state 1, reg state          1
UVM_INFO @  36810189 ps: (otp_ctrl_scoreboard.sv:570) uvm_test_top.env.scoreboard [uvm_test_top.env.scoreboard] sw state 1, reg state          1
UVM_INFO @  36820606 ps: (otp_ctrl_scoreboard.sv:570) uvm_test_top.env.scoreboard [uvm_test_top.env.scoreboard] sw state 1, reg state          1
UVM_INFO @  36831023 ps: (otp_ctrl_scoreboard.sv:570) uvm_test_top.env.scoreboard [uvm_test_top.env.scoreboard] sw state 1, reg state          1
UVM_INFO @  36841440 ps: (otp_ctrl_scoreboard.sv:570) uvm_test_top.env.scoreboard [uvm_test_top.env.scoreboard] sw state 1, reg state          1
UVM_INFO @  36851857 ps: (otp_ctrl_scoreboard.sv:570) uvm_test_top.env.scoreboard [uvm_test_top.env.scoreboard] sw state 1, reg state          1
UVM_INFO @  36862274 ps: (otp_ctrl_scoreboard.sv:570) uvm_test_top.env.scoreboard [uvm_test_top.env.scoreboard] sw state 1, reg state          1
UVM_INFO @  36872691 ps: (otp_ctrl_scoreboard.sv:570) uvm_test_top.env.scoreboard [uvm_test_top.env.scoreboard] sw state 1, reg state          1
UVM_INFO @  36883108 ps: (otp_ctrl_scoreboard.sv:570) uvm_test_top.env.scoreboard [uvm_test_top.env.scoreboard] sw state 1, reg state          1
UVM_INFO @  36893525 ps: (otp_ctrl_scoreboard.sv:570) uvm_test_top.env.scoreboard [uvm_test_top.env.scoreboard] sw state 1, reg state          1
UVM_INFO @  36903942 ps: (otp_ctrl_scoreboard.sv:570) uvm_test_top.env.scoreboard [uvm_test_top.env.scoreboard] sw state 1, reg state          1
UVM_INFO @  36914359 ps: (otp_ctrl_scoreboard.sv:570) uvm_test_top.env.scoreboard [uvm_test_top.env.scoreboard] sw state 1, reg state          1
UVM_INFO @  36924776 ps: (otp_ctrl_scoreboard.sv:570) uvm_test_top.env.scoreboard [uvm_test_top.env.scoreboard] sw state 1, reg state          1
UVM_INFO @  36935193 ps: (otp_ctrl_scoreboard.sv:570) uvm_test_top.env.scoreboard [uvm_test_top.env.scoreboard] sw state 1, reg state          1
UVM_INFO @  36945610 ps: (otp_ctrl_scoreboard.sv:570) uvm_test_top.env.scoreboard [uvm_test_top.env.scoreboard] sw state 1, reg state          1
UVM_INFO @  36956027 ps: (otp_ctrl_scoreboard.sv:570) uvm_test_top.env.scoreboard [uvm_test_top.env.scoreboard] sw state 1, reg state          1
UVM_INFO @  36966444 ps: (otp_ctrl_scoreboard.sv:570) uvm_test_top.env.scoreboard [uvm_test_top.env.scoreboard] sw state 1, reg state          1
UVM_INFO @  36976861 ps: (otp_ctrl_scoreboard.sv:570) uvm_test_top.env.scoreboard [uvm_test_top.env.scoreboard] sw state 1, reg state          1
UVM_INFO @  36987278 ps: (otp_ctrl_scoreboard.sv:570) uvm_test_top.env.scoreboard [uvm_test_top.env.scoreboard] sw state 1, reg state          1
UVM_INFO @  36997695 ps: (otp_ctrl_scoreboard.sv:570) uvm_test_top.env.scoreboard [uvm_test_top.env.scoreboard] sw state 1, reg state          1
UVM_INFO @  37008112 ps: (otp_ctrl_scoreboard.sv:570) uvm_test_top.env.scoreboard [uvm_test_top.env.scoreboard] sw state 1, reg state          1
UVM_INFO @  37018529 ps: (otp_ctrl_scoreboard.sv:570) uvm_test_top.env.scoreboard [uvm_test_top.env.scoreboard] sw state 1, reg state          1
UVM_INFO @  37028946 ps: (otp_ctrl_scoreboard.sv:570) uvm_test_top.env.scoreboard [uvm_test_top.env.scoreboard] sw state 1, reg state          1
UVM_INFO @  37039363 ps: (otp_ctrl_scoreboard.sv:570) uvm_test_top.env.scoreboard [uvm_test_top.env.scoreboard] sw state 1, reg state          1
UVM_INFO @  37049780 ps: (otp_ctrl_scoreboard.sv:570) uvm_test_top.env.scoreboard [uvm_test_top.env.scoreboard] sw state 1, reg state          1
UVM_INFO @  37060197 ps: (otp_ctrl_scoreboard.sv:570) uvm_test_top.env.scoreboard [uvm_test_top.env.scoreboard] sw state 1, reg state          1
UVM_INFO @  37070614 ps: (otp_ctrl_scoreboard.sv:570) uvm_test_top.env.scoreboard [uvm_test_top.env.scoreboard] sw state 1, reg state          1
UVM_INFO @  37081031 ps: (otp_ctrl_scoreboard.sv:570) uvm_test_top.env.scoreboard [uvm_test_top.env.scoreboard] sw state 1, reg state          1
UVM_INFO @  37091448 ps: (otp_ctrl_scoreboard.sv:570) uvm_test_top.env.scoreboard [uvm_test_top.env.scoreboard] sw state 1, reg state          1
UVM_INFO @  37101865 ps: (otp_ctrl_scoreboard.sv:570) uvm_test_top.env.scoreboard [uvm_test_top.env.scoreboard] sw state 1, reg state          1
UVM_INFO @  37112282 ps: (otp_ctrl_scoreboard.sv:570) uvm_test_top.env.scoreboard [uvm_test_top.env.scoreboard] sw state 1, reg state          1
UVM_INFO @  37122699 ps: (otp_ctrl_scoreboard.sv:570) uvm_test_top.env.scoreboard [uvm_test_top.env.scoreboard] sw state 1, reg state          1
UVM_INFO @  37133116 ps: (otp_ctrl_scoreboard.sv:570) uvm_test_top.env.scoreboard [uvm_test_top.env.scoreboard] sw state 1, reg state          1
UVM_INFO @  37143533 ps: (otp_ctrl_scoreboard.sv:570) uvm_test_top.env.scoreboard [uvm_test_top.env.scoreboard] sw state 1, reg state          1
UVM_INFO @  37153950 ps: (otp_ctrl_scoreboard.sv:570) uvm_test_top.env.scoreboard [uvm_test_top.env.scoreboard] sw state 1, reg state          1
UVM_INFO @  37164367 ps: (otp_ctrl_scoreboard.sv:570) uvm_test_top.env.scoreboard [uvm_test_top.env.scoreboard] sw state 1, reg state          1
UVM_INFO @  37174784 ps: (otp_ctrl_scoreboard.sv:570) uvm_test_top.env.scoreboard [uvm_test_top.env.scoreboard] sw state 1, reg state          1
UVM_INFO @  37185201 ps: (otp_ctrl_scoreboard.sv:570) uvm_test_top.env.scoreboard [uvm_test_top.env.scoreboard] sw state 1, reg state          1
UVM_INFO @  37195618 ps: (otp_ctrl_scoreboard.sv:570) uvm_test_top.env.scoreboard [uvm_test_top.env.scoreboard] sw state 1, reg state          1
UVM_INFO @  37206035 ps: (otp_ctrl_scoreboard.sv:570) uvm_test_top.env.scoreboard [uvm_test_top.env.scoreboard] sw state 1, reg state          1
UVM_INFO @  37216452 ps: (otp_ctrl_scoreboard.sv:570) uvm_test_top.env.scoreboard [uvm_test_top.env.scoreboard] sw state 1, reg state          1
UVM_INFO @  37226869 ps: (otp_ctrl_scoreboard.sv:570) uvm_test_top.env.scoreboard [uvm_test_top.env.scoreboard] sw state 1, reg state          1
UVM_INFO @  37237286 ps: (otp_ctrl_scoreboard.sv:570) uvm_test_top.env.scoreboard [uvm_test_top.env.scoreboard] sw state 1, reg state          1
UVM_INFO @  37247703 ps: (otp_ctrl_scoreboard.sv:570) uvm_test_top.env.scoreboard [uvm_test_top.env.scoreboard] sw state 1, reg state          1
UVM_INFO @  37258120 ps: (otp_ctrl_scoreboard.sv:570) uvm_test_top.env.scoreboard [uvm_test_top.env.scoreboard] sw state 1, reg state          1
UVM_INFO @  37268537 ps: (otp_ctrl_scoreboard.sv:570) uvm_test_top.env.scoreboard [uvm_test_top.env.scoreboard] sw state 1, reg state          1
UVM_INFO @  37278954 ps: (otp_ctrl_scoreboard.sv:570) uvm_test_top.env.scoreboard [uvm_test_top.env.scoreboard] sw state 1, reg state          1
UVM_INFO @  37289371 ps: (otp_ctrl_scoreboard.sv:570) uvm_test_top.env.scoreboard [uvm_test_top.env.scoreboard] sw state 1, reg state          1
UVM_INFO @  37299788 ps: (otp_ctrl_scoreboard.sv:570) uvm_test_top.env.scoreboard [uvm_test_top.env.scoreboard] sw state 1, reg state          1
UVM_INFO @  37310205 ps: (otp_ctrl_scoreboard.sv:570) uvm_test_top.env.scoreboard [uvm_test_top.env.scoreboard] sw state 1, reg state          1
UVM_INFO @  37320622 ps: (otp_ctrl_scoreboard.sv:570) uvm_test_top.env.scoreboard [uvm_test_top.env.scoreboard] sw state 1, reg state          1
UVM_INFO @  37331039 ps: (otp_ctrl_scoreboard.sv:570) uvm_test_top.env.scoreboard [uvm_test_top.env.scoreboard] sw state 1, reg state          1
UVM_INFO @  37341456 ps: (otp_ctrl_scoreboard.sv:570) uvm_test_top.env.scoreboard [uvm_test_top.env.scoreboard] sw state 1, reg state          1
UVM_INFO @  37351873 ps: (otp_ctrl_scoreboard.sv:570) uvm_test_top.env.scoreboard [uvm_test_top.env.scoreboard] sw state 1, reg state          1
UVM_INFO @  37362290 ps: (otp_ctrl_scoreboard.sv:570) uvm_test_top.env.scoreboard [uvm_test_top.env.scoreboard] sw state 1, reg state          1
UVM_INFO @  37372707 ps: (otp_ctrl_scoreboard.sv:570) uvm_test_top.env.scoreboard [uvm_test_top.env.scoreboard] sw state 1, reg state          1
UVM_INFO @  37383124 ps: (otp_ctrl_scoreboard.sv:570) uvm_test_top.env.scoreboard [uvm_test_top.env.scoreboard] sw state 1, reg state          1
UVM_INFO @  37393541 ps: (otp_ctrl_scoreboard.sv:570) uvm_test_top.env.scoreboard [uvm_test_top.env.scoreboard] sw state 1, reg state          1
UVM_INFO @  37403958 ps: (otp_ctrl_scoreboard.sv:570) uvm_test_top.env.scoreboard [uvm_test_top.env.scoreboard] sw state 1, reg state          1
UVM_INFO @  37414375 ps: (otp_ctrl_scoreboard.sv:570) uvm_test_top.env.scoreboard [uvm_test_top.env.scoreboard] sw state 1, reg state          1
UVM_INFO @  37424792 ps: (otp_ctrl_scoreboard.sv:570) uvm_test_top.env.scoreboard [uvm_test_top.env.scoreboard] sw state 1, reg state          1
UVM_INFO @  37435209 ps: (otp_ctrl_scoreboard.sv:570) uvm_test_top.env.scoreboard [uvm_test_top.env.scoreboard] sw state 1, reg state          1
UVM_INFO @  37445626 ps: (otp_ctrl_scoreboard.sv:570) uvm_test_top.env.scoreboard [uvm_test_top.env.scoreboard] sw state 1, reg state          1
UVM_INFO @  37456043 ps: (otp_ctrl_scoreboard.sv:570) uvm_test_top.env.scoreboard [uvm_test_top.env.scoreboard] sw state 1, reg state          1
UVM_INFO @  37466460 ps: (otp_ctrl_scoreboard.sv:570) uvm_test_top.env.scoreboard [uvm_test_top.env.scoreboard] sw state 1, reg state          1
UVM_INFO @  37476877 ps: (otp_ctrl_scoreboard.sv:570) uvm_test_top.env.scoreboard [uvm_test_top.env.scoreboard] sw state 1, reg state          1
UVM_INFO @  37487294 ps: (otp_ctrl_scoreboard.sv:570) uvm_test_top.env.scoreboard [uvm_test_top.env.scoreboard] sw state 1, reg state          1
UVM_INFO @  37497711 ps: (otp_ctrl_scoreboard.sv:570) uvm_test_top.env.scoreboard [uvm_test_top.env.scoreboard] sw state 1, reg state          1
UVM_INFO @  37508128 ps: (otp_ctrl_scoreboard.sv:570) uvm_test_top.env.scoreboard [uvm_test_top.env.scoreboard] sw state 1, reg state          1
UVM_INFO @  37518545 ps: (otp_ctrl_scoreboard.sv:570) uvm_test_top.env.scoreboard [uvm_test_top.env.scoreboard] sw state 1, reg state          1
UVM_INFO @  37528962 ps: (otp_ctrl_scoreboard.sv:570) uvm_test_top.env.scoreboard [uvm_test_top.env.scoreboard] sw state 1, reg state          1
UVM_INFO @  37539379 ps: (otp_ctrl_scoreboard.sv:570) uvm_test_top.env.scoreboard [uvm_test_top.env.scoreboard] sw state 1, reg state          1
UVM_INFO @  37549796 ps: (otp_ctrl_scoreboard.sv:570) uvm_test_top.env.scoreboard [uvm_test_top.env.scoreboard] sw state 1, reg state          1
UVM_INFO @  37560213 ps: (otp_ctrl_scoreboard.sv:570) uvm_test_top.env.scoreboard [uvm_test_top.env.scoreboard] sw state 1, reg state          1
UVM_INFO @  37570630 ps: (otp_ctrl_scoreboard.sv:570) uvm_test_top.env.scoreboard [uvm_test_top.env.scoreboard] sw state 1, reg state          1
UVM_INFO @  37581047 ps: (otp_ctrl_scoreboard.sv:570) uvm_test_top.env.scoreboard [uvm_test_top.env.scoreboard] sw state 1, reg state          1
UVM_INFO @  37591464 ps: (otp_ctrl_scoreboard.sv:570) uvm_test_top.env.scoreboard [uvm_test_top.env.scoreboard] sw state 1, reg state          1
UVM_INFO @  37601881 ps: (otp_ctrl_scoreboard.sv:570) uvm_test_top.env.scoreboard [uvm_test_top.env.scoreboard] sw state 1, reg state          1
UVM_INFO @  37612298 ps: (otp_ctrl_scoreboard.sv:570) uvm_test_top.env.scoreboard [uvm_test_top.env.scoreboard] sw state 1, reg state          1
UVM_INFO @  37622715 ps: (otp_ctrl_scoreboard.sv:570) uvm_test_top.env.scoreboard [uvm_test_top.env.scoreboard] sw state 1, reg state          1
UVM_INFO @  37633132 ps: (otp_ctrl_scoreboard.sv:570) uvm_test_top.env.scoreboard [uvm_test_top.env.scoreboard] sw state 1, reg state          1
UVM_INFO @  37643549 ps: (otp_ctrl_scoreboard.sv:570) uvm_test_top.env.scoreboard [uvm_test_top.env.scoreboard] sw state 1, reg state          1
UVM_INFO @  37653966 ps: (otp_ctrl_scoreboard.sv:570) uvm_test_top.env.scoreboard [uvm_test_top.env.scoreboard] sw state 1, reg state          1
UVM_INFO @  37664383 ps: (otp_ctrl_scoreboard.sv:570) uvm_test_top.env.scoreboard [uvm_test_top.env.scoreboard] sw state 1, reg state          1
UVM_INFO @  37674800 ps: (otp_ctrl_scoreboard.sv:570) uvm_test_top.env.scoreboard [uvm_test_top.env.scoreboard] sw state 1, reg state          1
UVM_INFO @  37685217 ps: (otp_ctrl_scoreboard.sv:570) uvm_test_top.env.scoreboard [uvm_test_top.env.scoreboard] sw state 1, reg state          1
UVM_INFO @  37695634 ps: (otp_ctrl_scoreboard.sv:570) uvm_test_top.env.scoreboard [uvm_test_top.env.scoreboard] sw state 1, reg state          1
UVM_INFO @  37706051 ps: (otp_ctrl_scoreboard.sv:570) uvm_test_top.env.scoreboard [uvm_test_top.env.scoreboard] sw state 1, reg state          1
UVM_INFO @  37716468 ps: (otp_ctrl_scoreboard.sv:570) uvm_test_top.env.scoreboard [uvm_test_top.env.scoreboard] sw state 1, reg state          1
UVM_INFO @  37726885 ps: (otp_ctrl_scoreboard.sv:570) uvm_test_top.env.scoreboard [uvm_test_top.env.scoreboard] sw state 1, reg state          1
UVM_INFO @  37737302 ps: (otp_ctrl_scoreboard.sv:570) uvm_test_top.env.scoreboard [uvm_test_top.env.scoreboard] sw state 1, reg state          1
UVM_INFO @  37747719 ps: (otp_ctrl_scoreboard.sv:570) uvm_test_top.env.scoreboard [uvm_test_top.env.scoreboard] sw state 1, reg state          1
UVM_INFO @  37758136 ps: (otp_ctrl_scoreboard.sv:570) uvm_test_top.env.scoreboard [uvm_test_top.env.scoreboard] sw state 1, reg state          1
UVM_INFO @  37768553 ps: (otp_ctrl_scoreboard.sv:570) uvm_test_top.env.scoreboard [uvm_test_top.env.scoreboard] sw state 1, reg state          1
UVM_INFO @  37778970 ps: (otp_ctrl_scoreboard.sv:570) uvm_test_top.env.scoreboard [uvm_test_top.env.scoreboard] sw state 1, reg state          1
UVM_INFO @  37789387 ps: (otp_ctrl_scoreboard.sv:570) uvm_test_top.env.scoreboard [uvm_test_top.env.scoreboard] sw state 1, reg state          1
UVM_INFO @  37799804 ps: (otp_ctrl_scoreboard.sv:570) uvm_test_top.env.scoreboard [uvm_test_top.env.scoreboard] sw state 1, reg state          1
UVM_INFO @  37810221 ps: (otp_ctrl_scoreboard.sv:570) uvm_test_top.env.scoreboard [uvm_test_top.env.scoreboard] sw state 1, reg state          1
UVM_INFO @  37820638 ps: (otp_ctrl_scoreboard.sv:570) uvm_test_top.env.scoreboard [uvm_test_top.env.scoreboard] sw state 1, reg state          1
UVM_INFO @  37831055 ps: (otp_ctrl_scoreboard.sv:570) uvm_test_top.env.scoreboard [uvm_test_top.env.scoreboard] sw state 1, reg state          1
UVM_INFO @  37841472 ps: (otp_ctrl_scoreboard.sv:570) uvm_test_top.env.scoreboard [uvm_test_top.env.scoreboard] sw state 1, reg state          1
UVM_INFO @  37851889 ps: (otp_ctrl_scoreboard.sv:570) uvm_test_top.env.scoreboard [uvm_test_top.env.scoreboard] sw state 1, reg state          1
UVM_INFO @  37862306 ps: (otp_ctrl_scoreboard.sv:570) uvm_test_top.env.scoreboard [uvm_test_top.env.scoreboard] sw state 1, reg state          1
UVM_INFO @  37872723 ps: (otp_ctrl_scoreboard.sv:570) uvm_test_top.env.scoreboard [uvm_test_top.env.scoreboard] sw state 1, reg state          1
UVM_INFO @  37883140 ps: (otp_ctrl_scoreboard.sv:570) uvm_test_top.env.scoreboard [uvm_test_top.env.scoreboard] sw state 1, reg state          1
UVM_INFO @  37893557 ps: (otp_ctrl_scoreboard.sv:570) uvm_test_top.env.scoreboard [uvm_test_top.env.scoreboard] sw state 1, reg state          1
UVM_INFO @  37903974 ps: (otp_ctrl_scoreboard.sv:570) uvm_test_top.env.scoreboard [uvm_test_top.env.scoreboard] sw state 1, reg state          1
UVM_INFO @  37914391 ps: (otp_ctrl_scoreboard.sv:570) uvm_test_top.env.scoreboard [uvm_test_top.env.scoreboard] sw state 1, reg state          1
UVM_INFO @  37924808 ps: (otp_ctrl_scoreboard.sv:570) uvm_test_top.env.scoreboard [uvm_test_top.env.scoreboard] sw state 1, reg state          1
UVM_INFO @  37935225 ps: (otp_ctrl_scoreboard.sv:570) uvm_test_top.env.scoreboard [uvm_test_top.env.scoreboard] sw state 1, reg state          1
UVM_INFO @  37945642 ps: (otp_ctrl_scoreboard.sv:570) uvm_test_top.env.scoreboard [uvm_test_top.env.scoreboard] sw state 1, reg state          1
UVM_INFO @  37956059 ps: (otp_ctrl_scoreboard.sv:570) uvm_test_top.env.scoreboard [uvm_test_top.env.scoreboard] sw state 1, reg state          1
UVM_INFO @  37966476 ps: (otp_ctrl_scoreboard.sv:570) uvm_test_top.env.scoreboard [uvm_test_top.env.scoreboard] sw state 1, reg state          1
UVM_INFO @  37976893 ps: (otp_ctrl_scoreboard.sv:570) uvm_test_top.env.scoreboard [uvm_test_top.env.scoreboard] sw state 1, reg state          1
UVM_INFO @  37987310 ps: (otp_ctrl_scoreboard.sv:570) uvm_test_top.env.scoreboard [uvm_test_top.env.scoreboard] sw state 1, reg state          1
UVM_INFO @  37997727 ps: (otp_ctrl_scoreboard.sv:570) uvm_test_top.env.scoreboard [uvm_test_top.env.scoreboard] sw state 1, reg state          1
UVM_INFO @  38008144 ps: (otp_ctrl_scoreboard.sv:570) uvm_test_top.env.scoreboard [uvm_test_top.env.scoreboard] sw state 1, reg state          1
UVM_INFO @  38018561 ps: (otp_ctrl_scoreboard.sv:570) uvm_test_top.env.scoreboard [uvm_test_top.env.scoreboard] sw state 1, reg state          1
UVM_INFO @  38028978 ps: (otp_ctrl_scoreboard.sv:570) uvm_test_top.env.scoreboard [uvm_test_top.env.scoreboard] sw state 1, reg state          1
UVM_INFO @  38039395 ps: (otp_ctrl_scoreboard.sv:570) uvm_test_top.env.scoreboard [uvm_test_top.env.scoreboard] sw state 1, reg state          1
UVM_INFO @  38049812 ps: (otp_ctrl_scoreboard.sv:570) uvm_test_top.env.scoreboard [uvm_test_top.env.scoreboard] sw state 1, reg state          1
UVM_INFO @  38060229 ps: (otp_ctrl_scoreboard.sv:570) uvm_test_top.env.scoreboard [uvm_test_top.env.scoreboard] sw state 1, reg state          1
UVM_INFO @  38070646 ps: (otp_ctrl_scoreboard.sv:570) uvm_test_top.env.scoreboard [uvm_test_top.env.scoreboard] sw state 1, reg state          1
UVM_INFO @  38081063 ps: (otp_ctrl_scoreboard.sv:570) uvm_test_top.env.scoreboard [uvm_test_top.env.scoreboard] sw state 1, reg state          1
UVM_INFO @  38091480 ps: (otp_ctrl_scoreboard.sv:570) uvm_test_top.env.scoreboard [uvm_test_top.env.scoreboard] sw state 1, reg state          1
UVM_INFO @  38101897 ps: (otp_ctrl_scoreboard.sv:570) uvm_test_top.env.scoreboard [uvm_test_top.env.scoreboard] sw state 1, reg state          1
UVM_INFO @  38112314 ps: (otp_ctrl_scoreboard.sv:570) uvm_test_top.env.scoreboard [uvm_test_top.env.scoreboard] sw state 1, reg state          1
UVM_INFO @  38122731 ps: (otp_ctrl_scoreboard.sv:570) uvm_test_top.env.scoreboard [uvm_test_top.env.scoreboard] sw state 1, reg state          1
UVM_INFO @  38133148 ps: (otp_ctrl_scoreboard.sv:570) uvm_test_top.env.scoreboard [uvm_test_top.env.scoreboard] sw state 1, reg state          1
UVM_INFO @  38143565 ps: (otp_ctrl_scoreboard.sv:570) uvm_test_top.env.scoreboard [uvm_test_top.env.scoreboard] sw state 1, reg state          1
UVM_INFO @  38153982 ps: (otp_ctrl_scoreboard.sv:570) uvm_test_top.env.scoreboard [uvm_test_top.env.scoreboard] sw state 1, reg state          1
UVM_INFO @  38164399 ps: (otp_ctrl_scoreboard.sv:570) uvm_test_top.env.scoreboard [uvm_test_top.env.scoreboard] sw state 1, reg state          1
UVM_INFO @  38174816 ps: (otp_ctrl_scoreboard.sv:570) uvm_test_top.env.scoreboard [uvm_test_top.env.scoreboard] sw state 1, reg state          1
UVM_INFO @  38185233 ps: (otp_ctrl_scoreboard.sv:570) uvm_test_top.env.scoreboard [uvm_test_top.env.scoreboard] sw state 1, reg state          1
UVM_INFO @  38195650 ps: (otp_ctrl_scoreboard.sv:570) uvm_test_top.env.scoreboard [uvm_test_top.env.scoreboard] sw state 1, reg state          1
UVM_INFO @  38206067 ps: (otp_ctrl_scoreboard.sv:570) uvm_test_top.env.scoreboard [uvm_test_top.env.scoreboard] sw state 1, reg state          1
UVM_INFO @  38216484 ps: (otp_ctrl_scoreboard.sv:570) uvm_test_top.env.scoreboard [uvm_test_top.env.scoreboard] sw state 1, reg state          1
UVM_INFO @  38226901 ps: (otp_ctrl_scoreboard.sv:570) uvm_test_top.env.scoreboard [uvm_test_top.env.scoreboard] sw state 1, reg state          1
UVM_INFO @  38237318 ps: (otp_ctrl_scoreboard.sv:570) uvm_test_top.env.scoreboard [uvm_test_top.env.scoreboard] sw state 1, reg state          1
UVM_INFO @  38247735 ps: (otp_ctrl_scoreboard.sv:570) uvm_test_top.env.scoreboard [uvm_test_top.env.scoreboard] sw state 1, reg state          1
UVM_INFO @  38258152 ps: (otp_ctrl_scoreboard.sv:570) uvm_test_top.env.scoreboard [uvm_test_top.env.scoreboard] sw state 1, reg state          1
UVM_INFO @  38268569 ps: (otp_ctrl_scoreboard.sv:570) uvm_test_top.env.scoreboard [uvm_test_top.env.scoreboard] sw state 1, reg state          1
UVM_INFO @  38278986 ps: (otp_ctrl_scoreboard.sv:570) uvm_test_top.env.scoreboard [uvm_test_top.env.scoreboard] sw state 1, reg state          1
UVM_INFO @  38289403 ps: (otp_ctrl_scoreboard.sv:570) uvm_test_top.env.scoreboard [uvm_test_top.env.scoreboard] sw state 1, reg state          1
UVM_INFO @  38299820 ps: (otp_ctrl_scoreboard.sv:570) uvm_test_top.env.scoreboard [uvm_test_top.env.scoreboard] sw state 1, reg state          1
UVM_INFO @  38310237 ps: (otp_ctrl_scoreboard.sv:570) uvm_test_top.env.scoreboard [uvm_test_top.env.scoreboard] sw state 1, reg state          1
UVM_INFO @  38320654 ps: (otp_ctrl_scoreboard.sv:570) uvm_test_top.env.scoreboard [uvm_test_top.env.scoreboard] sw state 1, reg state          1
UVM_INFO @  38331071 ps: (otp_ctrl_scoreboard.sv:570) uvm_test_top.env.scoreboard [uvm_test_top.env.scoreboard] sw state 1, reg state          1
UVM_INFO @  38341488 ps: (otp_ctrl_scoreboard.sv:570) uvm_test_top.env.scoreboard [uvm_test_top.env.scoreboard] sw state 1, reg state          1
UVM_INFO @  38351905 ps: (otp_ctrl_scoreboard.sv:570) uvm_test_top.env.scoreboard [uvm_test_top.env.scoreboard] sw state 1, reg state          1
UVM_INFO @  38362322 ps: (otp_ctrl_scoreboard.sv:570) uvm_test_top.env.scoreboard [uvm_test_top.env.scoreboard] sw state 1, reg state          1
UVM_INFO @  38372739 ps: (otp_ctrl_scoreboard.sv:570) uvm_test_top.env.scoreboard [uvm_test_top.env.scoreboard] sw state 1, reg state          1
UVM_INFO @  38383156 ps: (otp_ctrl_scoreboard.sv:570) uvm_test_top.env.scoreboard [uvm_test_top.env.scoreboard] sw state 1, reg state          1
UVM_INFO @  38393573 ps: (otp_ctrl_scoreboard.sv:570) uvm_test_top.env.scoreboard [uvm_test_top.env.scoreboard] sw state 1, reg state          1
UVM_INFO @  38403990 ps: (otp_ctrl_scoreboard.sv:570) uvm_test_top.env.scoreboard [uvm_test_top.env.scoreboard] sw state 1, reg state          1
UVM_INFO @  38414407 ps: (otp_ctrl_scoreboard.sv:570) uvm_test_top.env.scoreboard [uvm_test_top.env.scoreboard] sw state 1, reg state          1
UVM_INFO @  38424824 ps: (otp_ctrl_scoreboard.sv:570) uvm_test_top.env.scoreboard [uvm_test_top.env.scoreboard] sw state 1, reg state          1
UVM_INFO @  38435241 ps: (otp_ctrl_scoreboard.sv:570) uvm_test_top.env.scoreboard [uvm_test_top.env.scoreboard] sw state 1, reg state          1
UVM_INFO @  38445658 ps: (otp_ctrl_scoreboard.sv:570) uvm_test_top.env.scoreboard [uvm_test_top.env.scoreboard] sw state 1, reg state          1
UVM_INFO @  38456075 ps: (otp_ctrl_scoreboard.sv:570) uvm_test_top.env.scoreboard [uvm_test_top.env.scoreboard] sw state 1, reg state          1
UVM_INFO @  38466492 ps: (otp_ctrl_scoreboard.sv:570) uvm_test_top.env.scoreboard [uvm_test_top.env.scoreboard] sw state 1, reg state          1
UVM_INFO @  38476909 ps: (otp_ctrl_scoreboard.sv:570) uvm_test_top.env.scoreboard [uvm_test_top.env.scoreboard] sw state 1, reg state          1
UVM_INFO @  38487326 ps: (otp_ctrl_scoreboard.sv:570) uvm_test_top.env.scoreboard [uvm_test_top.env.scoreboard] sw state 1, reg state          1
UVM_INFO @  38497743 ps: (otp_ctrl_scoreboard.sv:570) uvm_test_top.env.scoreboard [uvm_test_top.env.scoreboard] sw state 1, reg state          1
UVM_INFO @  38508160 ps: (otp_ctrl_scoreboard.sv:570) uvm_test_top.env.scoreboard [uvm_test_top.env.scoreboard] sw state 1, reg state          1
UVM_INFO @  38518577 ps: (otp_ctrl_scoreboard.sv:570) uvm_test_top.env.scoreboard [uvm_test_top.env.scoreboard] sw state 1, reg state          1
UVM_INFO @  38528994 ps: (otp_ctrl_scoreboard.sv:570) uvm_test_top.env.scoreboard [uvm_test_top.env.scoreboard] sw state 1, reg state          1
UVM_INFO @  38539411 ps: (otp_ctrl_scoreboard.sv:570) uvm_test_top.env.scoreboard [uvm_test_top.env.scoreboard] sw state 1, reg state          1
UVM_INFO @  38549828 ps: (otp_ctrl_scoreboard.sv:570) uvm_test_top.env.scoreboard [uvm_test_top.env.scoreboard] sw state 1, reg state          1
UVM_INFO @  38560245 ps: (otp_ctrl_scoreboard.sv:570) uvm_test_top.env.scoreboard [uvm_test_top.env.scoreboard] sw state 1, reg state          1
UVM_INFO @  38570662 ps: (otp_ctrl_scoreboard.sv:570) uvm_test_top.env.scoreboard [uvm_test_top.env.scoreboard] sw state 1, reg state          1
UVM_INFO @  38581079 ps: (otp_ctrl_scoreboard.sv:570) uvm_test_top.env.scoreboard [uvm_test_top.env.scoreboard] sw state 1, reg state          1
UVM_INFO @  38591496 ps: (otp_ctrl_scoreboard.sv:570) uvm_test_top.env.scoreboard [uvm_test_top.env.scoreboard] sw state 1, reg state          1
UVM_INFO @  38601913 ps: (otp_ctrl_scoreboard.sv:570) uvm_test_top.env.scoreboard [uvm_test_top.env.scoreboard] sw state 1, reg state          1
UVM_INFO @  38612330 ps: (otp_ctrl_scoreboard.sv:570) uvm_test_top.env.scoreboard [uvm_test_top.env.scoreboard] sw state 1, reg state          1
UVM_INFO @  38622747 ps: (otp_ctrl_scoreboard.sv:570) uvm_test_top.env.scoreboard [uvm_test_top.env.scoreboard] sw state 1, reg state          1
UVM_INFO @  38633164 ps: (otp_ctrl_scoreboard.sv:570) uvm_test_top.env.scoreboard [uvm_test_top.env.scoreboard] sw state 1, reg state          1
UVM_INFO @  38643581 ps: (otp_ctrl_scoreboard.sv:570) uvm_test_top.env.scoreboard [uvm_test_top.env.scoreboard] sw state 1, reg state          1
UVM_INFO @  38653998 ps: (otp_ctrl_scoreboard.sv:570) uvm_test_top.env.scoreboard [uvm_test_top.env.scoreboard] sw state 1, reg state          1
UVM_INFO @  38664415 ps: (otp_ctrl_scoreboard.sv:570) uvm_test_top.env.scoreboard [uvm_test_top.env.scoreboard] sw state 1, reg state          1
UVM_INFO @  38674832 ps: (otp_ctrl_scoreboard.sv:570) uvm_test_top.env.scoreboard [uvm_test_top.env.scoreboard] sw state 1, reg state          1
UVM_INFO @  38685249 ps: (otp_ctrl_scoreboard.sv:570) uvm_test_top.env.scoreboard [uvm_test_top.env.scoreboard] sw state 1, reg state          1
UVM_INFO @  38695666 ps: (otp_ctrl_scoreboard.sv:570) uvm_test_top.env.scoreboard [uvm_test_top.env.scoreboard] sw state 1, reg state          1
UVM_INFO @  38706083 ps: (otp_ctrl_scoreboard.sv:570) uvm_test_top.env.scoreboard [uvm_test_top.env.scoreboard] sw state 1, reg state          1
UVM_INFO @  38716500 ps: (otp_ctrl_scoreboard.sv:570) uvm_test_top.env.scoreboard [uvm_test_top.env.scoreboard] sw state 1, reg state          1
UVM_INFO @  38726917 ps: (otp_ctrl_scoreboard.sv:570) uvm_test_top.env.scoreboard [uvm_test_top.env.scoreboard] sw state 1, reg state          1
UVM_INFO @  38737334 ps: (otp_ctrl_scoreboard.sv:570) uvm_test_top.env.scoreboard [uvm_test_top.env.scoreboard] sw state 1, reg state          1
UVM_INFO @  38747751 ps: (otp_ctrl_scoreboard.sv:570) uvm_test_top.env.scoreboard [uvm_test_top.env.scoreboard] sw state 1, reg state          1
UVM_INFO @  38758168 ps: (otp_ctrl_scoreboard.sv:570) uvm_test_top.env.scoreboard [uvm_test_top.env.scoreboard] sw state 1, reg state          1
UVM_INFO @  38768585 ps: (otp_ctrl_scoreboard.sv:570) uvm_test_top.env.scoreboard [uvm_test_top.env.scoreboard] sw state 1, reg state          1
UVM_INFO @  38779002 ps: (otp_ctrl_scoreboard.sv:570) uvm_test_top.env.scoreboard [uvm_test_top.env.scoreboard] sw state 1, reg state          1
UVM_INFO @  38789419 ps: (otp_ctrl_scoreboard.sv:570) uvm_test_top.env.scoreboard [uvm_test_top.env.scoreboard] sw state 1, reg state          1
UVM_INFO @  38799836 ps: (otp_ctrl_scoreboard.sv:570) uvm_test_top.env.scoreboard [uvm_test_top.env.scoreboard] sw state 1, reg state          1
UVM_INFO @  38810253 ps: (otp_ctrl_scoreboard.sv:570) uvm_test_top.env.scoreboard [uvm_test_top.env.scoreboard] sw state 1, reg state          1
UVM_INFO @  38820670 ps: (otp_ctrl_scoreboard.sv:570) uvm_test_top.env.scoreboard [uvm_test_top.env.scoreboard] sw state 1, reg state          1
UVM_INFO @  38831087 ps: (otp_ctrl_scoreboard.sv:570) uvm_test_top.env.scoreboard [uvm_test_top.env.scoreboard] sw state 1, reg state          1
UVM_INFO @  38841504 ps: (otp_ctrl_scoreboard.sv:570) uvm_test_top.env.scoreboard [uvm_test_top.env.scoreboard] sw state 1, reg state          1
UVM_INFO @  38851921 ps: (otp_ctrl_scoreboard.sv:570) uvm_test_top.env.scoreboard [uvm_test_top.env.scoreboard] sw state 1, reg state          1
UVM_INFO @  38862338 ps: (otp_ctrl_scoreboard.sv:570) uvm_test_top.env.scoreboard [uvm_test_top.env.scoreboard] sw state 1, reg state          1
UVM_INFO @  38872755 ps: (otp_ctrl_scoreboard.sv:570) uvm_test_top.env.scoreboard [uvm_test_top.env.scoreboard] sw state 1, reg state          1
UVM_INFO @  38883172 ps: (otp_ctrl_scoreboard.sv:570) uvm_test_top.env.scoreboard [uvm_test_top.env.scoreboard] sw state 1, reg state          1
UVM_INFO @  38893589 ps: (otp_ctrl_scoreboard.sv:570) uvm_test_top.env.scoreboard [uvm_test_top.env.scoreboard] sw state 1, reg state          1
UVM_INFO @  38904006 ps: (otp_ctrl_scoreboard.sv:570) uvm_test_top.env.scoreboard [uvm_test_top.env.scoreboard] sw state 1, reg state          1
UVM_INFO @  38914423 ps: (otp_ctrl_scoreboard.sv:570) uvm_test_top.env.scoreboard [uvm_test_top.env.scoreboard] sw state 1, reg state          1
UVM_INFO @  38924840 ps: (otp_ctrl_scoreboard.sv:570) uvm_test_top.env.scoreboard [uvm_test_top.env.scoreboard] sw state 1, reg state          1
UVM_INFO @  38935257 ps: (otp_ctrl_scoreboard.sv:570) uvm_test_top.env.scoreboard [uvm_test_top.env.scoreboard] sw state 1, reg state          1
UVM_INFO @  38945674 ps: (otp_ctrl_scoreboard.sv:570) uvm_test_top.env.scoreboard [uvm_test_top.env.scoreboard] sw state 1, reg state          1
UVM_INFO @  38956091 ps: (otp_ctrl_scoreboard.sv:570) uvm_test_top.env.scoreboard [uvm_test_top.env.scoreboard] sw state 1, reg state          1
UVM_INFO @  38966508 ps: (otp_ctrl_scoreboard.sv:570) uvm_test_top.env.scoreboard [uvm_test_top.env.scoreboard] sw state 1, reg state          1
UVM_INFO @  38976925 ps: (otp_ctrl_scoreboard.sv:570) uvm_test_top.env.scoreboard [uvm_test_top.env.scoreboard] sw state 1, reg state          1
UVM_INFO @  38987342 ps: (otp_ctrl_scoreboard.sv:570) uvm_test_top.env.scoreboard [uvm_test_top.env.scoreboard] sw state 1, reg state          1
UVM_INFO @  38997759 ps: (otp_ctrl_scoreboard.sv:570) uvm_test_top.env.scoreboard [uvm_test_top.env.scoreboard] sw state 1, reg state          1
UVM_INFO @  39008176 ps: (otp_ctrl_scoreboard.sv:570) uvm_test_top.env.scoreboard [uvm_test_top.env.scoreboard] sw state 1, reg state          1
UVM_INFO @  39018593 ps: (otp_ctrl_scoreboard.sv:570) uvm_test_top.env.scoreboard [uvm_test_top.env.scoreboard] sw state 1, reg state          1
UVM_INFO @  39029010 ps: (otp_ctrl_scoreboard.sv:570) uvm_test_top.env.scoreboard [uvm_test_top.env.scoreboard] sw state 1, reg state          1
UVM_INFO @  39039427 ps: (otp_ctrl_scoreboard.sv:570) uvm_test_top.env.scoreboard [uvm_test_top.env.scoreboard] sw state 1, reg state          1
UVM_INFO @  39049844 ps: (otp_ctrl_scoreboard.sv:570) uvm_test_top.env.scoreboard [uvm_test_top.env.scoreboard] sw state 1, reg state          1
UVM_INFO @  39060261 ps: (otp_ctrl_scoreboard.sv:570) uvm_test_top.env.scoreboard [uvm_test_top.env.scoreboard] sw state 1, reg state          1
UVM_INFO @  39070678 ps: (otp_ctrl_scoreboard.sv:570) uvm_test_top.env.scoreboard [uvm_test_top.env.scoreboard] sw state 1, reg state          1
UVM_INFO @  39081095 ps: (otp_ctrl_scoreboard.sv:570) uvm_test_top.env.scoreboard [uvm_test_top.env.scoreboard] sw state 1, reg state          1
UVM_INFO @  39091512 ps: (otp_ctrl_scoreboard.sv:570) uvm_test_top.env.scoreboard [uvm_test_top.env.scoreboard] sw state 1, reg state          1
UVM_INFO @  39101929 ps: (otp_ctrl_scoreboard.sv:570) uvm_test_top.env.scoreboard [uvm_test_top.env.scoreboard] sw state 1, reg state          1
UVM_INFO @  39112346 ps: (otp_ctrl_scoreboard.sv:570) uvm_test_top.env.scoreboard [uvm_test_top.env.scoreboard] sw state 1, reg state          1
UVM_INFO @  39122763 ps: (otp_ctrl_scoreboard.sv:570) uvm_test_top.env.scoreboard [uvm_test_top.env.scoreboard] sw state 1, reg state          1
UVM_INFO @  39133180 ps: (otp_ctrl_scoreboard.sv:570) uvm_test_top.env.scoreboard [uvm_test_top.env.scoreboard] sw state 1, reg state          1
UVM_INFO @  39143597 ps: (otp_ctrl_scoreboard.sv:570) uvm_test_top.env.scoreboard [uvm_test_top.env.scoreboard] sw state 1, reg state          1
UVM_INFO @  39154014 ps: (otp_ctrl_scoreboard.sv:570) uvm_test_top.env.scoreboard [uvm_test_top.env.scoreboard] sw state 1, reg state          1
UVM_INFO @  39164431 ps: (otp_ctrl_scoreboard.sv:570) uvm_test_top.env.scoreboard [uvm_test_top.env.scoreboard] sw state 1, reg state          1
UVM_INFO @  39174848 ps: (otp_ctrl_scoreboard.sv:570) uvm_test_top.env.scoreboard [uvm_test_top.env.scoreboard] sw state 1, reg state          1
UVM_INFO @  39185265 ps: (otp_ctrl_scoreboard.sv:570) uvm_test_top.env.scoreboard [uvm_test_top.env.scoreboard] sw state 1, reg state          1
UVM_INFO @  39195682 ps: (otp_ctrl_scoreboard.sv:570) uvm_test_top.env.scoreboard [uvm_test_top.env.scoreboard] sw state 1, reg state          1
UVM_INFO @  39206099 ps: (otp_ctrl_scoreboard.sv:570) uvm_test_top.env.scoreboard [uvm_test_top.env.scoreboard] sw state 1, reg state          1
UVM_INFO @  39216516 ps: (otp_ctrl_scoreboard.sv:570) uvm_test_top.env.scoreboard [uvm_test_top.env.scoreboard] sw state 1, reg state          1
UVM_INFO @  39226933 ps: (otp_ctrl_scoreboard.sv:570) uvm_test_top.env.scoreboard [uvm_test_top.env.scoreboard] sw state 1, reg state          1
UVM_INFO @  39237350 ps: (otp_ctrl_scoreboard.sv:570) uvm_test_top.env.scoreboard [uvm_test_top.env.scoreboard] sw state 1, reg state          1
UVM_INFO @  39247767 ps: (otp_ctrl_scoreboard.sv:570) uvm_test_top.env.scoreboard [uvm_test_top.env.scoreboard] sw state 1, reg state          1
UVM_INFO @  39258184 ps: (otp_ctrl_scoreboard.sv:570) uvm_test_top.env.scoreboard [uvm_test_top.env.scoreboard] sw state 1, reg state          1
UVM_INFO @  39268601 ps: (otp_ctrl_scoreboard.sv:570) uvm_test_top.env.scoreboard [uvm_test_top.env.scoreboard] sw state 1, reg state          1
UVM_INFO @  39279018 ps: (otp_ctrl_scoreboard.sv:570) uvm_test_top.env.scoreboard [uvm_test_top.env.scoreboard] sw state 1, reg state          1
UVM_INFO @  39289435 ps: (otp_ctrl_scoreboard.sv:570) uvm_test_top.env.scoreboard [uvm_test_top.env.scoreboard] sw state 1, reg state          1
UVM_INFO @  39299852 ps: (otp_ctrl_scoreboard.sv:570) uvm_test_top.env.scoreboard [uvm_test_top.env.scoreboard] sw state 1, reg state          1
UVM_INFO @  39310269 ps: (otp_ctrl_scoreboard.sv:570) uvm_test_top.env.scoreboard [uvm_test_top.env.scoreboard] sw state 1, reg state          1
UVM_INFO @  39320686 ps: (otp_ctrl_scoreboard.sv:570) uvm_test_top.env.scoreboard [uvm_test_top.env.scoreboard] sw state 1, reg state          1
UVM_INFO @  39331103 ps: (otp_ctrl_scoreboard.sv:570) uvm_test_top.env.scoreboard [uvm_test_top.env.scoreboard] sw state 1, reg state          1
UVM_INFO @  39341520 ps: (otp_ctrl_scoreboard.sv:570) uvm_test_top.env.scoreboard [uvm_test_top.env.scoreboard] sw state 1, reg state          1
UVM_INFO @  39351937 ps: (otp_ctrl_scoreboard.sv:570) uvm_test_top.env.scoreboard [uvm_test_top.env.scoreboard] sw state 1, reg state          1
UVM_INFO @  39362354 ps: (otp_ctrl_scoreboard.sv:570) uvm_test_top.env.scoreboard [uvm_test_top.env.scoreboard] sw state 1, reg state          1
UVM_INFO @  39372771 ps: (otp_ctrl_scoreboard.sv:570) uvm_test_top.env.scoreboard [uvm_test_top.env.scoreboard] sw state 1, reg state          1
UVM_INFO @  39383188 ps: (otp_ctrl_scoreboard.sv:570) uvm_test_top.env.scoreboard [uvm_test_top.env.scoreboard] sw state 1, reg state          1
UVM_INFO @  39393605 ps: (otp_ctrl_scoreboard.sv:570) uvm_test_top.env.scoreboard [uvm_test_top.env.scoreboard] sw state 1, reg state          1
UVM_INFO @  39404022 ps: (otp_ctrl_scoreboard.sv:570) uvm_test_top.env.scoreboard [uvm_test_top.env.scoreboard] sw state 1, reg state          1
UVM_INFO @  39414439 ps: (otp_ctrl_scoreboard.sv:570) uvm_test_top.env.scoreboard [uvm_test_top.env.scoreboard] sw state 1, reg state          1
UVM_INFO @  39424856 ps: (otp_ctrl_scoreboard.sv:570) uvm_test_top.env.scoreboard [uvm_test_top.env.scoreboard] sw state 1, reg state          1
UVM_INFO @  39435273 ps: (otp_ctrl_scoreboard.sv:570) uvm_test_top.env.scoreboard [uvm_test_top.env.scoreboard] sw state 1, reg state          1
UVM_INFO @  39445690 ps: (otp_ctrl_scoreboard.sv:570) uvm_test_top.env.scoreboard [uvm_test_top.env.scoreboard] sw state 1, reg state          1
UVM_INFO @  39456107 ps: (otp_ctrl_scoreboard.sv:570) uvm_test_top.env.scoreboard [uvm_test_top.env.scoreboard] sw state 1, reg state          1
UVM_INFO @  39466524 ps: (otp_ctrl_scoreboard.sv:570) uvm_test_top.env.scoreboard [uvm_test_top.env.scoreboard] sw state 1, reg state          1
UVM_INFO @  39476941 ps: (otp_ctrl_scoreboard.sv:570) uvm_test_top.env.scoreboard [uvm_test_top.env.scoreboard] sw state 1, reg state          1
UVM_INFO @  39487358 ps: (otp_ctrl_scoreboard.sv:570) uvm_test_top.env.scoreboard [uvm_test_top.env.scoreboard] sw state 1, reg state          1
UVM_INFO @  39497775 ps: (otp_ctrl_scoreboard.sv:570) uvm_test_top.env.scoreboard [uvm_test_top.env.scoreboard] sw state 1, reg state          1
UVM_INFO @  39508192 ps: (otp_ctrl_scoreboard.sv:570) uvm_test_top.env.scoreboard [uvm_test_top.env.scoreboard] sw state 1, reg state          1
UVM_INFO @  39518609 ps: (otp_ctrl_scoreboard.sv:570) uvm_test_top.env.scoreboard [uvm_test_top.env.scoreboard] sw state 1, reg state          1
UVM_INFO @  39529026 ps: (otp_ctrl_scoreboard.sv:570) uvm_test_top.env.scoreboard [uvm_test_top.env.scoreboard] sw state 1, reg state          1
UVM_INFO @  39539443 ps: (otp_ctrl_scoreboard.sv:570) uvm_test_top.env.scoreboard [uvm_test_top.env.scoreboard] sw state 1, reg state          1
UVM_INFO @  39549860 ps: (otp_ctrl_scoreboard.sv:570) uvm_test_top.env.scoreboard [uvm_test_top.env.scoreboard] sw state 1, reg state          1
UVM_INFO @  39560277 ps: (otp_ctrl_scoreboard.sv:570) uvm_test_top.env.scoreboard [uvm_test_top.env.scoreboard] sw state 1, reg state          1
UVM_INFO @  39570694 ps: (otp_ctrl_scoreboard.sv:570) uvm_test_top.env.scoreboard [uvm_test_top.env.scoreboard] sw state 1, reg state          1
UVM_INFO @  39581111 ps: (otp_ctrl_scoreboard.sv:570) uvm_test_top.env.scoreboard [uvm_test_top.env.scoreboard] sw state 1, reg state          1
UVM_INFO @  39591528 ps: (otp_ctrl_scoreboard.sv:570) uvm_test_top.env.scoreboard [uvm_test_top.env.scoreboard] sw state 1, reg state          1
UVM_INFO @  39601945 ps: (otp_ctrl_scoreboard.sv:570) uvm_test_top.env.scoreboard [uvm_test_top.env.scoreboard] sw state 1, reg state          1
UVM_INFO @  39612362 ps: (otp_ctrl_scoreboard.sv:570) uvm_test_top.env.scoreboard [uvm_test_top.env.scoreboard] sw state 1, reg state          1
UVM_INFO @  39622779 ps: (otp_ctrl_scoreboard.sv:570) uvm_test_top.env.scoreboard [uvm_test_top.env.scoreboard] sw state 1, reg state          1
UVM_INFO @  39633196 ps: (otp_ctrl_scoreboard.sv:570) uvm_test_top.env.scoreboard [uvm_test_top.env.scoreboard] sw state 1, reg state          1
UVM_INFO @  39643613 ps: (otp_ctrl_scoreboard.sv:570) uvm_test_top.env.scoreboard [uvm_test_top.env.scoreboard] sw state 1, reg state          1
UVM_INFO @  39654030 ps: (otp_ctrl_scoreboard.sv:570) uvm_test_top.env.scoreboard [uvm_test_top.env.scoreboard] sw state 1, reg state          1
UVM_INFO @  39664447 ps: (otp_ctrl_scoreboard.sv:570) uvm_test_top.env.scoreboard [uvm_test_top.env.scoreboard] sw state 1, reg state          1
UVM_INFO @  39674864 ps: (otp_ctrl_scoreboard.sv:570) uvm_test_top.env.scoreboard [uvm_test_top.env.scoreboard] sw state 1, reg state          1
UVM_INFO @  39685281 ps: (otp_ctrl_scoreboard.sv:570) uvm_test_top.env.scoreboard [uvm_test_top.env.scoreboard] sw state 1, reg state          1
UVM_INFO @  39695698 ps: (otp_ctrl_scoreboard.sv:570) uvm_test_top.env.scoreboard [uvm_test_top.env.scoreboard] sw state 1, reg state          1
UVM_INFO @  39706115 ps: (otp_ctrl_scoreboard.sv:570) uvm_test_top.env.scoreboard [uvm_test_top.env.scoreboard] sw state 1, reg state          1
UVM_INFO @  39716532 ps: (otp_ctrl_scoreboard.sv:570) uvm_test_top.env.scoreboard [uvm_test_top.env.scoreboard] sw state 1, reg state          1
UVM_INFO @  39726949 ps: (otp_ctrl_scoreboard.sv:570) uvm_test_top.env.scoreboard [uvm_test_top.env.scoreboard] sw state 1, reg state          1
UVM_INFO @  39737366 ps: (otp_ctrl_scoreboard.sv:570) uvm_test_top.env.scoreboard [uvm_test_top.env.scoreboard] sw state 1, reg state          1
UVM_INFO @  39747783 ps: (otp_ctrl_scoreboard.sv:570) uvm_test_top.env.scoreboard [uvm_test_top.env.scoreboard] sw state 1, reg state          1
UVM_INFO @  39758200 ps: (otp_ctrl_scoreboard.sv:570) uvm_test_top.env.scoreboard [uvm_test_top.env.scoreboard] sw state 1, reg state          1
UVM_INFO @  39768617 ps: (otp_ctrl_scoreboard.sv:570) uvm_test_top.env.scoreboard [uvm_test_top.env.scoreboard] sw state 1, reg state          1
UVM_INFO @  39779034 ps: (otp_ctrl_scoreboard.sv:570) uvm_test_top.env.scoreboard [uvm_test_top.env.scoreboard] sw state 1, reg state          1
UVM_INFO @  39789451 ps: (otp_ctrl_scoreboard.sv:570) uvm_test_top.env.scoreboard [uvm_test_top.env.scoreboard] sw state 1, reg state          1
UVM_INFO @  39799868 ps: (otp_ctrl_scoreboard.sv:570) uvm_test_top.env.scoreboard [uvm_test_top.env.scoreboard] sw state 1, reg state          1
UVM_INFO @  39810285 ps: (otp_ctrl_scoreboard.sv:570) uvm_test_top.env.scoreboard [uvm_test_top.env.scoreboard] sw state 1, reg state          1
UVM_INFO @  39820702 ps: (otp_ctrl_scoreboard.sv:570) uvm_test_top.env.scoreboard [uvm_test_top.env.scoreboard] sw state 1, reg state          1
UVM_INFO @  39831119 ps: (otp_ctrl_scoreboard.sv:570) uvm_test_top.env.scoreboard [uvm_test_top.env.scoreboard] sw state 1, reg state          1
UVM_INFO @  39841536 ps: (otp_ctrl_scoreboard.sv:570) uvm_test_top.env.scoreboard [uvm_test_top.env.scoreboard] sw state 1, reg state          1
UVM_INFO @  39851953 ps: (otp_ctrl_scoreboard.sv:570) uvm_test_top.env.scoreboard [uvm_test_top.env.scoreboard] sw state 1, reg state          1
UVM_INFO @  39862370 ps: (otp_ctrl_scoreboard.sv:570) uvm_test_top.env.scoreboard [uvm_test_top.env.scoreboard] sw state 1, reg state          1
UVM_INFO @  39872787 ps: (otp_ctrl_scoreboard.sv:570) uvm_test_top.env.scoreboard [uvm_test_top.env.scoreboard] sw state 1, reg state          1
UVM_INFO @  39883204 ps: (otp_ctrl_scoreboard.sv:570) uvm_test_top.env.scoreboard [uvm_test_top.env.scoreboard] sw state 1, reg state          1
UVM_INFO @  39893621 ps: (otp_ctrl_scoreboard.sv:570) uvm_test_top.env.scoreboard [uvm_test_top.env.scoreboard] sw state 1, reg state          1
UVM_INFO @  39904038 ps: (otp_ctrl_scoreboard.sv:570) uvm_test_top.env.scoreboard [uvm_test_top.env.scoreboard] sw state 1, reg state          1
UVM_INFO @  39914455 ps: (otp_ctrl_scoreboard.sv:570) uvm_test_top.env.scoreboard [uvm_test_top.env.scoreboard] sw state 1, reg state          1
UVM_INFO @  39924872 ps: (otp_ctrl_scoreboard.sv:570) uvm_test_top.env.scoreboard [uvm_test_top.env.scoreboard] sw state 1, reg state          1
UVM_INFO @  39935289 ps: (otp_ctrl_scoreboard.sv:570) uvm_test_top.env.scoreboard [uvm_test_top.env.scoreboard] sw state 1, reg state          1
UVM_INFO @  39945706 ps: (otp_ctrl_scoreboard.sv:570) uvm_test_top.env.scoreboard [uvm_test_top.env.scoreboard] sw state 1, reg state          1
UVM_INFO @  39956123 ps: (otp_ctrl_scoreboard.sv:570) uvm_test_top.env.scoreboard [uvm_test_top.env.scoreboard] sw state 1, reg state          1
UVM_INFO @  39966540 ps: (otp_ctrl_scoreboard.sv:570) uvm_test_top.env.scoreboard [uvm_test_top.env.scoreboard] sw state 1, reg state          1
UVM_INFO @  39976957 ps: (otp_ctrl_scoreboard.sv:570) uvm_test_top.env.scoreboard [uvm_test_top.env.scoreboard] sw state 1, reg state          1
UVM_INFO @  39987374 ps: (otp_ctrl_scoreboard.sv:570) uvm_test_top.env.scoreboard [uvm_test_top.env.scoreboard] sw state 1, reg state          1
UVM_INFO @  39997791 ps: (otp_ctrl_scoreboard.sv:570) uvm_test_top.env.scoreboard [uvm_test_top.env.scoreboard] sw state 1, reg state          1
UVM_INFO @  40008208 ps: (otp_ctrl_scoreboard.sv:570) uvm_test_top.env.scoreboard [uvm_test_top.env.scoreboard] sw state 1, reg state          1
UVM_INFO @  40018625 ps: (otp_ctrl_scoreboard.sv:570) uvm_test_top.env.scoreboard [uvm_test_top.env.scoreboard] sw state 1, reg state          1
UVM_INFO @  40029042 ps: (otp_ctrl_scoreboard.sv:570) uvm_test_top.env.scoreboard [uvm_test_top.env.scoreboard] sw state 1, reg state          1
UVM_INFO @  40039459 ps: (otp_ctrl_scoreboard.sv:570) uvm_test_top.env.scoreboard [uvm_test_top.env.scoreboard] sw state 1, reg state          1
UVM_INFO @  40049876 ps: (otp_ctrl_scoreboard.sv:570) uvm_test_top.env.scoreboard [uvm_test_top.env.scoreboard] sw state 1, reg state          1
UVM_INFO @  40060293 ps: (otp_ctrl_scoreboard.sv:570) uvm_test_top.env.scoreboard [uvm_test_top.env.scoreboard] sw state 1, reg state          1
UVM_INFO @  40070710 ps: (otp_ctrl_scoreboard.sv:570) uvm_test_top.env.scoreboard [uvm_test_top.env.scoreboard] sw state 1, reg state          1
UVM_INFO @  40081127 ps: (otp_ctrl_scoreboard.sv:570) uvm_test_top.env.scoreboard [uvm_test_top.env.scoreboard] sw state 1, reg state          1
UVM_INFO @  40091544 ps: (otp_ctrl_scoreboard.sv:570) uvm_test_top.env.scoreboard [uvm_test_top.env.scoreboard] sw state 1, reg state          1
UVM_INFO @  40101961 ps: (otp_ctrl_scoreboard.sv:570) uvm_test_top.env.scoreboard [uvm_test_top.env.scoreboard] sw state 1, reg state          1
UVM_INFO @  40112378 ps: (otp_ctrl_scoreboard.sv:570) uvm_test_top.env.scoreboard [uvm_test_top.env.scoreboard] sw state 1, reg state          1
UVM_INFO @  40122795 ps: (otp_ctrl_scoreboard.sv:570) uvm_test_top.env.scoreboard [uvm_test_top.env.scoreboard] sw state 1, reg state          1
UVM_INFO @  40133212 ps: (otp_ctrl_scoreboard.sv:570) uvm_test_top.env.scoreboard [uvm_test_top.env.scoreboard] sw state 1, reg state          1
UVM_INFO @  40143629 ps: (otp_ctrl_scoreboard.sv:570) uvm_test_top.env.scoreboard [uvm_test_top.env.scoreboard] sw state 1, reg state          1
UVM_INFO @  40154046 ps: (otp_ctrl_scoreboard.sv:570) uvm_test_top.env.scoreboard [uvm_test_top.env.scoreboard] sw state 1, reg state          1
UVM_INFO @  40164463 ps: (otp_ctrl_scoreboard.sv:570) uvm_test_top.env.scoreboard [uvm_test_top.env.scoreboard] sw state 1, reg state          1
UVM_INFO @  40174880 ps: (otp_ctrl_scoreboard.sv:570) uvm_test_top.env.scoreboard [uvm_test_top.env.scoreboard] sw state 1, reg state          1
UVM_INFO @  40185297 ps: (otp_ctrl_scoreboard.sv:570) uvm_test_top.env.scoreboard [uvm_test_top.env.scoreboard] sw state 1, reg state          1
UVM_INFO @  40195714 ps: (otp_ctrl_scoreboard.sv:570) uvm_test_top.env.scoreboard [uvm_test_top.env.scoreboard] sw state 1, reg state          1
UVM_INFO @  40206131 ps: (otp_ctrl_scoreboard.sv:570) uvm_test_top.env.scoreboard [uvm_test_top.env.scoreboard] sw state 1, reg state          1
UVM_INFO @  40216548 ps: (otp_ctrl_scoreboard.sv:570) uvm_test_top.env.scoreboard [uvm_test_top.env.scoreboard] sw state 1, reg state          1
UVM_INFO @  40226965 ps: (otp_ctrl_scoreboard.sv:570) uvm_test_top.env.scoreboard [uvm_test_top.env.scoreboard] sw state 1, reg state          1
UVM_INFO @  40237382 ps: (otp_ctrl_scoreboard.sv:570) uvm_test_top.env.scoreboard [uvm_test_top.env.scoreboard] sw state 1, reg state          1
UVM_INFO @  40247799 ps: (otp_ctrl_scoreboard.sv:570) uvm_test_top.env.scoreboard [uvm_test_top.env.scoreboard] sw state 1, reg state          1
UVM_INFO @  40258216 ps: (otp_ctrl_scoreboard.sv:570) uvm_test_top.env.scoreboard [uvm_test_top.env.scoreboard] sw state 1, reg state          1
UVM_INFO @  40268633 ps: (otp_ctrl_scoreboard.sv:570) uvm_test_top.env.scoreboard [uvm_test_top.env.scoreboard] sw state 1, reg state          1
UVM_INFO @  40279050 ps: (otp_ctrl_scoreboard.sv:570) uvm_test_top.env.scoreboard [uvm_test_top.env.scoreboard] sw state 1, reg state          1
UVM_INFO @  40289467 ps: (otp_ctrl_scoreboard.sv:570) uvm_test_top.env.scoreboard [uvm_test_top.env.scoreboard] sw state 1, reg state          1
UVM_INFO @  40299884 ps: (otp_ctrl_scoreboard.sv:570) uvm_test_top.env.scoreboard [uvm_test_top.env.scoreboard] sw state 1, reg state          1
UVM_INFO @  40310301 ps: (otp_ctrl_scoreboard.sv:570) uvm_test_top.env.scoreboard [uvm_test_top.env.scoreboard] sw state 1, reg state          1
UVM_INFO @  40320718 ps: (otp_ctrl_scoreboard.sv:570) uvm_test_top.env.scoreboard [uvm_test_top.env.scoreboard] sw state 1, reg state          1
UVM_INFO @  40331135 ps: (otp_ctrl_scoreboard.sv:570) uvm_test_top.env.scoreboard [uvm_test_top.env.scoreboard] sw state 1, reg state          1
UVM_INFO @  40341552 ps: (otp_ctrl_scoreboard.sv:570) uvm_test_top.env.scoreboard [uvm_test_top.env.scoreboard] sw state 1, reg state          1
UVM_INFO @  40351969 ps: (otp_ctrl_scoreboard.sv:570) uvm_test_top.env.scoreboard [uvm_test_top.env.scoreboard] sw state 1, reg state          1
UVM_INFO @  40362386 ps: (otp_ctrl_scoreboard.sv:570) uvm_test_top.env.scoreboard [uvm_test_top.env.scoreboard] sw state 1, reg state          1
UVM_INFO @  40372803 ps: (otp_ctrl_scoreboard.sv:570) uvm_test_top.env.scoreboard [uvm_test_top.env.scoreboard] sw state 1, reg state          1
UVM_INFO @  40383220 ps: (otp_ctrl_scoreboard.sv:570) uvm_test_top.env.scoreboard [uvm_test_top.env.scoreboard] sw state 1, reg state          1
UVM_INFO @  40393637 ps: (otp_ctrl_scoreboard.sv:570) uvm_test_top.env.scoreboard [uvm_test_top.env.scoreboard] sw state 1, reg state          1
UVM_INFO @  40404054 ps: (otp_ctrl_scoreboard.sv:570) uvm_test_top.env.scoreboard [uvm_test_top.env.scoreboard] sw state 1, reg state          1
UVM_INFO @  40414471 ps: (otp_ctrl_scoreboard.sv:570) uvm_test_top.env.scoreboard [uvm_test_top.env.scoreboard] sw state 1, reg state          1
UVM_INFO @  40424888 ps: (otp_ctrl_scoreboard.sv:570) uvm_test_top.env.scoreboard [uvm_test_top.env.scoreboard] sw state 1, reg state          1
UVM_INFO @  40435305 ps: (otp_ctrl_scoreboard.sv:570) uvm_test_top.env.scoreboard [uvm_test_top.env.scoreboard] sw state 1, reg state          1
UVM_INFO @  40445722 ps: (otp_ctrl_scoreboard.sv:570) uvm_test_top.env.scoreboard [uvm_test_top.env.scoreboard] sw state 1, reg state          1
UVM_INFO @  40456139 ps: (otp_ctrl_scoreboard.sv:570) uvm_test_top.env.scoreboard [uvm_test_top.env.scoreboard] sw state 1, reg state          1
UVM_INFO @  40466556 ps: (otp_ctrl_scoreboard.sv:570) uvm_test_top.env.scoreboard [uvm_test_top.env.scoreboard] sw state 1, reg state          1
UVM_INFO @  40476973 ps: (otp_ctrl_scoreboard.sv:570) uvm_test_top.env.scoreboard [uvm_test_top.env.scoreboard] sw state 1, reg state          1
UVM_INFO @  40487390 ps: (otp_ctrl_scoreboard.sv:570) uvm_test_top.env.scoreboard [uvm_test_top.env.scoreboard] sw state 1, reg state          1
UVM_INFO @  40497807 ps: (otp_ctrl_scoreboard.sv:570) uvm_test_top.env.scoreboard [uvm_test_top.env.scoreboard] sw state 1, reg state          1
UVM_INFO @  40508224 ps: (otp_ctrl_scoreboard.sv:570) uvm_test_top.env.scoreboard [uvm_test_top.env.scoreboard] sw state 1, reg state          1
UVM_INFO @  40518641 ps: (otp_ctrl_scoreboard.sv:570) uvm_test_top.env.scoreboard [uvm_test_top.env.scoreboard] sw state 1, reg state          1
UVM_INFO @  40529058 ps: (otp_ctrl_scoreboard.sv:570) uvm_test_top.env.scoreboard [uvm_test_top.env.scoreboard] sw state 1, reg state          1
UVM_INFO @  40539475 ps: (otp_ctrl_scoreboard.sv:570) uvm_test_top.env.scoreboard [uvm_test_top.env.scoreboard] sw state 1, reg state          1
UVM_INFO @  40549892 ps: (otp_ctrl_scoreboard.sv:570) uvm_test_top.env.scoreboard [uvm_test_top.env.scoreboard] sw state 1, reg state          1
UVM_INFO @  40560309 ps: (otp_ctrl_scoreboard.sv:570) uvm_test_top.env.scoreboard [uvm_test_top.env.scoreboard] sw state 1, reg state          1
UVM_INFO @  40570726 ps: (otp_ctrl_scoreboard.sv:570) uvm_test_top.env.scoreboard [uvm_test_top.env.scoreboard] sw state 1, reg state          1
UVM_INFO @  40581143 ps: (otp_ctrl_scoreboard.sv:570) uvm_test_top.env.scoreboard [uvm_test_top.env.scoreboard] sw state 1, reg state          1
UVM_INFO @  40591560 ps: (otp_ctrl_scoreboard.sv:570) uvm_test_top.env.scoreboard [uvm_test_top.env.scoreboard] sw state 1, reg state          1
UVM_INFO @  40601977 ps: (otp_ctrl_scoreboard.sv:570) uvm_test_top.env.scoreboard [uvm_test_top.env.scoreboard] sw state 1, reg state          1
UVM_INFO @  40612394 ps: (otp_ctrl_scoreboard.sv:570) uvm_test_top.env.scoreboard [uvm_test_top.env.scoreboard] sw state 1, reg state          1
UVM_INFO @  40622811 ps: (otp_ctrl_scoreboard.sv:570) uvm_test_top.env.scoreboard [uvm_test_top.env.scoreboard] sw state 1, reg state          1
UVM_INFO @  40633228 ps: (otp_ctrl_scoreboard.sv:570) uvm_test_top.env.scoreboard [uvm_test_top.env.scoreboard] sw state 1, reg state          1
UVM_INFO @  40643645 ps: (otp_ctrl_scoreboard.sv:570) uvm_test_top.env.scoreboard [uvm_test_top.env.scoreboard] sw state 1, reg state          1
UVM_INFO @  40654062 ps: (otp_ctrl_scoreboard.sv:570) uvm_test_top.env.scoreboard [uvm_test_top.env.scoreboard] sw state 1, reg state          1
UVM_INFO @  40664479 ps: (otp_ctrl_scoreboard.sv:570) uvm_test_top.env.scoreboard [uvm_test_top.env.scoreboard] sw state 1, reg state          1
UVM_INFO @  40674896 ps: (otp_ctrl_scoreboard.sv:570) uvm_test_top.env.scoreboard [uvm_test_top.env.scoreboard] sw state 1, reg state          1
UVM_INFO @  40685313 ps: (otp_ctrl_scoreboard.sv:570) uvm_test_top.env.scoreboard [uvm_test_top.env.scoreboard] sw state 1, reg state          1
UVM_INFO @  40695730 ps: (otp_ctrl_scoreboard.sv:570) uvm_test_top.env.scoreboard [uvm_test_top.env.scoreboard] sw state 1, reg state          1
UVM_INFO @  40706147 ps: (otp_ctrl_scoreboard.sv:570) uvm_test_top.env.scoreboard [uvm_test_top.env.scoreboard] sw state 1, reg state          1
UVM_INFO @  40716564 ps: (otp_ctrl_scoreboard.sv:570) uvm_test_top.env.scoreboard [uvm_test_top.env.scoreboard] sw state 1, reg state          1
UVM_INFO @  40726981 ps: (otp_ctrl_scoreboard.sv:570) uvm_test_top.env.scoreboard [uvm_test_top.env.scoreboard] sw state 1, reg state          1
UVM_INFO @  40737398 ps: (otp_ctrl_scoreboard.sv:570) uvm_test_top.env.scoreboard [uvm_test_top.env.scoreboard] sw state 1, reg state          1
UVM_INFO @  40747815 ps: (otp_ctrl_scoreboard.sv:570) uvm_test_top.env.scoreboard [uvm_test_top.env.scoreboard] sw state 1, reg state          1
UVM_INFO @  40758232 ps: (otp_ctrl_scoreboard.sv:570) uvm_test_top.env.scoreboard [uvm_test_top.env.scoreboard] sw state 1, reg state          1
UVM_INFO @  40768649 ps: (otp_ctrl_scoreboard.sv:570) uvm_test_top.env.scoreboard [uvm_test_top.env.scoreboard] sw state 1, reg state          1
UVM_INFO @  40779066 ps: (otp_ctrl_scoreboard.sv:570) uvm_test_top.env.scoreboard [uvm_test_top.env.scoreboard] sw state 1, reg state          1
UVM_INFO @  40789483 ps: (otp_ctrl_scoreboard.sv:570) uvm_test_top.env.scoreboard [uvm_test_top.env.scoreboard] sw state 1, reg state          1
UVM_INFO @  40799900 ps: (otp_ctrl_scoreboard.sv:570) uvm_test_top.env.scoreboard [uvm_test_top.env.scoreboard] sw state 1, reg state          1
UVM_INFO @  40810317 ps: (otp_ctrl_scoreboard.sv:570) uvm_test_top.env.scoreboard [uvm_test_top.env.scoreboard] sw state 1, reg state          1
UVM_INFO @  40820734 ps: (otp_ctrl_scoreboard.sv:570) uvm_test_top.env.scoreboard [uvm_test_top.env.scoreboard] sw state 1, reg state          1
UVM_INFO @  40831151 ps: (otp_ctrl_scoreboard.sv:570) uvm_test_top.env.scoreboard [uvm_test_top.env.scoreboard] sw state 1, reg state          1
UVM_INFO @  40841568 ps: (otp_ctrl_scoreboard.sv:570) uvm_test_top.env.scoreboard [uvm_test_top.env.scoreboard] sw state 1, reg state          1
UVM_INFO @  40851985 ps: (otp_ctrl_scoreboard.sv:570) uvm_test_top.env.scoreboard [uvm_test_top.env.scoreboard] sw state 1, reg state          1
UVM_INFO @  40862402 ps: (otp_ctrl_scoreboard.sv:570) uvm_test_top.env.scoreboard [uvm_test_top.env.scoreboard] sw state 1, reg state          1
UVM_INFO @  40872819 ps: (otp_ctrl_scoreboard.sv:570) uvm_test_top.env.scoreboard [uvm_test_top.env.scoreboard] sw state 1, reg state          1
UVM_INFO @  40883236 ps: (otp_ctrl_scoreboard.sv:570) uvm_test_top.env.scoreboard [uvm_test_top.env.scoreboard] sw state 1, reg state          1
UVM_INFO @  40893653 ps: (otp_ctrl_scoreboard.sv:570) uvm_test_top.env.scoreboard [uvm_test_top.env.scoreboard] sw state 1, reg state          1
UVM_INFO @  40904070 ps: (otp_ctrl_scoreboard.sv:570) uvm_test_top.env.scoreboard [uvm_test_top.env.scoreboard] sw state 1, reg state          1
UVM_INFO @  40914487 ps: (otp_ctrl_scoreboard.sv:570) uvm_test_top.env.scoreboard [uvm_test_top.env.scoreboard] sw state 1, reg state          1
UVM_INFO @  40924904 ps: (otp_ctrl_scoreboard.sv:570) uvm_test_top.env.scoreboard [uvm_test_top.env.scoreboard] sw state 1, reg state          1
UVM_INFO @  40935321 ps: (otp_ctrl_scoreboard.sv:570) uvm_test_top.env.scoreboard [uvm_test_top.env.scoreboard] sw state 1, reg state          1
UVM_INFO @  40945738 ps: (otp_ctrl_scoreboard.sv:570) uvm_test_top.env.scoreboard [uvm_test_top.env.scoreboard] sw state 1, reg state          1
UVM_INFO @  40956155 ps: (otp_ctrl_scoreboard.sv:570) uvm_test_top.env.scoreboard [uvm_test_top.env.scoreboard] sw state 1, reg state          1
UVM_INFO @  40966572 ps: (otp_ctrl_scoreboard.sv:570) uvm_test_top.env.scoreboard [uvm_test_top.env.scoreboard] sw state 1, reg state          1
UVM_INFO @  40976989 ps: (otp_ctrl_scoreboard.sv:570) uvm_test_top.env.scoreboard [uvm_test_top.env.scoreboard] sw state 1, reg state          1
UVM_INFO @  40987406 ps: (otp_ctrl_scoreboard.sv:570) uvm_test_top.env.scoreboard [uvm_test_top.env.scoreboard] sw state 1, reg state          1
UVM_INFO @  40997823 ps: (otp_ctrl_scoreboard.sv:570) uvm_test_top.env.scoreboard [uvm_test_top.env.scoreboard] sw state 1, reg state          1
UVM_INFO @  41008240 ps: (otp_ctrl_scoreboard.sv:570) uvm_test_top.env.scoreboard [uvm_test_top.env.scoreboard] sw state 1, reg state          1
UVM_INFO @  41018657 ps: (otp_ctrl_scoreboard.sv:570) uvm_test_top.env.scoreboard [uvm_test_top.env.scoreboard] sw state 1, reg state          1
UVM_INFO @  41029074 ps: (otp_ctrl_scoreboard.sv:570) uvm_test_top.env.scoreboard [uvm_test_top.env.scoreboard] sw state 1, reg state          1
UVM_INFO @  41039491 ps: (otp_ctrl_scoreboard.sv:570) uvm_test_top.env.scoreboard [uvm_test_top.env.scoreboard] sw state 1, reg state          1
UVM_INFO @  41049908 ps: (otp_ctrl_scoreboard.sv:570) uvm_test_top.env.scoreboard [uvm_test_top.env.scoreboard] sw state 1, reg state          1
UVM_INFO @  41060325 ps: (otp_ctrl_scoreboard.sv:570) uvm_test_top.env.scoreboard [uvm_test_top.env.scoreboard] sw state 1, reg state          1
UVM_INFO @  41070742 ps: (otp_ctrl_scoreboard.sv:570) uvm_test_top.env.scoreboard [uvm_test_top.env.scoreboard] sw state 1, reg state          1
UVM_INFO @  41081159 ps: (otp_ctrl_scoreboard.sv:570) uvm_test_top.env.scoreboard [uvm_test_top.env.scoreboard] sw state 1, reg state          1
UVM_INFO @  41091576 ps: (otp_ctrl_scoreboard.sv:570) uvm_test_top.env.scoreboard [uvm_test_top.env.scoreboard] sw state 1, reg state          1
UVM_INFO @  41101993 ps: (otp_ctrl_scoreboard.sv:570) uvm_test_top.env.scoreboard [uvm_test_top.env.scoreboard] sw state 1, reg state          1
UVM_INFO @  41112410 ps: (otp_ctrl_scoreboard.sv:570) uvm_test_top.env.scoreboard [uvm_test_top.env.scoreboard] sw state 1, reg state          1
UVM_INFO @  41122827 ps: (otp_ctrl_scoreboard.sv:570) uvm_test_top.env.scoreboard [uvm_test_top.env.scoreboard] sw state 1, reg state          1
UVM_INFO @  41133244 ps: (otp_ctrl_scoreboard.sv:570) uvm_test_top.env.scoreboard [uvm_test_top.env.scoreboard] sw state 1, reg state          1
UVM_INFO @  41143661 ps: (otp_ctrl_scoreboard.sv:570) uvm_test_top.env.scoreboard [uvm_test_top.env.scoreboard] sw state 1, reg state          1
UVM_INFO @  41154078 ps: (otp_ctrl_scoreboard.sv:570) uvm_test_top.env.scoreboard [uvm_test_top.env.scoreboard] sw state 1, reg state          1
UVM_INFO @  41164495 ps: (otp_ctrl_scoreboard.sv:570) uvm_test_top.env.scoreboard [uvm_test_top.env.scoreboard] sw state 1, reg state          1
UVM_INFO @  41174912 ps: (otp_ctrl_scoreboard.sv:570) uvm_test_top.env.scoreboard [uvm_test_top.env.scoreboard] sw state 1, reg state          1
UVM_INFO @  41185329 ps: (otp_ctrl_scoreboard.sv:570) uvm_test_top.env.scoreboard [uvm_test_top.env.scoreboard] sw state 1, reg state          1
UVM_INFO @  41195746 ps: (otp_ctrl_scoreboard.sv:570) uvm_test_top.env.scoreboard [uvm_test_top.env.scoreboard] sw state 1, reg state          1
UVM_INFO @  41206163 ps: (otp_ctrl_scoreboard.sv:570) uvm_test_top.env.scoreboard [uvm_test_top.env.scoreboard] sw state 1, reg state          1
UVM_INFO @  41216580 ps: (otp_ctrl_scoreboard.sv:570) uvm_test_top.env.scoreboard [uvm_test_top.env.scoreboard] sw state 1, reg state          1
UVM_INFO @  41226997 ps: (otp_ctrl_scoreboard.sv:570) uvm_test_top.env.scoreboard [uvm_test_top.env.scoreboard] sw state 1, reg state          1
UVM_INFO @  41237414 ps: (otp_ctrl_scoreboard.sv:570) uvm_test_top.env.scoreboard [uvm_test_top.env.scoreboard] sw state 1, reg state          1
UVM_INFO @  41247831 ps: (otp_ctrl_scoreboard.sv:570) uvm_test_top.env.scoreboard [uvm_test_top.env.scoreboard] sw state 1, reg state          1
UVM_INFO @  41258248 ps: (otp_ctrl_scoreboard.sv:570) uvm_test_top.env.scoreboard [uvm_test_top.env.scoreboard] sw state 1, reg state          1
UVM_INFO @  41268665 ps: (otp_ctrl_scoreboard.sv:570) uvm_test_top.env.scoreboard [uvm_test_top.env.scoreboard] sw state 1, reg state          1
UVM_INFO @  41279082 ps: (otp_ctrl_scoreboard.sv:570) uvm_test_top.env.scoreboard [uvm_test_top.env.scoreboard] sw state 1, reg state          1
UVM_INFO @  41289499 ps: (otp_ctrl_scoreboard.sv:570) uvm_test_top.env.scoreboard [uvm_test_top.env.scoreboard] sw state 1, reg state          1
UVM_INFO @  41299916 ps: (otp_ctrl_scoreboard.sv:570) uvm_test_top.env.scoreboard [uvm_test_top.env.scoreboard] sw state 1, reg state          1
UVM_INFO @  41310333 ps: (otp_ctrl_scoreboard.sv:570) uvm_test_top.env.scoreboard [uvm_test_top.env.scoreboard] sw state 1, reg state          1
UVM_INFO @  41320750 ps: (otp_ctrl_scoreboard.sv:570) uvm_test_top.env.scoreboard [uvm_test_top.env.scoreboard] sw state 1, reg state          1
UVM_INFO @  41331167 ps: (otp_ctrl_scoreboard.sv:570) uvm_test_top.env.scoreboard [uvm_test_top.env.scoreboard] sw state 1, reg state          1
UVM_INFO @  41341584 ps: (otp_ctrl_scoreboard.sv:570) uvm_test_top.env.scoreboard [uvm_test_top.env.scoreboard] sw state 1, reg state          1
UVM_INFO @  41352001 ps: (otp_ctrl_scoreboard.sv:570) uvm_test_top.env.scoreboard [uvm_test_top.env.scoreboard] sw state 1, reg state          1
UVM_INFO @  41362418 ps: (otp_ctrl_scoreboard.sv:570) uvm_test_top.env.scoreboard [uvm_test_top.env.scoreboard] sw state 1, reg state          1
UVM_INFO @  41372835 ps: (otp_ctrl_scoreboard.sv:570) uvm_test_top.env.scoreboard [uvm_test_top.env.scoreboard] sw state 1, reg state          1
UVM_INFO @  41383252 ps: (otp_ctrl_scoreboard.sv:570) uvm_test_top.env.scoreboard [uvm_test_top.env.scoreboard] sw state 1, reg state          1
UVM_INFO @  41393669 ps: (otp_ctrl_scoreboard.sv:570) uvm_test_top.env.scoreboard [uvm_test_top.env.scoreboard] sw state 1, reg state          1
UVM_INFO @  41404086 ps: (otp_ctrl_scoreboard.sv:570) uvm_test_top.env.scoreboard [uvm_test_top.env.scoreboard] sw state 1, reg state          1
UVM_INFO @  41414503 ps: (otp_ctrl_scoreboard.sv:570) uvm_test_top.env.scoreboard [uvm_test_top.env.scoreboard] sw state 1, reg state          1
UVM_INFO @  41424920 ps: (otp_ctrl_scoreboard.sv:570) uvm_test_top.env.scoreboard [uvm_test_top.env.scoreboard] sw state 1, reg state          1
UVM_INFO @  41435337 ps: (otp_ctrl_scoreboard.sv:570) uvm_test_top.env.scoreboard [uvm_test_top.env.scoreboard] sw state 1, reg state          1
UVM_INFO @  41445754 ps: (otp_ctrl_scoreboard.sv:570) uvm_test_top.env.scoreboard [uvm_test_top.env.scoreboard] sw state 1, reg state          1
UVM_INFO @  41456171 ps: (otp_ctrl_scoreboard.sv:570) uvm_test_top.env.scoreboard [uvm_test_top.env.scoreboard] sw state 1, reg state          1
UVM_INFO @  41466588 ps: (otp_ctrl_scoreboard.sv:570) uvm_test_top.env.scoreboard [uvm_test_top.env.scoreboard] sw state 1, reg state          1
UVM_INFO @  41477005 ps: (otp_ctrl_scoreboard.sv:570) uvm_test_top.env.scoreboard [uvm_test_top.env.scoreboard] sw state 1, reg state          1
UVM_INFO @  41487422 ps: (otp_ctrl_scoreboard.sv:570) uvm_test_top.env.scoreboard [uvm_test_top.env.scoreboard] sw state 1, reg state          1
UVM_INFO @  41497839 ps: (otp_ctrl_scoreboard.sv:570) uvm_test_top.env.scoreboard [uvm_test_top.env.scoreboard] sw state 1, reg state          1
UVM_INFO @  41508256 ps: (otp_ctrl_scoreboard.sv:570) uvm_test_top.env.scoreboard [uvm_test_top.env.scoreboard] sw state 1, reg state          1
UVM_INFO @  41518673 ps: (otp_ctrl_scoreboard.sv:570) uvm_test_top.env.scoreboard [uvm_test_top.env.scoreboard] sw state 1, reg state          1
UVM_INFO @  41529090 ps: (otp_ctrl_scoreboard.sv:570) uvm_test_top.env.scoreboard [uvm_test_top.env.scoreboard] sw state 1, reg state          1
UVM_INFO @  41539507 ps: (otp_ctrl_scoreboard.sv:570) uvm_test_top.env.scoreboard [uvm_test_top.env.scoreboard] sw state 1, reg state          1
UVM_INFO @  41549924 ps: (otp_ctrl_scoreboard.sv:570) uvm_test_top.env.scoreboard [uvm_test_top.env.scoreboard] sw state 1, reg state          1
UVM_INFO @  41560341 ps: (otp_ctrl_scoreboard.sv:570) uvm_test_top.env.scoreboard [uvm_test_top.env.scoreboard] sw state 1, reg state          1
UVM_INFO @  41570758 ps: (otp_ctrl_scoreboard.sv:570) uvm_test_top.env.scoreboard [uvm_test_top.env.scoreboard] sw state 1, reg state          1
UVM_INFO @  41581175 ps: (otp_ctrl_scoreboard.sv:570) uvm_test_top.env.scoreboard [uvm_test_top.env.scoreboard] sw state 1, reg state          1
UVM_INFO @  41591592 ps: (otp_ctrl_scoreboard.sv:570) uvm_test_top.env.scoreboard [uvm_test_top.env.scoreboard] sw state 1, reg state          1
UVM_INFO @  41602009 ps: (otp_ctrl_scoreboard.sv:570) uvm_test_top.env.scoreboard [uvm_test_top.env.scoreboard] sw state 1, reg state          1
UVM_INFO @  41612426 ps: (otp_ctrl_scoreboard.sv:570) uvm_test_top.env.scoreboard [uvm_test_top.env.scoreboard] sw state 1, reg state          1
UVM_INFO @  41622843 ps: (otp_ctrl_scoreboard.sv:570) uvm_test_top.env.scoreboard [uvm_test_top.env.scoreboard] sw state 1, reg state          1
UVM_INFO @  41633260 ps: (otp_ctrl_scoreboard.sv:570) uvm_test_top.env.scoreboard [uvm_test_top.env.scoreboard] sw state 1, reg state          1
UVM_INFO @  41643677 ps: (otp_ctrl_scoreboard.sv:570) uvm_test_top.env.scoreboard [uvm_test_top.env.scoreboard] sw state 1, reg state          1
UVM_INFO @  41654094 ps: (otp_ctrl_scoreboard.sv:570) uvm_test_top.env.scoreboard [uvm_test_top.env.scoreboard] sw state 1, reg state          1
UVM_INFO @  41664511 ps: (otp_ctrl_scoreboard.sv:570) uvm_test_top.env.scoreboard [uvm_test_top.env.scoreboard] sw state 1, reg state          1
UVM_INFO @  41674928 ps: (otp_ctrl_scoreboard.sv:570) uvm_test_top.env.scoreboard [uvm_test_top.env.scoreboard] sw state 1, reg state          1
UVM_INFO @  41685345 ps: (otp_ctrl_scoreboard.sv:570) uvm_test_top.env.scoreboard [uvm_test_top.env.scoreboard] sw state 1, reg state          1
UVM_INFO @  41695762 ps: (otp_ctrl_scoreboard.sv:570) uvm_test_top.env.scoreboard [uvm_test_top.env.scoreboard] sw state 1, reg state          1
UVM_INFO @  41706179 ps: (otp_ctrl_scoreboard.sv:570) uvm_test_top.env.scoreboard [uvm_test_top.env.scoreboard] sw state 1, reg state          1
UVM_INFO @  41716596 ps: (otp_ctrl_scoreboard.sv:570) uvm_test_top.env.scoreboard [uvm_test_top.env.scoreboard] sw state 1, reg state          1
UVM_INFO @  41727013 ps: (otp_ctrl_scoreboard.sv:570) uvm_test_top.env.scoreboard [uvm_test_top.env.scoreboard] sw state 1, reg state          1
UVM_INFO @  41737430 ps: (otp_ctrl_scoreboard.sv:570) uvm_test_top.env.scoreboard [uvm_test_top.env.scoreboard] sw state 1, reg state          1
UVM_INFO @  41747847 ps: (otp_ctrl_scoreboard.sv:570) uvm_test_top.env.scoreboard [uvm_test_top.env.scoreboard] sw state 1, reg state          1
UVM_INFO @  41758264 ps: (otp_ctrl_scoreboard.sv:570) uvm_test_top.env.scoreboard [uvm_test_top.env.scoreboard] sw state 1, reg state          1
UVM_INFO @  41768681 ps: (otp_ctrl_scoreboard.sv:570) uvm_test_top.env.scoreboard [uvm_test_top.env.scoreboard] sw state 1, reg state          1
UVM_INFO @  41779098 ps: (otp_ctrl_scoreboard.sv:570) uvm_test_top.env.scoreboard [uvm_test_top.env.scoreboard] sw state 1, reg state          1
UVM_INFO @  41789515 ps: (otp_ctrl_scoreboard.sv:570) uvm_test_top.env.scoreboard [uvm_test_top.env.scoreboard] sw state 1, reg state          1
UVM_INFO @  41799932 ps: (otp_ctrl_scoreboard.sv:570) uvm_test_top.env.scoreboard [uvm_test_top.env.scoreboard] sw state 1, reg state          1
UVM_INFO @  41810349 ps: (otp_ctrl_scoreboard.sv:570) uvm_test_top.env.scoreboard [uvm_test_top.env.scoreboard] sw state 1, reg state          1
UVM_INFO @  41820766 ps: (otp_ctrl_scoreboard.sv:570) uvm_test_top.env.scoreboard [uvm_test_top.env.scoreboard] sw state 1, reg state          1
UVM_INFO @  41831183 ps: (otp_ctrl_scoreboard.sv:570) uvm_test_top.env.scoreboard [uvm_test_top.env.scoreboard] sw state 1, reg state          1
UVM_INFO @  41841600 ps: (otp_ctrl_scoreboard.sv:570) uvm_test_top.env.scoreboard [uvm_test_top.env.scoreboard] sw state 1, reg state          1
UVM_INFO @  41852017 ps: (otp_ctrl_scoreboard.sv:570) uvm_test_top.env.scoreboard [uvm_test_top.env.scoreboard] sw state 1, reg state          1
UVM_INFO @  41862434 ps: (otp_ctrl_scoreboard.sv:570) uvm_test_top.env.scoreboard [uvm_test_top.env.scoreboard] sw state 1, reg state          1
UVM_INFO @  41872851 ps: (otp_ctrl_scoreboard.sv:570) uvm_test_top.env.scoreboard [uvm_test_top.env.scoreboard] sw state 1, reg state          1
UVM_INFO @  41883268 ps: (otp_ctrl_scoreboard.sv:570) uvm_test_top.env.scoreboard [uvm_test_top.env.scoreboard] sw state 1, reg state          1
UVM_INFO @  41893685 ps: (otp_ctrl_scoreboard.sv:570) uvm_test_top.env.scoreboard [uvm_test_top.env.scoreboard] sw state 1, reg state          1
UVM_INFO @  41904102 ps: (otp_ctrl_scoreboard.sv:570) uvm_test_top.env.scoreboard [uvm_test_top.env.scoreboard] sw state 1, reg state          1
UVM_INFO @  41914519 ps: (otp_ctrl_scoreboard.sv:570) uvm_test_top.env.scoreboard [uvm_test_top.env.scoreboard] sw state 1, reg state          1
UVM_INFO @  41924936 ps: (otp_ctrl_scoreboard.sv:570) uvm_test_top.env.scoreboard [uvm_test_top.env.scoreboard] sw state 1, reg state          1
UVM_INFO @  41935353 ps: (otp_ctrl_scoreboard.sv:570) uvm_test_top.env.scoreboard [uvm_test_top.env.scoreboard] sw state 1, reg state          1
UVM_INFO @  41945770 ps: (otp_ctrl_scoreboard.sv:570) uvm_test_top.env.scoreboard [uvm_test_top.env.scoreboard] sw state 1, reg state          1
UVM_INFO @  41956187 ps: (otp_ctrl_scoreboard.sv:570) uvm_test_top.env.scoreboard [uvm_test_top.env.scoreboard] sw state 1, reg state          1
UVM_INFO @  41966604 ps: (otp_ctrl_scoreboard.sv:570) uvm_test_top.env.scoreboard [uvm_test_top.env.scoreboard] sw state 1, reg state          1
UVM_INFO @  41977021 ps: (otp_ctrl_scoreboard.sv:570) uvm_test_top.env.scoreboard [uvm_test_top.env.scoreboard] sw state 1, reg state          1
UVM_INFO @  41987438 ps: (otp_ctrl_scoreboard.sv:570) uvm_test_top.env.scoreboard [uvm_test_top.env.scoreboard] sw state 1, reg state          1
UVM_INFO @  41997855 ps: (otp_ctrl_scoreboard.sv:570) uvm_test_top.env.scoreboard [uvm_test_top.env.scoreboard] sw state 1, reg state          1
UVM_INFO @  42008272 ps: (otp_ctrl_scoreboard.sv:570) uvm_test_top.env.scoreboard [uvm_test_top.env.scoreboard] sw state 1, reg state          1
UVM_INFO @  42018689 ps: (otp_ctrl_scoreboard.sv:570) uvm_test_top.env.scoreboard [uvm_test_top.env.scoreboard] sw state 1, reg state          1
UVM_INFO @  42029106 ps: (otp_ctrl_scoreboard.sv:570) uvm_test_top.env.scoreboard [uvm_test_top.env.scoreboard] sw state 1, reg state          1
UVM_INFO @  42039523 ps: (otp_ctrl_scoreboard.sv:570) uvm_test_top.env.scoreboard [uvm_test_top.env.scoreboard] sw state 1, reg state          1
UVM_INFO @  42049940 ps: (otp_ctrl_scoreboard.sv:570) uvm_test_top.env.scoreboard [uvm_test_top.env.scoreboard] sw state 1, reg state          1
UVM_INFO @  42060357 ps: (otp_ctrl_scoreboard.sv:570) uvm_test_top.env.scoreboard [uvm_test_top.env.scoreboard] sw state 1, reg state          1
UVM_INFO @  42070774 ps: (otp_ctrl_scoreboard.sv:570) uvm_test_top.env.scoreboard [uvm_test_top.env.scoreboard] sw state 1, reg state          1
UVM_INFO @  42081191 ps: (otp_ctrl_scoreboard.sv:570) uvm_test_top.env.scoreboard [uvm_test_top.env.scoreboard] sw state 1, reg state          1
UVM_INFO @  42091608 ps: (otp_ctrl_scoreboard.sv:570) uvm_test_top.env.scoreboard [uvm_test_top.env.scoreboard] sw state 1, reg state          1
UVM_INFO @  42102025 ps: (otp_ctrl_scoreboard.sv:570) uvm_test_top.env.scoreboard [uvm_test_top.env.scoreboard] sw state 1, reg state          1
UVM_INFO @  42112442 ps: (otp_ctrl_scoreboard.sv:570) uvm_test_top.env.scoreboard [uvm_test_top.env.scoreboard] sw state 1, reg state          1
UVM_INFO @  42122859 ps: (otp_ctrl_scoreboard.sv:570) uvm_test_top.env.scoreboard [uvm_test_top.env.scoreboard] sw state 1, reg state          1
UVM_INFO @  42133276 ps: (otp_ctrl_scoreboard.sv:570) uvm_test_top.env.scoreboard [uvm_test_top.env.scoreboard] sw state 1, reg state          1
UVM_INFO @  42143693 ps: (otp_ctrl_scoreboard.sv:570) uvm_test_top.env.scoreboard [uvm_test_top.env.scoreboard] sw state 1, reg state          1
UVM_INFO @  42154110 ps: (otp_ctrl_scoreboard.sv:570) uvm_test_top.env.scoreboard [uvm_test_top.env.scoreboard] sw state 1, reg state          1
UVM_INFO @  42164527 ps: (otp_ctrl_scoreboard.sv:570) uvm_test_top.env.scoreboard [uvm_test_top.env.scoreboard] sw state 1, reg state          1
UVM_INFO @  42174944 ps: (otp_ctrl_scoreboard.sv:570) uvm_test_top.env.scoreboard [uvm_test_top.env.scoreboard] sw state 1, reg state          1
UVM_INFO @  42185361 ps: (otp_ctrl_scoreboard.sv:570) uvm_test_top.env.scoreboard [uvm_test_top.env.scoreboard] sw state 1, reg state          1
UVM_INFO @  42195778 ps: (otp_ctrl_scoreboard.sv:570) uvm_test_top.env.scoreboard [uvm_test_top.env.scoreboard] sw state 1, reg state          1
UVM_INFO @  42206195 ps: (otp_ctrl_scoreboard.sv:570) uvm_test_top.env.scoreboard [uvm_test_top.env.scoreboard] sw state 1, reg state          1
UVM_INFO @  42216612 ps: (otp_ctrl_scoreboard.sv:570) uvm_test_top.env.scoreboard [uvm_test_top.env.scoreboard] sw state 1, reg state          1
UVM_INFO @  42227029 ps: (otp_ctrl_scoreboard.sv:570) uvm_test_top.env.scoreboard [uvm_test_top.env.scoreboard] sw state 1, reg state          1
UVM_INFO @  42237446 ps: (otp_ctrl_scoreboard.sv:570) uvm_test_top.env.scoreboard [uvm_test_top.env.scoreboard] sw state 1, reg state          1
UVM_INFO @  42247863 ps: (otp_ctrl_scoreboard.sv:570) uvm_test_top.env.scoreboard [uvm_test_top.env.scoreboard] sw state 1, reg state          1
UVM_INFO @  42258280 ps: (otp_ctrl_scoreboard.sv:570) uvm_test_top.env.scoreboard [uvm_test_top.env.scoreboard] sw state 1, reg state          1
UVM_INFO @  42268697 ps: (otp_ctrl_scoreboard.sv:570) uvm_test_top.env.scoreboard [uvm_test_top.env.scoreboard] sw state 1, reg state          1
UVM_INFO @  42279114 ps: (otp_ctrl_scoreboard.sv:570) uvm_test_top.env.scoreboard [uvm_test_top.env.scoreboard] sw state 1, reg state          1
UVM_INFO @  42289531 ps: (otp_ctrl_scoreboard.sv:570) uvm_test_top.env.scoreboard [uvm_test_top.env.scoreboard] sw state 1, reg state          1
UVM_INFO @  42299948 ps: (otp_ctrl_scoreboard.sv:570) uvm_test_top.env.scoreboard [uvm_test_top.env.scoreboard] sw state 1, reg state          1
UVM_INFO @  42310365 ps: (otp_ctrl_scoreboard.sv:570) uvm_test_top.env.scoreboard [uvm_test_top.env.scoreboard] sw state 1, reg state          1
UVM_INFO @  42320782 ps: (otp_ctrl_scoreboard.sv:570) uvm_test_top.env.scoreboard [uvm_test_top.env.scoreboard] sw state 1, reg state          1
UVM_INFO @  42331199 ps: (otp_ctrl_scoreboard.sv:570) uvm_test_top.env.scoreboard [uvm_test_top.env.scoreboard] sw state 1, reg state          1
UVM_INFO @  42341616 ps: (otp_ctrl_scoreboard.sv:570) uvm_test_top.env.scoreboard [uvm_test_top.env.scoreboard] sw state 1, reg state          1
UVM_INFO @  42352033 ps: (otp_ctrl_scoreboard.sv:570) uvm_test_top.env.scoreboard [uvm_test_top.env.scoreboard] sw state 1, reg state          1
UVM_INFO @  42362450 ps: (otp_ctrl_scoreboard.sv:570) uvm_test_top.env.scoreboard [uvm_test_top.env.scoreboard] sw state 1, reg state          1
UVM_INFO @  42372867 ps: (otp_ctrl_scoreboard.sv:570) uvm_test_top.env.scoreboard [uvm_test_top.env.scoreboard] sw state 1, reg state          1
UVM_INFO @  42383284 ps: (otp_ctrl_scoreboard.sv:570) uvm_test_top.env.scoreboard [uvm_test_top.env.scoreboard] sw state 1, reg state          1
UVM_INFO @  42393701 ps: (otp_ctrl_scoreboard.sv:570) uvm_test_top.env.scoreboard [uvm_test_top.env.scoreboard] sw state 1, reg state          1
UVM_INFO @  42404118 ps: (otp_ctrl_scoreboard.sv:570) uvm_test_top.env.scoreboard [uvm_test_top.env.scoreboard] sw state 1, reg state          1
UVM_INFO @  42414535 ps: (otp_ctrl_scoreboard.sv:570) uvm_test_top.env.scoreboard [uvm_test_top.env.scoreboard] sw state 1, reg state          1
UVM_INFO @  42424952 ps: (otp_ctrl_scoreboard.sv:570) uvm_test_top.env.scoreboard [uvm_test_top.env.scoreboard] sw state 1, reg state          1
UVM_INFO @  42435369 ps: (otp_ctrl_scoreboard.sv:570) uvm_test_top.env.scoreboard [uvm_test_top.env.scoreboard] sw state 1, reg state          1
UVM_INFO @  42445786 ps: (otp_ctrl_scoreboard.sv:570) uvm_test_top.env.scoreboard [uvm_test_top.env.scoreboard] sw state 1, reg state          1
UVM_INFO @  42456203 ps: (otp_ctrl_scoreboard.sv:570) uvm_test_top.env.scoreboard [uvm_test_top.env.scoreboard] sw state 1, reg state          1
UVM_INFO @  42466620 ps: (otp_ctrl_scoreboard.sv:570) uvm_test_top.env.scoreboard [uvm_test_top.env.scoreboard] sw state 1, reg state          1
UVM_INFO @  42477037 ps: (otp_ctrl_scoreboard.sv:570) uvm_test_top.env.scoreboard [uvm_test_top.env.scoreboard] sw state 1, reg state          1
UVM_INFO @  42487454 ps: (otp_ctrl_scoreboard.sv:570) uvm_test_top.env.scoreboard [uvm_test_top.env.scoreboard] sw state 1, reg state          1
UVM_INFO @  42497871 ps: (otp_ctrl_scoreboard.sv:570) uvm_test_top.env.scoreboard [uvm_test_top.env.scoreboard] sw state 1, reg state          1
UVM_INFO @  42508288 ps: (otp_ctrl_scoreboard.sv:570) uvm_test_top.env.scoreboard [uvm_test_top.env.scoreboard] sw state 1, reg state          1
UVM_INFO @  42518705 ps: (otp_ctrl_scoreboard.sv:570) uvm_test_top.env.scoreboard [uvm_test_top.env.scoreboard] sw state 1, reg state          1
UVM_INFO @  42529122 ps: (otp_ctrl_scoreboard.sv:570) uvm_test_top.env.scoreboard [uvm_test_top.env.scoreboard] sw state 1, reg state          1
UVM_INFO @  42539539 ps: (otp_ctrl_scoreboard.sv:570) uvm_test_top.env.scoreboard [uvm_test_top.env.scoreboard] sw state 1, reg state          1
UVM_INFO @  42549956 ps: (otp_ctrl_scoreboard.sv:570) uvm_test_top.env.scoreboard [uvm_test_top.env.scoreboard] sw state 1, reg state          1
UVM_INFO @  42560373 ps: (otp_ctrl_scoreboard.sv:570) uvm_test_top.env.scoreboard [uvm_test_top.env.scoreboard] sw state 1, reg state          1
UVM_INFO @  42570790 ps: (otp_ctrl_scoreboard.sv:570) uvm_test_top.env.scoreboard [uvm_test_top.env.scoreboard] sw state 1, reg state          1
UVM_INFO @  42581207 ps: (otp_ctrl_scoreboard.sv:570) uvm_test_top.env.scoreboard [uvm_test_top.env.scoreboard] sw state 1, reg state          1
UVM_INFO @  42591624 ps: (otp_ctrl_scoreboard.sv:570) uvm_test_top.env.scoreboard [uvm_test_top.env.scoreboard] sw state 1, reg state          1
UVM_INFO @  42602041 ps: (otp_ctrl_scoreboard.sv:570) uvm_test_top.env.scoreboard [uvm_test_top.env.scoreboard] sw state 1, reg state          1
UVM_INFO @  42612458 ps: (otp_ctrl_scoreboard.sv:570) uvm_test_top.env.scoreboard [uvm_test_top.env.scoreboard] sw state 1, reg state          1
UVM_INFO @  42622875 ps: (otp_ctrl_scoreboard.sv:570) uvm_test_top.env.scoreboard [uvm_test_top.env.scoreboard] sw state 1, reg state          1
UVM_INFO @  42633292 ps: (otp_ctrl_scoreboard.sv:570) uvm_test_top.env.scoreboard [uvm_test_top.env.scoreboard] sw state 1, reg state          1
UVM_INFO @  42643709 ps: (otp_ctrl_scoreboard.sv:570) uvm_test_top.env.scoreboard [uvm_test_top.env.scoreboard] sw state 1, reg state          1
UVM_INFO @  42654126 ps: (otp_ctrl_scoreboard.sv:570) uvm_test_top.env.scoreboard [uvm_test_top.env.scoreboard] sw state 1, reg state          1
UVM_INFO @  42664543 ps: (otp_ctrl_scoreboard.sv:570) uvm_test_top.env.scoreboard [uvm_test_top.env.scoreboard] sw state 1, reg state          1
UVM_INFO @  42674960 ps: (otp_ctrl_scoreboard.sv:570) uvm_test_top.env.scoreboard [uvm_test_top.env.scoreboard] sw state 1, reg state          1
UVM_INFO @  42685377 ps: (otp_ctrl_scoreboard.sv:570) uvm_test_top.env.scoreboard [uvm_test_top.env.scoreboard] sw state 1, reg state          1
UVM_INFO @  42695794 ps: (otp_ctrl_scoreboard.sv:570) uvm_test_top.env.scoreboard [uvm_test_top.env.scoreboard] sw state 1, reg state          1
UVM_INFO @  42706211 ps: (otp_ctrl_scoreboard.sv:570) uvm_test_top.env.scoreboard [uvm_test_top.env.scoreboard] sw state 1, reg state          1
UVM_INFO @  42716628 ps: (otp_ctrl_scoreboard.sv:570) uvm_test_top.env.scoreboard [uvm_test_top.env.scoreboard] sw state 1, reg state          1
UVM_INFO @  42727045 ps: (otp_ctrl_scoreboard.sv:570) uvm_test_top.env.scoreboard [uvm_test_top.env.scoreboard] sw state 1, reg state          1
UVM_INFO @  42737462 ps: (otp_ctrl_scoreboard.sv:570) uvm_test_top.env.scoreboard [uvm_test_top.env.scoreboard] sw state 1, reg state          1
UVM_INFO @  42747879 ps: (otp_ctrl_scoreboard.sv:570) uvm_test_top.env.scoreboard [uvm_test_top.env.scoreboard] sw state 1, reg state          1
UVM_INFO @  42758296 ps: (otp_ctrl_scoreboard.sv:570) uvm_test_top.env.scoreboard [uvm_test_top.env.scoreboard] sw state 1, reg state          1
UVM_INFO @  42768713 ps: (otp_ctrl_scoreboard.sv:570) uvm_test_top.env.scoreboard [uvm_test_top.env.scoreboard] sw state 1, reg state          1
UVM_INFO @  42779130 ps: (otp_ctrl_scoreboard.sv:570) uvm_test_top.env.scoreboard [uvm_test_top.env.scoreboard] sw state 1, reg state          1
UVM_INFO @  42789547 ps: (otp_ctrl_scoreboard.sv:570) uvm_test_top.env.scoreboard [uvm_test_top.env.scoreboard] sw state 1, reg state          1
UVM_INFO @  42799964 ps: (otp_ctrl_scoreboard.sv:570) uvm_test_top.env.scoreboard [uvm_test_top.env.scoreboard] sw state 1, reg state          1
UVM_INFO @  42810381 ps: (otp_ctrl_scoreboard.sv:570) uvm_test_top.env.scoreboard [uvm_test_top.env.scoreboard] sw state 1, reg state          1
UVM_INFO @  42820798 ps: (otp_ctrl_scoreboard.sv:570) uvm_test_top.env.scoreboard [uvm_test_top.env.scoreboard] sw state 1, reg state          1
UVM_INFO @  42831215 ps: (otp_ctrl_scoreboard.sv:570) uvm_test_top.env.scoreboard [uvm_test_top.env.scoreboard] sw state 1, reg state          1
UVM_INFO @  42841632 ps: (otp_ctrl_scoreboard.sv:570) uvm_test_top.env.scoreboard [uvm_test_top.env.scoreboard] sw state 1, reg state          1
UVM_INFO @  42852049 ps: (otp_ctrl_scoreboard.sv:570) uvm_test_top.env.scoreboard [uvm_test_top.env.scoreboard] sw state 1, reg state          1
UVM_INFO @  42862466 ps: (otp_ctrl_scoreboard.sv:570) uvm_test_top.env.scoreboard [uvm_test_top.env.scoreboard] sw state 1, reg state          1
UVM_INFO @  42872883 ps: (otp_ctrl_scoreboard.sv:570) uvm_test_top.env.scoreboard [uvm_test_top.env.scoreboard] sw state 1, reg state          1
UVM_INFO @  42883300 ps: (otp_ctrl_scoreboard.sv:570) uvm_test_top.env.scoreboard [uvm_test_top.env.scoreboard] sw state 1, reg state          1
UVM_INFO @  42893717 ps: (otp_ctrl_scoreboard.sv:570) uvm_test_top.env.scoreboard [uvm_test_top.env.scoreboard] sw state 1, reg state          1
UVM_INFO @  42904134 ps: (otp_ctrl_scoreboard.sv:570) uvm_test_top.env.scoreboard [uvm_test_top.env.scoreboard] sw state 1, reg state          1
UVM_INFO @  42914551 ps: (otp_ctrl_scoreboard.sv:570) uvm_test_top.env.scoreboard [uvm_test_top.env.scoreboard] sw state 1, reg state          1
UVM_INFO @  42924968 ps: (otp_ctrl_scoreboard.sv:570) uvm_test_top.env.scoreboard [uvm_test_top.env.scoreboard] sw state 1, reg state          1
UVM_INFO @  42935385 ps: (otp_ctrl_scoreboard.sv:570) uvm_test_top.env.scoreboard [uvm_test_top.env.scoreboard] sw state 1, reg state          1
UVM_INFO @  42945802 ps: (otp_ctrl_scoreboard.sv:570) uvm_test_top.env.scoreboard [uvm_test_top.env.scoreboard] sw state 1, reg state          1
UVM_INFO @  42956219 ps: (otp_ctrl_scoreboard.sv:570) uvm_test_top.env.scoreboard [uvm_test_top.env.scoreboard] sw state 1, reg state          1
UVM_INFO @  42966636 ps: (otp_ctrl_scoreboard.sv:570) uvm_test_top.env.scoreboard [uvm_test_top.env.scoreboard] sw state 1, reg state          1
UVM_INFO @  42977053 ps: (otp_ctrl_scoreboard.sv:570) uvm_test_top.env.scoreboard [uvm_test_top.env.scoreboard] sw state 1, reg state          1
UVM_INFO @  42987470 ps: (otp_ctrl_scoreboard.sv:570) uvm_test_top.env.scoreboard [uvm_test_top.env.scoreboard] sw state 1, reg state          1
UVM_INFO @  42997887 ps: (otp_ctrl_scoreboard.sv:570) uvm_test_top.env.scoreboard [uvm_test_top.env.scoreboard] sw state 1, reg state          1
UVM_INFO @  43008304 ps: (otp_ctrl_scoreboard.sv:570) uvm_test_top.env.scoreboard [uvm_test_top.env.scoreboard] sw state 1, reg state          1
UVM_INFO @  43018721 ps: (otp_ctrl_scoreboard.sv:570) uvm_test_top.env.scoreboard [uvm_test_top.env.scoreboard] sw state 1, reg state          1
UVM_INFO @  43029138 ps: (otp_ctrl_scoreboard.sv:570) uvm_test_top.env.scoreboard [uvm_test_top.env.scoreboard] sw state 1, reg state          1
UVM_INFO @  43039555 ps: (otp_ctrl_scoreboard.sv:570) uvm_test_top.env.scoreboard [uvm_test_top.env.scoreboard] sw state 1, reg state          1
UVM_INFO @  43049972 ps: (otp_ctrl_scoreboard.sv:570) uvm_test_top.env.scoreboard [uvm_test_top.env.scoreboard] sw state 1, reg state          1
UVM_INFO @  43060389 ps: (otp_ctrl_scoreboard.sv:570) uvm_test_top.env.scoreboard [uvm_test_top.env.scoreboard] sw state 1, reg state          1
UVM_INFO @  43070806 ps: (otp_ctrl_scoreboard.sv:570) uvm_test_top.env.scoreboard [uvm_test_top.env.scoreboard] sw state 1, reg state          1
UVM_INFO @  43081223 ps: (otp_ctrl_scoreboard.sv:570) uvm_test_top.env.scoreboard [uvm_test_top.env.scoreboard] sw state 1, reg state          1
UVM_INFO @  43091640 ps: (otp_ctrl_scoreboard.sv:570) uvm_test_top.env.scoreboard [uvm_test_top.env.scoreboard] sw state 1, reg state          1
UVM_INFO @  43102057 ps: (otp_ctrl_scoreboard.sv:570) uvm_test_top.env.scoreboard [uvm_test_top.env.scoreboard] sw state 1, reg state          1
UVM_INFO @  43112474 ps: (otp_ctrl_scoreboard.sv:570) uvm_test_top.env.scoreboard [uvm_test_top.env.scoreboard] sw state 1, reg state          1
UVM_INFO @  43122891 ps: (otp_ctrl_scoreboard.sv:570) uvm_test_top.env.scoreboard [uvm_test_top.env.scoreboard] sw state 1, reg state          1
UVM_INFO @  43133308 ps: (otp_ctrl_scoreboard.sv:570) uvm_test_top.env.scoreboard [uvm_test_top.env.scoreboard] sw state 1, reg state          1
UVM_INFO @  43143725 ps: (otp_ctrl_scoreboard.sv:570) uvm_test_top.env.scoreboard [uvm_test_top.env.scoreboard] sw state 1, reg state          1
UVM_INFO @  43154142 ps: (otp_ctrl_scoreboard.sv:570) uvm_test_top.env.scoreboard [uvm_test_top.env.scoreboard] sw state 1, reg state          1
UVM_INFO @  43164559 ps: (otp_ctrl_scoreboard.sv:570) uvm_test_top.env.scoreboard [uvm_test_top.env.scoreboard] sw state 1, reg state          1
UVM_INFO @  43174976 ps: (otp_ctrl_scoreboard.sv:570) uvm_test_top.env.scoreboard [uvm_test_top.env.scoreboard] sw state 1, reg state          1
UVM_INFO @  43185393 ps: (otp_ctrl_scoreboard.sv:570) uvm_test_top.env.scoreboard [uvm_test_top.env.scoreboard] sw state 1, reg state          1
UVM_INFO @  43195810 ps: (otp_ctrl_scoreboard.sv:570) uvm_test_top.env.scoreboard [uvm_test_top.env.scoreboard] sw state 1, reg state          1
UVM_INFO @  43206227 ps: (otp_ctrl_scoreboard.sv:570) uvm_test_top.env.scoreboard [uvm_test_top.env.scoreboard] sw state 1, reg state          1
UVM_INFO @  43216644 ps: (otp_ctrl_scoreboard.sv:570) uvm_test_top.env.scoreboard [uvm_test_top.env.scoreboard] sw state 1, reg state          1
UVM_INFO @  43227061 ps: (otp_ctrl_scoreboard.sv:570) uvm_test_top.env.scoreboard [uvm_test_top.env.scoreboard] sw state 1, reg state          1
UVM_INFO @  43237478 ps: (otp_ctrl_scoreboard.sv:570) uvm_test_top.env.scoreboard [uvm_test_top.env.scoreboard] sw state 1, reg state          1
UVM_INFO @  43247895 ps: (otp_ctrl_scoreboard.sv:570) uvm_test_top.env.scoreboard [uvm_test_top.env.scoreboard] sw state 1, reg state          1
UVM_INFO @  43258312 ps: (otp_ctrl_scoreboard.sv:570) uvm_test_top.env.scoreboard [uvm_test_top.env.scoreboard] sw state 1, reg state          1
UVM_INFO @  43268729 ps: (otp_ctrl_scoreboard.sv:570) uvm_test_top.env.scoreboard [uvm_test_top.env.scoreboard] sw state 1, reg state          1
UVM_INFO @  43279146 ps: (otp_ctrl_scoreboard.sv:570) uvm_test_top.env.scoreboard [uvm_test_top.env.scoreboard] sw state 1, reg state          1
UVM_INFO @  43289563 ps: (otp_ctrl_scoreboard.sv:570) uvm_test_top.env.scoreboard [uvm_test_top.env.scoreboard] sw state 1, reg state          1
UVM_INFO @  43299980 ps: (otp_ctrl_scoreboard.sv:570) uvm_test_top.env.scoreboard [uvm_test_top.env.scoreboard] sw state 1, reg state          1
UVM_INFO @  43310397 ps: (otp_ctrl_scoreboard.sv:570) uvm_test_top.env.scoreboard [uvm_test_top.env.scoreboard] sw state 1, reg state          1
UVM_INFO @  43320814 ps: (otp_ctrl_scoreboard.sv:570) uvm_test_top.env.scoreboard [uvm_test_top.env.scoreboard] sw state 1, reg state          1
UVM_INFO @  43331231 ps: (otp_ctrl_scoreboard.sv:570) uvm_test_top.env.scoreboard [uvm_test_top.env.scoreboard] sw state 1, reg state          1
UVM_INFO @  43341648 ps: (otp_ctrl_scoreboard.sv:570) uvm_test_top.env.scoreboard [uvm_test_top.env.scoreboard] sw state 1, reg state          1
UVM_INFO @  43352065 ps: (otp_ctrl_scoreboard.sv:570) uvm_test_top.env.scoreboard [uvm_test_top.env.scoreboard] sw state 1, reg state          1
UVM_INFO @  43362482 ps: (otp_ctrl_scoreboard.sv:570) uvm_test_top.env.scoreboard [uvm_test_top.env.scoreboard] sw state 1, reg state          1
UVM_INFO @  43372899 ps: (otp_ctrl_scoreboard.sv:570) uvm_test_top.env.scoreboard [uvm_test_top.env.scoreboard] sw state 1, reg state          1
UVM_INFO @  43383316 ps: (otp_ctrl_scoreboard.sv:570) uvm_test_top.env.scoreboard [uvm_test_top.env.scoreboard] sw state 1, reg state          1
UVM_INFO @  43393733 ps: (otp_ctrl_scoreboard.sv:570) uvm_test_top.env.scoreboard [uvm_test_top.env.scoreboard] sw state 1, reg state          1
UVM_INFO @  43404150 ps: (otp_ctrl_scoreboard.sv:570) uvm_test_top.env.scoreboard [uvm_test_top.env.scoreboard] sw state 1, reg state          1
UVM_INFO @  43414567 ps: (otp_ctrl_scoreboard.sv:570) uvm_test_top.env.scoreboard [uvm_test_top.env.scoreboard] sw state 1, reg state          1
UVM_INFO @  43424984 ps: (otp_ctrl_scoreboard.sv:570) uvm_test_top.env.scoreboard [uvm_test_top.env.scoreboard] sw state 1, reg state          1
UVM_INFO @  43435401 ps: (otp_ctrl_scoreboard.sv:570) uvm_test_top.env.scoreboard [uvm_test_top.env.scoreboard] sw state 1, reg state          1
UVM_INFO @  43445818 ps: (otp_ctrl_scoreboard.sv:570) uvm_test_top.env.scoreboard [uvm_test_top.env.scoreboard] sw state 1, reg state          1
UVM_INFO @  43456235 ps: (otp_ctrl_scoreboard.sv:570) uvm_test_top.env.scoreboard [uvm_test_top.env.scoreboard] sw state 1, reg state          1
UVM_INFO @  43466652 ps: (otp_ctrl_scoreboard.sv:570) uvm_test_top.env.scoreboard [uvm_test_top.env.scoreboard] sw state 1, reg state          1
UVM_INFO @  43477069 ps: (otp_ctrl_scoreboard.sv:570) uvm_test_top.env.scoreboard [uvm_test_top.env.scoreboard] sw state 1, reg state          1
UVM_INFO @  43487486 ps: (otp_ctrl_scoreboard.sv:570) uvm_test_top.env.scoreboard [uvm_test_top.env.scoreboard] sw state 1, reg state          1
UVM_INFO @  43497903 ps: (otp_ctrl_scoreboard.sv:570) uvm_test_top.env.scoreboard [uvm_test_top.env.scoreboard] sw state 1, reg state          1
UVM_INFO @  43508320 ps: (otp_ctrl_scoreboard.sv:570) uvm_test_top.env.scoreboard [uvm_test_top.env.scoreboard] sw state 1, reg state          1
UVM_INFO @  43518737 ps: (otp_ctrl_scoreboard.sv:570) uvm_test_top.env.scoreboard [uvm_test_top.env.scoreboard] sw state 1, reg state          1
UVM_INFO @  43529154 ps: (otp_ctrl_scoreboard.sv:570) uvm_test_top.env.scoreboard [uvm_test_top.env.scoreboard] sw state 1, reg state          1
UVM_INFO @  43539571 ps: (otp_ctrl_scoreboard.sv:570) uvm_test_top.env.scoreboard [uvm_test_top.env.scoreboard] sw state 1, reg state          1
UVM_INFO @  43549988 ps: (otp_ctrl_scoreboard.sv:570) uvm_test_top.env.scoreboard [uvm_test_top.env.scoreboard] sw state 1, reg state          1
UVM_INFO @  43560405 ps: (otp_ctrl_scoreboard.sv:570) uvm_test_top.env.scoreboard [uvm_test_top.env.scoreboard] sw state 1, reg state          1
UVM_INFO @  43570822 ps: (otp_ctrl_scoreboard.sv:570) uvm_test_top.env.scoreboard [uvm_test_top.env.scoreboard] sw state 1, reg state          1
UVM_INFO @  43581239 ps: (otp_ctrl_scoreboard.sv:570) uvm_test_top.env.scoreboard [uvm_test_top.env.scoreboard] sw state 1, reg state          1
UVM_INFO @  43591656 ps: (otp_ctrl_scoreboard.sv:570) uvm_test_top.env.scoreboard [uvm_test_top.env.scoreboard] sw state 1, reg state          1
UVM_INFO @  43602073 ps: (otp_ctrl_scoreboard.sv:570) uvm_test_top.env.scoreboard [uvm_test_top.env.scoreboard] sw state 1, reg state          1
UVM_INFO @  43612490 ps: (otp_ctrl_scoreboard.sv:570) uvm_test_top.env.scoreboard [uvm_test_top.env.scoreboard] sw state 1, reg state          1
UVM_INFO @  43622907 ps: (otp_ctrl_scoreboard.sv:570) uvm_test_top.env.scoreboard [uvm_test_top.env.scoreboard] sw state 1, reg state          1
UVM_INFO @  43633324 ps: (otp_ctrl_scoreboard.sv:570) uvm_test_top.env.scoreboard [uvm_test_top.env.scoreboard] sw state 1, reg state          1
UVM_INFO @  43643741 ps: (otp_ctrl_scoreboard.sv:570) uvm_test_top.env.scoreboard [uvm_test_top.env.scoreboard] sw state 1, reg state          1
UVM_INFO @  43654158 ps: (otp_ctrl_scoreboard.sv:570) uvm_test_top.env.scoreboard [uvm_test_top.env.scoreboard] sw state 1, reg state          1
UVM_INFO @  43664575 ps: (otp_ctrl_scoreboard.sv:570) uvm_test_top.env.scoreboard [uvm_test_top.env.scoreboard] sw state 1, reg state          1
UVM_INFO @  43674992 ps: (otp_ctrl_scoreboard.sv:570) uvm_test_top.env.scoreboard [uvm_test_top.env.scoreboard] sw state 1, reg state          1
UVM_INFO @  43685409 ps: (otp_ctrl_scoreboard.sv:570) uvm_test_top.env.scoreboard [uvm_test_top.env.scoreboard] sw state 1, reg state          1
UVM_INFO @  43695826 ps: (otp_ctrl_scoreboard.sv:570) uvm_test_top.env.scoreboard [uvm_test_top.env.scoreboard] sw state 1, reg state          1
UVM_INFO @  43706243 ps: (otp_ctrl_scoreboard.sv:570) uvm_test_top.env.scoreboard [uvm_test_top.env.scoreboard] sw state 1, reg state          1
UVM_INFO @  43716660 ps: (otp_ctrl_scoreboard.sv:570) uvm_test_top.env.scoreboard [uvm_test_top.env.scoreboard] sw state 1, reg state          1
UVM_INFO @  43727077 ps: (otp_ctrl_scoreboard.sv:570) uvm_test_top.env.scoreboard [uvm_test_top.env.scoreboard] sw state 1, reg state          1
UVM_INFO @  43737494 ps: (otp_ctrl_scoreboard.sv:570) uvm_test_top.env.scoreboard [uvm_test_top.env.scoreboard] sw state 1, reg state          1
UVM_INFO @  43747911 ps: (otp_ctrl_scoreboard.sv:570) uvm_test_top.env.scoreboard [uvm_test_top.env.scoreboard] sw state 1, reg state          1
UVM_INFO @  43758328 ps: (otp_ctrl_scoreboard.sv:570) uvm_test_top.env.scoreboard [uvm_test_top.env.scoreboard] sw state 1, reg state          1
UVM_INFO @  43768745 ps: (otp_ctrl_scoreboard.sv:570) uvm_test_top.env.scoreboard [uvm_test_top.env.scoreboard] sw state 1, reg state          1
UVM_INFO @  43779162 ps: (otp_ctrl_scoreboard.sv:570) uvm_test_top.env.scoreboard [uvm_test_top.env.scoreboard] sw state 1, reg state          1
UVM_INFO @  43789579 ps: (otp_ctrl_scoreboard.sv:570) uvm_test_top.env.scoreboard [uvm_test_top.env.scoreboard] sw state 1, reg state          1
UVM_INFO @  43799996 ps: (otp_ctrl_scoreboard.sv:570) uvm_test_top.env.scoreboard [uvm_test_top.env.scoreboard] sw state 1, reg state          1
UVM_INFO @  43810413 ps: (otp_ctrl_scoreboard.sv:570) uvm_test_top.env.scoreboard [uvm_test_top.env.scoreboard] sw state 1, reg state          1
UVM_INFO @  43820830 ps: (otp_ctrl_scoreboard.sv:570) uvm_test_top.env.scoreboard [uvm_test_top.env.scoreboard] sw state 1, reg state          1
UVM_INFO @  43831247 ps: (otp_ctrl_scoreboard.sv:570) uvm_test_top.env.scoreboard [uvm_test_top.env.scoreboard] sw state 1, reg state          1
UVM_INFO @  43841664 ps: (otp_ctrl_scoreboard.sv:570) uvm_test_top.env.scoreboard [uvm_test_top.env.scoreboard] sw state 1, reg state          1
UVM_INFO @  43852081 ps: (otp_ctrl_scoreboard.sv:570) uvm_test_top.env.scoreboard [uvm_test_top.env.scoreboard] sw state 1, reg state          1
UVM_INFO @  43862498 ps: (otp_ctrl_scoreboard.sv:570) uvm_test_top.env.scoreboard [uvm_test_top.env.scoreboard] sw state 1, reg state          1
UVM_INFO @  43872915 ps: (otp_ctrl_scoreboard.sv:570) uvm_test_top.env.scoreboard [uvm_test_top.env.scoreboard] sw state 1, reg state          1
UVM_INFO @  43883332 ps: (otp_ctrl_scoreboard.sv:570) uvm_test_top.env.scoreboard [uvm_test_top.env.scoreboard] sw state 1, reg state          1
UVM_INFO @  43893749 ps: (otp_ctrl_scoreboard.sv:570) uvm_test_top.env.scoreboard [uvm_test_top.env.scoreboard] sw state 1, reg state          1
UVM_INFO @  43904166 ps: (otp_ctrl_scoreboard.sv:570) uvm_test_top.env.scoreboard [uvm_test_top.env.scoreboard] sw state 1, reg state          1
UVM_INFO @  43914583 ps: (otp_ctrl_scoreboard.sv:570) uvm_test_top.env.scoreboard [uvm_test_top.env.scoreboard] sw state 1, reg state          1
UVM_INFO @  43925000 ps: (otp_ctrl_scoreboard.sv:570) uvm_test_top.env.scoreboard [uvm_test_top.env.scoreboard] sw state 1, reg state          1
UVM_INFO @  43935417 ps: (otp_ctrl_scoreboard.sv:570) uvm_test_top.env.scoreboard [uvm_test_top.env.scoreboard] sw state 1, reg state          1
UVM_INFO @  43945834 ps: (otp_ctrl_scoreboard.sv:570) uvm_test_top.env.scoreboard [uvm_test_top.env.scoreboard] sw state 1, reg state          1
UVM_INFO @  43956251 ps: (otp_ctrl_scoreboard.sv:570) uvm_test_top.env.scoreboard [uvm_test_top.env.scoreboard] sw state 1, reg state          1
UVM_INFO @  43966668 ps: (otp_ctrl_scoreboard.sv:570) uvm_test_top.env.scoreboard [uvm_test_top.env.scoreboard] sw state 1, reg state          1
UVM_INFO @  43977085 ps: (otp_ctrl_scoreboard.sv:570) uvm_test_top.env.scoreboard [uvm_test_top.env.scoreboard] sw state 1, reg state          1
UVM_INFO @  43987502 ps: (otp_ctrl_scoreboard.sv:570) uvm_test_top.env.scoreboard [uvm_test_top.env.scoreboard] sw state 1, reg state          1
UVM_INFO @  43997919 ps: (otp_ctrl_scoreboard.sv:570) uvm_test_top.env.scoreboard [uvm_test_top.env.scoreboard] sw state 1, reg state          1
UVM_INFO @  44008336 ps: (otp_ctrl_scoreboard.sv:570) uvm_test_top.env.scoreboard [uvm_test_top.env.scoreboard] sw state 1, reg state          1
UVM_INFO @  44018753 ps: (otp_ctrl_scoreboard.sv:570) uvm_test_top.env.scoreboard [uvm_test_top.env.scoreboard] sw state 1, reg state          1
UVM_INFO @  44029170 ps: (otp_ctrl_scoreboard.sv:570) uvm_test_top.env.scoreboard [uvm_test_top.env.scoreboard] sw state 1, reg state          1
UVM_INFO @  44039587 ps: (otp_ctrl_scoreboard.sv:570) uvm_test_top.env.scoreboard [uvm_test_top.env.scoreboard] sw state 1, reg state          1
UVM_INFO @  44050004 ps: (otp_ctrl_scoreboard.sv:570) uvm_test_top.env.scoreboard [uvm_test_top.env.scoreboard] sw state 1, reg state          1
UVM_INFO @  44060421 ps: (otp_ctrl_scoreboard.sv:570) uvm_test_top.env.scoreboard [uvm_test_top.env.scoreboard] sw state 1, reg state          1
UVM_INFO @  44070838 ps: (otp_ctrl_scoreboard.sv:570) uvm_test_top.env.scoreboard [uvm_test_top.env.scoreboard] sw state 1, reg state          1
UVM_INFO @  44081255 ps: (otp_ctrl_scoreboard.sv:570) uvm_test_top.env.scoreboard [uvm_test_top.env.scoreboard] sw state 1, reg state          1
UVM_INFO @  44091672 ps: (otp_ctrl_scoreboard.sv:570) uvm_test_top.env.scoreboard [uvm_test_top.env.scoreboard] sw state 1, reg state          1
UVM_INFO @  44102089 ps: (otp_ctrl_scoreboard.sv:570) uvm_test_top.env.scoreboard [uvm_test_top.env.scoreboard] sw state 1, reg state          1
UVM_INFO @  44112506 ps: (otp_ctrl_scoreboard.sv:570) uvm_test_top.env.scoreboard [uvm_test_top.env.scoreboard] sw state 1, reg state          1
UVM_INFO @  44122923 ps: (otp_ctrl_scoreboard.sv:570) uvm_test_top.env.scoreboard [uvm_test_top.env.scoreboard] sw state 1, reg state          1
UVM_INFO @  44133340 ps: (otp_ctrl_scoreboard.sv:570) uvm_test_top.env.scoreboard [uvm_test_top.env.scoreboard] sw state 1, reg state          1
UVM_INFO @  44143757 ps: (otp_ctrl_scoreboard.sv:570) uvm_test_top.env.scoreboard [uvm_test_top.env.scoreboard] sw state 1, reg state          1
UVM_INFO @  44154174 ps: (otp_ctrl_scoreboard.sv:570) uvm_test_top.env.scoreboard [uvm_test_top.env.scoreboard] sw state 1, reg state          1
UVM_INFO @  44164591 ps: (otp_ctrl_scoreboard.sv:570) uvm_test_top.env.scoreboard [uvm_test_top.env.scoreboard] sw state 1, reg state          1
UVM_INFO @  44175008 ps: (otp_ctrl_scoreboard.sv:570) uvm_test_top.env.scoreboard [uvm_test_top.env.scoreboard] sw state 1, reg state          1
UVM_INFO @  44185425 ps: (otp_ctrl_scoreboard.sv:570) uvm_test_top.env.scoreboard [uvm_test_top.env.scoreboard] sw state 1, reg state          1
UVM_INFO @  44195842 ps: (otp_ctrl_scoreboard.sv:570) uvm_test_top.env.scoreboard [uvm_test_top.env.scoreboard] sw state 1, reg state          1
UVM_INFO @  44206259 ps: (otp_ctrl_scoreboard.sv:570) uvm_test_top.env.scoreboard [uvm_test_top.env.scoreboard] sw state 1, reg state          1
UVM_INFO @  44216676 ps: (otp_ctrl_scoreboard.sv:570) uvm_test_top.env.scoreboard [uvm_test_top.env.scoreboard] sw state 1, reg state          1
UVM_INFO @  44227093 ps: (otp_ctrl_scoreboard.sv:570) uvm_test_top.env.scoreboard [uvm_test_top.env.scoreboard] sw state 1, reg state          1
UVM_INFO @  44237510 ps: (otp_ctrl_scoreboard.sv:570) uvm_test_top.env.scoreboard [uvm_test_top.env.scoreboard] sw state 1, reg state          1
UVM_INFO @  44247927 ps: (otp_ctrl_scoreboard.sv:570) uvm_test_top.env.scoreboard [uvm_test_top.env.scoreboard] sw state 1, reg state          1
UVM_INFO @  44258344 ps: (otp_ctrl_scoreboard.sv:570) uvm_test_top.env.scoreboard [uvm_test_top.env.scoreboard] sw state 1, reg state          1
UVM_INFO @  44268761 ps: (otp_ctrl_scoreboard.sv:570) uvm_test_top.env.scoreboard [uvm_test_top.env.scoreboard] sw state 1, reg state          1
UVM_INFO @  44279178 ps: (otp_ctrl_scoreboard.sv:570) uvm_test_top.env.scoreboard [uvm_test_top.env.scoreboard] sw state 1, reg state          1
UVM_INFO @  44289595 ps: (otp_ctrl_scoreboard.sv:570) uvm_test_top.env.scoreboard [uvm_test_top.env.scoreboard] sw state 1, reg state          1
UVM_INFO @  44300012 ps: (otp_ctrl_scoreboard.sv:570) uvm_test_top.env.scoreboard [uvm_test_top.env.scoreboard] sw state 1, reg state          1
UVM_INFO @  44310429 ps: (otp_ctrl_scoreboard.sv:570) uvm_test_top.env.scoreboard [uvm_test_top.env.scoreboard] sw state 1, reg state          1
UVM_INFO @  44320846 ps: (otp_ctrl_scoreboard.sv:570) uvm_test_top.env.scoreboard [uvm_test_top.env.scoreboard] sw state 1, reg state          1
UVM_INFO @  44331263 ps: (otp_ctrl_scoreboard.sv:570) uvm_test_top.env.scoreboard [uvm_test_top.env.scoreboard] sw state 1, reg state          1
UVM_INFO @  44341680 ps: (otp_ctrl_scoreboard.sv:570) uvm_test_top.env.scoreboard [uvm_test_top.env.scoreboard] sw state 1, reg state          1
UVM_INFO @  44352097 ps: (otp_ctrl_scoreboard.sv:570) uvm_test_top.env.scoreboard [uvm_test_top.env.scoreboard] sw state 1, reg state          1
UVM_INFO @  44362514 ps: (otp_ctrl_scoreboard.sv:570) uvm_test_top.env.scoreboard [uvm_test_top.env.scoreboard] sw state 1, reg state          1
UVM_INFO @  44372931 ps: (otp_ctrl_scoreboard.sv:570) uvm_test_top.env.scoreboard [uvm_test_top.env.scoreboard] sw state 1, reg state          1
UVM_INFO @  44383348 ps: (otp_ctrl_scoreboard.sv:570) uvm_test_top.env.scoreboard [uvm_test_top.env.scoreboard] sw state 1, reg state          1
UVM_INFO @  44393765 ps: (otp_ctrl_scoreboard.sv:570) uvm_test_top.env.scoreboard [uvm_test_top.env.scoreboard] sw state 1, reg state          1
UVM_INFO @  44404182 ps: (otp_ctrl_scoreboard.sv:570) uvm_test_top.env.scoreboard [uvm_test_top.env.scoreboard] sw state 1, reg state          1
UVM_INFO @  44414599 ps: (otp_ctrl_scoreboard.sv:570) uvm_test_top.env.scoreboard [uvm_test_top.env.scoreboard] sw state 1, reg state          1
UVM_INFO @  44425016 ps: (otp_ctrl_scoreboard.sv:570) uvm_test_top.env.scoreboard [uvm_test_top.env.scoreboard] sw state 1, reg state          1
UVM_INFO @  44435433 ps: (otp_ctrl_scoreboard.sv:570) uvm_test_top.env.scoreboard [uvm_test_top.env.scoreboard] sw state 1, reg state          1
UVM_INFO @  44445850 ps: (otp_ctrl_scoreboard.sv:570) uvm_test_top.env.scoreboard [uvm_test_top.env.scoreboard] sw state 1, reg state          1
UVM_INFO @  44456267 ps: (otp_ctrl_scoreboard.sv:570) uvm_test_top.env.scoreboard [uvm_test_top.env.scoreboard] sw state 1, reg state          1
UVM_INFO @  44466684 ps: (otp_ctrl_scoreboard.sv:570) uvm_test_top.env.scoreboard [uvm_test_top.env.scoreboard] sw state 1, reg state          1
UVM_INFO @  44477101 ps: (otp_ctrl_scoreboard.sv:570) uvm_test_top.env.scoreboard [uvm_test_top.env.scoreboard] sw state 1, reg state          1
UVM_INFO @  44487518 ps: (otp_ctrl_scoreboard.sv:570) uvm_test_top.env.scoreboard [uvm_test_top.env.scoreboard] sw state 1, reg state          1
UVM_INFO @  44497935 ps: (otp_ctrl_scoreboard.sv:570) uvm_test_top.env.scoreboard [uvm_test_top.env.scoreboard] sw state 1, reg state          1
UVM_INFO @  44508352 ps: (otp_ctrl_scoreboard.sv:570) uvm_test_top.env.scoreboard [uvm_test_top.env.scoreboard] sw state 1, reg state          1
UVM_INFO @  44518769 ps: (otp_ctrl_scoreboard.sv:570) uvm_test_top.env.scoreboard [uvm_test_top.env.scoreboard] sw state 1, reg state          1
UVM_INFO @  44529186 ps: (otp_ctrl_scoreboard.sv:570) uvm_test_top.env.scoreboard [uvm_test_top.env.scoreboard] sw state 1, reg state          1
UVM_INFO @  44539603 ps: (otp_ctrl_scoreboard.sv:570) uvm_test_top.env.scoreboard [uvm_test_top.env.scoreboard] sw state 1, reg state          1
UVM_INFO @  44550020 ps: (otp_ctrl_scoreboard.sv:570) uvm_test_top.env.scoreboard [uvm_test_top.env.scoreboard] sw state 1, reg state          1
UVM_INFO @  44560437 ps: (otp_ctrl_scoreboard.sv:570) uvm_test_top.env.scoreboard [uvm_test_top.env.scoreboard] sw state 1, reg state          1
UVM_INFO @  44570854 ps: (otp_ctrl_scoreboard.sv:570) uvm_test_top.env.scoreboard [uvm_test_top.env.scoreboard] sw state 1, reg state          1
UVM_INFO @  44581271 ps: (otp_ctrl_scoreboard.sv:570) uvm_test_top.env.scoreboard [uvm_test_top.env.scoreboard] sw state 1, reg state          1
UVM_INFO @  44591688 ps: (otp_ctrl_scoreboard.sv:570) uvm_test_top.env.scoreboard [uvm_test_top.env.scoreboard] sw state 1, reg state          1
UVM_INFO @  44602105 ps: (otp_ctrl_scoreboard.sv:570) uvm_test_top.env.scoreboard [uvm_test_top.env.scoreboard] sw state 1, reg state          1
UVM_INFO @  44612522 ps: (otp_ctrl_scoreboard.sv:570) uvm_test_top.env.scoreboard [uvm_test_top.env.scoreboard] sw state 1, reg state          1
UVM_INFO @  44622939 ps: (otp_ctrl_scoreboard.sv:570) uvm_test_top.env.scoreboard [uvm_test_top.env.scoreboard] sw state 1, reg state          1
UVM_INFO @  44633356 ps: (otp_ctrl_scoreboard.sv:570) uvm_test_top.env.scoreboard [uvm_test_top.env.scoreboard] sw state 1, reg state          1
UVM_INFO @  44643773 ps: (otp_ctrl_scoreboard.sv:570) uvm_test_top.env.scoreboard [uvm_test_top.env.scoreboard] sw state 1, reg state          1
UVM_INFO @  44654190 ps: (otp_ctrl_scoreboard.sv:570) uvm_test_top.env.scoreboard [uvm_test_top.env.scoreboard] sw state 1, reg state          1
UVM_INFO @  44664607 ps: (otp_ctrl_scoreboard.sv:570) uvm_test_top.env.scoreboard [uvm_test_top.env.scoreboard] sw state 1, reg state          1
UVM_INFO @  44675024 ps: (otp_ctrl_scoreboard.sv:570) uvm_test_top.env.scoreboard [uvm_test_top.env.scoreboard] sw state 1, reg state          1
UVM_INFO @  44685441 ps: (otp_ctrl_scoreboard.sv:570) uvm_test_top.env.scoreboard [uvm_test_top.env.scoreboard] sw state 1, reg state          1
UVM_INFO @  44695858 ps: (otp_ctrl_scoreboard.sv:570) uvm_test_top.env.scoreboard [uvm_test_top.env.scoreboard] sw state 1, reg state          1
UVM_INFO @  44706275 ps: (otp_ctrl_scoreboard.sv:570) uvm_test_top.env.scoreboard [uvm_test_top.env.scoreboard] sw state 1, reg state          1
UVM_INFO @  44716692 ps: (otp_ctrl_scoreboard.sv:570) uvm_test_top.env.scoreboard [uvm_test_top.env.scoreboard] sw state 1, reg state          1
UVM_INFO @  44727109 ps: (otp_ctrl_scoreboard.sv:570) uvm_test_top.env.scoreboard [uvm_test_top.env.scoreboard] sw state 1, reg state          1
UVM_INFO @  44737526 ps: (otp_ctrl_scoreboard.sv:570) uvm_test_top.env.scoreboard [uvm_test_top.env.scoreboard] sw state 1, reg state          1
UVM_INFO @  44747943 ps: (otp_ctrl_scoreboard.sv:570) uvm_test_top.env.scoreboard [uvm_test_top.env.scoreboard] sw state 1, reg state          1
UVM_INFO @  44758360 ps: (otp_ctrl_scoreboard.sv:570) uvm_test_top.env.scoreboard [uvm_test_top.env.scoreboard] sw state 1, reg state          1
UVM_INFO @  44768777 ps: (otp_ctrl_scoreboard.sv:570) uvm_test_top.env.scoreboard [uvm_test_top.env.scoreboard] sw state 1, reg state          1
UVM_INFO @  44779194 ps: (otp_ctrl_scoreboard.sv:570) uvm_test_top.env.scoreboard [uvm_test_top.env.scoreboard] sw state 1, reg state          1
UVM_INFO @  44789611 ps: (otp_ctrl_scoreboard.sv:570) uvm_test_top.env.scoreboard [uvm_test_top.env.scoreboard] sw state 1, reg state          1
UVM_INFO @  44800028 ps: (otp_ctrl_scoreboard.sv:570) uvm_test_top.env.scoreboard [uvm_test_top.env.scoreboard] sw state 1, reg state          1
UVM_INFO @  44810445 ps: (otp_ctrl_scoreboard.sv:570) uvm_test_top.env.scoreboard [uvm_test_top.env.scoreboard] sw state 1, reg state          1
UVM_INFO @  44820862 ps: (otp_ctrl_scoreboard.sv:570) uvm_test_top.env.scoreboard [uvm_test_top.env.scoreboard] sw state 1, reg state          1
UVM_INFO @  44831279 ps: (otp_ctrl_scoreboard.sv:570) uvm_test_top.env.scoreboard [uvm_test_top.env.scoreboard] sw state 1, reg state          1
UVM_INFO @  44841696 ps: (otp_ctrl_scoreboard.sv:570) uvm_test_top.env.scoreboard [uvm_test_top.env.scoreboard] sw state 1, reg state          1
UVM_INFO @  44852113 ps: (otp_ctrl_scoreboard.sv:570) uvm_test_top.env.scoreboard [uvm_test_top.env.scoreboard] sw state 1, reg state          1
UVM_INFO @  44862530 ps: (otp_ctrl_scoreboard.sv:570) uvm_test_top.env.scoreboard [uvm_test_top.env.scoreboard] sw state 1, reg state          1
UVM_INFO @  44872947 ps: (otp_ctrl_scoreboard.sv:570) uvm_test_top.env.scoreboard [uvm_test_top.env.scoreboard] sw state 1, reg state          1
UVM_INFO @  44883364 ps: (otp_ctrl_scoreboard.sv:570) uvm_test_top.env.scoreboard [uvm_test_top.env.scoreboard] sw state 1, reg state          1
UVM_INFO @  44893781 ps: (otp_ctrl_scoreboard.sv:570) uvm_test_top.env.scoreboard [uvm_test_top.env.scoreboard] sw state 1, reg state          1
UVM_INFO @  44904198 ps: (otp_ctrl_scoreboard.sv:570) uvm_test_top.env.scoreboard [uvm_test_top.env.scoreboard] sw state 1, reg state          1
UVM_INFO @  44914615 ps: (otp_ctrl_scoreboard.sv:570) uvm_test_top.env.scoreboard [uvm_test_top.env.scoreboard] sw state 1, reg state          1
UVM_INFO @  44925032 ps: (otp_ctrl_scoreboard.sv:570) uvm_test_top.env.scoreboard [uvm_test_top.env.scoreboard] sw state 1, reg state          1
UVM_INFO @  44935449 ps: (otp_ctrl_scoreboard.sv:570) uvm_test_top.env.scoreboard [uvm_test_top.env.scoreboard] sw state 1, reg state          1
UVM_INFO @  44945866 ps: (otp_ctrl_scoreboard.sv:570) uvm_test_top.env.scoreboard [uvm_test_top.env.scoreboard] sw state 1, reg state          1
UVM_INFO @  44956283 ps: (otp_ctrl_scoreboard.sv:570) uvm_test_top.env.scoreboard [uvm_test_top.env.scoreboard] sw state 1, reg state          1
UVM_INFO @  44966700 ps: (otp_ctrl_scoreboard.sv:570) uvm_test_top.env.scoreboard [uvm_test_top.env.scoreboard] sw state 1, reg state          1
UVM_INFO @  44977117 ps: (otp_ctrl_scoreboard.sv:570) uvm_test_top.env.scoreboard [uvm_test_top.env.scoreboard] sw state 1, reg state          1
UVM_INFO @  44987534 ps: (otp_ctrl_scoreboard.sv:570) uvm_test_top.env.scoreboard [uvm_test_top.env.scoreboard] sw state 1, reg state          1
UVM_INFO @  44997951 ps: (otp_ctrl_scoreboard.sv:570) uvm_test_top.env.scoreboard [uvm_test_top.env.scoreboard] sw state 1, reg state          1
UVM_INFO @  45008368 ps: (otp_ctrl_scoreboard.sv:570) uvm_test_top.env.scoreboard [uvm_test_top.env.scoreboard] sw state 1, reg state          1
UVM_INFO @  45018785 ps: (otp_ctrl_scoreboard.sv:570) uvm_test_top.env.scoreboard [uvm_test_top.env.scoreboard] sw state 1, reg state          1
UVM_INFO @  45029202 ps: (otp_ctrl_scoreboard.sv:570) uvm_test_top.env.scoreboard [uvm_test_top.env.scoreboard] sw state 1, reg state          1
UVM_INFO @  45039619 ps: (otp_ctrl_scoreboard.sv:570) uvm_test_top.env.scoreboard [uvm_test_top.env.scoreboard] sw state 1, reg state          1
UVM_INFO @  45050036 ps: (otp_ctrl_scoreboard.sv:570) uvm_test_top.env.scoreboard [uvm_test_top.env.scoreboard] sw state 1, reg state          1
UVM_INFO @  45060453 ps: (otp_ctrl_scoreboard.sv:570) uvm_test_top.env.scoreboard [uvm_test_top.env.scoreboard] sw state 1, reg state          1
UVM_INFO @  45070870 ps: (otp_ctrl_scoreboard.sv:570) uvm_test_top.env.scoreboard [uvm_test_top.env.scoreboard] sw state 1, reg state          1
UVM_INFO @  45081287 ps: (otp_ctrl_scoreboard.sv:570) uvm_test_top.env.scoreboard [uvm_test_top.env.scoreboard] sw state 1, reg state          1
UVM_INFO @  45091704 ps: (otp_ctrl_scoreboard.sv:570) uvm_test_top.env.scoreboard [uvm_test_top.env.scoreboard] sw state 1, reg state          1
UVM_INFO @  45102121 ps: (otp_ctrl_scoreboard.sv:570) uvm_test_top.env.scoreboard [uvm_test_top.env.scoreboard] sw state 1, reg state          1
UVM_INFO @  45112538 ps: (otp_ctrl_scoreboard.sv:570) uvm_test_top.env.scoreboard [uvm_test_top.env.scoreboard] sw state 1, reg state          1
UVM_INFO @  45122955 ps: (otp_ctrl_scoreboard.sv:570) uvm_test_top.env.scoreboard [uvm_test_top.env.scoreboard] sw state 1, reg state          1
UVM_INFO @  45133372 ps: (otp_ctrl_scoreboard.sv:570) uvm_test_top.env.scoreboard [uvm_test_top.env.scoreboard] sw state 1, reg state          1
UVM_INFO @  45143789 ps: (otp_ctrl_scoreboard.sv:570) uvm_test_top.env.scoreboard [uvm_test_top.env.scoreboard] sw state 1, reg state          1
UVM_INFO @  45154206 ps: (otp_ctrl_scoreboard.sv:570) uvm_test_top.env.scoreboard [uvm_test_top.env.scoreboard] sw state 1, reg state          1
UVM_INFO @  45164623 ps: (otp_ctrl_scoreboard.sv:570) uvm_test_top.env.scoreboard [uvm_test_top.env.scoreboard] sw state 1, reg state          1
UVM_INFO @  45175040 ps: (otp_ctrl_scoreboard.sv:570) uvm_test_top.env.scoreboard [uvm_test_top.env.scoreboard] sw state 1, reg state          1
UVM_INFO @  45185457 ps: (otp_ctrl_scoreboard.sv:570) uvm_test_top.env.scoreboard [uvm_test_top.env.scoreboard] sw state 1, reg state          1
UVM_INFO @  45195874 ps: (otp_ctrl_scoreboard.sv:570) uvm_test_top.env.scoreboard [uvm_test_top.env.scoreboard] sw state 1, reg state          1
UVM_INFO @  45206291 ps: (otp_ctrl_scoreboard.sv:570) uvm_test_top.env.scoreboard [uvm_test_top.env.scoreboard] sw state 1, reg state          1
UVM_INFO @  45216708 ps: (otp_ctrl_scoreboard.sv:570) uvm_test_top.env.scoreboard [uvm_test_top.env.scoreboard] sw state 1, reg state          1
UVM_INFO @  45227125 ps: (otp_ctrl_scoreboard.sv:570) uvm_test_top.env.scoreboard [uvm_test_top.env.scoreboard] sw state 1, reg state          1
UVM_INFO @  45237542 ps: (otp_ctrl_scoreboard.sv:570) uvm_test_top.env.scoreboard [uvm_test_top.env.scoreboard] sw state 1, reg state          1
UVM_INFO @  45247959 ps: (otp_ctrl_scoreboard.sv:570) uvm_test_top.env.scoreboard [uvm_test_top.env.scoreboard] sw state 1, reg state          1
UVM_INFO @  45258376 ps: (otp_ctrl_scoreboard.sv:570) uvm_test_top.env.scoreboard [uvm_test_top.env.scoreboard] sw state 1, reg state          1
UVM_INFO @  45268793 ps: (otp_ctrl_scoreboard.sv:570) uvm_test_top.env.scoreboard [uvm_test_top.env.scoreboard] sw state 1, reg state          1
UVM_INFO @  45279210 ps: (otp_ctrl_scoreboard.sv:570) uvm_test_top.env.scoreboard [uvm_test_top.env.scoreboard] sw state 1, reg state          1
UVM_INFO @  45289627 ps: (otp_ctrl_scoreboard.sv:570) uvm_test_top.env.scoreboard [uvm_test_top.env.scoreboard] sw state 1, reg state          1
UVM_INFO @  45300044 ps: (otp_ctrl_scoreboard.sv:570) uvm_test_top.env.scoreboard [uvm_test_top.env.scoreboard] sw state 1, reg state          1
UVM_INFO @  45310461 ps: (otp_ctrl_scoreboard.sv:570) uvm_test_top.env.scoreboard [uvm_test_top.env.scoreboard] sw state 1, reg state          1
UVM_INFO @  45320878 ps: (otp_ctrl_scoreboard.sv:570) uvm_test_top.env.scoreboard [uvm_test_top.env.scoreboard] sw state 1, reg state          1
UVM_INFO @  45331295 ps: (otp_ctrl_scoreboard.sv:570) uvm_test_top.env.scoreboard [uvm_test_top.env.scoreboard] sw state 1, reg state          1
UVM_INFO @  45341712 ps: (otp_ctrl_scoreboard.sv:570) uvm_test_top.env.scoreboard [uvm_test_top.env.scoreboard] sw state 1, reg state          1
UVM_INFO @  45352129 ps: (otp_ctrl_scoreboard.sv:570) uvm_test_top.env.scoreboard [uvm_test_top.env.scoreboard] sw state 1, reg state          1
UVM_INFO @  45362546 ps: (otp_ctrl_scoreboard.sv:570) uvm_test_top.env.scoreboard [uvm_test_top.env.scoreboard] sw state 1, reg state          1
UVM_INFO @  45372963 ps: (otp_ctrl_scoreboard.sv:570) uvm_test_top.env.scoreboard [uvm_test_top.env.scoreboard] sw state 1, reg state          1
UVM_INFO @  45383380 ps: (otp_ctrl_scoreboard.sv:570) uvm_test_top.env.scoreboard [uvm_test_top.env.scoreboard] sw state 1, reg state          1
UVM_INFO @  45393797 ps: (otp_ctrl_scoreboard.sv:570) uvm_test_top.env.scoreboard [uvm_test_top.env.scoreboard] sw state 1, reg state          1
UVM_INFO @  45404214 ps: (otp_ctrl_scoreboard.sv:570) uvm_test_top.env.scoreboard [uvm_test_top.env.scoreboard] sw state 1, reg state          1
UVM_INFO @  45414631 ps: (otp_ctrl_scoreboard.sv:570) uvm_test_top.env.scoreboard [uvm_test_top.env.scoreboard] sw state 1, reg state          1
UVM_INFO @  45425048 ps: (otp_ctrl_scoreboard.sv:570) uvm_test_top.env.scoreboard [uvm_test_top.env.scoreboard] sw state 1, reg state          1
UVM_INFO @  45435465 ps: (otp_ctrl_scoreboard.sv:570) uvm_test_top.env.scoreboard [uvm_test_top.env.scoreboard] sw state 1, reg state          1
UVM_INFO @  45445882 ps: (otp_ctrl_scoreboard.sv:570) uvm_test_top.env.scoreboard [uvm_test_top.env.scoreboard] sw state 1, reg state          1
UVM_INFO @  45456299 ps: (otp_ctrl_scoreboard.sv:570) uvm_test_top.env.scoreboard [uvm_test_top.env.scoreboard] sw state 1, reg state          1
UVM_INFO @  45466716 ps: (otp_ctrl_scoreboard.sv:570) uvm_test_top.env.scoreboard [uvm_test_top.env.scoreboard] sw state 1, reg state          1
UVM_INFO @  45477133 ps: (otp_ctrl_scoreboard.sv:570) uvm_test_top.env.scoreboard [uvm_test_top.env.scoreboard] sw state 1, reg state          1
UVM_INFO @  45487550 ps: (otp_ctrl_scoreboard.sv:570) uvm_test_top.env.scoreboard [uvm_test_top.env.scoreboard] sw state 1, reg state          1
UVM_INFO @  45497967 ps: (otp_ctrl_scoreboard.sv:570) uvm_test_top.env.scoreboard [uvm_test_top.env.scoreboard] sw state 1, reg state          1
UVM_INFO @  45508384 ps: (otp_ctrl_scoreboard.sv:570) uvm_test_top.env.scoreboard [uvm_test_top.env.scoreboard] sw state 1, reg state          1
UVM_INFO @  45518801 ps: (otp_ctrl_scoreboard.sv:570) uvm_test_top.env.scoreboard [uvm_test_top.env.scoreboard] sw state 1, reg state          1
UVM_INFO @  45529218 ps: (otp_ctrl_scoreboard.sv:570) uvm_test_top.env.scoreboard [uvm_test_top.env.scoreboard] sw state 1, reg state          1
UVM_INFO @  45539635 ps: (otp_ctrl_scoreboard.sv:570) uvm_test_top.env.scoreboard [uvm_test_top.env.scoreboard] sw state 1, reg state          1
UVM_INFO @  45550052 ps: (otp_ctrl_scoreboard.sv:570) uvm_test_top.env.scoreboard [uvm_test_top.env.scoreboard] sw state 1, reg state          1
UVM_INFO @  45560469 ps: (otp_ctrl_scoreboard.sv:570) uvm_test_top.env.scoreboard [uvm_test_top.env.scoreboard] sw state 1, reg state          1
UVM_INFO @  45570886 ps: (otp_ctrl_scoreboard.sv:570) uvm_test_top.env.scoreboard [uvm_test_top.env.scoreboard] sw state 1, reg state          1
UVM_INFO @  45581303 ps: (otp_ctrl_scoreboard.sv:570) uvm_test_top.env.scoreboard [uvm_test_top.env.scoreboard] sw state 1, reg state          1
UVM_INFO @  45591720 ps: (otp_ctrl_scoreboard.sv:570) uvm_test_top.env.scoreboard [uvm_test_top.env.scoreboard] sw state 1, reg state          1
UVM_INFO @  45602137 ps: (otp_ctrl_scoreboard.sv:570) uvm_test_top.env.scoreboard [uvm_test_top.env.scoreboard] sw state 1, reg state          1
UVM_INFO @  45612554 ps: (otp_ctrl_scoreboard.sv:570) uvm_test_top.env.scoreboard [uvm_test_top.env.scoreboard] sw state 1, reg state          1
UVM_INFO @  45622971 ps: (otp_ctrl_scoreboard.sv:570) uvm_test_top.env.scoreboard [uvm_test_top.env.scoreboard] sw state 1, reg state          1
UVM_INFO @  45633388 ps: (otp_ctrl_scoreboard.sv:570) uvm_test_top.env.scoreboard [uvm_test_top.env.scoreboard] sw state 1, reg state          1
UVM_INFO @  45643805 ps: (otp_ctrl_scoreboard.sv:570) uvm_test_top.env.scoreboard [uvm_test_top.env.scoreboard] sw state 1, reg state          1
UVM_INFO @  45654222 ps: (otp_ctrl_scoreboard.sv:570) uvm_test_top.env.scoreboard [uvm_test_top.env.scoreboard] sw state 1, reg state          1
UVM_INFO @  45664639 ps: (otp_ctrl_scoreboard.sv:570) uvm_test_top.env.scoreboard [uvm_test_top.env.scoreboard] sw state 1, reg state          1
UVM_INFO @  45675056 ps: (otp_ctrl_scoreboard.sv:570) uvm_test_top.env.scoreboard [uvm_test_top.env.scoreboard] sw state 1, reg state          1
UVM_INFO @  45685473 ps: (otp_ctrl_scoreboard.sv:570) uvm_test_top.env.scoreboard [uvm_test_top.env.scoreboard] sw state 1, reg state          1
UVM_INFO @  45695890 ps: (otp_ctrl_scoreboard.sv:570) uvm_test_top.env.scoreboard [uvm_test_top.env.scoreboard] sw state 1, reg state          1
UVM_INFO @  45706307 ps: (otp_ctrl_scoreboard.sv:570) uvm_test_top.env.scoreboard [uvm_test_top.env.scoreboard] sw state 1, reg state          1
UVM_INFO @  45716724 ps: (otp_ctrl_scoreboard.sv:570) uvm_test_top.env.scoreboard [uvm_test_top.env.scoreboard] sw state 1, reg state          1
UVM_INFO @  45727141 ps: (otp_ctrl_scoreboard.sv:570) uvm_test_top.env.scoreboard [uvm_test_top.env.scoreboard] sw state 1, reg state          1
UVM_INFO @  45737558 ps: (otp_ctrl_scoreboard.sv:570) uvm_test_top.env.scoreboard [uvm_test_top.env.scoreboard] sw state 1, reg state          1
UVM_INFO @  45747975 ps: (otp_ctrl_scoreboard.sv:570) uvm_test_top.env.scoreboard [uvm_test_top.env.scoreboard] sw state 1, reg state          1
UVM_INFO @  45758392 ps: (otp_ctrl_scoreboard.sv:570) uvm_test_top.env.scoreboard [uvm_test_top.env.scoreboard] sw state 1, reg state          1
UVM_INFO @  45768809 ps: (otp_ctrl_scoreboard.sv:570) uvm_test_top.env.scoreboard [uvm_test_top.env.scoreboard] sw state 1, reg state          1
UVM_INFO @  45779226 ps: (otp_ctrl_scoreboard.sv:570) uvm_test_top.env.scoreboard [uvm_test_top.env.scoreboard] sw state 1, reg state          1
UVM_INFO @  45789643 ps: (otp_ctrl_scoreboard.sv:570) uvm_test_top.env.scoreboard [uvm_test_top.env.scoreboard] sw state 1, reg state          1
UVM_INFO @  45800060 ps: (otp_ctrl_scoreboard.sv:570) uvm_test_top.env.scoreboard [uvm_test_top.env.scoreboard] sw state 1, reg state          1
UVM_INFO @  45810477 ps: (otp_ctrl_scoreboard.sv:570) uvm_test_top.env.scoreboard [uvm_test_top.env.scoreboard] sw state 1, reg state          1
UVM_INFO @  45820894 ps: (otp_ctrl_scoreboard.sv:570) uvm_test_top.env.scoreboard [uvm_test_top.env.scoreboard] sw state 1, reg state          1
UVM_INFO @  45831311 ps: (otp_ctrl_scoreboard.sv:570) uvm_test_top.env.scoreboard [uvm_test_top.env.scoreboard] sw state 1, reg state          1
UVM_INFO @  45841728 ps: (otp_ctrl_scoreboard.sv:570) uvm_test_top.env.scoreboard [uvm_test_top.env.scoreboard] sw state 1, reg state          1
UVM_INFO @  45852145 ps: (otp_ctrl_scoreboard.sv:570) uvm_test_top.env.scoreboard [uvm_test_top.env.scoreboard] sw state 1, reg state          1
UVM_INFO @  45862562 ps: (otp_ctrl_scoreboard.sv:570) uvm_test_top.env.scoreboard [uvm_test_top.env.scoreboard] sw state 1, reg state          1
UVM_INFO @  45872979 ps: (otp_ctrl_scoreboard.sv:570) uvm_test_top.env.scoreboard [uvm_test_top.env.scoreboard] sw state 1, reg state          1
UVM_INFO @  45883396 ps: (otp_ctrl_scoreboard.sv:570) uvm_test_top.env.scoreboard [uvm_test_top.env.scoreboard] sw state 1, reg state          1
UVM_INFO @  45893813 ps: (otp_ctrl_scoreboard.sv:570) uvm_test_top.env.scoreboard [uvm_test_top.env.scoreboard] sw state 1, reg state          1
UVM_INFO @  45904230 ps: (otp_ctrl_scoreboard.sv:570) uvm_test_top.env.scoreboard [uvm_test_top.env.scoreboard] sw state 1, reg state          1
UVM_INFO @  45914647 ps: (otp_ctrl_scoreboard.sv:570) uvm_test_top.env.scoreboard [uvm_test_top.env.scoreboard] sw state 1, reg state          1
UVM_INFO @  45925064 ps: (otp_ctrl_scoreboard.sv:570) uvm_test_top.env.scoreboard [uvm_test_top.env.scoreboard] sw state 1, reg state          1
UVM_INFO @  45935481 ps: (otp_ctrl_scoreboard.sv:570) uvm_test_top.env.scoreboard [uvm_test_top.env.scoreboard] sw state 1, reg state          1
UVM_INFO @  45945898 ps: (otp_ctrl_scoreboard.sv:570) uvm_test_top.env.scoreboard [uvm_test_top.env.scoreboard] sw state 1, reg state          1
UVM_INFO @  45956315 ps: (otp_ctrl_scoreboard.sv:570) uvm_test_top.env.scoreboard [uvm_test_top.env.scoreboard] sw state 1, reg state          1
UVM_INFO @  45966732 ps: (otp_ctrl_scoreboard.sv:570) uvm_test_top.env.scoreboard [uvm_test_top.env.scoreboard] sw state 1, reg state          1
UVM_INFO @  45977149 ps: (otp_ctrl_scoreboard.sv:570) uvm_test_top.env.scoreboard [uvm_test_top.env.scoreboard] sw state 1, reg state          1
UVM_INFO @  45987566 ps: (otp_ctrl_scoreboard.sv:570) uvm_test_top.env.scoreboard [uvm_test_top.env.scoreboard] sw state 1, reg state          1
UVM_INFO @  45997983 ps: (otp_ctrl_scoreboard.sv:570) uvm_test_top.env.scoreboard [uvm_test_top.env.scoreboard] sw state 1, reg state          1
UVM_INFO @  46008400 ps: (otp_ctrl_scoreboard.sv:570) uvm_test_top.env.scoreboard [uvm_test_top.env.scoreboard] sw state 1, reg state          1
UVM_INFO @  46018817 ps: (otp_ctrl_scoreboard.sv:570) uvm_test_top.env.scoreboard [uvm_test_top.env.scoreboard] sw state 1, reg state          1
UVM_INFO @  46029234 ps: (otp_ctrl_scoreboard.sv:570) uvm_test_top.env.scoreboard [uvm_test_top.env.scoreboard] sw state 1, reg state          1
UVM_INFO @  46039651 ps: (otp_ctrl_scoreboard.sv:570) uvm_test_top.env.scoreboard [uvm_test_top.env.scoreboard] sw state 1, reg state          1
UVM_INFO @  46050068 ps: (otp_ctrl_scoreboard.sv:570) uvm_test_top.env.scoreboard [uvm_test_top.env.scoreboard] sw state 1, reg state          1
UVM_INFO @  46060485 ps: (otp_ctrl_scoreboard.sv:570) uvm_test_top.env.scoreboard [uvm_test_top.env.scoreboard] sw state 1, reg state          1
UVM_INFO @  46070902 ps: (otp_ctrl_scoreboard.sv:570) uvm_test_top.env.scoreboard [uvm_test_top.env.scoreboard] sw state 1, reg state          1
UVM_INFO @  46081319 ps: (otp_ctrl_scoreboard.sv:570) uvm_test_top.env.scoreboard [uvm_test_top.env.scoreboard] sw state 1, reg state          1
UVM_INFO @  46091736 ps: (otp_ctrl_scoreboard.sv:570) uvm_test_top.env.scoreboard [uvm_test_top.env.scoreboard] sw state 1, reg state          1
UVM_INFO @  46102153 ps: (otp_ctrl_scoreboard.sv:570) uvm_test_top.env.scoreboard [uvm_test_top.env.scoreboard] sw state 1, reg state          1
UVM_INFO @  46112570 ps: (otp_ctrl_scoreboard.sv:570) uvm_test_top.env.scoreboard [uvm_test_top.env.scoreboard] sw state 1, reg state          1
UVM_INFO @  46122987 ps: (otp_ctrl_scoreboard.sv:570) uvm_test_top.env.scoreboard [uvm_test_top.env.scoreboard] sw state 1, reg state          1
UVM_INFO @  46133404 ps: (otp_ctrl_scoreboard.sv:570) uvm_test_top.env.scoreboard [uvm_test_top.env.scoreboard] sw state 1, reg state          1
UVM_INFO @  46143821 ps: (otp_ctrl_scoreboard.sv:570) uvm_test_top.env.scoreboard [uvm_test_top.env.scoreboard] sw state 1, reg state          1
UVM_INFO @  46154238 ps: (otp_ctrl_scoreboard.sv:570) uvm_test_top.env.scoreboard [uvm_test_top.env.scoreboard] sw state 1, reg state          1
UVM_INFO @  46164655 ps: (otp_ctrl_scoreboard.sv:570) uvm_test_top.env.scoreboard [uvm_test_top.env.scoreboard] sw state 1, reg state          1
UVM_INFO @  46175072 ps: (otp_ctrl_scoreboard.sv:570) uvm_test_top.env.scoreboard [uvm_test_top.env.scoreboard] sw state 1, reg state          1
UVM_INFO @  46185489 ps: (otp_ctrl_scoreboard.sv:570) uvm_test_top.env.scoreboard [uvm_test_top.env.scoreboard] sw state 1, reg state          1
UVM_INFO @  46195906 ps: (otp_ctrl_scoreboard.sv:570) uvm_test_top.env.scoreboard [uvm_test_top.env.scoreboard] sw state 1, reg state          1
UVM_INFO @  46206323 ps: (otp_ctrl_scoreboard.sv:570) uvm_test_top.env.scoreboard [uvm_test_top.env.scoreboard] sw state 1, reg state          1
UVM_INFO @  46216740 ps: (otp_ctrl_scoreboard.sv:570) uvm_test_top.env.scoreboard [uvm_test_top.env.scoreboard] sw state 1, reg state          1
UVM_INFO @  46227157 ps: (otp_ctrl_scoreboard.sv:570) uvm_test_top.env.scoreboard [uvm_test_top.env.scoreboard] sw state 1, reg state          1
UVM_INFO @  46237574 ps: (otp_ctrl_scoreboard.sv:570) uvm_test_top.env.scoreboard [uvm_test_top.env.scoreboard] sw state 1, reg state          1
UVM_INFO @  46247991 ps: (otp_ctrl_scoreboard.sv:570) uvm_test_top.env.scoreboard [uvm_test_top.env.scoreboard] sw state 1, reg state          1
UVM_INFO @  46258408 ps: (otp_ctrl_scoreboard.sv:570) uvm_test_top.env.scoreboard [uvm_test_top.env.scoreboard] sw state 1, reg state          1
UVM_INFO @  46268825 ps: (otp_ctrl_scoreboard.sv:570) uvm_test_top.env.scoreboard [uvm_test_top.env.scoreboard] sw state 1, reg state          1
UVM_INFO @  46279242 ps: (otp_ctrl_scoreboard.sv:570) uvm_test_top.env.scoreboard [uvm_test_top.env.scoreboard] sw state 1, reg state          1
UVM_INFO @  46289659 ps: (otp_ctrl_scoreboard.sv:570) uvm_test_top.env.scoreboard [uvm_test_top.env.scoreboard] sw state 1, reg state          1
UVM_INFO @  46300076 ps: (otp_ctrl_scoreboard.sv:570) uvm_test_top.env.scoreboard [uvm_test_top.env.scoreboard] sw state 1, reg state          1
UVM_INFO @  46310493 ps: (otp_ctrl_scoreboard.sv:570) uvm_test_top.env.scoreboard [uvm_test_top.env.scoreboard] sw state 1, reg state          1
UVM_INFO @  46320910 ps: (otp_ctrl_scoreboard.sv:570) uvm_test_top.env.scoreboard [uvm_test_top.env.scoreboard] sw state 1, reg state          1
UVM_INFO @  46331327 ps: (otp_ctrl_scoreboard.sv:570) uvm_test_top.env.scoreboard [uvm_test_top.env.scoreboard] sw state 1, reg state          1
UVM_INFO @  46341744 ps: (otp_ctrl_scoreboard.sv:570) uvm_test_top.env.scoreboard [uvm_test_top.env.scoreboard] sw state 1, reg state          1
UVM_INFO @  46352161 ps: (otp_ctrl_scoreboard.sv:570) uvm_test_top.env.scoreboard [uvm_test_top.env.scoreboard] sw state 1, reg state          1
UVM_INFO @  46362578 ps: (otp_ctrl_scoreboard.sv:570) uvm_test_top.env.scoreboard [uvm_test_top.env.scoreboard] sw state 1, reg state          1
UVM_INFO @  46372995 ps: (otp_ctrl_scoreboard.sv:570) uvm_test_top.env.scoreboard [uvm_test_top.env.scoreboard] sw state 1, reg state          1
UVM_INFO @  46383412 ps: (otp_ctrl_scoreboard.sv:570) uvm_test_top.env.scoreboard [uvm_test_top.env.scoreboard] sw state 1, reg state          1
UVM_INFO @  46393829 ps: (otp_ctrl_scoreboard.sv:570) uvm_test_top.env.scoreboard [uvm_test_top.env.scoreboard] sw state 1, reg state          1
UVM_INFO @  46404246 ps: (otp_ctrl_scoreboard.sv:570) uvm_test_top.env.scoreboard [uvm_test_top.env.scoreboard] sw state 1, reg state          1
UVM_INFO @  46414663 ps: (otp_ctrl_scoreboard.sv:570) uvm_test_top.env.scoreboard [uvm_test_top.env.scoreboard] sw state 1, reg state          1
UVM_INFO @  46425080 ps: (otp_ctrl_scoreboard.sv:570) uvm_test_top.env.scoreboard [uvm_test_top.env.scoreboard] sw state 1, reg state          1
UVM_INFO @  46435497 ps: (otp_ctrl_scoreboard.sv:570) uvm_test_top.env.scoreboard [uvm_test_top.env.scoreboard] sw state 1, reg state          1
UVM_INFO @  46445914 ps: (otp_ctrl_scoreboard.sv:570) uvm_test_top.env.scoreboard [uvm_test_top.env.scoreboard] sw state 1, reg state          1
UVM_INFO @  46456331 ps: (otp_ctrl_scoreboard.sv:570) uvm_test_top.env.scoreboard [uvm_test_top.env.scoreboard] sw state 1, reg state          1
UVM_INFO @  46466748 ps: (otp_ctrl_scoreboard.sv:570) uvm_test_top.env.scoreboard [uvm_test_top.env.scoreboard] sw state 1, reg state          1
UVM_INFO @  46477165 ps: (otp_ctrl_scoreboard.sv:570) uvm_test_top.env.scoreboard [uvm_test_top.env.scoreboard] sw state 1, reg state          1
UVM_INFO @  46487582 ps: (otp_ctrl_scoreboard.sv:570) uvm_test_top.env.scoreboard [uvm_test_top.env.scoreboard] sw state 1, reg state          1
UVM_INFO @  46497999 ps: (otp_ctrl_scoreboard.sv:570) uvm_test_top.env.scoreboard [uvm_test_top.env.scoreboard] sw state 1, reg state          1
UVM_INFO @  46508416 ps: (otp_ctrl_scoreboard.sv:570) uvm_test_top.env.scoreboard [uvm_test_top.env.scoreboard] sw state 1, reg state          1
UVM_INFO @  46518833 ps: (otp_ctrl_scoreboard.sv:570) uvm_test_top.env.scoreboard [uvm_test_top.env.scoreboard] sw state 1, reg state          1
UVM_INFO @  46529250 ps: (otp_ctrl_scoreboard.sv:570) uvm_test_top.env.scoreboard [uvm_test_top.env.scoreboard] sw state 1, reg state          1
UVM_INFO @  46539667 ps: (otp_ctrl_scoreboard.sv:570) uvm_test_top.env.scoreboard [uvm_test_top.env.scoreboard] sw state 1, reg state          1
UVM_INFO @  46550084 ps: (otp_ctrl_scoreboard.sv:570) uvm_test_top.env.scoreboard [uvm_test_top.env.scoreboard] sw state 1, reg state          1
UVM_INFO @  46560501 ps: (otp_ctrl_scoreboard.sv:570) uvm_test_top.env.scoreboard [uvm_test_top.env.scoreboard] sw state 1, reg state          1
UVM_INFO @  46570918 ps: (otp_ctrl_scoreboard.sv:570) uvm_test_top.env.scoreboard [uvm_test_top.env.scoreboard] sw state 1, reg state          1
UVM_INFO @  46581335 ps: (otp_ctrl_scoreboard.sv:570) uvm_test_top.env.scoreboard [uvm_test_top.env.scoreboard] sw state 1, reg state          1
UVM_INFO @  46591752 ps: (otp_ctrl_scoreboard.sv:570) uvm_test_top.env.scoreboard [uvm_test_top.env.scoreboard] sw state 1, reg state          1
UVM_INFO @  46602169 ps: (otp_ctrl_scoreboard.sv:570) uvm_test_top.env.scoreboard [uvm_test_top.env.scoreboard] sw state 1, reg state          1
UVM_INFO @  46612586 ps: (otp_ctrl_scoreboard.sv:570) uvm_test_top.env.scoreboard [uvm_test_top.env.scoreboard] sw state 1, reg state          1
UVM_INFO @  46623003 ps: (otp_ctrl_scoreboard.sv:570) uvm_test_top.env.scoreboard [uvm_test_top.env.scoreboard] sw state 1, reg state          1
UVM_INFO @  46633420 ps: (otp_ctrl_scoreboard.sv:570) uvm_test_top.env.scoreboard [uvm_test_top.env.scoreboard] sw state 1, reg state          1
UVM_INFO @  46643837 ps: (otp_ctrl_scoreboard.sv:570) uvm_test_top.env.scoreboard [uvm_test_top.env.scoreboard] sw state 1, reg state          1
UVM_INFO @  46654254 ps: (otp_ctrl_scoreboard.sv:570) uvm_test_top.env.scoreboard [uvm_test_top.env.scoreboard] sw state 1, reg state          1
UVM_INFO @  46664671 ps: (otp_ctrl_scoreboard.sv:570) uvm_test_top.env.scoreboard [uvm_test_top.env.scoreboard] sw state 1, reg state          1
UVM_INFO @  46675088 ps: (otp_ctrl_scoreboard.sv:570) uvm_test_top.env.scoreboard [uvm_test_top.env.scoreboard] sw state 1, reg state          1
UVM_INFO @  46685505 ps: (otp_ctrl_scoreboard.sv:570) uvm_test_top.env.scoreboard [uvm_test_top.env.scoreboard] sw state 1, reg state          1
UVM_INFO @  46695922 ps: (otp_ctrl_scoreboard.sv:570) uvm_test_top.env.scoreboard [uvm_test_top.env.scoreboard] sw state 1, reg state          1
UVM_INFO @  46706339 ps: (otp_ctrl_scoreboard.sv:570) uvm_test_top.env.scoreboard [uvm_test_top.env.scoreboard] sw state 1, reg state          1
UVM_INFO @  46716756 ps: (otp_ctrl_scoreboard.sv:570) uvm_test_top.env.scoreboard [uvm_test_top.env.scoreboard] sw state 1, reg state          1
UVM_INFO @  46727173 ps: (otp_ctrl_scoreboard.sv:570) uvm_test_top.env.scoreboard [uvm_test_top.env.scoreboard] sw state 1, reg state          1
UVM_INFO @  46737590 ps: (otp_ctrl_scoreboard.sv:570) uvm_test_top.env.scoreboard [uvm_test_top.env.scoreboard] sw state 1, reg state          1
UVM_INFO @  46748007 ps: (otp_ctrl_scoreboard.sv:570) uvm_test_top.env.scoreboard [uvm_test_top.env.scoreboard] sw state 1, reg state          1
UVM_INFO @  46758424 ps: (otp_ctrl_scoreboard.sv:570) uvm_test_top.env.scoreboard [uvm_test_top.env.scoreboard] sw state 1, reg state          1
UVM_INFO @  46768841 ps: (otp_ctrl_scoreboard.sv:570) uvm_test_top.env.scoreboard [uvm_test_top.env.scoreboard] sw state 1, reg state          1
UVM_INFO @  46779258 ps: (otp_ctrl_scoreboard.sv:570) uvm_test_top.env.scoreboard [uvm_test_top.env.scoreboard] sw state 1, reg state          1
UVM_INFO @  46789675 ps: (otp_ctrl_scoreboard.sv:570) uvm_test_top.env.scoreboard [uvm_test_top.env.scoreboard] sw state 1, reg state          1
UVM_INFO @  46800092 ps: (otp_ctrl_scoreboard.sv:570) uvm_test_top.env.scoreboard [uvm_test_top.env.scoreboard] sw state 1, reg state          1
UVM_INFO @  46810509 ps: (otp_ctrl_scoreboard.sv:570) uvm_test_top.env.scoreboard [uvm_test_top.env.scoreboard] sw state 1, reg state          1
UVM_INFO @  46820926 ps: (otp_ctrl_scoreboard.sv:570) uvm_test_top.env.scoreboard [uvm_test_top.env.scoreboard] sw state 1, reg state          1
UVM_INFO @  46831343 ps: (otp_ctrl_scoreboard.sv:570) uvm_test_top.env.scoreboard [uvm_test_top.env.scoreboard] sw state 1, reg state          1
UVM_INFO @  46841760 ps: (otp_ctrl_scoreboard.sv:570) uvm_test_top.env.scoreboard [uvm_test_top.env.scoreboard] sw state 1, reg state          1
UVM_INFO @  46852177 ps: (otp_ctrl_scoreboard.sv:570) uvm_test_top.env.scoreboard [uvm_test_top.env.scoreboard] sw state 1, reg state          1
UVM_INFO @  46862594 ps: (otp_ctrl_scoreboard.sv:570) uvm_test_top.env.scoreboard [uvm_test_top.env.scoreboard] sw state 1, reg state          1
UVM_INFO @  46873011 ps: (otp_ctrl_scoreboard.sv:570) uvm_test_top.env.scoreboard [uvm_test_top.env.scoreboard] sw state 1, reg state          1
UVM_INFO @  46883428 ps: (otp_ctrl_scoreboard.sv:570) uvm_test_top.env.scoreboard [uvm_test_top.env.scoreboard] sw state 1, reg state          1
UVM_INFO @  46893845 ps: (otp_ctrl_scoreboard.sv:570) uvm_test_top.env.scoreboard [uvm_test_top.env.scoreboard] sw state 1, reg state          1
UVM_INFO @  46904262 ps: (otp_ctrl_scoreboard.sv:570) uvm_test_top.env.scoreboard [uvm_test_top.env.scoreboard] sw state 1, reg state          1
UVM_INFO @  46914679 ps: (otp_ctrl_scoreboard.sv:570) uvm_test_top.env.scoreboard [uvm_test_top.env.scoreboard] sw state 1, reg state          1
UVM_INFO @  46925096 ps: (otp_ctrl_scoreboard.sv:570) uvm_test_top.env.scoreboard [uvm_test_top.env.scoreboard] sw state 1, reg state          1
UVM_INFO @  46935513 ps: (otp_ctrl_scoreboard.sv:570) uvm_test_top.env.scoreboard [uvm_test_top.env.scoreboard] sw state 1, reg state          1
UVM_INFO @  46945930 ps: (otp_ctrl_scoreboard.sv:570) uvm_test_top.env.scoreboard [uvm_test_top.env.scoreboard] sw state 1, reg state          1
UVM_INFO @  46956347 ps: (otp_ctrl_scoreboard.sv:570) uvm_test_top.env.scoreboard [uvm_test_top.env.scoreboard] sw state 1, reg state          1
UVM_INFO @  46966764 ps: (otp_ctrl_scoreboard.sv:570) uvm_test_top.env.scoreboard [uvm_test_top.env.scoreboard] sw state 1, reg state          1
UVM_INFO @  46977181 ps: (otp_ctrl_scoreboard.sv:570) uvm_test_top.env.scoreboard [uvm_test_top.env.scoreboard] sw state 1, reg state          1
UVM_INFO @  46987598 ps: (otp_ctrl_scoreboard.sv:570) uvm_test_top.env.scoreboard [uvm_test_top.env.scoreboard] sw state 1, reg state          1
UVM_INFO @  46998015 ps: (otp_ctrl_scoreboard.sv:570) uvm_test_top.env.scoreboard [uvm_test_top.env.scoreboard] sw state 1, reg state          1
UVM_INFO @  47008432 ps: (otp_ctrl_scoreboard.sv:570) uvm_test_top.env.scoreboard [uvm_test_top.env.scoreboard] sw state 1, reg state          1
UVM_INFO @  47018849 ps: (otp_ctrl_scoreboard.sv:570) uvm_test_top.env.scoreboard [uvm_test_top.env.scoreboard] sw state 1, reg state          1
UVM_INFO @  47029266 ps: (otp_ctrl_scoreboard.sv:570) uvm_test_top.env.scoreboard [uvm_test_top.env.scoreboard] sw state 1, reg state          1
UVM_INFO @  47039683 ps: (otp_ctrl_scoreboard.sv:570) uvm_test_top.env.scoreboard [uvm_test_top.env.scoreboard] sw state 1, reg state          1
UVM_INFO @  47050100 ps: (otp_ctrl_scoreboard.sv:570) uvm_test_top.env.scoreboard [uvm_test_top.env.scoreboard] sw state 1, reg state          1
UVM_INFO @  47060517 ps: (otp_ctrl_scoreboard.sv:570) uvm_test_top.env.scoreboard [uvm_test_top.env.scoreboard] sw state 1, reg state          1
UVM_INFO @  47070934 ps: (otp_ctrl_scoreboard.sv:570) uvm_test_top.env.scoreboard [uvm_test_top.env.scoreboard] sw state 1, reg state          1
UVM_INFO @  47081351 ps: (otp_ctrl_scoreboard.sv:570) uvm_test_top.env.scoreboard [uvm_test_top.env.scoreboard] sw state 1, reg state          1
UVM_INFO @  47091768 ps: (otp_ctrl_scoreboard.sv:570) uvm_test_top.env.scoreboard [uvm_test_top.env.scoreboard] sw state 1, reg state          1
UVM_INFO @  47102185 ps: (otp_ctrl_scoreboard.sv:570) uvm_test_top.env.scoreboard [uvm_test_top.env.scoreboard] sw state 1, reg state          1
UVM_INFO @  47112602 ps: (otp_ctrl_scoreboard.sv:570) uvm_test_top.env.scoreboard [uvm_test_top.env.scoreboard] sw state 1, reg state          1
UVM_INFO @  47123019 ps: (otp_ctrl_scoreboard.sv:570) uvm_test_top.env.scoreboard [uvm_test_top.env.scoreboard] sw state 1, reg state          1
UVM_INFO @  47133436 ps: (otp_ctrl_scoreboard.sv:570) uvm_test_top.env.scoreboard [uvm_test_top.env.scoreboard] sw state 1, reg state          1
UVM_INFO @  47143853 ps: (otp_ctrl_scoreboard.sv:570) uvm_test_top.env.scoreboard [uvm_test_top.env.scoreboard] sw state 1, reg state          1
UVM_INFO @  47154270 ps: (otp_ctrl_scoreboard.sv:570) uvm_test_top.env.scoreboard [uvm_test_top.env.scoreboard] sw state 1, reg state          1
UVM_INFO @  47164687 ps: (otp_ctrl_scoreboard.sv:570) uvm_test_top.env.scoreboard [uvm_test_top.env.scoreboard] sw state 1, reg state          1
UVM_INFO @  47175104 ps: (otp_ctrl_scoreboard.sv:570) uvm_test_top.env.scoreboard [uvm_test_top.env.scoreboard] sw state 1, reg state          1
UVM_INFO @  47185521 ps: (otp_ctrl_scoreboard.sv:570) uvm_test_top.env.scoreboard [uvm_test_top.env.scoreboard] sw state 1, reg state          1
UVM_INFO @  47195938 ps: (otp_ctrl_scoreboard.sv:570) uvm_test_top.env.scoreboard [uvm_test_top.env.scoreboard] sw state 1, reg state          1
UVM_INFO @  47206355 ps: (otp_ctrl_scoreboard.sv:570) uvm_test_top.env.scoreboard [uvm_test_top.env.scoreboard] sw state 1, reg state          1
UVM_INFO @  47216772 ps: (otp_ctrl_scoreboard.sv:570) uvm_test_top.env.scoreboard [uvm_test_top.env.scoreboard] sw state 1, reg state          1
UVM_INFO @  47227189 ps: (otp_ctrl_scoreboard.sv:570) uvm_test_top.env.scoreboard [uvm_test_top.env.scoreboard] sw state 1, reg state          1
UVM_INFO @  47237606 ps: (otp_ctrl_scoreboard.sv:570) uvm_test_top.env.scoreboard [uvm_test_top.env.scoreboard] sw state 1, reg state          1
UVM_INFO @  47248023 ps: (otp_ctrl_scoreboard.sv:570) uvm_test_top.env.scoreboard [uvm_test_top.env.scoreboard] sw state 1, reg state          1
UVM_INFO @  47258440 ps: (otp_ctrl_scoreboard.sv:570) uvm_test_top.env.scoreboard [uvm_test_top.env.scoreboard] sw state 1, reg state          1
UVM_INFO @  47268857 ps: (otp_ctrl_scoreboard.sv:570) uvm_test_top.env.scoreboard [uvm_test_top.env.scoreboard] sw state 1, reg state          1
UVM_INFO @  47279274 ps: (otp_ctrl_scoreboard.sv:570) uvm_test_top.env.scoreboard [uvm_test_top.env.scoreboard] sw state 1, reg state          1
UVM_INFO @  47289691 ps: (otp_ctrl_scoreboard.sv:570) uvm_test_top.env.scoreboard [uvm_test_top.env.scoreboard] sw state 1, reg state          1
UVM_INFO @  47300108 ps: (otp_ctrl_scoreboard.sv:570) uvm_test_top.env.scoreboard [uvm_test_top.env.scoreboard] sw state 1, reg state          1
UVM_INFO @  47310525 ps: (otp_ctrl_scoreboard.sv:570) uvm_test_top.env.scoreboard [uvm_test_top.env.scoreboard] sw state 1, reg state          1
UVM_INFO @  47320942 ps: (otp_ctrl_scoreboard.sv:570) uvm_test_top.env.scoreboard [uvm_test_top.env.scoreboard] sw state 1, reg state          1
UVM_INFO @  47331359 ps: (otp_ctrl_scoreboard.sv:570) uvm_test_top.env.scoreboard [uvm_test_top.env.scoreboard] sw state 1, reg state          1
UVM_INFO @  47341776 ps: (otp_ctrl_scoreboard.sv:570) uvm_test_top.env.scoreboard [uvm_test_top.env.scoreboard] sw state 1, reg state          1
UVM_INFO @  47352193 ps: (otp_ctrl_scoreboard.sv:570) uvm_test_top.env.scoreboard [uvm_test_top.env.scoreboard] sw state 1, reg state          1
UVM_INFO @  47362610 ps: (otp_ctrl_scoreboard.sv:570) uvm_test_top.env.scoreboard [uvm_test_top.env.scoreboard] sw state 1, reg state          1
UVM_INFO @  47373027 ps: (otp_ctrl_scoreboard.sv:570) uvm_test_top.env.scoreboard [uvm_test_top.env.scoreboard] sw state 1, reg state          1
UVM_INFO @  47383444 ps: (otp_ctrl_scoreboard.sv:570) uvm_test_top.env.scoreboard [uvm_test_top.env.scoreboard] sw state 1, reg state          1
UVM_INFO @  47393861 ps: (otp_ctrl_scoreboard.sv:570) uvm_test_top.env.scoreboard [uvm_test_top.env.scoreboard] sw state 1, reg state          1
UVM_INFO @  47404278 ps: (otp_ctrl_scoreboard.sv:570) uvm_test_top.env.scoreboard [uvm_test_top.env.scoreboard] sw state 1, reg state          1
UVM_INFO @  47414695 ps: (otp_ctrl_scoreboard.sv:570) uvm_test_top.env.scoreboard [uvm_test_top.env.scoreboard] sw state 1, reg state          1
UVM_INFO @  47425112 ps: (otp_ctrl_scoreboard.sv:570) uvm_test_top.env.scoreboard [uvm_test_top.env.scoreboard] sw state 1, reg state          1
UVM_INFO @  47435529 ps: (otp_ctrl_scoreboard.sv:570) uvm_test_top.env.scoreboard [uvm_test_top.env.scoreboard] sw state 1, reg state          1
UVM_INFO @  47445946 ps: (otp_ctrl_scoreboard.sv:570) uvm_test_top.env.scoreboard [uvm_test_top.env.scoreboard] sw state 1, reg state          1
UVM_INFO @  47456363 ps: (otp_ctrl_scoreboard.sv:570) uvm_test_top.env.scoreboard [uvm_test_top.env.scoreboard] sw state 1, reg state          1
UVM_INFO @  47466780 ps: (otp_ctrl_scoreboard.sv:570) uvm_test_top.env.scoreboard [uvm_test_top.env.scoreboard] sw state 1, reg state          1
UVM_INFO @  47477197 ps: (otp_ctrl_scoreboard.sv:570) uvm_test_top.env.scoreboard [uvm_test_top.env.scoreboard] sw state 1, reg state          1
UVM_INFO @  47487614 ps: (otp_ctrl_scoreboard.sv:570) uvm_test_top.env.scoreboard [uvm_test_top.env.scoreboard] sw state 1, reg state          1
UVM_INFO @  47498031 ps: (otp_ctrl_scoreboard.sv:570) uvm_test_top.env.scoreboard [uvm_test_top.env.scoreboard] sw state 1, reg state          1
UVM_INFO @  47508448 ps: (otp_ctrl_scoreboard.sv:570) uvm_test_top.env.scoreboard [uvm_test_top.env.scoreboard] sw state 1, reg state          1
UVM_INFO @  47518865 ps: (otp_ctrl_scoreboard.sv:570) uvm_test_top.env.scoreboard [uvm_test_top.env.scoreboard] sw state 1, reg state          1
UVM_INFO @  47529282 ps: (otp_ctrl_scoreboard.sv:570) uvm_test_top.env.scoreboard [uvm_test_top.env.scoreboard] sw state 1, reg state          1
UVM_INFO @  47539699 ps: (otp_ctrl_scoreboard.sv:570) uvm_test_top.env.scoreboard [uvm_test_top.env.scoreboard] sw state 1, reg state          1
UVM_INFO @  47550116 ps: (otp_ctrl_scoreboard.sv:570) uvm_test_top.env.scoreboard [uvm_test_top.env.scoreboard] sw state 1, reg state          1
UVM_INFO @  47560533 ps: (otp_ctrl_scoreboard.sv:570) uvm_test_top.env.scoreboard [uvm_test_top.env.scoreboard] sw state 1, reg state          1
UVM_INFO @  47570950 ps: (otp_ctrl_scoreboard.sv:570) uvm_test_top.env.scoreboard [uvm_test_top.env.scoreboard] sw state 1, reg state          1
UVM_INFO @  47581367 ps: (otp_ctrl_scoreboard.sv:570) uvm_test_top.env.scoreboard [uvm_test_top.env.scoreboard] sw state 1, reg state          1
UVM_INFO @  47591784 ps: (otp_ctrl_scoreboard.sv:570) uvm_test_top.env.scoreboard [uvm_test_top.env.scoreboard] sw state 1, reg state          1
UVM_INFO @  47602201 ps: (otp_ctrl_scoreboard.sv:570) uvm_test_top.env.scoreboard [uvm_test_top.env.scoreboard] sw state 1, reg state          1
UVM_INFO @  47612618 ps: (otp_ctrl_scoreboard.sv:570) uvm_test_top.env.scoreboard [uvm_test_top.env.scoreboard] sw state 1, reg state          1
UVM_INFO @  47623035 ps: (otp_ctrl_scoreboard.sv:570) uvm_test_top.env.scoreboard [uvm_test_top.env.scoreboard] sw state 1, reg state          1
UVM_INFO @  47633452 ps: (otp_ctrl_scoreboard.sv:570) uvm_test_top.env.scoreboard [uvm_test_top.env.scoreboard] sw state 1, reg state          1
UVM_INFO @  47643869 ps: (otp_ctrl_scoreboard.sv:570) uvm_test_top.env.scoreboard [uvm_test_top.env.scoreboard] sw state 1, reg state          1
UVM_INFO @  47654286 ps: (otp_ctrl_scoreboard.sv:570) uvm_test_top.env.scoreboard [uvm_test_top.env.scoreboard] sw state 1, reg state          1
UVM_INFO @  47664703 ps: (otp_ctrl_scoreboard.sv:570) uvm_test_top.env.scoreboard [uvm_test_top.env.scoreboard] sw state 1, reg state          1
UVM_INFO @  47675120 ps: (otp_ctrl_scoreboard.sv:570) uvm_test_top.env.scoreboard [uvm_test_top.env.scoreboard] sw state 1, reg state          1
UVM_INFO @  47685537 ps: (otp_ctrl_scoreboard.sv:570) uvm_test_top.env.scoreboard [uvm_test_top.env.scoreboard] sw state 1, reg state          1
UVM_INFO @  47695954 ps: (otp_ctrl_scoreboard.sv:570) uvm_test_top.env.scoreboard [uvm_test_top.env.scoreboard] sw state 1, reg state          1
UVM_INFO @  47706371 ps: (otp_ctrl_scoreboard.sv:570) uvm_test_top.env.scoreboard [uvm_test_top.env.scoreboard] sw state 1, reg state          1
UVM_INFO @  47716788 ps: (otp_ctrl_scoreboard.sv:570) uvm_test_top.env.scoreboard [uvm_test_top.env.scoreboard] sw state 1, reg state          1
UVM_INFO @  47727205 ps: (otp_ctrl_scoreboard.sv:570) uvm_test_top.env.scoreboard [uvm_test_top.env.scoreboard] sw state 1, reg state          1
UVM_INFO @  47737622 ps: (otp_ctrl_scoreboard.sv:570) uvm_test_top.env.scoreboard [uvm_test_top.env.scoreboard] sw state 1, reg state          1
UVM_INFO @  47748039 ps: (otp_ctrl_scoreboard.sv:570) uvm_test_top.env.scoreboard [uvm_test_top.env.scoreboard] sw state 1, reg state          1
UVM_INFO @  47758456 ps: (otp_ctrl_scoreboard.sv:570) uvm_test_top.env.scoreboard [uvm_test_top.env.scoreboard] sw state 1, reg state          1
UVM_INFO @  47768873 ps: (otp_ctrl_scoreboard.sv:570) uvm_test_top.env.scoreboard [uvm_test_top.env.scoreboard] sw state 1, reg state          1
UVM_INFO @  47779290 ps: (otp_ctrl_scoreboard.sv:570) uvm_test_top.env.scoreboard [uvm_test_top.env.scoreboard] sw state 1, reg state          1
UVM_INFO @  47789707 ps: (otp_ctrl_scoreboard.sv:570) uvm_test_top.env.scoreboard [uvm_test_top.env.scoreboard] sw state 1, reg state          1
UVM_INFO @  47800124 ps: (otp_ctrl_scoreboard.sv:570) uvm_test_top.env.scoreboard [uvm_test_top.env.scoreboard] sw state 1, reg state          1
UVM_INFO @  47810541 ps: (otp_ctrl_scoreboard.sv:570) uvm_test_top.env.scoreboard [uvm_test_top.env.scoreboard] sw state 1, reg state          1
UVM_INFO @  47820958 ps: (otp_ctrl_scoreboard.sv:570) uvm_test_top.env.scoreboard [uvm_test_top.env.scoreboard] sw state 1, reg state          1
UVM_INFO @  47831375 ps: (otp_ctrl_scoreboard.sv:570) uvm_test_top.env.scoreboard [uvm_test_top.env.scoreboard] sw state 1, reg state          1
UVM_INFO @  47841792 ps: (otp_ctrl_scoreboard.sv:570) uvm_test_top.env.scoreboard [uvm_test_top.env.scoreboard] sw state 1, reg state          1
UVM_INFO @  47852209 ps: (otp_ctrl_scoreboard.sv:570) uvm_test_top.env.scoreboard [uvm_test_top.env.scoreboard] sw state 1, reg state          1
UVM_INFO @  47862626 ps: (otp_ctrl_scoreboard.sv:570) uvm_test_top.env.scoreboard [uvm_test_top.env.scoreboard] sw state 1, reg state          1
UVM_INFO @  47873043 ps: (otp_ctrl_scoreboard.sv:570) uvm_test_top.env.scoreboard [uvm_test_top.env.scoreboard] sw state 1, reg state          1
UVM_INFO @  47883460 ps: (otp_ctrl_scoreboard.sv:570) uvm_test_top.env.scoreboard [uvm_test_top.env.scoreboard] sw state 1, reg state          1
UVM_INFO @  47893877 ps: (otp_ctrl_scoreboard.sv:570) uvm_test_top.env.scoreboard [uvm_test_top.env.scoreboard] sw state 1, reg state          1
UVM_INFO @  47904294 ps: (otp_ctrl_scoreboard.sv:570) uvm_test_top.env.scoreboard [uvm_test_top.env.scoreboard] sw state 1, reg state          1
UVM_INFO @  47914711 ps: (otp_ctrl_scoreboard.sv:570) uvm_test_top.env.scoreboard [uvm_test_top.env.scoreboard] sw state 1, reg state          1
UVM_INFO @  47925128 ps: (otp_ctrl_scoreboard.sv:570) uvm_test_top.env.scoreboard [uvm_test_top.env.scoreboard] sw state 1, reg state          1
UVM_INFO @  47935545 ps: (otp_ctrl_scoreboard.sv:570) uvm_test_top.env.scoreboard [uvm_test_top.env.scoreboard] sw state 1, reg state          1
UVM_INFO @  47945962 ps: (otp_ctrl_scoreboard.sv:570) uvm_test_top.env.scoreboard [uvm_test_top.env.scoreboard] sw state 1, reg state          1
UVM_INFO @  47956379 ps: (otp_ctrl_scoreboard.sv:570) uvm_test_top.env.scoreboard [uvm_test_top.env.scoreboard] sw state 1, reg state          1
UVM_INFO @  47966796 ps: (otp_ctrl_scoreboard.sv:570) uvm_test_top.env.scoreboard [uvm_test_top.env.scoreboard] sw state 1, reg state          1
UVM_INFO @  47977213 ps: (otp_ctrl_scoreboard.sv:570) uvm_test_top.env.scoreboard [uvm_test_top.env.scoreboard] sw state 1, reg state          1
UVM_INFO @  47987630 ps: (otp_ctrl_scoreboard.sv:570) uvm_test_top.env.scoreboard [uvm_test_top.env.scoreboard] sw state 1, reg state          1
UVM_INFO @  47998047 ps: (otp_ctrl_scoreboard.sv:570) uvm_test_top.env.scoreboard [uvm_test_top.env.scoreboard] sw state 1, reg state          1
UVM_INFO @  48008464 ps: (otp_ctrl_scoreboard.sv:570) uvm_test_top.env.scoreboard [uvm_test_top.env.scoreboard] sw state 1, reg state          1
UVM_INFO @  48018881 ps: (otp_ctrl_scoreboard.sv:570) uvm_test_top.env.scoreboard [uvm_test_top.env.scoreboard] sw state 1, reg state          1
UVM_INFO @  48029298 ps: (otp_ctrl_scoreboard.sv:570) uvm_test_top.env.scoreboard [uvm_test_top.env.scoreboard] sw state 1, reg state          1
UVM_INFO @  48039715 ps: (otp_ctrl_scoreboard.sv:570) uvm_test_top.env.scoreboard [uvm_test_top.env.scoreboard] sw state 1, reg state          1
UVM_INFO @  48050132 ps: (otp_ctrl_scoreboard.sv:570) uvm_test_top.env.scoreboard [uvm_test_top.env.scoreboard] sw state 1, reg state          1
UVM_INFO @  48060549 ps: (otp_ctrl_scoreboard.sv:570) uvm_test_top.env.scoreboard [uvm_test_top.env.scoreboard] sw state 1, reg state          1
UVM_INFO @  48070966 ps: (otp_ctrl_scoreboard.sv:570) uvm_test_top.env.scoreboard [uvm_test_top.env.scoreboard] sw state 1, reg state          1
UVM_INFO @  48081383 ps: (otp_ctrl_scoreboard.sv:570) uvm_test_top.env.scoreboard [uvm_test_top.env.scoreboard] sw state 1, reg state          1
UVM_INFO @  48091800 ps: (otp_ctrl_scoreboard.sv:570) uvm_test_top.env.scoreboard [uvm_test_top.env.scoreboard] sw state 1, reg state          1
UVM_INFO @  48102217 ps: (otp_ctrl_scoreboard.sv:570) uvm_test_top.env.scoreboard [uvm_test_top.env.scoreboard] sw state 1, reg state          1
UVM_INFO @  48112634 ps: (otp_ctrl_scoreboard.sv:570) uvm_test_top.env.scoreboard [uvm_test_top.env.scoreboard] sw state 1, reg state          1
UVM_INFO @  48123051 ps: (otp_ctrl_scoreboard.sv:570) uvm_test_top.env.scoreboard [uvm_test_top.env.scoreboard] sw state 1, reg state          1
UVM_INFO @  48133468 ps: (otp_ctrl_scoreboard.sv:570) uvm_test_top.env.scoreboard [uvm_test_top.env.scoreboard] sw state 1, reg state          1
UVM_INFO @  48143885 ps: (otp_ctrl_scoreboard.sv:570) uvm_test_top.env.scoreboard [uvm_test_top.env.scoreboard] sw state 1, reg state          1
UVM_INFO @  48154302 ps: (otp_ctrl_scoreboard.sv:570) uvm_test_top.env.scoreboard [uvm_test_top.env.scoreboard] sw state 1, reg state          1
UVM_INFO @  48164719 ps: (otp_ctrl_scoreboard.sv:570) uvm_test_top.env.scoreboard [uvm_test_top.env.scoreboard] sw state 1, reg state          1
UVM_INFO @  48175136 ps: (otp_ctrl_scoreboard.sv:570) uvm_test_top.env.scoreboard [uvm_test_top.env.scoreboard] sw state 1, reg state          1
UVM_INFO @  48185553 ps: (otp_ctrl_scoreboard.sv:570) uvm_test_top.env.scoreboard [uvm_test_top.env.scoreboard] sw state 1, reg state          1
UVM_INFO @  48195970 ps: (otp_ctrl_scoreboard.sv:570) uvm_test_top.env.scoreboard [uvm_test_top.env.scoreboard] sw state 1, reg state          1
UVM_INFO @  48206387 ps: (otp_ctrl_scoreboard.sv:570) uvm_test_top.env.scoreboard [uvm_test_top.env.scoreboard] sw state 1, reg state          1
UVM_INFO @  48216804 ps: (otp_ctrl_scoreboard.sv:570) uvm_test_top.env.scoreboard [uvm_test_top.env.scoreboard] sw state 1, reg state          1
UVM_INFO @  48227221 ps: (otp_ctrl_scoreboard.sv:570) uvm_test_top.env.scoreboard [uvm_test_top.env.scoreboard] sw state 1, reg state          1
UVM_INFO @  48237638 ps: (otp_ctrl_scoreboard.sv:570) uvm_test_top.env.scoreboard [uvm_test_top.env.scoreboard] sw state 1, reg state          1
UVM_INFO @  48248055 ps: (otp_ctrl_scoreboard.sv:570) uvm_test_top.env.scoreboard [uvm_test_top.env.scoreboard] sw state 1, reg state          1
UVM_INFO @  48258472 ps: (otp_ctrl_scoreboard.sv:570) uvm_test_top.env.scoreboard [uvm_test_top.env.scoreboard] sw state 1, reg state          1
UVM_INFO @  48268889 ps: (otp_ctrl_scoreboard.sv:570) uvm_test_top.env.scoreboard [uvm_test_top.env.scoreboard] sw state 1, reg state          1
UVM_INFO @  48279306 ps: (otp_ctrl_scoreboard.sv:570) uvm_test_top.env.scoreboard [uvm_test_top.env.scoreboard] sw state 1, reg state          1
UVM_INFO @  48289723 ps: (otp_ctrl_scoreboard.sv:570) uvm_test_top.env.scoreboard [uvm_test_top.env.scoreboard] sw state 1, reg state          1
UVM_INFO @  48300140 ps: (otp_ctrl_scoreboard.sv:570) uvm_test_top.env.scoreboard [uvm_test_top.env.scoreboard] sw state 1, reg state          1
UVM_INFO @  48310557 ps: (otp_ctrl_scoreboard.sv:570) uvm_test_top.env.scoreboard [uvm_test_top.env.scoreboard] sw state 1, reg state          1
UVM_INFO @  48320974 ps: (otp_ctrl_scoreboard.sv:570) uvm_test_top.env.scoreboard [uvm_test_top.env.scoreboard] sw state 1, reg state          1
UVM_INFO @  48331391 ps: (otp_ctrl_scoreboard.sv:570) uvm_test_top.env.scoreboard [uvm_test_top.env.scoreboard] sw state 1, reg state          1
UVM_INFO @  48341808 ps: (otp_ctrl_scoreboard.sv:570) uvm_test_top.env.scoreboard [uvm_test_top.env.scoreboard] sw state 1, reg state          1
UVM_INFO @  48352225 ps: (otp_ctrl_scoreboard.sv:570) uvm_test_top.env.scoreboard [uvm_test_top.env.scoreboard] sw state 1, reg state          1
UVM_INFO @  48362642 ps: (otp_ctrl_scoreboard.sv:570) uvm_test_top.env.scoreboard [uvm_test_top.env.scoreboard] sw state 1, reg state          1
UVM_INFO @  48373059 ps: (otp_ctrl_scoreboard.sv:570) uvm_test_top.env.scoreboard [uvm_test_top.env.scoreboard] sw state 1, reg state          1
UVM_INFO @  48383476 ps: (otp_ctrl_scoreboard.sv:570) uvm_test_top.env.scoreboard [uvm_test_top.env.scoreboard] sw state 1, reg state          1
UVM_INFO @  48393893 ps: (otp_ctrl_scoreboard.sv:570) uvm_test_top.env.scoreboard [uvm_test_top.env.scoreboard] sw state 1, reg state          1
UVM_INFO @  48404310 ps: (otp_ctrl_scoreboard.sv:570) uvm_test_top.env.scoreboard [uvm_test_top.env.scoreboard] sw state 1, reg state          1
UVM_INFO @  48414727 ps: (otp_ctrl_scoreboard.sv:570) uvm_test_top.env.scoreboard [uvm_test_top.env.scoreboard] sw state 1, reg state          1
UVM_INFO @  48425144 ps: (otp_ctrl_scoreboard.sv:570) uvm_test_top.env.scoreboard [uvm_test_top.env.scoreboard] sw state 1, reg state          1
UVM_INFO @  48435561 ps: (otp_ctrl_scoreboard.sv:570) uvm_test_top.env.scoreboard [uvm_test_top.env.scoreboard] sw state 1, reg state          1
UVM_INFO @  48445978 ps: (otp_ctrl_scoreboard.sv:570) uvm_test_top.env.scoreboard [uvm_test_top.env.scoreboard] sw state 1, reg state          1
UVM_INFO @  48456395 ps: (otp_ctrl_scoreboard.sv:570) uvm_test_top.env.scoreboard [uvm_test_top.env.scoreboard] sw state 1, reg state          1
UVM_INFO @  48466812 ps: (otp_ctrl_scoreboard.sv:570) uvm_test_top.env.scoreboard [uvm_test_top.env.scoreboard] sw state 1, reg state          1
UVM_INFO @  48477229 ps: (otp_ctrl_scoreboard.sv:570) uvm_test_top.env.scoreboard [uvm_test_top.env.scoreboard] sw state 1, reg state          1
UVM_INFO @  48487646 ps: (otp_ctrl_scoreboard.sv:570) uvm_test_top.env.scoreboard [uvm_test_top.env.scoreboard] sw state 1, reg state          1
UVM_INFO @  48498063 ps: (otp_ctrl_scoreboard.sv:570) uvm_test_top.env.scoreboard [uvm_test_top.env.scoreboard] sw state 1, reg state          1
UVM_INFO @  48508480 ps: (otp_ctrl_scoreboard.sv:570) uvm_test_top.env.scoreboard [uvm_test_top.env.scoreboard] sw state 1, reg state          1
UVM_INFO @  48518897 ps: (otp_ctrl_scoreboard.sv:570) uvm_test_top.env.scoreboard [uvm_test_top.env.scoreboard] sw state 1, reg state          1
UVM_INFO @  48529314 ps: (otp_ctrl_scoreboard.sv:570) uvm_test_top.env.scoreboard [uvm_test_top.env.scoreboard] sw state 1, reg state          1
UVM_INFO @  48539731 ps: (otp_ctrl_scoreboard.sv:570) uvm_test_top.env.scoreboard [uvm_test_top.env.scoreboard] sw state 1, reg state          1
UVM_INFO @  48550148 ps: (otp_ctrl_scoreboard.sv:570) uvm_test_top.env.scoreboard [uvm_test_top.env.scoreboard] sw state 1, reg state          1
UVM_INFO @  48560565 ps: (otp_ctrl_scoreboard.sv:570) uvm_test_top.env.scoreboard [uvm_test_top.env.scoreboard] sw state 1, reg state          1
UVM_INFO @  48570982 ps: (otp_ctrl_scoreboard.sv:570) uvm_test_top.env.scoreboard [uvm_test_top.env.scoreboard] sw state 1, reg state          1
UVM_INFO @  48581399 ps: (otp_ctrl_scoreboard.sv:570) uvm_test_top.env.scoreboard [uvm_test_top.env.scoreboard] sw state 1, reg state          1
UVM_INFO @  48591816 ps: (otp_ctrl_scoreboard.sv:570) uvm_test_top.env.scoreboard [uvm_test_top.env.scoreboard] sw state 1, reg state          1
UVM_INFO @  48602233 ps: (otp_ctrl_scoreboard.sv:570) uvm_test_top.env.scoreboard [uvm_test_top.env.scoreboard] sw state 1, reg state          1
UVM_INFO @  48612650 ps: (otp_ctrl_scoreboard.sv:570) uvm_test_top.env.scoreboard [uvm_test_top.env.scoreboard] sw state 1, reg state          1
UVM_INFO @  48623067 ps: (otp_ctrl_scoreboard.sv:570) uvm_test_top.env.scoreboard [uvm_test_top.env.scoreboard] sw state 1, reg state          1
UVM_INFO @  48633484 ps: (otp_ctrl_scoreboard.sv:570) uvm_test_top.env.scoreboard [uvm_test_top.env.scoreboard] sw state 1, reg state          1
UVM_INFO @  48643901 ps: (otp_ctrl_scoreboard.sv:570) uvm_test_top.env.scoreboard [uvm_test_top.env.scoreboard] sw state 1, reg state          1
UVM_INFO @  48654318 ps: (otp_ctrl_scoreboard.sv:570) uvm_test_top.env.scoreboard [uvm_test_top.env.scoreboard] sw state 1, reg state          1
UVM_INFO @  48664735 ps: (otp_ctrl_scoreboard.sv:570) uvm_test_top.env.scoreboard [uvm_test_top.env.scoreboard] sw state 1, reg state          1
UVM_INFO @  48675152 ps: (otp_ctrl_scoreboard.sv:570) uvm_test_top.env.scoreboard [uvm_test_top.env.scoreboard] sw state 1, reg state          1
UVM_INFO @  48685569 ps: (otp_ctrl_scoreboard.sv:570) uvm_test_top.env.scoreboard [uvm_test_top.env.scoreboard] sw state 1, reg state          1
UVM_INFO @  48695986 ps: (otp_ctrl_scoreboard.sv:570) uvm_test_top.env.scoreboard [uvm_test_top.env.scoreboard] sw state 1, reg state          1
UVM_INFO @  48706403 ps: (otp_ctrl_scoreboard.sv:570) uvm_test_top.env.scoreboard [uvm_test_top.env.scoreboard] sw state 1, reg state          1
UVM_INFO @  48716820 ps: (otp_ctrl_scoreboard.sv:570) uvm_test_top.env.scoreboard [uvm_test_top.env.scoreboard] sw state 1, reg state          1
UVM_INFO @  48727237 ps: (otp_ctrl_scoreboard.sv:570) uvm_test_top.env.scoreboard [uvm_test_top.env.scoreboard] sw state 1, reg state          1
UVM_INFO @  48737654 ps: (otp_ctrl_scoreboard.sv:570) uvm_test_top.env.scoreboard [uvm_test_top.env.scoreboard] sw state 1, reg state          1
UVM_INFO @  48748071 ps: (otp_ctrl_scoreboard.sv:570) uvm_test_top.env.scoreboard [uvm_test_top.env.scoreboard] sw state 1, reg state          1
UVM_INFO @  48758488 ps: (otp_ctrl_scoreboard.sv:570) uvm_test_top.env.scoreboard [uvm_test_top.env.scoreboard] sw state 1, reg state          1
UVM_INFO @  48768905 ps: (otp_ctrl_scoreboard.sv:570) uvm_test_top.env.scoreboard [uvm_test_top.env.scoreboard] sw state 1, reg state          1
UVM_INFO @  48779322 ps: (otp_ctrl_scoreboard.sv:570) uvm_test_top.env.scoreboard [uvm_test_top.env.scoreboard] sw state 1, reg state          1
UVM_INFO @  48789739 ps: (otp_ctrl_scoreboard.sv:570) uvm_test_top.env.scoreboard [uvm_test_top.env.scoreboard] sw state 1, reg state          1
UVM_INFO @  48800156 ps: (otp_ctrl_scoreboard.sv:570) uvm_test_top.env.scoreboard [uvm_test_top.env.scoreboard] sw state 1, reg state          1
UVM_INFO @  48810573 ps: (otp_ctrl_scoreboard.sv:570) uvm_test_top.env.scoreboard [uvm_test_top.env.scoreboard] sw state 1, reg state          1
UVM_INFO @  48820990 ps: (otp_ctrl_scoreboard.sv:570) uvm_test_top.env.scoreboard [uvm_test_top.env.scoreboard] sw state 1, reg state          1
UVM_INFO @  48831407 ps: (otp_ctrl_scoreboard.sv:570) uvm_test_top.env.scoreboard [uvm_test_top.env.scoreboard] sw state 1, reg state          1
UVM_INFO @  48841824 ps: (otp_ctrl_scoreboard.sv:570) uvm_test_top.env.scoreboard [uvm_test_top.env.scoreboard] sw state 1, reg state          1
UVM_INFO @  48852241 ps: (otp_ctrl_scoreboard.sv:570) uvm_test_top.env.scoreboard [uvm_test_top.env.scoreboard] sw state 1, reg state          1
UVM_INFO @  48862658 ps: (otp_ctrl_scoreboard.sv:570) uvm_test_top.env.scoreboard [uvm_test_top.env.scoreboard] sw state 1, reg state          1
UVM_INFO @  48873075 ps: (otp_ctrl_scoreboard.sv:570) uvm_test_top.env.scoreboard [uvm_test_top.env.scoreboard] sw state 1, reg state          1
UVM_INFO @  48883492 ps: (otp_ctrl_scoreboard.sv:570) uvm_test_top.env.scoreboard [uvm_test_top.env.scoreboard] sw state 1, reg state          1
UVM_INFO @  48893909 ps: (otp_ctrl_scoreboard.sv:570) uvm_test_top.env.scoreboard [uvm_test_top.env.scoreboard] sw state 1, reg state          1
UVM_INFO @  48904326 ps: (otp_ctrl_scoreboard.sv:570) uvm_test_top.env.scoreboard [uvm_test_top.env.scoreboard] sw state 1, reg state          1
UVM_INFO @  48914743 ps: (otp_ctrl_scoreboard.sv:570) uvm_test_top.env.scoreboard [uvm_test_top.env.scoreboard] sw state 1, reg state          1
UVM_INFO @  48925160 ps: (otp_ctrl_scoreboard.sv:570) uvm_test_top.env.scoreboard [uvm_test_top.env.scoreboard] sw state 1, reg state          1
UVM_INFO @  48935577 ps: (otp_ctrl_scoreboard.sv:570) uvm_test_top.env.scoreboard [uvm_test_top.env.scoreboard] sw state 1, reg state          1
UVM_INFO @  48945994 ps: (otp_ctrl_scoreboard.sv:570) uvm_test_top.env.scoreboard [uvm_test_top.env.scoreboard] sw state 1, reg state          1
UVM_INFO @  48956411 ps: (otp_ctrl_scoreboard.sv:570) uvm_test_top.env.scoreboard [uvm_test_top.env.scoreboard] sw state 1, reg state          1
UVM_INFO @  48966828 ps: (otp_ctrl_scoreboard.sv:570) uvm_test_top.env.scoreboard [uvm_test_top.env.scoreboard] sw state 1, reg state          1
UVM_INFO @  48977245 ps: (otp_ctrl_scoreboard.sv:570) uvm_test_top.env.scoreboard [uvm_test_top.env.scoreboard] sw state 1, reg state          1
UVM_INFO @  48987662 ps: (otp_ctrl_scoreboard.sv:570) uvm_test_top.env.scoreboard [uvm_test_top.env.scoreboard] sw state 1, reg state          1
UVM_INFO @  48998079 ps: (otp_ctrl_scoreboard.sv:570) uvm_test_top.env.scoreboard [uvm_test_top.env.scoreboard] sw state 1, reg state          1
UVM_INFO @  49008496 ps: (otp_ctrl_scoreboard.sv:570) uvm_test_top.env.scoreboard [uvm_test_top.env.scoreboard] sw state 1, reg state          1
UVM_INFO @  49018913 ps: (otp_ctrl_scoreboard.sv:570) uvm_test_top.env.scoreboard [uvm_test_top.env.scoreboard] sw state 1, reg state          1
UVM_INFO @  49029330 ps: (otp_ctrl_scoreboard.sv:570) uvm_test_top.env.scoreboard [uvm_test_top.env.scoreboard] sw state 1, reg state          1
UVM_INFO @  49039747 ps: (otp_ctrl_scoreboard.sv:570) uvm_test_top.env.scoreboard [uvm_test_top.env.scoreboard] sw state 1, reg state          1
UVM_INFO @  49050164 ps: (otp_ctrl_scoreboard.sv:570) uvm_test_top.env.scoreboard [uvm_test_top.env.scoreboard] sw state 1, reg state          1
UVM_INFO @  49060581 ps: (otp_ctrl_scoreboard.sv:570) uvm_test_top.env.scoreboard [uvm_test_top.env.scoreboard] sw state 1, reg state          1
UVM_INFO @  49070998 ps: (otp_ctrl_scoreboard.sv:570) uvm_test_top.env.scoreboard [uvm_test_top.env.scoreboard] sw state 1, reg state          1
UVM_INFO @  49081415 ps: (otp_ctrl_scoreboard.sv:570) uvm_test_top.env.scoreboard [uvm_test_top.env.scoreboard] sw state 1, reg state          1
UVM_INFO @  49091832 ps: (otp_ctrl_scoreboard.sv:570) uvm_test_top.env.scoreboard [uvm_test_top.env.scoreboard] sw state 1, reg state          1
UVM_INFO @  49102249 ps: (otp_ctrl_scoreboard.sv:570) uvm_test_top.env.scoreboard [uvm_test_top.env.scoreboard] sw state 1, reg state          1
UVM_INFO @  49112666 ps: (otp_ctrl_scoreboard.sv:570) uvm_test_top.env.scoreboard [uvm_test_top.env.scoreboard] sw state 1, reg state          1
UVM_INFO @  49123083 ps: (otp_ctrl_scoreboard.sv:570) uvm_test_top.env.scoreboard [uvm_test_top.env.scoreboard] sw state 1, reg state          1
UVM_INFO @  49133500 ps: (otp_ctrl_scoreboard.sv:570) uvm_test_top.env.scoreboard [uvm_test_top.env.scoreboard] sw state 1, reg state          1
UVM_INFO @  49143917 ps: (otp_ctrl_scoreboard.sv:570) uvm_test_top.env.scoreboard [uvm_test_top.env.scoreboard] sw state 1, reg state          1
UVM_INFO @  49154334 ps: (otp_ctrl_scoreboard.sv:570) uvm_test_top.env.scoreboard [uvm_test_top.env.scoreboard] sw state 1, reg state          1
UVM_INFO @  49164751 ps: (otp_ctrl_scoreboard.sv:570) uvm_test_top.env.scoreboard [uvm_test_top.env.scoreboard] sw state 1, reg state          1
UVM_INFO @  49175168 ps: (otp_ctrl_scoreboard.sv:570) uvm_test_top.env.scoreboard [uvm_test_top.env.scoreboard] sw state 1, reg state          1
UVM_INFO @  49185585 ps: (otp_ctrl_scoreboard.sv:570) uvm_test_top.env.scoreboard [uvm_test_top.env.scoreboard] sw state 1, reg state          1
UVM_INFO @  49196002 ps: (otp_ctrl_scoreboard.sv:570) uvm_test_top.env.scoreboard [uvm_test_top.env.scoreboard] sw state 1, reg state          1
UVM_INFO @  49206419 ps: (otp_ctrl_scoreboard.sv:570) uvm_test_top.env.scoreboard [uvm_test_top.env.scoreboard] sw state 1, reg state          1
UVM_INFO @  49216836 ps: (otp_ctrl_scoreboard.sv:570) uvm_test_top.env.scoreboard [uvm_test_top.env.scoreboard] sw state 1, reg state          1
UVM_INFO @  49227253 ps: (otp_ctrl_scoreboard.sv:570) uvm_test_top.env.scoreboard [uvm_test_top.env.scoreboard] sw state 1, reg state          1
UVM_INFO @  49237670 ps: (otp_ctrl_scoreboard.sv:570) uvm_test_top.env.scoreboard [uvm_test_top.env.scoreboard] sw state 1, reg state          1
UVM_INFO @  49248087 ps: (otp_ctrl_scoreboard.sv:570) uvm_test_top.env.scoreboard [uvm_test_top.env.scoreboard] sw state 1, reg state          1
UVM_INFO @  49258504 ps: (otp_ctrl_scoreboard.sv:570) uvm_test_top.env.scoreboard [uvm_test_top.env.scoreboard] sw state 1, reg state          1
UVM_INFO @  49268921 ps: (otp_ctrl_scoreboard.sv:570) uvm_test_top.env.scoreboard [uvm_test_top.env.scoreboard] sw state 1, reg state          1
UVM_INFO @  49279338 ps: (otp_ctrl_scoreboard.sv:570) uvm_test_top.env.scoreboard [uvm_test_top.env.scoreboard] sw state 1, reg state          1
UVM_INFO @  49289755 ps: (otp_ctrl_scoreboard.sv:570) uvm_test_top.env.scoreboard [uvm_test_top.env.scoreboard] sw state 1, reg state          1
UVM_INFO @  49300172 ps: (otp_ctrl_scoreboard.sv:570) uvm_test_top.env.scoreboard [uvm_test_top.env.scoreboard] sw state 1, reg state          1
UVM_INFO @  49310589 ps: (otp_ctrl_scoreboard.sv:570) uvm_test_top.env.scoreboard [uvm_test_top.env.scoreboard] sw state 1, reg state          1
UVM_INFO @  49321006 ps: (otp_ctrl_scoreboard.sv:570) uvm_test_top.env.scoreboard [uvm_test_top.env.scoreboard] sw state 1, reg state          1
UVM_INFO @  49331423 ps: (otp_ctrl_scoreboard.sv:570) uvm_test_top.env.scoreboard [uvm_test_top.env.scoreboard] sw state 1, reg state          1
UVM_INFO @  49341840 ps: (otp_ctrl_scoreboard.sv:570) uvm_test_top.env.scoreboard [uvm_test_top.env.scoreboard] sw state 1, reg state          1
UVM_INFO @  49352257 ps: (otp_ctrl_scoreboard.sv:570) uvm_test_top.env.scoreboard [uvm_test_top.env.scoreboard] sw state 1, reg state          1
UVM_INFO @  49362674 ps: (otp_ctrl_scoreboard.sv:570) uvm_test_top.env.scoreboard [uvm_test_top.env.scoreboard] sw state 1, reg state          1
UVM_INFO @  49373091 ps: (otp_ctrl_scoreboard.sv:570) uvm_test_top.env.scoreboard [uvm_test_top.env.scoreboard] sw state 1, reg state          1
UVM_INFO @  49383508 ps: (otp_ctrl_scoreboard.sv:570) uvm_test_top.env.scoreboard [uvm_test_top.env.scoreboard] sw state 1, reg state          1
UVM_INFO @  49393925 ps: (otp_ctrl_scoreboard.sv:570) uvm_test_top.env.scoreboard [uvm_test_top.env.scoreboard] sw state 1, reg state          1
UVM_INFO @  49404342 ps: (otp_ctrl_scoreboard.sv:570) uvm_test_top.env.scoreboard [uvm_test_top.env.scoreboard] sw state 1, reg state          1
UVM_INFO @  49414759 ps: (otp_ctrl_scoreboard.sv:570) uvm_test_top.env.scoreboard [uvm_test_top.env.scoreboard] sw state 1, reg state          1
UVM_INFO @  49425176 ps: (otp_ctrl_scoreboard.sv:570) uvm_test_top.env.scoreboard [uvm_test_top.env.scoreboard] sw state 1, reg state          1
UVM_INFO @  49435593 ps: (otp_ctrl_scoreboard.sv:570) uvm_test_top.env.scoreboard [uvm_test_top.env.scoreboard] sw state 1, reg state          1
UVM_INFO @  49446010 ps: (otp_ctrl_scoreboard.sv:570) uvm_test_top.env.scoreboard [uvm_test_top.env.scoreboard] sw state 1, reg state          1
UVM_INFO @  49456427 ps: (otp_ctrl_scoreboard.sv:570) uvm_test_top.env.scoreboard [uvm_test_top.env.scoreboard] sw state 1, reg state          1
UVM_INFO @  49466844 ps: (otp_ctrl_scoreboard.sv:570) uvm_test_top.env.scoreboard [uvm_test_top.env.scoreboard] sw state 1, reg state          1
UVM_INFO @  49477261 ps: (otp_ctrl_scoreboard.sv:570) uvm_test_top.env.scoreboard [uvm_test_top.env.scoreboard] sw state 1, reg state          1
UVM_INFO @  49487678 ps: (otp_ctrl_scoreboard.sv:570) uvm_test_top.env.scoreboard [uvm_test_top.env.scoreboard] sw state 1, reg state          1
UVM_INFO @  49498095 ps: (otp_ctrl_scoreboard.sv:570) uvm_test_top.env.scoreboard [uvm_test_top.env.scoreboard] sw state 1, reg state          1
UVM_INFO @  49508512 ps: (otp_ctrl_scoreboard.sv:570) uvm_test_top.env.scoreboard [uvm_test_top.env.scoreboard] sw state 1, reg state          1
UVM_INFO @  49518929 ps: (otp_ctrl_scoreboard.sv:570) uvm_test_top.env.scoreboard [uvm_test_top.env.scoreboard] sw state 1, reg state          1
UVM_INFO @  49529346 ps: (otp_ctrl_scoreboard.sv:570) uvm_test_top.env.scoreboard [uvm_test_top.env.scoreboard] sw state 1, reg state          1
UVM_INFO @  49539763 ps: (otp_ctrl_scoreboard.sv:570) uvm_test_top.env.scoreboard [uvm_test_top.env.scoreboard] sw state 1, reg state          1
UVM_INFO @  49550180 ps: (otp_ctrl_scoreboard.sv:570) uvm_test_top.env.scoreboard [uvm_test_top.env.scoreboard] sw state 1, reg state          1
UVM_INFO @  49560597 ps: (otp_ctrl_scoreboard.sv:570) uvm_test_top.env.scoreboard [uvm_test_top.env.scoreboard] sw state 1, reg state          1
UVM_INFO @  49571014 ps: (otp_ctrl_scoreboard.sv:570) uvm_test_top.env.scoreboard [uvm_test_top.env.scoreboard] sw state 1, reg state          1
UVM_INFO @  49581431 ps: (otp_ctrl_scoreboard.sv:570) uvm_test_top.env.scoreboard [uvm_test_top.env.scoreboard] sw state 1, reg state          1
UVM_INFO @  49591848 ps: (otp_ctrl_scoreboard.sv:570) uvm_test_top.env.scoreboard [uvm_test_top.env.scoreboard] sw state 1, reg state          1
UVM_INFO @  49602265 ps: (otp_ctrl_scoreboard.sv:570) uvm_test_top.env.scoreboard [uvm_test_top.env.scoreboard] sw state 1, reg state          1
UVM_INFO @  49612682 ps: (otp_ctrl_scoreboard.sv:570) uvm_test_top.env.scoreboard [uvm_test_top.env.scoreboard] sw state 1, reg state          1
UVM_INFO @  49623099 ps: (otp_ctrl_scoreboard.sv:570) uvm_test_top.env.scoreboard [uvm_test_top.env.scoreboard] sw state 1, reg state          1
UVM_INFO @  49633516 ps: (otp_ctrl_scoreboard.sv:570) uvm_test_top.env.scoreboard [uvm_test_top.env.scoreboard] sw state 1, reg state          1
UVM_INFO @  49643933 ps: (otp_ctrl_scoreboard.sv:570) uvm_test_top.env.scoreboard [uvm_test_top.env.scoreboard] sw state 1, reg state          1
UVM_INFO @  49654350 ps: (otp_ctrl_scoreboard.sv:570) uvm_test_top.env.scoreboard [uvm_test_top.env.scoreboard] sw state 1, reg state          1
UVM_INFO @  49664767 ps: (otp_ctrl_scoreboard.sv:570) uvm_test_top.env.scoreboard [uvm_test_top.env.scoreboard] sw state 1, reg state          1
UVM_INFO @  49675184 ps: (otp_ctrl_scoreboard.sv:570) uvm_test_top.env.scoreboard [uvm_test_top.env.scoreboard] sw state 1, reg state          1
UVM_INFO @  49685601 ps: (otp_ctrl_scoreboard.sv:570) uvm_test_top.env.scoreboard [uvm_test_top.env.scoreboard] sw state 1, reg state          1
UVM_INFO @  49696018 ps: (otp_ctrl_scoreboard.sv:570) uvm_test_top.env.scoreboard [uvm_test_top.env.scoreboard] sw state 1, reg state          1
UVM_INFO @  49706435 ps: (otp_ctrl_scoreboard.sv:570) uvm_test_top.env.scoreboard [uvm_test_top.env.scoreboard] sw state 1, reg state          1
UVM_INFO @  49716852 ps: (otp_ctrl_scoreboard.sv:570) uvm_test_top.env.scoreboard [uvm_test_top.env.scoreboard] sw state 1, reg state          1
UVM_INFO @  49727269 ps: (otp_ctrl_scoreboard.sv:570) uvm_test_top.env.scoreboard [uvm_test_top.env.scoreboard] sw state 1, reg state          1
UVM_INFO @  49737686 ps: (otp_ctrl_scoreboard.sv:570) uvm_test_top.env.scoreboard [uvm_test_top.env.scoreboard] sw state 1, reg state          1
UVM_INFO @  49748103 ps: (otp_ctrl_scoreboard.sv:570) uvm_test_top.env.scoreboard [uvm_test_top.env.scoreboard] sw state 1, reg state          1
UVM_INFO @  49758520 ps: (otp_ctrl_scoreboard.sv:570) uvm_test_top.env.scoreboard [uvm_test_top.env.scoreboard] sw state 1, reg state          1
UVM_INFO @  49768937 ps: (otp_ctrl_scoreboard.sv:570) uvm_test_top.env.scoreboard [uvm_test_top.env.scoreboard] sw state 1, reg state          1
UVM_INFO @  49779354 ps: (otp_ctrl_scoreboard.sv:570) uvm_test_top.env.scoreboard [uvm_test_top.env.scoreboard] sw state 1, reg state          1
UVM_INFO @  49789771 ps: (otp_ctrl_scoreboard.sv:570) uvm_test_top.env.scoreboard [uvm_test_top.env.scoreboard] sw state 1, reg state          1
UVM_INFO @  49800188 ps: (otp_ctrl_scoreboard.sv:570) uvm_test_top.env.scoreboard [uvm_test_top.env.scoreboard] sw state 1, reg state          1
UVM_INFO @  49810605 ps: (otp_ctrl_scoreboard.sv:570) uvm_test_top.env.scoreboard [uvm_test_top.env.scoreboard] sw state 1, reg state          1
UVM_INFO @  49821022 ps: (otp_ctrl_scoreboard.sv:570) uvm_test_top.env.scoreboard [uvm_test_top.env.scoreboard] sw state 1, reg state          1
UVM_INFO @  49831439 ps: (otp_ctrl_scoreboard.sv:570) uvm_test_top.env.scoreboard [uvm_test_top.env.scoreboard] sw state 1, reg state          1
UVM_INFO @  49841856 ps: (otp_ctrl_scoreboard.sv:570) uvm_test_top.env.scoreboard [uvm_test_top.env.scoreboard] sw state 1, reg state          1
UVM_INFO @  49852273 ps: (otp_ctrl_scoreboard.sv:570) uvm_test_top.env.scoreboard [uvm_test_top.env.scoreboard] sw state 1, reg state          1
UVM_INFO @  49862690 ps: (otp_ctrl_scoreboard.sv:570) uvm_test_top.env.scoreboard [uvm_test_top.env.scoreboard] sw state 1, reg state          1
UVM_INFO @  49873107 ps: (otp_ctrl_scoreboard.sv:570) uvm_test_top.env.scoreboard [uvm_test_top.env.scoreboard] sw state 1, reg state          1
UVM_INFO @  49883524 ps: (otp_ctrl_scoreboard.sv:570) uvm_test_top.env.scoreboard [uvm_test_top.env.scoreboard] sw state 1, reg state          1
UVM_INFO @  49893941 ps: (otp_ctrl_scoreboard.sv:570) uvm_test_top.env.scoreboard [uvm_test_top.env.scoreboard] sw state 1, reg state          1
UVM_INFO @  49904358 ps: (otp_ctrl_scoreboard.sv:570) uvm_test_top.env.scoreboard [uvm_test_top.env.scoreboard] sw state 1, reg state          1
UVM_INFO @  49914775 ps: (otp_ctrl_scoreboard.sv:570) uvm_test_top.env.scoreboard [uvm_test_top.env.scoreboard] sw state 1, reg state          1
UVM_INFO @  49925192 ps: (otp_ctrl_scoreboard.sv:570) uvm_test_top.env.scoreboard [uvm_test_top.env.scoreboard] sw state 1, reg state          1
UVM_INFO @  49935609 ps: (otp_ctrl_scoreboard.sv:570) uvm_test_top.env.scoreboard [uvm_test_top.env.scoreboard] sw state 1, reg state          1
UVM_INFO @  49946026 ps: (otp_ctrl_scoreboard.sv:570) uvm_test_top.env.scoreboard [uvm_test_top.env.scoreboard] sw state 1, reg state          1
UVM_INFO @  49956443 ps: (otp_ctrl_scoreboard.sv:570) uvm_test_top.env.scoreboard [uvm_test_top.env.scoreboard] sw state 1, reg state          1
UVM_INFO @  49966860 ps: (otp_ctrl_scoreboard.sv:570) uvm_test_top.env.scoreboard [uvm_test_top.env.scoreboard] sw state 1, reg state          1
UVM_INFO @  49977277 ps: (otp_ctrl_scoreboard.sv:570) uvm_test_top.env.scoreboard [uvm_test_top.env.scoreboard] sw state 1, reg state          1
UVM_INFO @  49987694 ps: (otp_ctrl_scoreboard.sv:570) uvm_test_top.env.scoreboard [uvm_test_top.env.scoreboard] sw state 1, reg state          1
UVM_INFO @  49998111 ps: (otp_ctrl_scoreboard.sv:570) uvm_test_top.env.scoreboard [uvm_test_top.env.scoreboard] sw state 1, reg state          1
UVM_INFO @  50008528 ps: (otp_ctrl_scoreboard.sv:570) uvm_test_top.env.scoreboard [uvm_test_top.env.scoreboard] sw state 1, reg state          1
UVM_INFO @  50018945 ps: (otp_ctrl_scoreboard.sv:570) uvm_test_top.env.scoreboard [uvm_test_top.env.scoreboard] sw state 1, reg state          1
UVM_INFO @  50029362 ps: (otp_ctrl_scoreboard.sv:570) uvm_test_top.env.scoreboard [uvm_test_top.env.scoreboard] sw state 1, reg state          1
UVM_INFO @  50039779 ps: (otp_ctrl_scoreboard.sv:570) uvm_test_top.env.scoreboard [uvm_test_top.env.scoreboard] sw state 1, reg state          1
UVM_INFO @  50050196 ps: (otp_ctrl_scoreboard.sv:570) uvm_test_top.env.scoreboard [uvm_test_top.env.scoreboard] sw state 1, reg state          1
UVM_INFO @  50060613 ps: (otp_ctrl_scoreboard.sv:570) uvm_test_top.env.scoreboard [uvm_test_top.env.scoreboard] sw state 1, reg state          1
UVM_INFO @  50071030 ps: (otp_ctrl_scoreboard.sv:570) uvm_test_top.env.scoreboard [uvm_test_top.env.scoreboard] sw state 1, reg state          1
UVM_INFO @  50081447 ps: (otp_ctrl_scoreboard.sv:570) uvm_test_top.env.scoreboard [uvm_test_top.env.scoreboard] sw state 1, reg state          1
UVM_INFO @  50091864 ps: (otp_ctrl_scoreboard.sv:570) uvm_test_top.env.scoreboard [uvm_test_top.env.scoreboard] sw state 1, reg state          1
UVM_INFO @  50102281 ps: (otp_ctrl_scoreboard.sv:570) uvm_test_top.env.scoreboard [uvm_test_top.env.scoreboard] sw state 1, reg state          1
UVM_INFO @  50112698 ps: (otp_ctrl_scoreboard.sv:570) uvm_test_top.env.scoreboard [uvm_test_top.env.scoreboard] sw state 1, reg state          1
UVM_INFO @  50123115 ps: (otp_ctrl_scoreboard.sv:570) uvm_test_top.env.scoreboard [uvm_test_top.env.scoreboard] sw state 1, reg state          1
UVM_INFO @  50133532 ps: (otp_ctrl_scoreboard.sv:570) uvm_test_top.env.scoreboard [uvm_test_top.env.scoreboard] sw state 1, reg state          1
UVM_INFO @  50143949 ps: (otp_ctrl_scoreboard.sv:570) uvm_test_top.env.scoreboard [uvm_test_top.env.scoreboard] sw state 1, reg state          1
UVM_INFO @  50154366 ps: (otp_ctrl_scoreboard.sv:570) uvm_test_top.env.scoreboard [uvm_test_top.env.scoreboard] sw state 1, reg state          1
UVM_INFO @  50164783 ps: (otp_ctrl_scoreboard.sv:570) uvm_test_top.env.scoreboard [uvm_test_top.env.scoreboard] sw state 1, reg state          1
UVM_INFO @  50175200 ps: (otp_ctrl_scoreboard.sv:570) uvm_test_top.env.scoreboard [uvm_test_top.env.scoreboard] sw state 1, reg state          1
UVM_INFO @  50185617 ps: (otp_ctrl_scoreboard.sv:570) uvm_test_top.env.scoreboard [uvm_test_top.env.scoreboard] sw state 1, reg state          1
UVM_INFO @  50196034 ps: (otp_ctrl_scoreboard.sv:570) uvm_test_top.env.scoreboard [uvm_test_top.env.scoreboard] sw state 1, reg state          1
UVM_INFO @  50206451 ps: (otp_ctrl_scoreboard.sv:570) uvm_test_top.env.scoreboard [uvm_test_top.env.scoreboard] sw state 1, reg state          1
UVM_INFO @  50216868 ps: (otp_ctrl_scoreboard.sv:570) uvm_test_top.env.scoreboard [uvm_test_top.env.scoreboard] sw state 1, reg state          1
UVM_INFO @  50227285 ps: (otp_ctrl_scoreboard.sv:570) uvm_test_top.env.scoreboard [uvm_test_top.env.scoreboard] sw state 1, reg state          1
UVM_INFO @  50237702 ps: (otp_ctrl_scoreboard.sv:570) uvm_test_top.env.scoreboard [uvm_test_top.env.scoreboard] sw state 1, reg state          1
UVM_INFO @  50248119 ps: (otp_ctrl_scoreboard.sv:570) uvm_test_top.env.scoreboard [uvm_test_top.env.scoreboard] sw state 1, reg state          1
UVM_INFO @  50258536 ps: (otp_ctrl_scoreboard.sv:570) uvm_test_top.env.scoreboard [uvm_test_top.env.scoreboard] sw state 1, reg state          1
UVM_INFO @  50268953 ps: (otp_ctrl_scoreboard.sv:570) uvm_test_top.env.scoreboard [uvm_test_top.env.scoreboard] sw state 1, reg state          1
UVM_INFO @  50279370 ps: (otp_ctrl_scoreboard.sv:570) uvm_test_top.env.scoreboard [uvm_test_top.env.scoreboard] sw state 1, reg state          1
UVM_INFO @  50289787 ps: (otp_ctrl_scoreboard.sv:570) uvm_test_top.env.scoreboard [uvm_test_top.env.scoreboard] sw state 1, reg state          1
UVM_INFO @  50300204 ps: (otp_ctrl_scoreboard.sv:570) uvm_test_top.env.scoreboard [uvm_test_top.env.scoreboard] sw state 1, reg state          1
UVM_INFO @  50310621 ps: (otp_ctrl_scoreboard.sv:570) uvm_test_top.env.scoreboard [uvm_test_top.env.scoreboard] sw state 1, reg state          1
UVM_INFO @  50321038 ps: (otp_ctrl_scoreboard.sv:570) uvm_test_top.env.scoreboard [uvm_test_top.env.scoreboard] sw state 1, reg state          1
UVM_INFO @  50331455 ps: (otp_ctrl_scoreboard.sv:570) uvm_test_top.env.scoreboard [uvm_test_top.env.scoreboard] sw state 1, reg state          1
UVM_INFO @  50341872 ps: (otp_ctrl_scoreboard.sv:570) uvm_test_top.env.scoreboard [uvm_test_top.env.scoreboard] sw state 1, reg state          1
UVM_INFO @  50352289 ps: (otp_ctrl_scoreboard.sv:570) uvm_test_top.env.scoreboard [uvm_test_top.env.scoreboard] sw state 1, reg state          1
UVM_INFO @  50362706 ps: (otp_ctrl_scoreboard.sv:570) uvm_test_top.env.scoreboard [uvm_test_top.env.scoreboard] sw state 1, reg state          1
UVM_INFO @  50373123 ps: (otp_ctrl_scoreboard.sv:570) uvm_test_top.env.scoreboard [uvm_test_top.env.scoreboard] sw state 1, reg state          1
UVM_INFO @  50383540 ps: (otp_ctrl_scoreboard.sv:570) uvm_test_top.env.scoreboard [uvm_test_top.env.scoreboard] sw state 1, reg state          1
UVM_INFO @  50393957 ps: (otp_ctrl_scoreboard.sv:570) uvm_test_top.env.scoreboard [uvm_test_top.env.scoreboard] sw state 1, reg state          1
UVM_INFO @  50404374 ps: (otp_ctrl_scoreboard.sv:570) uvm_test_top.env.scoreboard [uvm_test_top.env.scoreboard] sw state 1, reg state          1
UVM_INFO @  50414791 ps: (otp_ctrl_scoreboard.sv:570) uvm_test_top.env.scoreboard [uvm_test_top.env.scoreboard] sw state 1, reg state          1
UVM_INFO @  50425208 ps: (otp_ctrl_scoreboard.sv:570) uvm_test_top.env.scoreboard [uvm_test_top.env.scoreboard] sw state 1, reg state          1
UVM_INFO @  50435625 ps: (otp_ctrl_scoreboard.sv:570) uvm_test_top.env.scoreboard [uvm_test_top.env.scoreboard] sw state 1, reg state          1
UVM_INFO @  50446042 ps: (otp_ctrl_scoreboard.sv:570) uvm_test_top.env.scoreboard [uvm_test_top.env.scoreboard] sw state 1, reg state          1
UVM_INFO @  50456459 ps: (otp_ctrl_scoreboard.sv:570) uvm_test_top.env.scoreboard [uvm_test_top.env.scoreboard] sw state 1, reg state          1
UVM_INFO @  50466876 ps: (otp_ctrl_scoreboard.sv:570) uvm_test_top.env.scoreboard [uvm_test_top.env.scoreboard] sw state 1, reg state          1
UVM_INFO @  50477293 ps: (otp_ctrl_scoreboard.sv:570) uvm_test_top.env.scoreboard [uvm_test_top.env.scoreboard] sw state 1, reg state          1
UVM_INFO @  50487710 ps: (otp_ctrl_scoreboard.sv:570) uvm_test_top.env.scoreboard [uvm_test_top.env.scoreboard] sw state 1, reg state          1
UVM_INFO @  50498127 ps: (otp_ctrl_scoreboard.sv:570) uvm_test_top.env.scoreboard [uvm_test_top.env.scoreboard] sw state 1, reg state          1
UVM_INFO @  50508544 ps: (otp_ctrl_scoreboard.sv:570) uvm_test_top.env.scoreboard [uvm_test_top.env.scoreboard] sw state 1, reg state          1
UVM_INFO @  50518961 ps: (otp_ctrl_scoreboard.sv:570) uvm_test_top.env.scoreboard [uvm_test_top.env.scoreboard] sw state 1, reg state          1
UVM_INFO @  50529378 ps: (otp_ctrl_scoreboard.sv:570) uvm_test_top.env.scoreboard [uvm_test_top.env.scoreboard] sw state 1, reg state          1
UVM_INFO @  50539795 ps: (otp_ctrl_scoreboard.sv:570) uvm_test_top.env.scoreboard [uvm_test_top.env.scoreboard] sw state 1, reg state          1
UVM_INFO @  50550212 ps: (otp_ctrl_scoreboard.sv:570) uvm_test_top.env.scoreboard [uvm_test_top.env.scoreboard] sw state 1, reg state          1
UVM_INFO @  50560629 ps: (otp_ctrl_scoreboard.sv:570) uvm_test_top.env.scoreboard [uvm_test_top.env.scoreboard] sw state 1, reg state          1
UVM_INFO @  50571046 ps: (otp_ctrl_scoreboard.sv:570) uvm_test_top.env.scoreboard [uvm_test_top.env.scoreboard] sw state 1, reg state          1
UVM_INFO @  50581463 ps: (otp_ctrl_scoreboard.sv:570) uvm_test_top.env.scoreboard [uvm_test_top.env.scoreboard] sw state 1, reg state          1
UVM_INFO @  50591880 ps: (otp_ctrl_scoreboard.sv:570) uvm_test_top.env.scoreboard [uvm_test_top.env.scoreboard] sw state 1, reg state          1
UVM_INFO @  50602297 ps: (otp_ctrl_scoreboard.sv:570) uvm_test_top.env.scoreboard [uvm_test_top.env.scoreboard] sw state 1, reg state          1
UVM_INFO @  50612714 ps: (otp_ctrl_scoreboard.sv:570) uvm_test_top.env.scoreboard [uvm_test_top.env.scoreboard] sw state 1, reg state          1
UVM_INFO @  50623131 ps: (otp_ctrl_scoreboard.sv:570) uvm_test_top.env.scoreboard [uvm_test_top.env.scoreboard] sw state 1, reg state          1
UVM_INFO @  50633548 ps: (otp_ctrl_scoreboard.sv:570) uvm_test_top.env.scoreboard [uvm_test_top.env.scoreboard] sw state 1, reg state          1
UVM_INFO @  50643965 ps: (otp_ctrl_scoreboard.sv:570) uvm_test_top.env.scoreboard [uvm_test_top.env.scoreboard] sw state 1, reg state          1
UVM_INFO @  50654382 ps: (otp_ctrl_scoreboard.sv:570) uvm_test_top.env.scoreboard [uvm_test_top.env.scoreboard] sw state 1, reg state          1
UVM_INFO @  50664799 ps: (otp_ctrl_scoreboard.sv:570) uvm_test_top.env.scoreboard [uvm_test_top.env.scoreboard] sw state 1, reg state          1
UVM_INFO @  50675216 ps: (otp_ctrl_scoreboard.sv:570) uvm_test_top.env.scoreboard [uvm_test_top.env.scoreboard] sw state 1, reg state          1
UVM_INFO @  50685633 ps: (otp_ctrl_scoreboard.sv:570) uvm_test_top.env.scoreboard [uvm_test_top.env.scoreboard] sw state 1, reg state          1
UVM_INFO @  50696050 ps: (otp_ctrl_scoreboard.sv:570) uvm_test_top.env.scoreboard [uvm_test_top.env.scoreboard] sw state 1, reg state          1
UVM_INFO @  50706467 ps: (otp_ctrl_scoreboard.sv:570) uvm_test_top.env.scoreboard [uvm_test_top.env.scoreboard] sw state 1, reg state          1
UVM_INFO @  50716884 ps: (otp_ctrl_scoreboard.sv:570) uvm_test_top.env.scoreboard [uvm_test_top.env.scoreboard] sw state 1, reg state          1
UVM_INFO @  50727301 ps: (otp_ctrl_scoreboard.sv:570) uvm_test_top.env.scoreboard [uvm_test_top.env.scoreboard] sw state 1, reg state          1
UVM_INFO @  50737718 ps: (otp_ctrl_scoreboard.sv:570) uvm_test_top.env.scoreboard [uvm_test_top.env.scoreboard] sw state 1, reg state          1
UVM_INFO @  50748135 ps: (otp_ctrl_scoreboard.sv:570) uvm_test_top.env.scoreboard [uvm_test_top.env.scoreboard] sw state 1, reg state          1
UVM_INFO @  50758552 ps: (otp_ctrl_scoreboard.sv:570) uvm_test_top.env.scoreboard [uvm_test_top.env.scoreboard] sw state 1, reg state          1
UVM_INFO @  50768969 ps: (otp_ctrl_scoreboard.sv:570) uvm_test_top.env.scoreboard [uvm_test_top.env.scoreboard] sw state 1, reg state          1
UVM_INFO @  50779386 ps: (otp_ctrl_scoreboard.sv:570) uvm_test_top.env.scoreboard [uvm_test_top.env.scoreboard] sw state 1, reg state          1
UVM_INFO @  50789803 ps: (otp_ctrl_scoreboard.sv:570) uvm_test_top.env.scoreboard [uvm_test_top.env.scoreboard] sw state 1, reg state          1
UVM_INFO @  50800220 ps: (otp_ctrl_scoreboard.sv:570) uvm_test_top.env.scoreboard [uvm_test_top.env.scoreboard] sw state 1, reg state          1
UVM_INFO @  50810637 ps: (otp_ctrl_scoreboard.sv:570) uvm_test_top.env.scoreboard [uvm_test_top.env.scoreboard] sw state 1, reg state          1
UVM_INFO @  50821054 ps: (otp_ctrl_scoreboard.sv:570) uvm_test_top.env.scoreboard [uvm_test_top.env.scoreboard] sw state 1, reg state          1
UVM_INFO @  50831471 ps: (otp_ctrl_scoreboard.sv:570) uvm_test_top.env.scoreboard [uvm_test_top.env.scoreboard] sw state 1, reg state          1
UVM_INFO @  50841888 ps: (otp_ctrl_scoreboard.sv:570) uvm_test_top.env.scoreboard [uvm_test_top.env.scoreboard] sw state 1, reg state          1
UVM_INFO @  50852305 ps: (otp_ctrl_scoreboard.sv:570) uvm_test_top.env.scoreboard [uvm_test_top.env.scoreboard] sw state 1, reg state          1
UVM_INFO @  50862722 ps: (otp_ctrl_scoreboard.sv:570) uvm_test_top.env.scoreboard [uvm_test_top.env.scoreboard] sw state 1, reg state          1
UVM_INFO @  50873139 ps: (otp_ctrl_scoreboard.sv:570) uvm_test_top.env.scoreboard [uvm_test_top.env.scoreboard] sw state 1, reg state          1
UVM_INFO @  50883556 ps: (otp_ctrl_scoreboard.sv:570) uvm_test_top.env.scoreboard [uvm_test_top.env.scoreboard] sw state 1, reg state          1
UVM_INFO @  50893973 ps: (otp_ctrl_scoreboard.sv:570) uvm_test_top.env.scoreboard [uvm_test_top.env.scoreboard] sw state 1, reg state          1
UVM_INFO @  50904390 ps: (otp_ctrl_scoreboard.sv:570) uvm_test_top.env.scoreboard [uvm_test_top.env.scoreboard] sw state 1, reg state          1
UVM_INFO @  50914807 ps: (otp_ctrl_scoreboard.sv:570) uvm_test_top.env.scoreboard [uvm_test_top.env.scoreboard] sw state 1, reg state          1
UVM_INFO @  50925224 ps: (otp_ctrl_scoreboard.sv:570) uvm_test_top.env.scoreboard [uvm_test_top.env.scoreboard] sw state 1, reg state          1
UVM_INFO @  50935641 ps: (otp_ctrl_scoreboard.sv:570) uvm_test_top.env.scoreboard [uvm_test_top.env.scoreboard] sw state 1, reg state          1
UVM_INFO @  50946058 ps: (otp_ctrl_scoreboard.sv:570) uvm_test_top.env.scoreboard [uvm_test_top.env.scoreboard] sw state 1, reg state          1
UVM_INFO @  50956475 ps: (otp_ctrl_scoreboard.sv:570) uvm_test_top.env.scoreboard [uvm_test_top.env.scoreboard] sw state 1, reg state          1
UVM_INFO @  50966892 ps: (otp_ctrl_scoreboard.sv:570) uvm_test_top.env.scoreboard [uvm_test_top.env.scoreboard] sw state 1, reg state          1
UVM_INFO @  50977309 ps: (otp_ctrl_scoreboard.sv:570) uvm_test_top.env.scoreboard [uvm_test_top.env.scoreboard] sw state 1, reg state          1
UVM_INFO @  50987726 ps: (otp_ctrl_scoreboard.sv:570) uvm_test_top.env.scoreboard [uvm_test_top.env.scoreboard] sw state 1, reg state          1
UVM_INFO @  50998143 ps: (otp_ctrl_scoreboard.sv:570) uvm_test_top.env.scoreboard [uvm_test_top.env.scoreboard] sw state 1, reg state          1
UVM_INFO @  51008560 ps: (otp_ctrl_scoreboard.sv:570) uvm_test_top.env.scoreboard [uvm_test_top.env.scoreboard] sw state 1, reg state          1
UVM_INFO @  51018977 ps: (otp_ctrl_scoreboard.sv:570) uvm_test_top.env.scoreboard [uvm_test_top.env.scoreboard] sw state 1, reg state          1
UVM_INFO @  51029394 ps: (otp_ctrl_scoreboard.sv:570) uvm_test_top.env.scoreboard [uvm_test_top.env.scoreboard] sw state 1, reg state          1
UVM_INFO @  51039811 ps: (otp_ctrl_scoreboard.sv:570) uvm_test_top.env.scoreboard [uvm_test_top.env.scoreboard] sw state 1, reg state          1
UVM_INFO @  51050228 ps: (otp_ctrl_scoreboard.sv:570) uvm_test_top.env.scoreboard [uvm_test_top.env.scoreboard] sw state 1, reg state          1
UVM_INFO @  51060645 ps: (otp_ctrl_scoreboard.sv:570) uvm_test_top.env.scoreboard [uvm_test_top.env.scoreboard] sw state 1, reg state          1
UVM_INFO @  51071062 ps: (otp_ctrl_scoreboard.sv:570) uvm_test_top.env.scoreboard [uvm_test_top.env.scoreboard] sw state 1, reg state          1
UVM_INFO @  51081479 ps: (otp_ctrl_scoreboard.sv:570) uvm_test_top.env.scoreboard [uvm_test_top.env.scoreboard] sw state 1, reg state          1
UVM_INFO @  51091896 ps: (otp_ctrl_scoreboard.sv:570) uvm_test_top.env.scoreboard [uvm_test_top.env.scoreboard] sw state 1, reg state          1
UVM_INFO @  51102313 ps: (otp_ctrl_scoreboard.sv:570) uvm_test_top.env.scoreboard [uvm_test_top.env.scoreboard] sw state 1, reg state          1
UVM_INFO @  51112730 ps: (otp_ctrl_scoreboard.sv:570) uvm_test_top.env.scoreboard [uvm_test_top.env.scoreboard] sw state 1, reg state          1
UVM_INFO @  51123147 ps: (otp_ctrl_scoreboard.sv:570) uvm_test_top.env.scoreboard [uvm_test_top.env.scoreboard] sw state 1, reg state          1
UVM_INFO @  51133564 ps: (otp_ctrl_scoreboard.sv:570) uvm_test_top.env.scoreboard [uvm_test_top.env.scoreboard] sw state 1, reg state          1
UVM_INFO @  51143981 ps: (otp_ctrl_scoreboard.sv:570) uvm_test_top.env.scoreboard [uvm_test_top.env.scoreboard] sw state 1, reg state          1
UVM_INFO @  51154398 ps: (otp_ctrl_scoreboard.sv:570) uvm_test_top.env.scoreboard [uvm_test_top.env.scoreboard] sw state 1, reg state          1
UVM_INFO @  51164815 ps: (otp_ctrl_scoreboard.sv:570) uvm_test_top.env.scoreboard [uvm_test_top.env.scoreboard] sw state 1, reg state          1
UVM_INFO @  51175232 ps: (otp_ctrl_scoreboard.sv:570) uvm_test_top.env.scoreboard [uvm_test_top.env.scoreboard] sw state 1, reg state          1
UVM_INFO @  51185649 ps: (otp_ctrl_scoreboard.sv:570) uvm_test_top.env.scoreboard [uvm_test_top.env.scoreboard] sw state 1, reg state          1
UVM_INFO @  51196066 ps: (otp_ctrl_scoreboard.sv:570) uvm_test_top.env.scoreboard [uvm_test_top.env.scoreboard] sw state 1, reg state          1
UVM_INFO @  51206483 ps: (otp_ctrl_scoreboard.sv:570) uvm_test_top.env.scoreboard [uvm_test_top.env.scoreboard] sw state 1, reg state          1
UVM_INFO @  51216900 ps: (otp_ctrl_scoreboard.sv:570) uvm_test_top.env.scoreboard [uvm_test_top.env.scoreboard] sw state 1, reg state          1
UVM_INFO @  51227317 ps: (otp_ctrl_scoreboard.sv:570) uvm_test_top.env.scoreboard [uvm_test_top.env.scoreboard] sw state 1, reg state          1
UVM_INFO @  51237734 ps: (otp_ctrl_scoreboard.sv:570) uvm_test_top.env.scoreboard [uvm_test_top.env.scoreboard] sw state 1, reg state          1
UVM_INFO @  51248151 ps: (otp_ctrl_scoreboard.sv:570) uvm_test_top.env.scoreboard [uvm_test_top.env.scoreboard] sw state 1, reg state          1
UVM_INFO @  51258568 ps: (otp_ctrl_scoreboard.sv:570) uvm_test_top.env.scoreboard [uvm_test_top.env.scoreboard] sw state 1, reg state          1
UVM_INFO @  51268985 ps: (otp_ctrl_scoreboard.sv:570) uvm_test_top.env.scoreboard [uvm_test_top.env.scoreboard] sw state 1, reg state          1
UVM_INFO @  51279402 ps: (otp_ctrl_scoreboard.sv:570) uvm_test_top.env.scoreboard [uvm_test_top.env.scoreboard] sw state 1, reg state          1
UVM_INFO @  51289819 ps: (otp_ctrl_scoreboard.sv:570) uvm_test_top.env.scoreboard [uvm_test_top.env.scoreboard] sw state 1, reg state          1
UVM_INFO @  51300236 ps: (otp_ctrl_scoreboard.sv:570) uvm_test_top.env.scoreboard [uvm_test_top.env.scoreboard] sw state 1, reg state          1
UVM_INFO @  51310653 ps: (otp_ctrl_scoreboard.sv:570) uvm_test_top.env.scoreboard [uvm_test_top.env.scoreboard] sw state 1, reg state          1
UVM_INFO @  51321070 ps: (otp_ctrl_scoreboard.sv:570) uvm_test_top.env.scoreboard [uvm_test_top.env.scoreboard] sw state 1, reg state          1
UVM_INFO @  51331487 ps: (otp_ctrl_scoreboard.sv:570) uvm_test_top.env.scoreboard [uvm_test_top.env.scoreboard] sw state 1, reg state          1
UVM_INFO @  51341904 ps: (otp_ctrl_scoreboard.sv:570) uvm_test_top.env.scoreboard [uvm_test_top.env.scoreboard] sw state 1, reg state          1
UVM_INFO @  51352321 ps: (otp_ctrl_scoreboard.sv:570) uvm_test_top.env.scoreboard [uvm_test_top.env.scoreboard] sw state 1, reg state          1
UVM_INFO @  51362738 ps: (otp_ctrl_scoreboard.sv:570) uvm_test_top.env.scoreboard [uvm_test_top.env.scoreboard] sw state 1, reg state          1
UVM_INFO @  51373155 ps: (otp_ctrl_scoreboard.sv:570) uvm_test_top.env.scoreboard [uvm_test_top.env.scoreboard] sw state 1, reg state          1
UVM_INFO @  51383572 ps: (otp_ctrl_scoreboard.sv:570) uvm_test_top.env.scoreboard [uvm_test_top.env.scoreboard] sw state 1, reg state          1
UVM_INFO @  51393989 ps: (otp_ctrl_scoreboard.sv:570) uvm_test_top.env.scoreboard [uvm_test_top.env.scoreboard] sw state 1, reg state          1
UVM_INFO @  51404406 ps: (otp_ctrl_scoreboard.sv:570) uvm_test_top.env.scoreboard [uvm_test_top.env.scoreboard] sw state 1, reg state          1
UVM_INFO @  51414823 ps: (otp_ctrl_scoreboard.sv:570) uvm_test_top.env.scoreboard [uvm_test_top.env.scoreboard] sw state 1, reg state          1
UVM_INFO @  51425240 ps: (otp_ctrl_scoreboard.sv:570) uvm_test_top.env.scoreboard [uvm_test_top.env.scoreboard] sw state 1, reg state          1
UVM_INFO @  51435657 ps: (otp_ctrl_scoreboard.sv:570) uvm_test_top.env.scoreboard [uvm_test_top.env.scoreboard] sw state 1, reg state          1
UVM_INFO @  51446074 ps: (otp_ctrl_scoreboard.sv:570) uvm_test_top.env.scoreboard [uvm_test_top.env.scoreboard] sw state 1, reg state          1
UVM_INFO @  51456491 ps: (otp_ctrl_scoreboard.sv:570) uvm_test_top.env.scoreboard [uvm_test_top.env.scoreboard] sw state 1, reg state          1
UVM_INFO @  51466908 ps: (otp_ctrl_scoreboard.sv:570) uvm_test_top.env.scoreboard [uvm_test_top.env.scoreboard] sw state 1, reg state          1
UVM_INFO @  51477325 ps: (otp_ctrl_scoreboard.sv:570) uvm_test_top.env.scoreboard [uvm_test_top.env.scoreboard] sw state 1, reg state          1
UVM_INFO @  51487742 ps: (otp_ctrl_scoreboard.sv:570) uvm_test_top.env.scoreboard [uvm_test_top.env.scoreboard] sw state 1, reg state          1
UVM_INFO @  51498159 ps: (otp_ctrl_scoreboard.sv:570) uvm_test_top.env.scoreboard [uvm_test_top.env.scoreboard] sw state 1, reg state          1
UVM_INFO @  51508576 ps: (otp_ctrl_scoreboard.sv:570) uvm_test_top.env.scoreboard [uvm_test_top.env.scoreboard] sw state 1, reg state          1
UVM_INFO @  51518993 ps: (otp_ctrl_scoreboard.sv:570) uvm_test_top.env.scoreboard [uvm_test_top.env.scoreboard] sw state 1, reg state          1
UVM_INFO @  51529410 ps: (otp_ctrl_scoreboard.sv:570) uvm_test_top.env.scoreboard [uvm_test_top.env.scoreboard] sw state 1, reg state          1
UVM_INFO @  51539827 ps: (otp_ctrl_scoreboard.sv:570) uvm_test_top.env.scoreboard [uvm_test_top.env.scoreboard] sw state 1, reg state          1
UVM_INFO @  51550244 ps: (otp_ctrl_scoreboard.sv:570) uvm_test_top.env.scoreboard [uvm_test_top.env.scoreboard] sw state 1, reg state          1
UVM_INFO @  51560661 ps: (otp_ctrl_scoreboard.sv:570) uvm_test_top.env.scoreboard [uvm_test_top.env.scoreboard] sw state 1, reg state          1
UVM_INFO @  51571078 ps: (otp_ctrl_scoreboard.sv:570) uvm_test_top.env.scoreboard [uvm_test_top.env.scoreboard] sw state 1, reg state          1
UVM_INFO @  51581495 ps: (otp_ctrl_scoreboard.sv:570) uvm_test_top.env.scoreboard [uvm_test_top.env.scoreboard] sw state 1, reg state          1
UVM_INFO @  51591912 ps: (otp_ctrl_scoreboard.sv:570) uvm_test_top.env.scoreboard [uvm_test_top.env.scoreboard] sw state 1, reg state          1
UVM_INFO @  51602329 ps: (otp_ctrl_scoreboard.sv:570) uvm_test_top.env.scoreboard [uvm_test_top.env.scoreboard] sw state 1, reg state          1
UVM_INFO @  51612746 ps: (otp_ctrl_scoreboard.sv:570) uvm_test_top.env.scoreboard [uvm_test_top.env.scoreboard] sw state 1, reg state          1
UVM_INFO @  51623163 ps: (otp_ctrl_scoreboard.sv:570) uvm_test_top.env.scoreboard [uvm_test_top.env.scoreboard] sw state 1, reg state          1
UVM_INFO @  51633580 ps: (otp_ctrl_scoreboard.sv:570) uvm_test_top.env.scoreboard [uvm_test_top.env.scoreboard] sw state 1, reg state          1
UVM_INFO @  51643997 ps: (otp_ctrl_scoreboard.sv:570) uvm_test_top.env.scoreboard [uvm_test_top.env.scoreboard] sw state 1, reg state          1
UVM_INFO @  51654414 ps: (otp_ctrl_scoreboard.sv:570) uvm_test_top.env.scoreboard [uvm_test_top.env.scoreboard] sw state 1, reg state          1
UVM_INFO @  51664831 ps: (otp_ctrl_scoreboard.sv:570) uvm_test_top.env.scoreboard [uvm_test_top.env.scoreboard] sw state 1, reg state          1
UVM_INFO @  51675248 ps: (otp_ctrl_scoreboard.sv:570) uvm_test_top.env.scoreboard [uvm_test_top.env.scoreboard] sw state 1, reg state          1
UVM_INFO @  51685665 ps: (otp_ctrl_scoreboard.sv:570) uvm_test_top.env.scoreboard [uvm_test_top.env.scoreboard] sw state 1, reg state          1
UVM_INFO @  51696082 ps: (otp_ctrl_scoreboard.sv:570) uvm_test_top.env.scoreboard [uvm_test_top.env.scoreboard] sw state 1, reg state          1
UVM_INFO @  51706499 ps: (otp_ctrl_scoreboard.sv:570) uvm_test_top.env.scoreboard [uvm_test_top.env.scoreboard] sw state 1, reg state          1
UVM_INFO @  51716916 ps: (otp_ctrl_scoreboard.sv:570) uvm_test_top.env.scoreboard [uvm_test_top.env.scoreboard] sw state 1, reg state          1
UVM_INFO @  51727333 ps: (otp_ctrl_scoreboard.sv:570) uvm_test_top.env.scoreboard [uvm_test_top.env.scoreboard] sw state 1, reg state          1
UVM_INFO @  51737750 ps: (otp_ctrl_scoreboard.sv:570) uvm_test_top.env.scoreboard [uvm_test_top.env.scoreboard] sw state 1, reg state          1
UVM_INFO @  51748167 ps: (otp_ctrl_scoreboard.sv:570) uvm_test_top.env.scoreboard [uvm_test_top.env.scoreboard] sw state 1, reg state          1
UVM_INFO @  51758584 ps: (otp_ctrl_scoreboard.sv:570) uvm_test_top.env.scoreboard [uvm_test_top.env.scoreboard] sw state 1, reg state          1
UVM_INFO @  51769001 ps: (otp_ctrl_scoreboard.sv:570) uvm_test_top.env.scoreboard [uvm_test_top.env.scoreboard] sw state 1, reg state          1
UVM_INFO @  51779418 ps: (otp_ctrl_scoreboard.sv:570) uvm_test_top.env.scoreboard [uvm_test_top.env.scoreboard] sw state 1, reg state          1
UVM_INFO @  51789835 ps: (otp_ctrl_scoreboard.sv:570) uvm_test_top.env.scoreboard [uvm_test_top.env.scoreboard] sw state 1, reg state          1
UVM_INFO @  51800252 ps: (otp_ctrl_scoreboard.sv:570) uvm_test_top.env.scoreboard [uvm_test_top.env.scoreboard] sw state 1, reg state          1
UVM_INFO @  51810669 ps: (otp_ctrl_scoreboard.sv:570) uvm_test_top.env.scoreboard [uvm_test_top.env.scoreboard] sw state 1, reg state          1
UVM_INFO @  51821086 ps: (otp_ctrl_scoreboard.sv:570) uvm_test_top.env.scoreboard [uvm_test_top.env.scoreboard] sw state 1, reg state          1
UVM_INFO @  51831503 ps: (otp_ctrl_scoreboard.sv:570) uvm_test_top.env.scoreboard [uvm_test_top.env.scoreboard] sw state 1, reg state          1
UVM_INFO @  51841920 ps: (otp_ctrl_scoreboard.sv:570) uvm_test_top.env.scoreboard [uvm_test_top.env.scoreboard] sw state 1, reg state          1
UVM_INFO @  51852337 ps: (otp_ctrl_scoreboard.sv:570) uvm_test_top.env.scoreboard [uvm_test_top.env.scoreboard] sw state 1, reg state          1
UVM_INFO @  51862754 ps: (otp_ctrl_scoreboard.sv:570) uvm_test_top.env.scoreboard [uvm_test_top.env.scoreboard] sw state 1, reg state          1
UVM_INFO @  51873171 ps: (otp_ctrl_scoreboard.sv:570) uvm_test_top.env.scoreboard [uvm_test_top.env.scoreboard] sw state 1, reg state          1
UVM_INFO @  51883588 ps: (otp_ctrl_scoreboard.sv:570) uvm_test_top.env.scoreboard [uvm_test_top.env.scoreboard] sw state 1, reg state          1
UVM_INFO @  51894005 ps: (otp_ctrl_scoreboard.sv:570) uvm_test_top.env.scoreboard [uvm_test_top.env.scoreboard] sw state 1, reg state          1
UVM_INFO @  51904422 ps: (otp_ctrl_scoreboard.sv:570) uvm_test_top.env.scoreboard [uvm_test_top.env.scoreboard] sw state 1, reg state          1
UVM_INFO @  51914839 ps: (otp_ctrl_scoreboard.sv:570) uvm_test_top.env.scoreboard [uvm_test_top.env.scoreboard] sw state 1, reg state          1
UVM_INFO @  51925256 ps: (otp_ctrl_scoreboard.sv:570) uvm_test_top.env.scoreboard [uvm_test_top.env.scoreboard] sw state 1, reg state          1
UVM_INFO @  51935673 ps: (otp_ctrl_scoreboard.sv:570) uvm_test_top.env.scoreboard [uvm_test_top.env.scoreboard] sw state 1, reg state          1
UVM_INFO @  51946090 ps: (otp_ctrl_scoreboard.sv:570) uvm_test_top.env.scoreboard [uvm_test_top.env.scoreboard] sw state 1, reg state          1
UVM_INFO @  51956507 ps: (otp_ctrl_scoreboard.sv:570) uvm_test_top.env.scoreboard [uvm_test_top.env.scoreboard] sw state 1, reg state          1
UVM_INFO @  51966924 ps: (otp_ctrl_scoreboard.sv:570) uvm_test_top.env.scoreboard [uvm_test_top.env.scoreboard] sw state 1, reg state          1
UVM_INFO @  51977341 ps: (otp_ctrl_scoreboard.sv:570) uvm_test_top.env.scoreboard [uvm_test_top.env.scoreboard] sw state 1, reg state          1
UVM_INFO @  51987758 ps: (otp_ctrl_scoreboard.sv:570) uvm_test_top.env.scoreboard [uvm_test_top.env.scoreboard] sw state 1, reg state          1
UVM_INFO @  51998175 ps: (otp_ctrl_scoreboard.sv:570) uvm_test_top.env.scoreboard [uvm_test_top.env.scoreboard] sw state 1, reg state          1
UVM_INFO @  52008592 ps: (otp_ctrl_scoreboard.sv:570) uvm_test_top.env.scoreboard [uvm_test_top.env.scoreboard] sw state 1, reg state          1
UVM_INFO @  52019009 ps: (otp_ctrl_scoreboard.sv:570) uvm_test_top.env.scoreboard [uvm_test_top.env.scoreboard] sw state 1, reg state          1
UVM_INFO @  52029426 ps: (otp_ctrl_scoreboard.sv:570) uvm_test_top.env.scoreboard [uvm_test_top.env.scoreboard] sw state 1, reg state          1
UVM_INFO @  52039843 ps: (otp_ctrl_scoreboard.sv:570) uvm_test_top.env.scoreboard [uvm_test_top.env.scoreboard] sw state 1, reg state          1
UVM_INFO @  52050260 ps: (otp_ctrl_scoreboard.sv:570) uvm_test_top.env.scoreboard [uvm_test_top.env.scoreboard] sw state 1, reg state          1
UVM_INFO @  52060677 ps: (otp_ctrl_scoreboard.sv:570) uvm_test_top.env.scoreboard [uvm_test_top.env.scoreboard] sw state 1, reg state          1
UVM_INFO @  52071094 ps: (otp_ctrl_scoreboard.sv:570) uvm_test_top.env.scoreboard [uvm_test_top.env.scoreboard] sw state 1, reg state          1
UVM_INFO @  52081511 ps: (otp_ctrl_scoreboard.sv:570) uvm_test_top.env.scoreboard [uvm_test_top.env.scoreboard] sw state 1, reg state          1
UVM_INFO @  52091928 ps: (otp_ctrl_scoreboard.sv:570) uvm_test_top.env.scoreboard [uvm_test_top.env.scoreboard] sw state 1, reg state          1
UVM_INFO @  52102345 ps: (otp_ctrl_scoreboard.sv:570) uvm_test_top.env.scoreboard [uvm_test_top.env.scoreboard] sw state 1, reg state          1
UVM_INFO @  52112762 ps: (otp_ctrl_scoreboard.sv:570) uvm_test_top.env.scoreboard [uvm_test_top.env.scoreboard] sw state 1, reg state          1
UVM_INFO @  52123179 ps: (otp_ctrl_scoreboard.sv:570) uvm_test_top.env.scoreboard [uvm_test_top.env.scoreboard] sw state 1, reg state          1
UVM_INFO @  52133596 ps: (otp_ctrl_scoreboard.sv:570) uvm_test_top.env.scoreboard [uvm_test_top.env.scoreboard] sw state 1, reg state          1
UVM_INFO @  52144013 ps: (otp_ctrl_scoreboard.sv:570) uvm_test_top.env.scoreboard [uvm_test_top.env.scoreboard] sw state 1, reg state          1
UVM_INFO @  52154430 ps: (otp_ctrl_scoreboard.sv:570) uvm_test_top.env.scoreboard [uvm_test_top.env.scoreboard] sw state 1, reg state          1
UVM_INFO @  52164847 ps: (otp_ctrl_scoreboard.sv:570) uvm_test_top.env.scoreboard [uvm_test_top.env.scoreboard] sw state 1, reg state          1
UVM_INFO @  52175264 ps: (otp_ctrl_scoreboard.sv:570) uvm_test_top.env.scoreboard [uvm_test_top.env.scoreboard] sw state 1, reg state          1
UVM_INFO @  52185681 ps: (otp_ctrl_scoreboard.sv:570) uvm_test_top.env.scoreboard [uvm_test_top.env.scoreboard] sw state 1, reg state          1
UVM_INFO @  52196098 ps: (otp_ctrl_scoreboard.sv:570) uvm_test_top.env.scoreboard [uvm_test_top.env.scoreboard] sw state 1, reg state          1
UVM_INFO @  52206515 ps: (otp_ctrl_scoreboard.sv:570) uvm_test_top.env.scoreboard [uvm_test_top.env.scoreboard] sw state 1, reg state          1
UVM_INFO @  52216932 ps: (otp_ctrl_scoreboard.sv:570) uvm_test_top.env.scoreboard [uvm_test_top.env.scoreboard] sw state 1, reg state          1
UVM_INFO @  52227349 ps: (otp_ctrl_scoreboard.sv:570) uvm_test_top.env.scoreboard [uvm_test_top.env.scoreboard] sw state 1, reg state          1
UVM_INFO @  52237766 ps: (otp_ctrl_scoreboard.sv:570) uvm_test_top.env.scoreboard [uvm_test_top.env.scoreboard] sw state 1, reg state          1
UVM_INFO @  52248183 ps: (otp_ctrl_scoreboard.sv:570) uvm_test_top.env.scoreboard [uvm_test_top.env.scoreboard] sw state 1, reg state          1
UVM_INFO @  52258600 ps: (otp_ctrl_scoreboard.sv:570) uvm_test_top.env.scoreboard [uvm_test_top.env.scoreboard] sw state 1, reg state          1
UVM_INFO @  52269017 ps: (otp_ctrl_scoreboard.sv:570) uvm_test_top.env.scoreboard [uvm_test_top.env.scoreboard] sw state 1, reg state          1
UVM_INFO @  52279434 ps: (otp_ctrl_scoreboard.sv:570) uvm_test_top.env.scoreboard [uvm_test_top.env.scoreboard] sw state 1, reg state          1
UVM_INFO @  52289851 ps: (otp_ctrl_scoreboard.sv:570) uvm_test_top.env.scoreboard [uvm_test_top.env.scoreboard] sw state 1, reg state          1
UVM_INFO @  52300268 ps: (otp_ctrl_scoreboard.sv:570) uvm_test_top.env.scoreboard [uvm_test_top.env.scoreboard] sw state 1, reg state          1
UVM_INFO @  52310685 ps: (otp_ctrl_scoreboard.sv:570) uvm_test_top.env.scoreboard [uvm_test_top.env.scoreboard] sw state 1, reg state          1
UVM_INFO @  52321102 ps: (otp_ctrl_scoreboard.sv:570) uvm_test_top.env.scoreboard [uvm_test_top.env.scoreboard] sw state 1, reg state          1
UVM_INFO @  52331519 ps: (otp_ctrl_scoreboard.sv:570) uvm_test_top.env.scoreboard [uvm_test_top.env.scoreboard] sw state 1, reg state          1
UVM_INFO @  52341936 ps: (otp_ctrl_scoreboard.sv:570) uvm_test_top.env.scoreboard [uvm_test_top.env.scoreboard] sw state 1, reg state          1
UVM_INFO @  52352353 ps: (otp_ctrl_scoreboard.sv:570) uvm_test_top.env.scoreboard [uvm_test_top.env.scoreboard] sw state 1, reg state          1
UVM_INFO @  52362770 ps: (otp_ctrl_scoreboard.sv:570) uvm_test_top.env.scoreboard [uvm_test_top.env.scoreboard] sw state 1, reg state          1
UVM_INFO @  52373187 ps: (otp_ctrl_scoreboard.sv:570) uvm_test_top.env.scoreboard [uvm_test_top.env.scoreboard] sw state 1, reg state          1
UVM_INFO @  52383604 ps: (otp_ctrl_scoreboard.sv:570) uvm_test_top.env.scoreboard [uvm_test_top.env.scoreboard] sw state 1, reg state          1
UVM_INFO @  52394021 ps: (otp_ctrl_scoreboard.sv:570) uvm_test_top.env.scoreboard [uvm_test_top.env.scoreboard] sw state 1, reg state          1
UVM_INFO @  52404438 ps: (otp_ctrl_scoreboard.sv:570) uvm_test_top.env.scoreboard [uvm_test_top.env.scoreboard] sw state 1, reg state          1
UVM_INFO @  52414855 ps: (otp_ctrl_scoreboard.sv:570) uvm_test_top.env.scoreboard [uvm_test_top.env.scoreboard] sw state 1, reg state          1
UVM_INFO @  52425272 ps: (otp_ctrl_scoreboard.sv:570) uvm_test_top.env.scoreboard [uvm_test_top.env.scoreboard] sw state 1, reg state          1
UVM_INFO @  52435689 ps: (otp_ctrl_scoreboard.sv:570) uvm_test_top.env.scoreboard [uvm_test_top.env.scoreboard] sw state 1, reg state          1
UVM_INFO @  52446106 ps: (otp_ctrl_scoreboard.sv:570) uvm_test_top.env.scoreboard [uvm_test_top.env.scoreboard] sw state 1, reg state          1
UVM_INFO @  52456523 ps: (otp_ctrl_scoreboard.sv:570) uvm_test_top.env.scoreboard [uvm_test_top.env.scoreboard] sw state 1, reg state          1
UVM_INFO @  52466940 ps: (otp_ctrl_scoreboard.sv:570) uvm_test_top.env.scoreboard [uvm_test_top.env.scoreboard] sw state 1, reg state          1
UVM_INFO @  52477357 ps: (otp_ctrl_scoreboard.sv:570) uvm_test_top.env.scoreboard [uvm_test_top.env.scoreboard] sw state 1, reg state          1
UVM_INFO @  52487774 ps: (otp_ctrl_scoreboard.sv:570) uvm_test_top.env.scoreboard [uvm_test_top.env.scoreboard] sw state 1, reg state          1
UVM_INFO @  52498191 ps: (otp_ctrl_scoreboard.sv:570) uvm_test_top.env.scoreboard [uvm_test_top.env.scoreboard] sw state 1, reg state          1
UVM_INFO @  52508608 ps: (otp_ctrl_scoreboard.sv:570) uvm_test_top.env.scoreboard [uvm_test_top.env.scoreboard] sw state 1, reg state          1
UVM_INFO @  52519025 ps: (otp_ctrl_scoreboard.sv:570) uvm_test_top.env.scoreboard [uvm_test_top.env.scoreboard] sw state 1, reg state          1
UVM_INFO @  52529442 ps: (otp_ctrl_scoreboard.sv:570) uvm_test_top.env.scoreboard [uvm_test_top.env.scoreboard] sw state 1, reg state          1
UVM_INFO @  52539859 ps: (otp_ctrl_scoreboard.sv:570) uvm_test_top.env.scoreboard [uvm_test_top.env.scoreboard] sw state 1, reg state          1
UVM_INFO @  52550276 ps: (otp_ctrl_scoreboard.sv:570) uvm_test_top.env.scoreboard [uvm_test_top.env.scoreboard] sw state 1, reg state          1
UVM_INFO @  52560693 ps: (otp_ctrl_scoreboard.sv:570) uvm_test_top.env.scoreboard [uvm_test_top.env.scoreboard] sw state 1, reg state          1
UVM_INFO @  52571110 ps: (otp_ctrl_scoreboard.sv:570) uvm_test_top.env.scoreboard [uvm_test_top.env.scoreboard] sw state 1, reg state          1
UVM_INFO @  52581527 ps: (otp_ctrl_scoreboard.sv:570) uvm_test_top.env.scoreboard [uvm_test_top.env.scoreboard] sw state 1, reg state          1
UVM_INFO @  52591944 ps: (otp_ctrl_scoreboard.sv:570) uvm_test_top.env.scoreboard [uvm_test_top.env.scoreboard] sw state 1, reg state          1
UVM_INFO @  52602361 ps: (otp_ctrl_scoreboard.sv:570) uvm_test_top.env.scoreboard [uvm_test_top.env.scoreboard] sw state 1, reg state          1
UVM_INFO @  52612778 ps: (otp_ctrl_scoreboard.sv:570) uvm_test_top.env.scoreboard [uvm_test_top.env.scoreboard] sw state 1, reg state          1
UVM_INFO @  52623195 ps: (otp_ctrl_scoreboard.sv:570) uvm_test_top.env.scoreboard [uvm_test_top.env.scoreboard] sw state 1, reg state          1
UVM_INFO @  52633612 ps: (otp_ctrl_scoreboard.sv:570) uvm_test_top.env.scoreboard [uvm_test_top.env.scoreboard] sw state 1, reg state          1
UVM_INFO @  52644029 ps: (otp_ctrl_scoreboard.sv:570) uvm_test_top.env.scoreboard [uvm_test_top.env.scoreboard] sw state 1, reg state          1
UVM_INFO @  52654446 ps: (otp_ctrl_scoreboard.sv:570) uvm_test_top.env.scoreboard [uvm_test_top.env.scoreboard] sw state 1, reg state          1
UVM_INFO @  52664863 ps: (otp_ctrl_scoreboard.sv:570) uvm_test_top.env.scoreboard [uvm_test_top.env.scoreboard] sw state 1, reg state          1
UVM_INFO @  52675280 ps: (otp_ctrl_scoreboard.sv:570) uvm_test_top.env.scoreboard [uvm_test_top.env.scoreboard] sw state 1, reg state          1
UVM_INFO @  52685697 ps: (otp_ctrl_scoreboard.sv:570) uvm_test_top.env.scoreboard [uvm_test_top.env.scoreboard] sw state 1, reg state          1
UVM_INFO @  52696114 ps: (otp_ctrl_scoreboard.sv:570) uvm_test_top.env.scoreboard [uvm_test_top.env.scoreboard] sw state 1, reg state          1
UVM_INFO @  52706531 ps: (otp_ctrl_scoreboard.sv:570) uvm_test_top.env.scoreboard [uvm_test_top.env.scoreboard] sw state 1, reg state          1
UVM_INFO @  52716948 ps: (otp_ctrl_scoreboard.sv:570) uvm_test_top.env.scoreboard [uvm_test_top.env.scoreboard] sw state 1, reg state          1
UVM_INFO @  52727365 ps: (otp_ctrl_scoreboard.sv:570) uvm_test_top.env.scoreboard [uvm_test_top.env.scoreboard] sw state 1, reg state          1
UVM_INFO @  52737782 ps: (otp_ctrl_scoreboard.sv:570) uvm_test_top.env.scoreboard [uvm_test_top.env.scoreboard] sw state 1, reg state          1
UVM_INFO @  52748199 ps: (otp_ctrl_scoreboard.sv:570) uvm_test_top.env.scoreboard [uvm_test_top.env.scoreboard] sw state 1, reg state          1
UVM_INFO @  52758616 ps: (otp_ctrl_scoreboard.sv:570) uvm_test_top.env.scoreboard [uvm_test_top.env.scoreboard] sw state 1, reg state          1
UVM_INFO @  52769033 ps: (otp_ctrl_scoreboard.sv:570) uvm_test_top.env.scoreboard [uvm_test_top.env.scoreboard] sw state 1, reg state          1
UVM_INFO @  52779450 ps: (otp_ctrl_scoreboard.sv:570) uvm_test_top.env.scoreboard [uvm_test_top.env.scoreboard] sw state 1, reg state          1
UVM_INFO @  52789867 ps: (otp_ctrl_scoreboard.sv:570) uvm_test_top.env.scoreboard [uvm_test_top.env.scoreboard] sw state 1, reg state          1
UVM_INFO @  52800284 ps: (otp_ctrl_scoreboard.sv:570) uvm_test_top.env.scoreboard [uvm_test_top.env.scoreboard] sw state 1, reg state          1
UVM_INFO @  52810701 ps: (otp_ctrl_scoreboard.sv:570) uvm_test_top.env.scoreboard [uvm_test_top.env.scoreboard] sw state 1, reg state          1
UVM_INFO @  52821118 ps: (otp_ctrl_scoreboard.sv:570) uvm_test_top.env.scoreboard [uvm_test_top.env.scoreboard] sw state 1, reg state          1
UVM_INFO @  52831535 ps: (otp_ctrl_scoreboard.sv:570) uvm_test_top.env.scoreboard [uvm_test_top.env.scoreboard] sw state 1, reg state          1
UVM_INFO @  52841952 ps: (otp_ctrl_scoreboard.sv:570) uvm_test_top.env.scoreboard [uvm_test_top.env.scoreboard] sw state 1, reg state          1
UVM_INFO @  52852369 ps: (otp_ctrl_scoreboard.sv:570) uvm_test_top.env.scoreboard [uvm_test_top.env.scoreboard] sw state 1, reg state          1
UVM_INFO @  52862786 ps: (otp_ctrl_scoreboard.sv:570) uvm_test_top.env.scoreboard [uvm_test_top.env.scoreboard] sw state 1, reg state          1
UVM_INFO @  52873203 ps: (otp_ctrl_scoreboard.sv:570) uvm_test_top.env.scoreboard [uvm_test_top.env.scoreboard] sw state 1, reg state          1
UVM_INFO @  52883620 ps: (otp_ctrl_scoreboard.sv:570) uvm_test_top.env.scoreboard [uvm_test_top.env.scoreboard] sw state 1, reg state          1
UVM_INFO @  52894037 ps: (otp_ctrl_scoreboard.sv:570) uvm_test_top.env.scoreboard [uvm_test_top.env.scoreboard] sw state 1, reg state          1
UVM_INFO @  52904454 ps: (otp_ctrl_scoreboard.sv:570) uvm_test_top.env.scoreboard [uvm_test_top.env.scoreboard] sw state 1, reg state          1
UVM_INFO @  52914871 ps: (otp_ctrl_scoreboard.sv:570) uvm_test_top.env.scoreboard [uvm_test_top.env.scoreboard] sw state 1, reg state          1
UVM_INFO @  52925288 ps: (otp_ctrl_scoreboard.sv:570) uvm_test_top.env.scoreboard [uvm_test_top.env.scoreboard] sw state 1, reg state          1
UVM_INFO @  52935705 ps: (otp_ctrl_scoreboard.sv:570) uvm_test_top.env.scoreboard [uvm_test_top.env.scoreboard] sw state 1, reg state          1
UVM_INFO @  52946122 ps: (otp_ctrl_scoreboard.sv:570) uvm_test_top.env.scoreboard [uvm_test_top.env.scoreboard] sw state 1, reg state          1
UVM_INFO @  52956539 ps: (otp_ctrl_scoreboard.sv:570) uvm_test_top.env.scoreboard [uvm_test_top.env.scoreboard] sw state 1, reg state          1
UVM_INFO @  52966956 ps: (otp_ctrl_scoreboard.sv:570) uvm_test_top.env.scoreboard [uvm_test_top.env.scoreboard] sw state 1, reg state          1
UVM_INFO @  52977373 ps: (otp_ctrl_scoreboard.sv:570) uvm_test_top.env.scoreboard [uvm_test_top.env.scoreboard] sw state 1, reg state          1
UVM_INFO @  52987790 ps: (otp_ctrl_scoreboard.sv:570) uvm_test_top.env.scoreboard [uvm_test_top.env.scoreboard] sw state 1, reg state          1
UVM_INFO @  52998207 ps: (otp_ctrl_scoreboard.sv:570) uvm_test_top.env.scoreboard [uvm_test_top.env.scoreboard] sw state 1, reg state          1
UVM_INFO @  53008624 ps: (otp_ctrl_scoreboard.sv:570) uvm_test_top.env.scoreboard [uvm_test_top.env.scoreboard] sw state 1, reg state          1
UVM_INFO @  53019041 ps: (otp_ctrl_scoreboard.sv:570) uvm_test_top.env.scoreboard [uvm_test_top.env.scoreboard] sw state 1, reg state          1
UVM_INFO @  53029458 ps: (otp_ctrl_scoreboard.sv:570) uvm_test_top.env.scoreboard [uvm_test_top.env.scoreboard] sw state 1, reg state          1
UVM_INFO @  53039875 ps: (otp_ctrl_scoreboard.sv:570) uvm_test_top.env.scoreboard [uvm_test_top.env.scoreboard] sw state 1, reg state          1
UVM_INFO @  53050292 ps: (otp_ctrl_scoreboard.sv:570) uvm_test_top.env.scoreboard [uvm_test_top.env.scoreboard] sw state 1, reg state          1
UVM_INFO @  53060709 ps: (otp_ctrl_scoreboard.sv:570) uvm_test_top.env.scoreboard [uvm_test_top.env.scoreboard] sw state 1, reg state          1
UVM_INFO @  53071126 ps: (otp_ctrl_scoreboard.sv:570) uvm_test_top.env.scoreboard [uvm_test_top.env.scoreboard] sw state 1, reg state          1
UVM_INFO @  53081543 ps: (otp_ctrl_scoreboard.sv:570) uvm_test_top.env.scoreboard [uvm_test_top.env.scoreboard] sw state 1, reg state          1
UVM_INFO @  53091960 ps: (otp_ctrl_scoreboard.sv:570) uvm_test_top.env.scoreboard [uvm_test_top.env.scoreboard] sw state 1, reg state          1
UVM_INFO @  53102377 ps: (otp_ctrl_scoreboard.sv:570) uvm_test_top.env.scoreboard [uvm_test_top.env.scoreboard] sw state 1, reg state          1
UVM_INFO @  53112794 ps: (otp_ctrl_scoreboard.sv:570) uvm_test_top.env.scoreboard [uvm_test_top.env.scoreboard] sw state 1, reg state          1
UVM_INFO @  53123211 ps: (otp_ctrl_scoreboard.sv:570) uvm_test_top.env.scoreboard [uvm_test_top.env.scoreboard] sw state 1, reg state          1
UVM_INFO @  53133628 ps: (otp_ctrl_scoreboard.sv:570) uvm_test_top.env.scoreboard [uvm_test_top.env.scoreboard] sw state 1, reg state          1
UVM_INFO @  53144045 ps: (otp_ctrl_scoreboard.sv:570) uvm_test_top.env.scoreboard [uvm_test_top.env.scoreboard] sw state 1, reg state          1
UVM_INFO @  53154462 ps: (otp_ctrl_scoreboard.sv:570) uvm_test_top.env.scoreboard [uvm_test_top.env.scoreboard] sw state 1, reg state          1
UVM_INFO @  53164879 ps: (otp_ctrl_scoreboard.sv:570) uvm_test_top.env.scoreboard [uvm_test_top.env.scoreboard] sw state 1, reg state          1
UVM_INFO @  53175296 ps: (otp_ctrl_scoreboard.sv:570) uvm_test_top.env.scoreboard [uvm_test_top.env.scoreboard] sw state 1, reg state          1
UVM_INFO @  53185713 ps: (otp_ctrl_scoreboard.sv:570) uvm_test_top.env.scoreboard [uvm_test_top.env.scoreboard] sw state 1, reg state          1
UVM_INFO @  53196130 ps: (otp_ctrl_scoreboard.sv:570) uvm_test_top.env.scoreboard [uvm_test_top.env.scoreboard] sw state 1, reg state          1
UVM_INFO @  53206547 ps: (otp_ctrl_scoreboard.sv:570) uvm_test_top.env.scoreboard [uvm_test_top.env.scoreboard] sw state 1, reg state          1
UVM_INFO @  53216964 ps: (otp_ctrl_scoreboard.sv:570) uvm_test_top.env.scoreboard [uvm_test_top.env.scoreboard] sw state 1, reg state          1
UVM_INFO @  53227381 ps: (otp_ctrl_scoreboard.sv:570) uvm_test_top.env.scoreboard [uvm_test_top.env.scoreboard] sw state 1, reg state          1
UVM_INFO @  53237798 ps: (otp_ctrl_scoreboard.sv:570) uvm_test_top.env.scoreboard [uvm_test_top.env.scoreboard] sw state 1, reg state          1
UVM_INFO @  53248215 ps: (otp_ctrl_scoreboard.sv:570) uvm_test_top.env.scoreboard [uvm_test_top.env.scoreboard] sw state 1, reg state          1
UVM_INFO @  53258632 ps: (otp_ctrl_scoreboard.sv:570) uvm_test_top.env.scoreboard [uvm_test_top.env.scoreboard] sw state 1, reg state          1
UVM_INFO @  53269049 ps: (otp_ctrl_scoreboard.sv:570) uvm_test_top.env.scoreboard [uvm_test_top.env.scoreboard] sw state 1, reg state          1
UVM_INFO @  53279466 ps: (otp_ctrl_scoreboard.sv:570) uvm_test_top.env.scoreboard [uvm_test_top.env.scoreboard] sw state 1, reg state          1
UVM_INFO @  53289883 ps: (otp_ctrl_scoreboard.sv:570) uvm_test_top.env.scoreboard [uvm_test_top.env.scoreboard] sw state 1, reg state          1
UVM_INFO @  53300300 ps: (otp_ctrl_scoreboard.sv:570) uvm_test_top.env.scoreboard [uvm_test_top.env.scoreboard] sw state 1, reg state          1
UVM_INFO @  53310717 ps: (otp_ctrl_scoreboard.sv:570) uvm_test_top.env.scoreboard [uvm_test_top.env.scoreboard] sw state 1, reg state          1
UVM_INFO @  53321134 ps: (otp_ctrl_scoreboard.sv:570) uvm_test_top.env.scoreboard [uvm_test_top.env.scoreboard] sw state 1, reg state          1
UVM_INFO @  53331551 ps: (otp_ctrl_scoreboard.sv:570) uvm_test_top.env.scoreboard [uvm_test_top.env.scoreboard] sw state 1, reg state          1
UVM_INFO @  53341968 ps: (otp_ctrl_scoreboard.sv:570) uvm_test_top.env.scoreboard [uvm_test_top.env.scoreboard] sw state 1, reg state          1
UVM_INFO @  53352385 ps: (otp_ctrl_scoreboard.sv:570) uvm_test_top.env.scoreboard [uvm_test_top.env.scoreboard] sw state 1, reg state          1
UVM_INFO @  53362802 ps: (otp_ctrl_scoreboard.sv:570) uvm_test_top.env.scoreboard [uvm_test_top.env.scoreboard] sw state 1, reg state          1
UVM_INFO @  53373219 ps: (otp_ctrl_scoreboard.sv:570) uvm_test_top.env.scoreboard [uvm_test_top.env.scoreboard] sw state 1, reg state          1
UVM_INFO @  53383636 ps: (otp_ctrl_scoreboard.sv:570) uvm_test_top.env.scoreboard [uvm_test_top.env.scoreboard] sw state 1, reg state          1
UVM_INFO @  53394053 ps: (otp_ctrl_scoreboard.sv:570) uvm_test_top.env.scoreboard [uvm_test_top.env.scoreboard] sw state 1, reg state          1
UVM_INFO @  53404470 ps: (otp_ctrl_scoreboard.sv:570) uvm_test_top.env.scoreboard [uvm_test_top.env.scoreboard] sw state 1, reg state          1
UVM_INFO @  53414887 ps: (otp_ctrl_scoreboard.sv:570) uvm_test_top.env.scoreboard [uvm_test_top.env.scoreboard] sw state 1, reg state          1
UVM_INFO @  53425304 ps: (otp_ctrl_scoreboard.sv:570) uvm_test_top.env.scoreboard [uvm_test_top.env.scoreboard] sw state 1, reg state          1
UVM_INFO @  53435721 ps: (otp_ctrl_scoreboard.sv:570) uvm_test_top.env.scoreboard [uvm_test_top.env.scoreboard] sw state 1, reg state          1
UVM_INFO @  53446138 ps: (otp_ctrl_scoreboard.sv:570) uvm_test_top.env.scoreboard [uvm_test_top.env.scoreboard] sw state 1, reg state          1
UVM_INFO @  53456555 ps: (otp_ctrl_scoreboard.sv:570) uvm_test_top.env.scoreboard [uvm_test_top.env.scoreboard] sw state 1, reg state          1
UVM_INFO @  53466972 ps: (otp_ctrl_scoreboard.sv:570) uvm_test_top.env.scoreboard [uvm_test_top.env.scoreboard] sw state 1, reg state          1
UVM_INFO @  53477389 ps: (otp_ctrl_scoreboard.sv:570) uvm_test_top.env.scoreboard [uvm_test_top.env.scoreboard] sw state 1, reg state          1
UVM_INFO @  53487806 ps: (otp_ctrl_scoreboard.sv:570) uvm_test_top.env.scoreboard [uvm_test_top.env.scoreboard] sw state 1, reg state          1
UVM_INFO @  53498223 ps: (otp_ctrl_scoreboard.sv:570) uvm_test_top.env.scoreboard [uvm_test_top.env.scoreboard] sw state 1, reg state          1
UVM_INFO @  53508640 ps: (otp_ctrl_scoreboard.sv:570) uvm_test_top.env.scoreboard [uvm_test_top.env.scoreboard] sw state 1, reg state          1
UVM_INFO @  53519057 ps: (otp_ctrl_scoreboard.sv:570) uvm_test_top.env.scoreboard [uvm_test_top.env.scoreboard] sw state 1, reg state          1
UVM_INFO @  53529474 ps: (otp_ctrl_scoreboard.sv:570) uvm_test_top.env.scoreboard [uvm_test_top.env.scoreboard] sw state 1, reg state          1
UVM_INFO @  53539891 ps: (otp_ctrl_scoreboard.sv:570) uvm_test_top.env.scoreboard [uvm_test_top.env.scoreboard] sw state 1, reg state          1
UVM_INFO @  53550308 ps: (otp_ctrl_scoreboard.sv:570) uvm_test_top.env.scoreboard [uvm_test_top.env.scoreboard] sw state 1, reg state          1
UVM_INFO @  53560725 ps: (otp_ctrl_scoreboard.sv:570) uvm_test_top.env.scoreboard [uvm_test_top.env.scoreboard] sw state 1, reg state          1
UVM_INFO @  53571142 ps: (otp_ctrl_scoreboard.sv:570) uvm_test_top.env.scoreboard [uvm_test_top.env.scoreboard] sw state 1, reg state          1
UVM_INFO @  53581559 ps: (otp_ctrl_scoreboard.sv:570) uvm_test_top.env.scoreboard [uvm_test_top.env.scoreboard] sw state 1, reg state          1
UVM_INFO @  53591976 ps: (otp_ctrl_scoreboard.sv:570) uvm_test_top.env.scoreboard [uvm_test_top.env.scoreboard] sw state 1, reg state          1
UVM_INFO @  53602393 ps: (otp_ctrl_scoreboard.sv:570) uvm_test_top.env.scoreboard [uvm_test_top.env.scoreboard] sw state 1, reg state          1
UVM_INFO @  53612810 ps: (otp_ctrl_scoreboard.sv:570) uvm_test_top.env.scoreboard [uvm_test_top.env.scoreboard] sw state 1, reg state          1
UVM_INFO @  53623227 ps: (otp_ctrl_scoreboard.sv:570) uvm_test_top.env.scoreboard [uvm_test_top.env.scoreboard] sw state 1, reg state          1
UVM_INFO @  53633644 ps: (otp_ctrl_scoreboard.sv:570) uvm_test_top.env.scoreboard [uvm_test_top.env.scoreboard] sw state 1, reg state          1
UVM_INFO @  53644061 ps: (otp_ctrl_scoreboard.sv:570) uvm_test_top.env.scoreboard [uvm_test_top.env.scoreboard] sw state 1, reg state          1
UVM_INFO @  53654478 ps: (otp_ctrl_scoreboard.sv:570) uvm_test_top.env.scoreboard [uvm_test_top.env.scoreboard] sw state 1, reg state          1
UVM_INFO @  53664895 ps: (otp_ctrl_scoreboard.sv:570) uvm_test_top.env.scoreboard [uvm_test_top.env.scoreboard] sw state 1, reg state          1
UVM_INFO @  53675312 ps: (otp_ctrl_scoreboard.sv:570) uvm_test_top.env.scoreboard [uvm_test_top.env.scoreboard] sw state 1, reg state          1
UVM_INFO @  53685729 ps: (otp_ctrl_scoreboard.sv:570) uvm_test_top.env.scoreboard [uvm_test_top.env.scoreboard] sw state 1, reg state          1
UVM_INFO @  53696146 ps: (otp_ctrl_scoreboard.sv:570) uvm_test_top.env.scoreboard [uvm_test_top.env.scoreboard] sw state 1, reg state          1
UVM_INFO @  53706563 ps: (otp_ctrl_scoreboard.sv:570) uvm_test_top.env.scoreboard [uvm_test_top.env.scoreboard] sw state 1, reg state          1
UVM_INFO @  53716980 ps: (otp_ctrl_scoreboard.sv:570) uvm_test_top.env.scoreboard [uvm_test_top.env.scoreboard] sw state 1, reg state          1
UVM_INFO @  53727397 ps: (otp_ctrl_scoreboard.sv:570) uvm_test_top.env.scoreboard [uvm_test_top.env.scoreboard] sw state 1, reg state          1
UVM_INFO @  53737814 ps: (otp_ctrl_scoreboard.sv:570) uvm_test_top.env.scoreboard [uvm_test_top.env.scoreboard] sw state 1, reg state          1
UVM_INFO @  53748231 ps: (otp_ctrl_scoreboard.sv:570) uvm_test_top.env.scoreboard [uvm_test_top.env.scoreboard] sw state 1, reg state          1
UVM_INFO @  53758648 ps: (otp_ctrl_scoreboard.sv:570) uvm_test_top.env.scoreboard [uvm_test_top.env.scoreboard] sw state 1, reg state          1
UVM_INFO @  53769065 ps: (otp_ctrl_scoreboard.sv:570) uvm_test_top.env.scoreboard [uvm_test_top.env.scoreboard] sw state 1, reg state          1
UVM_INFO @  53779482 ps: (otp_ctrl_scoreboard.sv:570) uvm_test_top.env.scoreboard [uvm_test_top.env.scoreboard] sw state 1, reg state          1
UVM_INFO @  53789899 ps: (otp_ctrl_scoreboard.sv:570) uvm_test_top.env.scoreboard [uvm_test_top.env.scoreboard] sw state 1, reg state          1
UVM_INFO @  53800316 ps: (otp_ctrl_scoreboard.sv:570) uvm_test_top.env.scoreboard [uvm_test_top.env.scoreboard] sw state 1, reg state          1
UVM_INFO @  53810733 ps: (otp_ctrl_scoreboard.sv:570) uvm_test_top.env.scoreboard [uvm_test_top.env.scoreboard] sw state 1, reg state          1
UVM_INFO @  53821150 ps: (otp_ctrl_scoreboard.sv:570) uvm_test_top.env.scoreboard [uvm_test_top.env.scoreboard] sw state 1, reg state          1
UVM_INFO @  53831567 ps: (otp_ctrl_scoreboard.sv:570) uvm_test_top.env.scoreboard [uvm_test_top.env.scoreboard] sw state 1, reg state          1
UVM_INFO @  53841984 ps: (otp_ctrl_scoreboard.sv:570) uvm_test_top.env.scoreboard [uvm_test_top.env.scoreboard] sw state 1, reg state          1
UVM_INFO @  53852401 ps: (otp_ctrl_scoreboard.sv:570) uvm_test_top.env.scoreboard [uvm_test_top.env.scoreboard] sw state 1, reg state          1
UVM_INFO @  53862818 ps: (otp_ctrl_scoreboard.sv:570) uvm_test_top.env.scoreboard [uvm_test_top.env.scoreboard] sw state 1, reg state          1
UVM_INFO @  53873235 ps: (otp_ctrl_scoreboard.sv:570) uvm_test_top.env.scoreboard [uvm_test_top.env.scoreboard] sw state 1, reg state          1
UVM_INFO @  53883652 ps: (otp_ctrl_scoreboard.sv:570) uvm_test_top.env.scoreboard [uvm_test_top.env.scoreboard] sw state 1, reg state          1
UVM_INFO @  53894069 ps: (otp_ctrl_scoreboard.sv:570) uvm_test_top.env.scoreboard [uvm_test_top.env.scoreboard] sw state 1, reg state          1
UVM_INFO @  53904486 ps: (otp_ctrl_scoreboard.sv:570) uvm_test_top.env.scoreboard [uvm_test_top.env.scoreboard] sw state 1, reg state          1
UVM_INFO @  53914903 ps: (otp_ctrl_scoreboard.sv:570) uvm_test_top.env.scoreboard [uvm_test_top.env.scoreboard] sw state 1, reg state          1
UVM_INFO @  53925320 ps: (otp_ctrl_scoreboard.sv:570) uvm_test_top.env.scoreboard [uvm_test_top.env.scoreboard] sw state 1, reg state          1
UVM_INFO @  53935737 ps: (otp_ctrl_scoreboard.sv:570) uvm_test_top.env.scoreboard [uvm_test_top.env.scoreboard] sw state 1, reg state          1
UVM_INFO @  53946154 ps: (otp_ctrl_scoreboard.sv:570) uvm_test_top.env.scoreboard [uvm_test_top.env.scoreboard] sw state 1, reg state          1
UVM_INFO @  53956571 ps: (otp_ctrl_scoreboard.sv:570) uvm_test_top.env.scoreboard [uvm_test_top.env.scoreboard] sw state 1, reg state          1
UVM_INFO @  53966988 ps: (otp_ctrl_scoreboard.sv:570) uvm_test_top.env.scoreboard [uvm_test_top.env.scoreboard] sw state 1, reg state          1
UVM_INFO @  53977405 ps: (otp_ctrl_scoreboard.sv:570) uvm_test_top.env.scoreboard [uvm_test_top.env.scoreboard] sw state 1, reg state          1
UVM_INFO @  53987822 ps: (otp_ctrl_scoreboard.sv:570) uvm_test_top.env.scoreboard [uvm_test_top.env.scoreboard] sw state 1, reg state          1
UVM_INFO @  53998239 ps: (otp_ctrl_scoreboard.sv:570) uvm_test_top.env.scoreboard [uvm_test_top.env.scoreboard] sw state 1, reg state          1
UVM_INFO @  54008656 ps: (otp_ctrl_scoreboard.sv:570) uvm_test_top.env.scoreboard [uvm_test_top.env.scoreboard] sw state 1, reg state          1
UVM_INFO @  54019073 ps: (otp_ctrl_scoreboard.sv:570) uvm_test_top.env.scoreboard [uvm_test_top.env.scoreboard] sw state 1, reg state          1
UVM_INFO @  54029490 ps: (otp_ctrl_scoreboard.sv:570) uvm_test_top.env.scoreboard [uvm_test_top.env.scoreboard] sw state 1, reg state          1
UVM_INFO @  54039907 ps: (otp_ctrl_scoreboard.sv:570) uvm_test_top.env.scoreboard [uvm_test_top.env.scoreboard] sw state 1, reg state          1
UVM_INFO @  54050324 ps: (otp_ctrl_scoreboard.sv:570) uvm_test_top.env.scoreboard [uvm_test_top.env.scoreboard] sw state 1, reg state          1
UVM_INFO @  54060741 ps: (otp_ctrl_scoreboard.sv:570) uvm_test_top.env.scoreboard [uvm_test_top.env.scoreboard] sw state 1, reg state          1
UVM_INFO @  54071158 ps: (otp_ctrl_scoreboard.sv:570) uvm_test_top.env.scoreboard [uvm_test_top.env.scoreboard] sw state 1, reg state          1
UVM_INFO @  54081575 ps: (otp_ctrl_scoreboard.sv:570) uvm_test_top.env.scoreboard [uvm_test_top.env.scoreboard] sw state 1, reg state          1
UVM_INFO @  54091992 ps: (otp_ctrl_scoreboard.sv:570) uvm_test_top.env.scoreboard [uvm_test_top.env.scoreboard] sw state 1, reg state          1
UVM_INFO @  54102409 ps: (otp_ctrl_scoreboard.sv:570) uvm_test_top.env.scoreboard [uvm_test_top.env.scoreboard] sw state 1, reg state          1
UVM_INFO @  54112826 ps: (otp_ctrl_scoreboard.sv:570) uvm_test_top.env.scoreboard [uvm_test_top.env.scoreboard] sw state 1, reg state          1
UVM_INFO @  54123243 ps: (otp_ctrl_scoreboard.sv:570) uvm_test_top.env.scoreboard [uvm_test_top.env.scoreboard] sw state 1, reg state          1
UVM_INFO @  54133660 ps: (otp_ctrl_scoreboard.sv:570) uvm_test_top.env.scoreboard [uvm_test_top.env.scoreboard] sw state 1, reg state          1
UVM_INFO @  54144077 ps: (otp_ctrl_scoreboard.sv:570) uvm_test_top.env.scoreboard [uvm_test_top.env.scoreboard] sw state 1, reg state          1
UVM_INFO @  54154494 ps: (otp_ctrl_scoreboard.sv:570) uvm_test_top.env.scoreboard [uvm_test_top.env.scoreboard] sw state 1, reg state          1
UVM_INFO @  54164911 ps: (otp_ctrl_scoreboard.sv:570) uvm_test_top.env.scoreboard [uvm_test_top.env.scoreboard] sw state 1, reg state          1
UVM_INFO @  54175328 ps: (otp_ctrl_scoreboard.sv:570) uvm_test_top.env.scoreboard [uvm_test_top.env.scoreboard] sw state 1, reg state          1
UVM_INFO @  54185745 ps: (otp_ctrl_scoreboard.sv:570) uvm_test_top.env.scoreboard [uvm_test_top.env.scoreboard] sw state 1, reg state          1
UVM_INFO @  54196162 ps: (otp_ctrl_scoreboard.sv:570) uvm_test_top.env.scoreboard [uvm_test_top.env.scoreboard] sw state 1, reg state          1
UVM_INFO @  54206579 ps: (otp_ctrl_scoreboard.sv:570) uvm_test_top.env.scoreboard [uvm_test_top.env.scoreboard] sw state 1, reg state          1
UVM_INFO @  54216996 ps: (otp_ctrl_scoreboard.sv:570) uvm_test_top.env.scoreboard [uvm_test_top.env.scoreboard] sw state 1, reg state          1
UVM_INFO @  54227413 ps: (otp_ctrl_scoreboard.sv:570) uvm_test_top.env.scoreboard [uvm_test_top.env.scoreboard] sw state 1, reg state          1
UVM_INFO @  54237830 ps: (otp_ctrl_scoreboard.sv:570) uvm_test_top.env.scoreboard [uvm_test_top.env.scoreboard] sw state 1, reg state          1
UVM_INFO @  54248247 ps: (otp_ctrl_scoreboard.sv:570) uvm_test_top.env.scoreboard [uvm_test_top.env.scoreboard] sw state 1, reg state          1
UVM_INFO @  54258664 ps: (otp_ctrl_scoreboard.sv:570) uvm_test_top.env.scoreboard [uvm_test_top.env.scoreboard] sw state 1, reg state          1
UVM_INFO @  54269081 ps: (otp_ctrl_scoreboard.sv:570) uvm_test_top.env.scoreboard [uvm_test_top.env.scoreboard] sw state 1, reg state          1
UVM_INFO @  54279498 ps: (otp_ctrl_scoreboard.sv:570) uvm_test_top.env.scoreboard [uvm_test_top.env.scoreboard] sw state 1, reg state          1
UVM_INFO @  54289915 ps: (otp_ctrl_scoreboard.sv:570) uvm_test_top.env.scoreboard [uvm_test_top.env.scoreboard] sw state 1, reg state          1
UVM_INFO @  54300332 ps: (otp_ctrl_scoreboard.sv:570) uvm_test_top.env.scoreboard [uvm_test_top.env.scoreboard] sw state 1, reg state          1
UVM_INFO @  54310749 ps: (otp_ctrl_scoreboard.sv:570) uvm_test_top.env.scoreboard [uvm_test_top.env.scoreboard] sw state 1, reg state          1
UVM_INFO @  54321166 ps: (otp_ctrl_scoreboard.sv:570) uvm_test_top.env.scoreboard [uvm_test_top.env.scoreboard] sw state 1, reg state          1
UVM_INFO @  54331583 ps: (otp_ctrl_scoreboard.sv:570) uvm_test_top.env.scoreboard [uvm_test_top.env.scoreboard] sw state 1, reg state          1
UVM_INFO @  54342000 ps: (otp_ctrl_scoreboard.sv:570) uvm_test_top.env.scoreboard [uvm_test_top.env.scoreboard] sw state 1, reg state          1
UVM_INFO @  54352417 ps: (otp_ctrl_scoreboard.sv:570) uvm_test_top.env.scoreboard [uvm_test_top.env.scoreboard] sw state 1, reg state          1
UVM_INFO @  54362834 ps: (otp_ctrl_scoreboard.sv:570) uvm_test_top.env.scoreboard [uvm_test_top.env.scoreboard] sw state 1, reg state          1
UVM_INFO @  54373251 ps: (otp_ctrl_scoreboard.sv:570) uvm_test_top.env.scoreboard [uvm_test_top.env.scoreboard] sw state 1, reg state          1
UVM_INFO @  54383668 ps: (otp_ctrl_scoreboard.sv:570) uvm_test_top.env.scoreboard [uvm_test_top.env.scoreboard] sw state 1, reg state          1
UVM_INFO @  54394085 ps: (otp_ctrl_scoreboard.sv:570) uvm_test_top.env.scoreboard [uvm_test_top.env.scoreboard] sw state 1, reg state          1
UVM_INFO @  54404502 ps: (otp_ctrl_scoreboard.sv:570) uvm_test_top.env.scoreboard [uvm_test_top.env.scoreboard] sw state 1, reg state          1
UVM_INFO @  54414919 ps: (otp_ctrl_scoreboard.sv:570) uvm_test_top.env.scoreboard [uvm_test_top.env.scoreboard] sw state 1, reg state          1
UVM_INFO @  54425336 ps: (otp_ctrl_scoreboard.sv:570) uvm_test_top.env.scoreboard [uvm_test_top.env.scoreboard] sw state 1, reg state          1
UVM_INFO @  54435753 ps: (otp_ctrl_scoreboard.sv:570) uvm_test_top.env.scoreboard [uvm_test_top.env.scoreboard] sw state 1, reg state          1
UVM_INFO @  54446170 ps: (otp_ctrl_scoreboard.sv:570) uvm_test_top.env.scoreboard [uvm_test_top.env.scoreboard] sw state 1, reg state          1
UVM_INFO @  54456587 ps: (otp_ctrl_scoreboard.sv:570) uvm_test_top.env.scoreboard [uvm_test_top.env.scoreboard] sw state 1, reg state          1
UVM_INFO @  54467004 ps: (otp_ctrl_scoreboard.sv:570) uvm_test_top.env.scoreboard [uvm_test_top.env.scoreboard] sw state 1, reg state          1
UVM_INFO @  54477421 ps: (otp_ctrl_scoreboard.sv:570) uvm_test_top.env.scoreboard [uvm_test_top.env.scoreboard] sw state 1, reg state          1
UVM_INFO @  54487838 ps: (otp_ctrl_scoreboard.sv:570) uvm_test_top.env.scoreboard [uvm_test_top.env.scoreboard] sw state 1, reg state          1
UVM_INFO @  54498255 ps: (otp_ctrl_scoreboard.sv:570) uvm_test_top.env.scoreboard [uvm_test_top.env.scoreboard] sw state 1, reg state          1
UVM_INFO @  54508672 ps: (otp_ctrl_scoreboard.sv:570) uvm_test_top.env.scoreboard [uvm_test_top.env.scoreboard] sw state 1, reg state          1
UVM_INFO @  54519089 ps: (otp_ctrl_scoreboard.sv:570) uvm_test_top.env.scoreboard [uvm_test_top.env.scoreboard] sw state 1, reg state          1
UVM_INFO @  54529506 ps: (otp_ctrl_scoreboard.sv:570) uvm_test_top.env.scoreboard [uvm_test_top.env.scoreboard] sw state 1, reg state          1
UVM_INFO @  54539923 ps: (otp_ctrl_scoreboard.sv:570) uvm_test_top.env.scoreboard [uvm_test_top.env.scoreboard] sw state 1, reg state          1
UVM_INFO @  54550340 ps: (otp_ctrl_scoreboard.sv:570) uvm_test_top.env.scoreboard [uvm_test_top.env.scoreboard] sw state 1, reg state          1
UVM_INFO @  54560757 ps: (otp_ctrl_scoreboard.sv:570) uvm_test_top.env.scoreboard [uvm_test_top.env.scoreboard] sw state 1, reg state          1
UVM_INFO @  54571174 ps: (otp_ctrl_scoreboard.sv:570) uvm_test_top.env.scoreboard [uvm_test_top.env.scoreboard] sw state 1, reg state          1
UVM_INFO @  54581591 ps: (otp_ctrl_scoreboard.sv:570) uvm_test_top.env.scoreboard [uvm_test_top.env.scoreboard] sw state 1, reg state          1
UVM_INFO @  54592008 ps: (otp_ctrl_scoreboard.sv:570) uvm_test_top.env.scoreboard [uvm_test_top.env.scoreboard] sw state 1, reg state          1
UVM_INFO @  54602425 ps: (otp_ctrl_scoreboard.sv:570) uvm_test_top.env.scoreboard [uvm_test_top.env.scoreboard] sw state 1, reg state          1
UVM_INFO @  54612842 ps: (otp_ctrl_scoreboard.sv:570) uvm_test_top.env.scoreboard [uvm_test_top.env.scoreboard] sw state 1, reg state          1
UVM_INFO @  54623259 ps: (otp_ctrl_scoreboard.sv:570) uvm_test_top.env.scoreboard [uvm_test_top.env.scoreboard] sw state 1, reg state          1
UVM_INFO @  54633676 ps: (otp_ctrl_scoreboard.sv:570) uvm_test_top.env.scoreboard [uvm_test_top.env.scoreboard] sw state 1, reg state          1
UVM_INFO @  54644093 ps: (otp_ctrl_scoreboard.sv:570) uvm_test_top.env.scoreboard [uvm_test_top.env.scoreboard] sw state 1, reg state          1
UVM_INFO @  54654510 ps: (otp_ctrl_scoreboard.sv:570) uvm_test_top.env.scoreboard [uvm_test_top.env.scoreboard] sw state 1, reg state          1
UVM_INFO @  54664927 ps: (otp_ctrl_scoreboard.sv:570) uvm_test_top.env.scoreboard [uvm_test_top.env.scoreboard] sw state 1, reg state          1
UVM_INFO @  54675344 ps: (otp_ctrl_scoreboard.sv:570) uvm_test_top.env.scoreboard [uvm_test_top.env.scoreboard] sw state 1, reg state          1
UVM_INFO @  54685761 ps: (otp_ctrl_scoreboard.sv:570) uvm_test_top.env.scoreboard [uvm_test_top.env.scoreboard] sw state 1, reg state          1
UVM_INFO @  54696178 ps: (otp_ctrl_scoreboard.sv:570) uvm_test_top.env.scoreboard [uvm_test_top.env.scoreboard] sw state 1, reg state          1
UVM_INFO @  54706595 ps: (otp_ctrl_scoreboard.sv:570) uvm_test_top.env.scoreboard [uvm_test_top.env.scoreboard] sw state 1, reg state          1
UVM_INFO @  54717012 ps: (otp_ctrl_scoreboard.sv:570) uvm_test_top.env.scoreboard [uvm_test_top.env.scoreboard] sw state 1, reg state          1
UVM_INFO @  54727429 ps: (otp_ctrl_scoreboard.sv:570) uvm_test_top.env.scoreboard [uvm_test_top.env.scoreboard] sw state 1, reg state          1
UVM_INFO @  54737846 ps: (otp_ctrl_scoreboard.sv:570) uvm_test_top.env.scoreboard [uvm_test_top.env.scoreboard] sw state 1, reg state          1
UVM_INFO @  54748263 ps: (otp_ctrl_scoreboard.sv:570) uvm_test_top.env.scoreboard [uvm_test_top.env.scoreboard] sw state 1, reg state          1
UVM_INFO @  54758680 ps: (otp_ctrl_scoreboard.sv:570) uvm_test_top.env.scoreboard [uvm_test_top.env.scoreboard] sw state 1, reg state          1
UVM_INFO @  54769097 ps: (otp_ctrl_scoreboard.sv:570) uvm_test_top.env.scoreboard [uvm_test_top.env.scoreboard] sw state 1, reg state          1
UVM_INFO @  54779514 ps: (otp_ctrl_scoreboard.sv:570) uvm_test_top.env.scoreboard [uvm_test_top.env.scoreboard] sw state 1, reg state          1
UVM_INFO @  54789931 ps: (otp_ctrl_scoreboard.sv:570) uvm_test_top.env.scoreboard [uvm_test_top.env.scoreboard] sw state 1, reg state          1
UVM_INFO @  54800348 ps: (otp_ctrl_scoreboard.sv:570) uvm_test_top.env.scoreboard [uvm_test_top.env.scoreboard] sw state 1, reg state          1
UVM_INFO @  54810765 ps: (otp_ctrl_scoreboard.sv:570) uvm_test_top.env.scoreboard [uvm_test_top.env.scoreboard] sw state 1, reg state          1
UVM_INFO @  54821182 ps: (otp_ctrl_scoreboard.sv:570) uvm_test_top.env.scoreboard [uvm_test_top.env.scoreboard] sw state 1, reg state          1
UVM_INFO @  54831599 ps: (otp_ctrl_scoreboard.sv:570) uvm_test_top.env.scoreboard [uvm_test_top.env.scoreboard] sw state 1, reg state          1
UVM_INFO @  54842016 ps: (otp_ctrl_scoreboard.sv:570) uvm_test_top.env.scoreboard [uvm_test_top.env.scoreboard] sw state 1, reg state          1
UVM_INFO @  54852433 ps: (otp_ctrl_scoreboard.sv:570) uvm_test_top.env.scoreboard [uvm_test_top.env.scoreboard] sw state 1, reg state          1
UVM_INFO @  54862850 ps: (otp_ctrl_scoreboard.sv:570) uvm_test_top.env.scoreboard [uvm_test_top.env.scoreboard] sw state 1, reg state          1
UVM_INFO @  54873267 ps: (otp_ctrl_scoreboard.sv:570) uvm_test_top.env.scoreboard [uvm_test_top.env.scoreboard] sw state 1, reg state          1
UVM_INFO @  54883684 ps: (otp_ctrl_scoreboard.sv:570) uvm_test_top.env.scoreboard [uvm_test_top.env.scoreboard] sw state 1, reg state          1
UVM_INFO @  54894101 ps: (otp_ctrl_scoreboard.sv:570) uvm_test_top.env.scoreboard [uvm_test_top.env.scoreboard] sw state 1, reg state          1
UVM_INFO @  54904518 ps: (otp_ctrl_scoreboard.sv:570) uvm_test_top.env.scoreboard [uvm_test_top.env.scoreboard] sw state 1, reg state          1
UVM_INFO @  54914935 ps: (otp_ctrl_scoreboard.sv:570) uvm_test_top.env.scoreboard [uvm_test_top.env.scoreboard] sw state 1, reg state          1
UVM_INFO @  54925352 ps: (otp_ctrl_scoreboard.sv:570) uvm_test_top.env.scoreboard [uvm_test_top.env.scoreboard] sw state 1, reg state          1
UVM_INFO @  54935769 ps: (otp_ctrl_scoreboard.sv:570) uvm_test_top.env.scoreboard [uvm_test_top.env.scoreboard] sw state 1, reg state          1
UVM_INFO @  54946186 ps: (otp_ctrl_scoreboard.sv:570) uvm_test_top.env.scoreboard [uvm_test_top.env.scoreboard] sw state 1, reg state          1
UVM_INFO @  54956603 ps: (otp_ctrl_scoreboard.sv:570) uvm_test_top.env.scoreboard [uvm_test_top.env.scoreboard] sw state 1, reg state          1
UVM_INFO @  54967020 ps: (otp_ctrl_scoreboard.sv:570) uvm_test_top.env.scoreboard [uvm_test_top.env.scoreboard] sw state 1, reg state          1
UVM_INFO @  54977437 ps: (otp_ctrl_scoreboard.sv:570) uvm_test_top.env.scoreboard [uvm_test_top.env.scoreboard] sw state 1, reg state          1
UVM_INFO @  54987854 ps: (otp_ctrl_scoreboard.sv:570) uvm_test_top.env.scoreboard [uvm_test_top.env.scoreboard] sw state 1, reg state          1
UVM_INFO @  54998271 ps: (otp_ctrl_scoreboard.sv:570) uvm_test_top.env.scoreboard [uvm_test_top.env.scoreboard] sw state 1, reg state          1
UVM_INFO @  55008688 ps: (otp_ctrl_scoreboard.sv:570) uvm_test_top.env.scoreboard [uvm_test_top.env.scoreboard] sw state 1, reg state          1
UVM_INFO @  55019105 ps: (otp_ctrl_scoreboard.sv:570) uvm_test_top.env.scoreboard [uvm_test_top.env.scoreboard] sw state 1, reg state          1
UVM_INFO @  55029522 ps: (otp_ctrl_scoreboard.sv:570) uvm_test_top.env.scoreboard [uvm_test_top.env.scoreboard] sw state 1, reg state          1
UVM_INFO @  55039939 ps: (otp_ctrl_scoreboard.sv:570) uvm_test_top.env.scoreboard [uvm_test_top.env.scoreboard] sw state 1, reg state          1
UVM_INFO @  55050356 ps: (otp_ctrl_scoreboard.sv:570) uvm_test_top.env.scoreboard [uvm_test_top.env.scoreboard] sw state 1, reg state          1
UVM_INFO @  55060773 ps: (otp_ctrl_scoreboard.sv:570) uvm_test_top.env.scoreboard [uvm_test_top.env.scoreboard] sw state 1, reg state          1
UVM_INFO @  55071190 ps: (otp_ctrl_scoreboard.sv:570) uvm_test_top.env.scoreboard [uvm_test_top.env.scoreboard] sw state 1, reg state          1
UVM_INFO @  55081607 ps: (otp_ctrl_scoreboard.sv:570) uvm_test_top.env.scoreboard [uvm_test_top.env.scoreboard] sw state 1, reg state          1
UVM_INFO @  55092024 ps: (otp_ctrl_scoreboard.sv:570) uvm_test_top.env.scoreboard [uvm_test_top.env.scoreboard] sw state 1, reg state          1
UVM_INFO @  55102441 ps: (otp_ctrl_scoreboard.sv:570) uvm_test_top.env.scoreboard [uvm_test_top.env.scoreboard] sw state 1, reg state          1
UVM_INFO @  55112858 ps: (otp_ctrl_scoreboard.sv:570) uvm_test_top.env.scoreboard [uvm_test_top.env.scoreboard] sw state 1, reg state          1
UVM_INFO @  55123275 ps: (otp_ctrl_scoreboard.sv:570) uvm_test_top.env.scoreboard [uvm_test_top.env.scoreboard] sw state 1, reg state          1
UVM_INFO @  55133692 ps: (otp_ctrl_scoreboard.sv:570) uvm_test_top.env.scoreboard [uvm_test_top.env.scoreboard] sw state 1, reg state          1
UVM_INFO @  55144109 ps: (otp_ctrl_scoreboard.sv:570) uvm_test_top.env.scoreboard [uvm_test_top.env.scoreboard] sw state 1, reg state          1
UVM_INFO @  55154526 ps: (otp_ctrl_scoreboard.sv:570) uvm_test_top.env.scoreboard [uvm_test_top.env.scoreboard] sw state 1, reg state          1
UVM_INFO @  55164943 ps: (otp_ctrl_scoreboard.sv:570) uvm_test_top.env.scoreboard [uvm_test_top.env.scoreboard] sw state 1, reg state          1
UVM_INFO @  55175360 ps: (otp_ctrl_scoreboard.sv:570) uvm_test_top.env.scoreboard [uvm_test_top.env.scoreboard] sw state 1, reg state          1
UVM_INFO @  55185777 ps: (otp_ctrl_scoreboard.sv:570) uvm_test_top.env.scoreboard [uvm_test_top.env.scoreboard] sw state 1, reg state          1
UVM_INFO @  55196194 ps: (otp_ctrl_scoreboard.sv:570) uvm_test_top.env.scoreboard [uvm_test_top.env.scoreboard] sw state 1, reg state          1
UVM_INFO @  55206611 ps: (otp_ctrl_scoreboard.sv:570) uvm_test_top.env.scoreboard [uvm_test_top.env.scoreboard] sw state 1, reg state          1
UVM_INFO @  55217028 ps: (otp_ctrl_scoreboard.sv:570) uvm_test_top.env.scoreboard [uvm_test_top.env.scoreboard] sw state 1, reg state          1
UVM_INFO @  55227445 ps: (otp_ctrl_scoreboard.sv:570) uvm_test_top.env.scoreboard [uvm_test_top.env.scoreboard] sw state 1, reg state          1
UVM_INFO @  55237862 ps: (otp_ctrl_scoreboard.sv:570) uvm_test_top.env.scoreboard [uvm_test_top.env.scoreboard] sw state 1, reg state          1
UVM_INFO @  55248279 ps: (otp_ctrl_scoreboard.sv:570) uvm_test_top.env.scoreboard [uvm_test_top.env.scoreboard] sw state 1, reg state          1
UVM_INFO @  55258696 ps: (otp_ctrl_scoreboard.sv:570) uvm_test_top.env.scoreboard [uvm_test_top.env.scoreboard] sw state 1, reg state          1
UVM_INFO @  55269113 ps: (otp_ctrl_scoreboard.sv:570) uvm_test_top.env.scoreboard [uvm_test_top.env.scoreboard] sw state 1, reg state          1
UVM_INFO @  55279530 ps: (otp_ctrl_scoreboard.sv:570) uvm_test_top.env.scoreboard [uvm_test_top.env.scoreboard] sw state 1, reg state          1
UVM_INFO @  55289947 ps: (otp_ctrl_scoreboard.sv:570) uvm_test_top.env.scoreboard [uvm_test_top.env.scoreboard] sw state 1, reg state          1
UVM_INFO @  55300364 ps: (otp_ctrl_scoreboard.sv:570) uvm_test_top.env.scoreboard [uvm_test_top.env.scoreboard] sw state 1, reg state          1
UVM_INFO @  55310781 ps: (otp_ctrl_scoreboard.sv:570) uvm_test_top.env.scoreboard [uvm_test_top.env.scoreboard] sw state 1, reg state          1
UVM_INFO @  55321198 ps: (otp_ctrl_scoreboard.sv:570) uvm_test_top.env.scoreboard [uvm_test_top.env.scoreboard] sw state 1, reg state          1
UVM_INFO @  84124203 ps: (otp_ctrl_scoreboard.sv:570) uvm_test_top.env.scoreboard [uvm_test_top.env.scoreboard] sw state 1, reg state          1
UVM_INFO @  84134620 ps: (otp_ctrl_scoreboard.sv:570) uvm_test_top.env.scoreboard [uvm_test_top.env.scoreboard] sw state 1, reg state          1
UVM_INFO @  84134620 ps: (dv_base_reg.sv:329) [otp_ctrl_core_reg_block.direct_access_regwen] lock_lockable_flds          1 val
UVM_INFO @  84145037 ps: (otp_ctrl_scoreboard.sv:570) uvm_test_top.env.scoreboard [uvm_test_top.env.scoreboard] sw state 1, reg state          1
UVM_INFO @  84155454 ps: (otp_ctrl_scoreboard.sv:570) uvm_test_top.env.scoreboard [uvm_test_top.env.scoreboard] sw state 1, reg state          1
UVM_INFO @  84165871 ps: (otp_ctrl_scoreboard.sv:570) uvm_test_top.env.scoreboard [uvm_test_top.env.scoreboard] sw state 1, reg state          1
UVM_INFO @  84176288 ps: (otp_ctrl_scoreboard.sv:570) uvm_test_top.env.scoreboard [uvm_test_top.env.scoreboard] sw state 1, reg state          1
UVM_INFO @  84186705 ps: (otp_ctrl_scoreboard.sv:570) uvm_test_top.env.scoreboard [uvm_test_top.env.scoreboard] sw state 1, reg state          1
UVM_INFO @  84197122 ps: (otp_ctrl_scoreboard.sv:570) uvm_test_top.env.scoreboard [uvm_test_top.env.scoreboard] sw state 1, reg state          1
UVM_INFO @  84207539 ps: (otp_ctrl_scoreboard.sv:570) uvm_test_top.env.scoreboard [uvm_test_top.env.scoreboard] sw state 1, reg state          1
UVM_INFO @  84217956 ps: (otp_ctrl_scoreboard.sv:570) uvm_test_top.env.scoreboard [uvm_test_top.env.scoreboard] sw state 1, reg state          1
UVM_INFO @  84228373 ps: (otp_ctrl_scoreboard.sv:570) uvm_test_top.env.scoreboard [uvm_test_top.env.scoreboard] sw state 1, reg state          1
UVM_INFO @  84238790 ps: (otp_ctrl_scoreboard.sv:570) uvm_test_top.env.scoreboard [uvm_test_top.env.scoreboard] sw state 1, reg state          1
UVM_INFO @  84249207 ps: (otp_ctrl_scoreboard.sv:570) uvm_test_top.env.scoreboard [uvm_test_top.env.scoreboard] sw state 1, reg state          1
UVM_INFO @  84259624 ps: (otp_ctrl_scoreboard.sv:570) uvm_test_top.env.scoreboard [uvm_test_top.env.scoreboard] sw state 1, reg state          1
UVM_INFO @  84270041 ps: (otp_ctrl_scoreboard.sv:570) uvm_test_top.env.scoreboard [uvm_test_top.env.scoreboard] sw state 1, reg state          1
UVM_INFO @  84280458 ps: (otp_ctrl_scoreboard.sv:570) uvm_test_top.env.scoreboard [uvm_test_top.env.scoreboard] sw state 1, reg state          1
UVM_INFO @  84290875 ps: (otp_ctrl_scoreboard.sv:570) uvm_test_top.env.scoreboard [uvm_test_top.env.scoreboard] sw state 1, reg state          1
UVM_INFO @  84301292 ps: (otp_ctrl_scoreboard.sv:570) uvm_test_top.env.scoreboard [uvm_test_top.env.scoreboard] sw state 1, reg state          1
UVM_INFO @  84311709 ps: (otp_ctrl_scoreboard.sv:570) uvm_test_top.env.scoreboard [uvm_test_top.env.scoreboard] sw state 1, reg state          1
UVM_INFO @  84322126 ps: (otp_ctrl_scoreboard.sv:570) uvm_test_top.env.scoreboard [uvm_test_top.env.scoreboard] sw state 1, reg state          1
UVM_INFO @  84332543 ps: (otp_ctrl_scoreboard.sv:570) uvm_test_top.env.scoreboard [uvm_test_top.env.scoreboard] sw state 1, reg state          1
UVM_INFO @  84342960 ps: (otp_ctrl_scoreboard.sv:570) uvm_test_top.env.scoreboard [uvm_test_top.env.scoreboard] sw state 1, reg state          1
UVM_INFO @  84353377 ps: (otp_ctrl_scoreboard.sv:570) uvm_test_top.env.scoreboard [uvm_test_top.env.scoreboard] sw state 1, reg state          1
UVM_INFO @  84363794 ps: (otp_ctrl_scoreboard.sv:570) uvm_test_top.env.scoreboard [uvm_test_top.env.scoreboard] sw state 1, reg state          1
UVM_INFO @  84374211 ps: (otp_ctrl_scoreboard.sv:570) uvm_test_top.env.scoreboard [uvm_test_top.env.scoreboard] sw state 1, reg state          1
UVM_INFO @  84384628 ps: (otp_ctrl_scoreboard.sv:570) uvm_test_top.env.scoreboard [uvm_test_top.env.scoreboard] sw state 1, reg state          1
UVM_INFO @  84395045 ps: (otp_ctrl_scoreboard.sv:570) uvm_test_top.env.scoreboard [uvm_test_top.env.scoreboard] sw state 1, reg state          1
UVM_INFO @  84405462 ps: (otp_ctrl_scoreboard.sv:570) uvm_test_top.env.scoreboard [uvm_test_top.env.scoreboard] sw state 1, reg state          1
UVM_INFO @  84415879 ps: (otp_ctrl_scoreboard.sv:570) uvm_test_top.env.scoreboard [uvm_test_top.env.scoreboard] sw state 1, reg state          1
UVM_INFO @  84426296 ps: (otp_ctrl_scoreboard.sv:570) uvm_test_top.env.scoreboard [uvm_test_top.env.scoreboard] sw state 1, reg state          1
UVM_INFO @  84426296 ps: (dv_base_reg.sv:329) [otp_ctrl_core_reg_block.direct_access_regwen] lock_lockable_flds          1 val
UVM_INFO @  84436713 ps: (otp_ctrl_scoreboard.sv:570) uvm_test_top.env.scoreboard [uvm_test_top.env.scoreboard] sw state 1, reg state          1
UVM_INFO @  84447130 ps: (otp_ctrl_scoreboard.sv:570) uvm_test_top.env.scoreboard [uvm_test_top.env.scoreboard] sw state 1, reg state          1
UVM_INFO @  84457547 ps: (otp_ctrl_scoreboard.sv:570) uvm_test_top.env.scoreboard [uvm_test_top.env.scoreboard] sw state 1, reg state          1
UVM_INFO @  84467964 ps: (otp_ctrl_scoreboard.sv:570) uvm_test_top.env.scoreboard [uvm_test_top.env.scoreboard] sw state 1, reg state          1
UVM_INFO @  84478381 ps: (otp_ctrl_scoreboard.sv:570) uvm_test_top.env.scoreboard [uvm_test_top.env.scoreboard] sw state 1, reg state          1
UVM_INFO @  84488798 ps: (otp_ctrl_scoreboard.sv:570) uvm_test_top.env.scoreboard [uvm_test_top.env.scoreboard] sw state 1, reg state          1
UVM_INFO @  84499215 ps: (otp_ctrl_scoreboard.sv:570) uvm_test_top.env.scoreboard [uvm_test_top.env.scoreboard] sw state 1, reg state          1
UVM_INFO @  84509632 ps: (otp_ctrl_scoreboard.sv:570) uvm_test_top.env.scoreboard [uvm_test_top.env.scoreboard] sw state 1, reg state          1
UVM_INFO @  84520049 ps: (otp_ctrl_scoreboard.sv:570) uvm_test_top.env.scoreboard [uvm_test_top.env.scoreboard] sw state 1, reg state          1
UVM_INFO @  84530466 ps: (otp_ctrl_scoreboard.sv:570) uvm_test_top.env.scoreboard [uvm_test_top.env.scoreboard] sw state 1, reg state          1
UVM_INFO @  84540883 ps: (otp_ctrl_scoreboard.sv:570) uvm_test_top.env.scoreboard [uvm_test_top.env.scoreboard] sw state 1, reg state          1
UVM_INFO @  84551300 ps: (otp_ctrl_scoreboard.sv:570) uvm_test_top.env.scoreboard [uvm_test_top.env.scoreboard] sw state 1, reg state          1
UVM_INFO @  84561717 ps: (otp_ctrl_scoreboard.sv:570) uvm_test_top.env.scoreboard [uvm_test_top.env.scoreboard] sw state 1, reg state          1
UVM_INFO @  84572134 ps: (otp_ctrl_scoreboard.sv:570) uvm_test_top.env.scoreboard [uvm_test_top.env.scoreboard] sw state 1, reg state          1
UVM_INFO @  84582551 ps: (otp_ctrl_scoreboard.sv:570) uvm_test_top.env.scoreboard [uvm_test_top.env.scoreboard] sw state 1, reg state          1
UVM_INFO @  84592968 ps: (otp_ctrl_scoreboard.sv:570) uvm_test_top.env.scoreboard [uvm_test_top.env.scoreboard] sw state 1, reg state          1
UVM_INFO @  84603385 ps: (otp_ctrl_scoreboard.sv:570) uvm_test_top.env.scoreboard [uvm_test_top.env.scoreboard] sw state 1, reg state          1
UVM_INFO @  84613802 ps: (otp_ctrl_scoreboard.sv:570) uvm_test_top.env.scoreboard [uvm_test_top.env.scoreboard] sw state 1, reg state          1
UVM_INFO @  84624219 ps: (otp_ctrl_scoreboard.sv:570) uvm_test_top.env.scoreboard [uvm_test_top.env.scoreboard] sw state 1, reg state          1
UVM_INFO @  84634636 ps: (otp_ctrl_scoreboard.sv:570) uvm_test_top.env.scoreboard [uvm_test_top.env.scoreboard] sw state 1, reg state          1
UVM_INFO @  84645053 ps: (otp_ctrl_scoreboard.sv:570) uvm_test_top.env.scoreboard [uvm_test_top.env.scoreboard] sw state 1, reg state          1
UVM_INFO @  84655470 ps: (otp_ctrl_scoreboard.sv:570) uvm_test_top.env.scoreboard [uvm_test_top.env.scoreboard] sw state 1, reg state          1
UVM_INFO @  84665887 ps: (otp_ctrl_scoreboard.sv:570) uvm_test_top.env.scoreboard [uvm_test_top.env.scoreboard] sw state 1, reg state          1
UVM_INFO @  84676304 ps: (otp_ctrl_scoreboard.sv:570) uvm_test_top.env.scoreboard [uvm_test_top.env.scoreboard] sw state 1, reg state          1
UVM_INFO @  84686721 ps: (otp_ctrl_scoreboard.sv:570) uvm_test_top.env.scoreboard [uvm_test_top.env.scoreboard] sw state 1, reg state          1
UVM_INFO @  84697138 ps: (otp_ctrl_scoreboard.sv:570) uvm_test_top.env.scoreboard [uvm_test_top.env.scoreboard] sw state 1, reg state          1
UVM_INFO @  85124235 ps: (otp_ctrl_scoreboard.sv:570) uvm_test_top.env.scoreboard [uvm_test_top.env.scoreboard] sw state 1, reg state          1
UVM_INFO @  85134652 ps: (otp_ctrl_scoreboard.sv:570) uvm_test_top.env.scoreboard [uvm_test_top.env.scoreboard] sw state 1, reg state          1
UVM_INFO @  85145069 ps: (otp_ctrl_scoreboard.sv:570) uvm_test_top.env.scoreboard [uvm_test_top.env.scoreboard] sw state 1, reg state          1
UVM_INFO @  85145069 ps: (dv_base_reg.sv:329) [otp_ctrl_core_reg_block.direct_access_regwen] lock_lockable_flds          0 val
UVM_INFO @  85145069 ps: (dv_base_reg.sv:329) [otp_ctrl_core_reg_block.direct_access_regwen] lock_lockable_flds          0 val
UVM_INFO @  85155486 ps: (otp_ctrl_scoreboard.sv:570) uvm_test_top.env.scoreboard [uvm_test_top.env.scoreboard] sw state 1, reg state          0
UVM_INFO @  85165903 ps: (otp_ctrl_scoreboard.sv:570) uvm_test_top.env.scoreboard [uvm_test_top.env.scoreboard] sw state 1, reg state          0
UVM_INFO @  85176320 ps: (otp_ctrl_scoreboard.sv:570) uvm_test_top.env.scoreboard [uvm_test_top.env.scoreboard] sw state 1, reg state          0
UVM_INFO @  85176320 ps: (dv_base_reg.sv:329) [otp_ctrl_core_reg_block.direct_access_regwen] lock_lockable_flds          0 val
UVM_INFO @  85186737 ps: (otp_ctrl_scoreboard.sv:570) uvm_test_top.env.scoreboard [uvm_test_top.env.scoreboard] sw state 1, reg state          0
UVM_INFO @  85197154 ps: (otp_ctrl_scoreboard.sv:570) uvm_test_top.env.scoreboard [uvm_test_top.env.scoreboard] sw state 1, reg state          0
UVM_INFO @  85207571 ps: (otp_ctrl_scoreboard.sv:570) uvm_test_top.env.scoreboard [uvm_test_top.env.scoreboard] sw state 1, reg state          0
UVM_INFO @  85217988 ps: (otp_ctrl_scoreboard.sv:570) uvm_test_top.env.scoreboard [uvm_test_top.env.scoreboard] sw state 1, reg state          0
UVM_INFO @  85228405 ps: (otp_ctrl_scoreboard.sv:570) uvm_test_top.env.scoreboard [uvm_test_top.env.scoreboard] sw state 1, reg state          0
UVM_INFO @  85238822 ps: (otp_ctrl_scoreboard.sv:570) uvm_test_top.env.scoreboard [uvm_test_top.env.scoreboard] sw state 1, reg state          0
UVM_INFO @  85249239 ps: (otp_ctrl_scoreboard.sv:570) uvm_test_top.env.scoreboard [uvm_test_top.env.scoreboard] sw state 1, reg state          0
UVM_INFO @  85259656 ps: (otp_ctrl_scoreboard.sv:570) uvm_test_top.env.scoreboard [uvm_test_top.env.scoreboard] sw state 1, reg state          0
UVM_INFO @  85270073 ps: (otp_ctrl_scoreboard.sv:570) uvm_test_top.env.scoreboard [uvm_test_top.env.scoreboard] sw state 1, reg state          0
UVM_INFO @  85280490 ps: (otp_ctrl_scoreboard.sv:570) uvm_test_top.env.scoreboard [uvm_test_top.env.scoreboard] sw state 1, reg state          0
UVM_INFO @  85290907 ps: (otp_ctrl_scoreboard.sv:570) uvm_test_top.env.scoreboard [uvm_test_top.env.scoreboard] sw state 1, reg state          0
UVM_INFO @  85301324 ps: (otp_ctrl_scoreboard.sv:570) uvm_test_top.env.scoreboard [uvm_test_top.env.scoreboard] sw state 1, reg state          0
UVM_INFO @  85311741 ps: (otp_ctrl_scoreboard.sv:570) uvm_test_top.env.scoreboard [uvm_test_top.env.scoreboard] sw state 1, reg state          0
UVM_INFO @  85322158 ps: (otp_ctrl_scoreboard.sv:570) uvm_test_top.env.scoreboard [uvm_test_top.env.scoreboard] sw state 1, reg state          0
UVM_INFO @  85332575 ps: (otp_ctrl_scoreboard.sv:570) uvm_test_top.env.scoreboard [uvm_test_top.env.scoreboard] sw state 1, reg state          0
UVM_INFO @  85342992 ps: (otp_ctrl_scoreboard.sv:570) uvm_test_top.env.scoreboard [uvm_test_top.env.scoreboard] sw state 1, reg state          0
UVM_INFO @  85353409 ps: (otp_ctrl_scoreboard.sv:570) uvm_test_top.env.scoreboard [uvm_test_top.env.scoreboard] sw state 1, reg state          0
UVM_INFO @  85363826 ps: (otp_ctrl_scoreboard.sv:570) uvm_test_top.env.scoreboard [uvm_test_top.env.scoreboard] sw state 1, reg state          0
UVM_INFO @  85374243 ps: (otp_ctrl_scoreboard.sv:570) uvm_test_top.env.scoreboard [uvm_test_top.env.scoreboard] sw state 1, reg state          0
UVM_INFO @  85384660 ps: (otp_ctrl_scoreboard.sv:570) uvm_test_top.env.scoreboard [uvm_test_top.env.scoreboard] sw state 1, reg state          0
UVM_INFO @  85395077 ps: (otp_ctrl_scoreboard.sv:570) uvm_test_top.env.scoreboard [uvm_test_top.env.scoreboard] sw state 1, reg state          0
UVM_INFO @  85405494 ps: (otp_ctrl_scoreboard.sv:570) uvm_test_top.env.scoreboard [uvm_test_top.env.scoreboard] sw state 1, reg state          0
UVM_INFO @  85415911 ps: (otp_ctrl_scoreboard.sv:570) uvm_test_top.env.scoreboard [uvm_test_top.env.scoreboard] sw state 1, reg state          0
UVM_INFO @  85426328 ps: (otp_ctrl_scoreboard.sv:570) uvm_test_top.env.scoreboard [uvm_test_top.env.scoreboard] sw state 1, reg state          0
UVM_INFO @  85436745 ps: (otp_ctrl_scoreboard.sv:570) uvm_test_top.env.scoreboard [uvm_test_top.env.scoreboard] sw state 1, reg state          0
UVM_INFO @  85447162 ps: (otp_ctrl_scoreboard.sv:570) uvm_test_top.env.scoreboard [uvm_test_top.env.scoreboard] sw state 1, reg state          0
UVM_INFO @  85457579 ps: (otp_ctrl_scoreboard.sv:570) uvm_test_top.env.scoreboard [uvm_test_top.env.scoreboard] sw state 1, reg state          0
UVM_INFO @  85467996 ps: (otp_ctrl_scoreboard.sv:570) uvm_test_top.env.scoreboard [uvm_test_top.env.scoreboard] sw state 1, reg state          0
UVM_INFO @  85478413 ps: (otp_ctrl_scoreboard.sv:570) uvm_test_top.env.scoreboard [uvm_test_top.env.scoreboard] sw state 1, reg state          0
UVM_INFO @  85488830 ps: (otp_ctrl_scoreboard.sv:570) uvm_test_top.env.scoreboard [uvm_test_top.env.scoreboard] sw state 1, reg state          0
UVM_INFO @  85499247 ps: (otp_ctrl_scoreboard.sv:570) uvm_test_top.env.scoreboard [uvm_test_top.env.scoreboard] sw state 1, reg state          0
UVM_INFO @  85509664 ps: (otp_ctrl_scoreboard.sv:570) uvm_test_top.env.scoreboard [uvm_test_top.env.scoreboard] sw state 1, reg state          0
UVM_INFO @  85520081 ps: (otp_ctrl_scoreboard.sv:570) uvm_test_top.env.scoreboard [uvm_test_top.env.scoreboard] sw state 1, reg state          0
UVM_INFO @  85530498 ps: (otp_ctrl_scoreboard.sv:570) uvm_test_top.env.scoreboard [uvm_test_top.env.scoreboard] sw state 1, reg state          0
UVM_INFO @  85540915 ps: (otp_ctrl_scoreboard.sv:570) uvm_test_top.env.scoreboard [uvm_test_top.env.scoreboard] sw state 1, reg state          0
UVM_INFO @  85551332 ps: (otp_ctrl_scoreboard.sv:570) uvm_test_top.env.scoreboard [uvm_test_top.env.scoreboard] sw state 1, reg state          0
UVM_INFO @  85561749 ps: (otp_ctrl_scoreboard.sv:570) uvm_test_top.env.scoreboard [uvm_test_top.env.scoreboard] sw state 1, reg state          0
UVM_INFO @  85572166 ps: (otp_ctrl_scoreboard.sv:570) uvm_test_top.env.scoreboard [uvm_test_top.env.scoreboard] sw state 1, reg state          0
UVM_INFO @  85582583 ps: (otp_ctrl_scoreboard.sv:570) uvm_test_top.env.scoreboard [uvm_test_top.env.scoreboard] sw state 1, reg state          0
UVM_INFO @  85593000 ps: (otp_ctrl_scoreboard.sv:570) uvm_test_top.env.scoreboard [uvm_test_top.env.scoreboard] sw state 1, reg state          0
UVM_INFO @  85603417 ps: (otp_ctrl_scoreboard.sv:570) uvm_test_top.env.scoreboard [uvm_test_top.env.scoreboard] sw state 1, reg state          0
UVM_INFO @  85613834 ps: (otp_ctrl_scoreboard.sv:570) uvm_test_top.env.scoreboard [uvm_test_top.env.scoreboard] sw state 1, reg state          0
UVM_INFO @  85624251 ps: (otp_ctrl_scoreboard.sv:570) uvm_test_top.env.scoreboard [uvm_test_top.env.scoreboard] sw state 1, reg state          0
UVM_INFO @  85634668 ps: (otp_ctrl_scoreboard.sv:570) uvm_test_top.env.scoreboard [uvm_test_top.env.scoreboard] sw state 1, reg state          0
UVM_INFO @  85645085 ps: (otp_ctrl_scoreboard.sv:570) uvm_test_top.env.scoreboard [uvm_test_top.env.scoreboard] sw state 1, reg state          0
UVM_INFO @  85655502 ps: (otp_ctrl_scoreboard.sv:570) uvm_test_top.env.scoreboard [uvm_test_top.env.scoreboard] sw state 1, reg state          0
UVM_INFO @  85665919 ps: (otp_ctrl_scoreboard.sv:570) uvm_test_top.env.scoreboard [uvm_test_top.env.scoreboard] sw state 1, reg state          0
UVM_INFO @  85676336 ps: (otp_ctrl_scoreboard.sv:570) uvm_test_top.env.scoreboard [uvm_test_top.env.scoreboard] sw state 1, reg state          0
UVM_INFO @  85686753 ps: (otp_ctrl_scoreboard.sv:570) uvm_test_top.env.scoreboard [uvm_test_top.env.scoreboard] sw state 1, reg state          0
UVM_INFO @  85697170 ps: (otp_ctrl_scoreboard.sv:570) uvm_test_top.env.scoreboard [uvm_test_top.env.scoreboard] sw state 1, reg state          0
UVM_INFO @  85707587 ps: (otp_ctrl_scoreboard.sv:570) uvm_test_top.env.scoreboard [uvm_test_top.env.scoreboard] sw state 1, reg state          0
UVM_INFO @  85718004 ps: (otp_ctrl_scoreboard.sv:570) uvm_test_top.env.scoreboard [uvm_test_top.env.scoreboard] sw state 1, reg state          0
UVM_INFO @  85728421 ps: (otp_ctrl_scoreboard.sv:570) uvm_test_top.env.scoreboard [uvm_test_top.env.scoreboard] sw state 1, reg state          0
UVM_INFO @  85738838 ps: (otp_ctrl_scoreboard.sv:570) uvm_test_top.env.scoreboard [uvm_test_top.env.scoreboard] sw state 1, reg state          0
UVM_INFO @  85749255 ps: (otp_ctrl_scoreboard.sv:570) uvm_test_top.env.scoreboard [uvm_test_top.env.scoreboard] sw state 1, reg state          0
UVM_INFO @  85759672 ps: (otp_ctrl_scoreboard.sv:570) uvm_test_top.env.scoreboard [uvm_test_top.env.scoreboard] sw state 1, reg state          0
UVM_INFO @  85770089 ps: (otp_ctrl_scoreboard.sv:570) uvm_test_top.env.scoreboard [uvm_test_top.env.scoreboard] sw state 1, reg state          0
UVM_INFO @  85780506 ps: (otp_ctrl_scoreboard.sv:570) uvm_test_top.env.scoreboard [uvm_test_top.env.scoreboard] sw state 1, reg state          0
UVM_INFO @  85790923 ps: (otp_ctrl_scoreboard.sv:570) uvm_test_top.env.scoreboard [uvm_test_top.env.scoreboard] sw state 1, reg state          0
UVM_INFO @  85801340 ps: (otp_ctrl_scoreboard.sv:570) uvm_test_top.env.scoreboard [uvm_test_top.env.scoreboard] sw state 1, reg state          0
UVM_INFO @  85811757 ps: (otp_ctrl_scoreboard.sv:570) uvm_test_top.env.scoreboard [uvm_test_top.env.scoreboard] sw state 1, reg state          0
UVM_INFO @  85822174 ps: (otp_ctrl_scoreboard.sv:570) uvm_test_top.env.scoreboard [uvm_test_top.env.scoreboard] sw state 1, reg state          0
UVM_INFO @  85832591 ps: (otp_ctrl_scoreboard.sv:570) uvm_test_top.env.scoreboard [uvm_test_top.env.scoreboard] sw state 1, reg state          0
UVM_INFO @  85843008 ps: (otp_ctrl_scoreboard.sv:570) uvm_test_top.env.scoreboard [uvm_test_top.env.scoreboard] sw state 1, reg state          0
UVM_INFO @  85853425 ps: (otp_ctrl_scoreboard.sv:570) uvm_test_top.env.scoreboard [uvm_test_top.env.scoreboard] sw state 1, reg state          0
UVM_INFO @  85863842 ps: (otp_ctrl_scoreboard.sv:570) uvm_test_top.env.scoreboard [uvm_test_top.env.scoreboard] sw state 1, reg state          0
UVM_INFO @  85874259 ps: (otp_ctrl_scoreboard.sv:570) uvm_test_top.env.scoreboard [uvm_test_top.env.scoreboard] sw state 1, reg state          0
UVM_INFO @  85884676 ps: (otp_ctrl_scoreboard.sv:570) uvm_test_top.env.scoreboard [uvm_test_top.env.scoreboard] sw state 1, reg state          0
UVM_INFO @  85895093 ps: (otp_ctrl_scoreboard.sv:570) uvm_test_top.env.scoreboard [uvm_test_top.env.scoreboard] sw state 1, reg state          0
UVM_INFO @  85905510 ps: (otp_ctrl_scoreboard.sv:570) uvm_test_top.env.scoreboard [uvm_test_top.env.scoreboard] sw state 1, reg state          0
UVM_INFO @  85915927 ps: (otp_ctrl_scoreboard.sv:570) uvm_test_top.env.scoreboard [uvm_test_top.env.scoreboard] sw state 1, reg state          0
UVM_INFO @  85926344 ps: (otp_ctrl_scoreboard.sv:570) uvm_test_top.env.scoreboard [uvm_test_top.env.scoreboard] sw state 1, reg state          0
UVM_INFO @  85936761 ps: (otp_ctrl_scoreboard.sv:570) uvm_test_top.env.scoreboard [uvm_test_top.env.scoreboard] sw state 1, reg state          0
UVM_INFO @  85947178 ps: (otp_ctrl_scoreboard.sv:570) uvm_test_top.env.scoreboard [uvm_test_top.env.scoreboard] sw state 1, reg state          0
UVM_INFO @  85957595 ps: (otp_ctrl_scoreboard.sv:570) uvm_test_top.env.scoreboard [uvm_test_top.env.scoreboard] sw state 1, reg state          0
UVM_INFO @  85968012 ps: (otp_ctrl_scoreboard.sv:570) uvm_test_top.env.scoreboard [uvm_test_top.env.scoreboard] sw state 1, reg state          0
UVM_INFO @  85978429 ps: (otp_ctrl_scoreboard.sv:570) uvm_test_top.env.scoreboard [uvm_test_top.env.scoreboard] sw state 1, reg state          0
UVM_INFO @  85988846 ps: (otp_ctrl_scoreboard.sv:570) uvm_test_top.env.scoreboard [uvm_test_top.env.scoreboard] sw state 1, reg state          0
UVM_INFO @  85999263 ps: (otp_ctrl_scoreboard.sv:570) uvm_test_top.env.scoreboard [uvm_test_top.env.scoreboard] sw state 1, reg state          0
UVM_INFO @  86009680 ps: (otp_ctrl_scoreboard.sv:570) uvm_test_top.env.scoreboard [uvm_test_top.env.scoreboard] sw state 1, reg state          0
UVM_INFO @  86020097 ps: (otp_ctrl_scoreboard.sv:570) uvm_test_top.env.scoreboard [uvm_test_top.env.scoreboard] sw state 1, reg state          0
UVM_INFO @  86030514 ps: (otp_ctrl_scoreboard.sv:570) uvm_test_top.env.scoreboard [uvm_test_top.env.scoreboard] sw state 1, reg state          0
UVM_INFO @  86040931 ps: (otp_ctrl_scoreboard.sv:570) uvm_test_top.env.scoreboard [uvm_test_top.env.scoreboard] sw state 1, reg state          0
UVM_INFO @  86051348 ps: (otp_ctrl_scoreboard.sv:570) uvm_test_top.env.scoreboard [uvm_test_top.env.scoreboard] sw state 1, reg state          0
UVM_INFO @  86061765 ps: (otp_ctrl_scoreboard.sv:570) uvm_test_top.env.scoreboard [uvm_test_top.env.scoreboard] sw state 1, reg state          0
UVM_INFO @  86072182 ps: (otp_ctrl_scoreboard.sv:570) uvm_test_top.env.scoreboard [uvm_test_top.env.scoreboard] sw state 1, reg state          0
UVM_INFO @  86082599 ps: (otp_ctrl_scoreboard.sv:570) uvm_test_top.env.scoreboard [uvm_test_top.env.scoreboard] sw state 1, reg state          0
UVM_INFO @  86093016 ps: (otp_ctrl_scoreboard.sv:570) uvm_test_top.env.scoreboard [uvm_test_top.env.scoreboard] sw state 1, reg state          0
UVM_INFO @  86103433 ps: (otp_ctrl_scoreboard.sv:570) uvm_test_top.env.scoreboard [uvm_test_top.env.scoreboard] sw state 1, reg state          0
UVM_INFO @  86113850 ps: (otp_ctrl_scoreboard.sv:570) uvm_test_top.env.scoreboard [uvm_test_top.env.scoreboard] sw state 1, reg state          0
UVM_INFO @  86124267 ps: (otp_ctrl_scoreboard.sv:570) uvm_test_top.env.scoreboard [uvm_test_top.env.scoreboard] sw state 1, reg state          0
UVM_INFO @  86134684 ps: (otp_ctrl_scoreboard.sv:570) uvm_test_top.env.scoreboard [uvm_test_top.env.scoreboard] sw state 1, reg state          0
UVM_INFO @  86145101 ps: (otp_ctrl_scoreboard.sv:570) uvm_test_top.env.scoreboard [uvm_test_top.env.scoreboard] sw state 1, reg state          0
UVM_INFO @  86155518 ps: (otp_ctrl_scoreboard.sv:570) uvm_test_top.env.scoreboard [uvm_test_top.env.scoreboard] sw state 1, reg state          0
UVM_INFO @  86165935 ps: (otp_ctrl_scoreboard.sv:570) uvm_test_top.env.scoreboard [uvm_test_top.env.scoreboard] sw state 1, reg state          0
UVM_INFO @  86176352 ps: (otp_ctrl_scoreboard.sv:570) uvm_test_top.env.scoreboard [uvm_test_top.env.scoreboard] sw state 1, reg state          0
UVM_INFO @  86186769 ps: (otp_ctrl_scoreboard.sv:570) uvm_test_top.env.scoreboard [uvm_test_top.env.scoreboard] sw state 1, reg state          0
UVM_INFO @  86197186 ps: (otp_ctrl_scoreboard.sv:570) uvm_test_top.env.scoreboard [uvm_test_top.env.scoreboard] sw state 1, reg state          0
UVM_INFO @  86207603 ps: (otp_ctrl_scoreboard.sv:570) uvm_test_top.env.scoreboard [uvm_test_top.env.scoreboard] sw state 1, reg state          0
UVM_INFO @  86218020 ps: (otp_ctrl_scoreboard.sv:570) uvm_test_top.env.scoreboard [uvm_test_top.env.scoreboard] sw state 1, reg state          0
UVM_INFO @  86228437 ps: (otp_ctrl_scoreboard.sv:570) uvm_test_top.env.scoreboard [uvm_test_top.env.scoreboard] sw state 1, reg state          0
UVM_INFO @  86238854 ps: (otp_ctrl_scoreboard.sv:570) uvm_test_top.env.scoreboard [uvm_test_top.env.scoreboard] sw state 1, reg state          0
UVM_INFO @  86249271 ps: (otp_ctrl_scoreboard.sv:570) uvm_test_top.env.scoreboard [uvm_test_top.env.scoreboard] sw state 1, reg state          0
UVM_INFO @  86259688 ps: (otp_ctrl_scoreboard.sv:570) uvm_test_top.env.scoreboard [uvm_test_top.env.scoreboard] sw state 1, reg state          0
UVM_INFO @  86270105 ps: (otp_ctrl_scoreboard.sv:570) uvm_test_top.env.scoreboard [uvm_test_top.env.scoreboard] sw state 1, reg state          0
UVM_INFO @  86280522 ps: (otp_ctrl_scoreboard.sv:570) uvm_test_top.env.scoreboard [uvm_test_top.env.scoreboard] sw state 1, reg state          0
UVM_INFO @  86290939 ps: (otp_ctrl_scoreboard.sv:570) uvm_test_top.env.scoreboard [uvm_test_top.env.scoreboard] sw state 1, reg state          0
UVM_INFO @  86301356 ps: (otp_ctrl_scoreboard.sv:570) uvm_test_top.env.scoreboard [uvm_test_top.env.scoreboard] sw state 1, reg state          0
UVM_INFO @  86311773 ps: (otp_ctrl_scoreboard.sv:570) uvm_test_top.env.scoreboard [uvm_test_top.env.scoreboard] sw state 1, reg state          0
UVM_INFO @  86322190 ps: (otp_ctrl_scoreboard.sv:570) uvm_test_top.env.scoreboard [uvm_test_top.env.scoreboard] sw state 1, reg state          0
UVM_INFO @  86332607 ps: (otp_ctrl_scoreboard.sv:570) uvm_test_top.env.scoreboard [uvm_test_top.env.scoreboard] sw state 1, reg state          0
UVM_INFO @  86343024 ps: (otp_ctrl_scoreboard.sv:570) uvm_test_top.env.scoreboard [uvm_test_top.env.scoreboard] sw state 1, reg state          0
UVM_INFO @  86353441 ps: (otp_ctrl_scoreboard.sv:570) uvm_test_top.env.scoreboard [uvm_test_top.env.scoreboard] sw state 1, reg state          0
UVM_INFO @  86363858 ps: (otp_ctrl_scoreboard.sv:570) uvm_test_top.env.scoreboard [uvm_test_top.env.scoreboard] sw state 1, reg state          0
UVM_INFO @  86374275 ps: (otp_ctrl_scoreboard.sv:570) uvm_test_top.env.scoreboard [uvm_test_top.env.scoreboard] sw state 1, reg state          0
UVM_INFO @  86384692 ps: (otp_ctrl_scoreboard.sv:570) uvm_test_top.env.scoreboard [uvm_test_top.env.scoreboard] sw state 1, reg state          0
UVM_INFO @  86395109 ps: (otp_ctrl_scoreboard.sv:570) uvm_test_top.env.scoreboard [uvm_test_top.env.scoreboard] sw state 1, reg state          0
UVM_INFO @  86405526 ps: (otp_ctrl_scoreboard.sv:570) uvm_test_top.env.scoreboard [uvm_test_top.env.scoreboard] sw state 1, reg state          0
UVM_INFO @  86415943 ps: (otp_ctrl_scoreboard.sv:570) uvm_test_top.env.scoreboard [uvm_test_top.env.scoreboard] sw state 1, reg state          0
UVM_INFO @  86426360 ps: (otp_ctrl_scoreboard.sv:570) uvm_test_top.env.scoreboard [uvm_test_top.env.scoreboard] sw state 1, reg state          0
UVM_INFO @  86436777 ps: (otp_ctrl_scoreboard.sv:570) uvm_test_top.env.scoreboard [uvm_test_top.env.scoreboard] sw state 1, reg state          0
UVM_INFO @  86447194 ps: (otp_ctrl_scoreboard.sv:570) uvm_test_top.env.scoreboard [uvm_test_top.env.scoreboard] sw state 1, reg state          0
UVM_INFO @  86457611 ps: (otp_ctrl_scoreboard.sv:570) uvm_test_top.env.scoreboard [uvm_test_top.env.scoreboard] sw state 1, reg state          0
UVM_INFO @  86468028 ps: (otp_ctrl_scoreboard.sv:570) uvm_test_top.env.scoreboard [uvm_test_top.env.scoreboard] sw state 1, reg state          0
UVM_INFO @  86478445 ps: (otp_ctrl_scoreboard.sv:570) uvm_test_top.env.scoreboard [uvm_test_top.env.scoreboard] sw state 1, reg state          0
UVM_INFO @  86488862 ps: (otp_ctrl_scoreboard.sv:570) uvm_test_top.env.scoreboard [uvm_test_top.env.scoreboard] sw state 1, reg state          0
UVM_INFO @  86499279 ps: (otp_ctrl_scoreboard.sv:570) uvm_test_top.env.scoreboard [uvm_test_top.env.scoreboard] sw state 1, reg state          0
UVM_INFO @  86509696 ps: (otp_ctrl_scoreboard.sv:570) uvm_test_top.env.scoreboard [uvm_test_top.env.scoreboard] sw state 1, reg state          0
UVM_INFO @  86520113 ps: (otp_ctrl_scoreboard.sv:570) uvm_test_top.env.scoreboard [uvm_test_top.env.scoreboard] sw state 1, reg state          0
UVM_INFO @  86530530 ps: (otp_ctrl_scoreboard.sv:570) uvm_test_top.env.scoreboard [uvm_test_top.env.scoreboard] sw state 1, reg state          0
UVM_INFO @  86540947 ps: (otp_ctrl_scoreboard.sv:570) uvm_test_top.env.scoreboard [uvm_test_top.env.scoreboard] sw state 1, reg state          0
UVM_INFO @  86551364 ps: (otp_ctrl_scoreboard.sv:570) uvm_test_top.env.scoreboard [uvm_test_top.env.scoreboard] sw state 1, reg state          0
UVM_INFO @  86561781 ps: (otp_ctrl_scoreboard.sv:570) uvm_test_top.env.scoreboard [uvm_test_top.env.scoreboard] sw state 1, reg state          0
UVM_INFO @  86572198 ps: (otp_ctrl_scoreboard.sv:570) uvm_test_top.env.scoreboard [uvm_test_top.env.scoreboard] sw state 1, reg state          0
UVM_INFO @  86582615 ps: (otp_ctrl_scoreboard.sv:570) uvm_test_top.env.scoreboard [uvm_test_top.env.scoreboard] sw state 1, reg state          0
UVM_INFO @  86593032 ps: (otp_ctrl_scoreboard.sv:570) uvm_test_top.env.scoreboard [uvm_test_top.env.scoreboard] sw state 1, reg state          0
UVM_INFO @  86603449 ps: (otp_ctrl_scoreboard.sv:570) uvm_test_top.env.scoreboard [uvm_test_top.env.scoreboard] sw state 1, reg state          0
UVM_INFO @  86613866 ps: (otp_ctrl_scoreboard.sv:570) uvm_test_top.env.scoreboard [uvm_test_top.env.scoreboard] sw state 1, reg state          0
UVM_INFO @  86624283 ps: (otp_ctrl_scoreboard.sv:570) uvm_test_top.env.scoreboard [uvm_test_top.env.scoreboard] sw state 1, reg state          0
UVM_INFO @  86634700 ps: (otp_ctrl_scoreboard.sv:570) uvm_test_top.env.scoreboard [uvm_test_top.env.scoreboard] sw state 1, reg state          0
UVM_INFO @  86645117 ps: (otp_ctrl_scoreboard.sv:570) uvm_test_top.env.scoreboard [uvm_test_top.env.scoreboard] sw state 1, reg state          0
UVM_INFO @  86655534 ps: (otp_ctrl_scoreboard.sv:570) uvm_test_top.env.scoreboard [uvm_test_top.env.scoreboard] sw state 1, reg state          0
UVM_INFO @  86665951 ps: (otp_ctrl_scoreboard.sv:570) uvm_test_top.env.scoreboard [uvm_test_top.env.scoreboard] sw state 1, reg state          0
UVM_INFO @  86676368 ps: (otp_ctrl_scoreboard.sv:570) uvm_test_top.env.scoreboard [uvm_test_top.env.scoreboard] sw state 1, reg state          0
UVM_INFO @  86686785 ps: (otp_ctrl_scoreboard.sv:570) uvm_test_top.env.scoreboard [uvm_test_top.env.scoreboard] sw state 1, reg state          0
UVM_INFO @  86697202 ps: (otp_ctrl_scoreboard.sv:570) uvm_test_top.env.scoreboard [uvm_test_top.env.scoreboard] sw state 1, reg state          0
UVM_INFO @  86707619 ps: (otp_ctrl_scoreboard.sv:570) uvm_test_top.env.scoreboard [uvm_test_top.env.scoreboard] sw state 1, reg state          0
UVM_INFO @  86718036 ps: (otp_ctrl_scoreboard.sv:570) uvm_test_top.env.scoreboard [uvm_test_top.env.scoreboard] sw state 1, reg state          0
UVM_INFO @  86728453 ps: (otp_ctrl_scoreboard.sv:570) uvm_test_top.env.scoreboard [uvm_test_top.env.scoreboard] sw state 1, reg state          0
UVM_INFO @  86738870 ps: (otp_ctrl_scoreboard.sv:570) uvm_test_top.env.scoreboard [uvm_test_top.env.scoreboard] sw state 1, reg state          0
UVM_INFO @  86749287 ps: (otp_ctrl_scoreboard.sv:570) uvm_test_top.env.scoreboard [uvm_test_top.env.scoreboard] sw state 1, reg state          0
UVM_INFO @  86759704 ps: (otp_ctrl_scoreboard.sv:570) uvm_test_top.env.scoreboard [uvm_test_top.env.scoreboard] sw state 1, reg state          0
UVM_INFO @  86770121 ps: (otp_ctrl_scoreboard.sv:570) uvm_test_top.env.scoreboard [uvm_test_top.env.scoreboard] sw state 1, reg state          0
UVM_INFO @  86780538 ps: (otp_ctrl_scoreboard.sv:570) uvm_test_top.env.scoreboard [uvm_test_top.env.scoreboard] sw state 1, reg state          0
UVM_INFO @  86790955 ps: (otp_ctrl_scoreboard.sv:570) uvm_test_top.env.scoreboard [uvm_test_top.env.scoreboard] sw state 1, reg state          0
UVM_INFO @  86801372 ps: (otp_ctrl_scoreboard.sv:570) uvm_test_top.env.scoreboard [uvm_test_top.env.scoreboard] sw state 1, reg state          0
UVM_INFO @  86811789 ps: (otp_ctrl_scoreboard.sv:570) uvm_test_top.env.scoreboard [uvm_test_top.env.scoreboard] sw state 1, reg state          0
UVM_INFO @  86822206 ps: (otp_ctrl_scoreboard.sv:570) uvm_test_top.env.scoreboard [uvm_test_top.env.scoreboard] sw state 1, reg state          0
UVM_INFO @  86832623 ps: (otp_ctrl_scoreboard.sv:570) uvm_test_top.env.scoreboard [uvm_test_top.env.scoreboard] sw state 1, reg state          0
UVM_INFO @  86843040 ps: (otp_ctrl_scoreboard.sv:570) uvm_test_top.env.scoreboard [uvm_test_top.env.scoreboard] sw state 1, reg state          0
UVM_INFO @  86853457 ps: (otp_ctrl_scoreboard.sv:570) uvm_test_top.env.scoreboard [uvm_test_top.env.scoreboard] sw state 1, reg state          0
UVM_INFO @  86863874 ps: (otp_ctrl_scoreboard.sv:570) uvm_test_top.env.scoreboard [uvm_test_top.env.scoreboard] sw state 1, reg state          0
UVM_INFO @  86874291 ps: (otp_ctrl_scoreboard.sv:570) uvm_test_top.env.scoreboard [uvm_test_top.env.scoreboard] sw state 1, reg state          0
UVM_INFO @  86884708 ps: (otp_ctrl_scoreboard.sv:570) uvm_test_top.env.scoreboard [uvm_test_top.env.scoreboard] sw state 1, reg state          0
UVM_INFO @  86895125 ps: (otp_ctrl_scoreboard.sv:570) uvm_test_top.env.scoreboard [uvm_test_top.env.scoreboard] sw state 1, reg state          0
UVM_INFO @  86905542 ps: (otp_ctrl_scoreboard.sv:570) uvm_test_top.env.scoreboard [uvm_test_top.env.scoreboard] sw state 1, reg state          0
UVM_INFO @  86915959 ps: (otp_ctrl_scoreboard.sv:570) uvm_test_top.env.scoreboard [uvm_test_top.env.scoreboard] sw state 1, reg state          0
UVM_INFO @  86926376 ps: (otp_ctrl_scoreboard.sv:570) uvm_test_top.env.scoreboard [uvm_test_top.env.scoreboard] sw state 1, reg state          0
UVM_INFO @  86936793 ps: (otp_ctrl_scoreboard.sv:570) uvm_test_top.env.scoreboard [uvm_test_top.env.scoreboard] sw state 1, reg state          0
UVM_INFO @  86947210 ps: (otp_ctrl_scoreboard.sv:570) uvm_test_top.env.scoreboard [uvm_test_top.env.scoreboard] sw state 1, reg state          0
UVM_INFO @  86957627 ps: (otp_ctrl_scoreboard.sv:570) uvm_test_top.env.scoreboard [uvm_test_top.env.scoreboard] sw state 1, reg state          0
UVM_INFO @  86968044 ps: (otp_ctrl_scoreboard.sv:570) uvm_test_top.env.scoreboard [uvm_test_top.env.scoreboard] sw state 1, reg state          0
UVM_INFO @  86978461 ps: (otp_ctrl_scoreboard.sv:570) uvm_test_top.env.scoreboard [uvm_test_top.env.scoreboard] sw state 1, reg state          0
UVM_INFO @  86988878 ps: (otp_ctrl_scoreboard.sv:570) uvm_test_top.env.scoreboard [uvm_test_top.env.scoreboard] sw state 1, reg state          0
UVM_INFO @  86999295 ps: (otp_ctrl_scoreboard.sv:570) uvm_test_top.env.scoreboard [uvm_test_top.env.scoreboard] sw state 1, reg state          0
UVM_INFO @  87009712 ps: (otp_ctrl_scoreboard.sv:570) uvm_test_top.env.scoreboard [uvm_test_top.env.scoreboard] sw state 1, reg state          0
UVM_INFO @  87020129 ps: (otp_ctrl_scoreboard.sv:570) uvm_test_top.env.scoreboard [uvm_test_top.env.scoreboard] sw state 1, reg state          0
UVM_INFO @  87030546 ps: (otp_ctrl_scoreboard.sv:570) uvm_test_top.env.scoreboard [uvm_test_top.env.scoreboard] sw state 1, reg state          0
UVM_INFO @  87040963 ps: (otp_ctrl_scoreboard.sv:570) uvm_test_top.env.scoreboard [uvm_test_top.env.scoreboard] sw state 1, reg state          0
UVM_INFO @  87051380 ps: (otp_ctrl_scoreboard.sv:570) uvm_test_top.env.scoreboard [uvm_test_top.env.scoreboard] sw state 1, reg state          0
UVM_INFO @  87061797 ps: (otp_ctrl_scoreboard.sv:570) uvm_test_top.env.scoreboard [uvm_test_top.env.scoreboard] sw state 1, reg state          0
UVM_INFO @  87072214 ps: (otp_ctrl_scoreboard.sv:570) uvm_test_top.env.scoreboard [uvm_test_top.env.scoreboard] sw state 1, reg state          0
UVM_INFO @  87082631 ps: (otp_ctrl_scoreboard.sv:570) uvm_test_top.env.scoreboard [uvm_test_top.env.scoreboard] sw state 1, reg state          0
UVM_INFO @  87093048 ps: (otp_ctrl_scoreboard.sv:570) uvm_test_top.env.scoreboard [uvm_test_top.env.scoreboard] sw state 1, reg state          0
UVM_INFO @  87103465 ps: (otp_ctrl_scoreboard.sv:570) uvm_test_top.env.scoreboard [uvm_test_top.env.scoreboard] sw state 1, reg state          0
UVM_INFO @  87113882 ps: (otp_ctrl_scoreboard.sv:570) uvm_test_top.env.scoreboard [uvm_test_top.env.scoreboard] sw state 1, reg state          0
UVM_INFO @  87124299 ps: (otp_ctrl_scoreboard.sv:570) uvm_test_top.env.scoreboard [uvm_test_top.env.scoreboard] sw state 1, reg state          0
UVM_INFO @  87134716 ps: (otp_ctrl_scoreboard.sv:570) uvm_test_top.env.scoreboard [uvm_test_top.env.scoreboard] sw state 1, reg state          0
UVM_INFO @  87145133 ps: (otp_ctrl_scoreboard.sv:570) uvm_test_top.env.scoreboard [uvm_test_top.env.scoreboard] sw state 1, reg state          0
UVM_INFO @  87155550 ps: (otp_ctrl_scoreboard.sv:570) uvm_test_top.env.scoreboard [uvm_test_top.env.scoreboard] sw state 1, reg state          0
UVM_INFO @  87165967 ps: (otp_ctrl_scoreboard.sv:570) uvm_test_top.env.scoreboard [uvm_test_top.env.scoreboard] sw state 1, reg state          0
UVM_INFO @  87176384 ps: (otp_ctrl_scoreboard.sv:570) uvm_test_top.env.scoreboard [uvm_test_top.env.scoreboard] sw state 1, reg state          0
UVM_INFO @  87186801 ps: (otp_ctrl_scoreboard.sv:570) uvm_test_top.env.scoreboard [uvm_test_top.env.scoreboard] sw state 1, reg state          0
UVM_INFO @  87197218 ps: (otp_ctrl_scoreboard.sv:570) uvm_test_top.env.scoreboard [uvm_test_top.env.scoreboard] sw state 1, reg state          0
UVM_INFO @  87207635 ps: (otp_ctrl_scoreboard.sv:570) uvm_test_top.env.scoreboard [uvm_test_top.env.scoreboard] sw state 1, reg state          0
UVM_INFO @  87218052 ps: (otp_ctrl_scoreboard.sv:570) uvm_test_top.env.scoreboard [uvm_test_top.env.scoreboard] sw state 1, reg state          0
UVM_INFO @  87228469 ps: (otp_ctrl_scoreboard.sv:570) uvm_test_top.env.scoreboard [uvm_test_top.env.scoreboard] sw state 1, reg state          0
UVM_INFO @  87238886 ps: (otp_ctrl_scoreboard.sv:570) uvm_test_top.env.scoreboard [uvm_test_top.env.scoreboard] sw state 1, reg state          0
UVM_INFO @  87249303 ps: (otp_ctrl_scoreboard.sv:570) uvm_test_top.env.scoreboard [uvm_test_top.env.scoreboard] sw state 1, reg state          0
UVM_INFO @  87259720 ps: (otp_ctrl_scoreboard.sv:570) uvm_test_top.env.scoreboard [uvm_test_top.env.scoreboard] sw state 1, reg state          0
UVM_INFO @  87270137 ps: (otp_ctrl_scoreboard.sv:570) uvm_test_top.env.scoreboard [uvm_test_top.env.scoreboard] sw state 1, reg state          0
UVM_INFO @  87280554 ps: (otp_ctrl_scoreboard.sv:570) uvm_test_top.env.scoreboard [uvm_test_top.env.scoreboard] sw state 1, reg state          0
UVM_INFO @  87290971 ps: (otp_ctrl_scoreboard.sv:570) uvm_test_top.env.scoreboard [uvm_test_top.env.scoreboard] sw state 1, reg state          0
UVM_INFO @  87301388 ps: (otp_ctrl_scoreboard.sv:570) uvm_test_top.env.scoreboard [uvm_test_top.env.scoreboard] sw state 1, reg state          0
UVM_INFO @  87311805 ps: (otp_ctrl_scoreboard.sv:570) uvm_test_top.env.scoreboard [uvm_test_top.env.scoreboard] sw state 1, reg state          0
UVM_INFO @  87322222 ps: (otp_ctrl_scoreboard.sv:570) uvm_test_top.env.scoreboard [uvm_test_top.env.scoreboard] sw state 1, reg state          0
UVM_INFO @  87332639 ps: (otp_ctrl_scoreboard.sv:570) uvm_test_top.env.scoreboard [uvm_test_top.env.scoreboard] sw state 1, reg state          0
UVM_INFO @  87343056 ps: (otp_ctrl_scoreboard.sv:570) uvm_test_top.env.scoreboard [uvm_test_top.env.scoreboard] sw state 1, reg state          0
UVM_INFO @  87353473 ps: (otp_ctrl_scoreboard.sv:570) uvm_test_top.env.scoreboard [uvm_test_top.env.scoreboard] sw state 1, reg state          0
UVM_INFO @  87363890 ps: (otp_ctrl_scoreboard.sv:570) uvm_test_top.env.scoreboard [uvm_test_top.env.scoreboard] sw state 1, reg state          0
UVM_INFO @  87374307 ps: (otp_ctrl_scoreboard.sv:570) uvm_test_top.env.scoreboard [uvm_test_top.env.scoreboard] sw state 1, reg state          0
UVM_INFO @  87384724 ps: (otp_ctrl_scoreboard.sv:570) uvm_test_top.env.scoreboard [uvm_test_top.env.scoreboard] sw state 1, reg state          0
UVM_INFO @  87395141 ps: (otp_ctrl_scoreboard.sv:570) uvm_test_top.env.scoreboard [uvm_test_top.env.scoreboard] sw state 1, reg state          0
UVM_INFO @  87405558 ps: (otp_ctrl_scoreboard.sv:570) uvm_test_top.env.scoreboard [uvm_test_top.env.scoreboard] sw state 1, reg state          0
UVM_INFO @  87415975 ps: (otp_ctrl_scoreboard.sv:570) uvm_test_top.env.scoreboard [uvm_test_top.env.scoreboard] sw state 1, reg state          0
UVM_INFO @  87426392 ps: (otp_ctrl_scoreboard.sv:570) uvm_test_top.env.scoreboard [uvm_test_top.env.scoreboard] sw state 1, reg state          0
UVM_INFO @  87436809 ps: (otp_ctrl_scoreboard.sv:570) uvm_test_top.env.scoreboard [uvm_test_top.env.scoreboard] sw state 1, reg state          0
UVM_INFO @  87447226 ps: (otp_ctrl_scoreboard.sv:570) uvm_test_top.env.scoreboard [uvm_test_top.env.scoreboard] sw state 1, reg state          0
UVM_INFO @  87457643 ps: (otp_ctrl_scoreboard.sv:570) uvm_test_top.env.scoreboard [uvm_test_top.env.scoreboard] sw state 1, reg state          0
UVM_INFO @  87468060 ps: (otp_ctrl_scoreboard.sv:570) uvm_test_top.env.scoreboard [uvm_test_top.env.scoreboard] sw state 1, reg state          0
UVM_INFO @  87478477 ps: (otp_ctrl_scoreboard.sv:570) uvm_test_top.env.scoreboard [uvm_test_top.env.scoreboard] sw state 1, reg state          0
UVM_INFO @  87488894 ps: (otp_ctrl_scoreboard.sv:570) uvm_test_top.env.scoreboard [uvm_test_top.env.scoreboard] sw state 1, reg state          0
UVM_INFO @  87499311 ps: (otp_ctrl_scoreboard.sv:570) uvm_test_top.env.scoreboard [uvm_test_top.env.scoreboard] sw state 1, reg state          0
UVM_INFO @  87509728 ps: (otp_ctrl_scoreboard.sv:570) uvm_test_top.env.scoreboard [uvm_test_top.env.scoreboard] sw state 1, reg state          0
UVM_INFO @  87520145 ps: (otp_ctrl_scoreboard.sv:570) uvm_test_top.env.scoreboard [uvm_test_top.env.scoreboard] sw state 1, reg state          0
UVM_INFO @  87530562 ps: (otp_ctrl_scoreboard.sv:570) uvm_test_top.env.scoreboard [uvm_test_top.env.scoreboard] sw state 1, reg state          0
UVM_INFO @  87540979 ps: (otp_ctrl_scoreboard.sv:570) uvm_test_top.env.scoreboard [uvm_test_top.env.scoreboard] sw state 1, reg state          0
UVM_INFO @  87551396 ps: (otp_ctrl_scoreboard.sv:570) uvm_test_top.env.scoreboard [uvm_test_top.env.scoreboard] sw state 1, reg state          0
UVM_INFO @  87561813 ps: (otp_ctrl_scoreboard.sv:570) uvm_test_top.env.scoreboard [uvm_test_top.env.scoreboard] sw state 1, reg state          0
UVM_INFO @  87572230 ps: (otp_ctrl_scoreboard.sv:570) uvm_test_top.env.scoreboard [uvm_test_top.env.scoreboard] sw state 1, reg state          0
UVM_INFO @  87582647 ps: (otp_ctrl_scoreboard.sv:570) uvm_test_top.env.scoreboard [uvm_test_top.env.scoreboard] sw state 1, reg state          0
UVM_INFO @  87593064 ps: (otp_ctrl_scoreboard.sv:570) uvm_test_top.env.scoreboard [uvm_test_top.env.scoreboard] sw state 1, reg state          0
UVM_INFO @  87603481 ps: (otp_ctrl_scoreboard.sv:570) uvm_test_top.env.scoreboard [uvm_test_top.env.scoreboard] sw state 1, reg state          0
UVM_INFO @  87613898 ps: (otp_ctrl_scoreboard.sv:570) uvm_test_top.env.scoreboard [uvm_test_top.env.scoreboard] sw state 1, reg state          0
UVM_INFO @  87624315 ps: (otp_ctrl_scoreboard.sv:570) uvm_test_top.env.scoreboard [uvm_test_top.env.scoreboard] sw state 1, reg state          0
UVM_INFO @  87634732 ps: (otp_ctrl_scoreboard.sv:570) uvm_test_top.env.scoreboard [uvm_test_top.env.scoreboard] sw state 1, reg state          0
UVM_INFO @  87645149 ps: (otp_ctrl_scoreboard.sv:570) uvm_test_top.env.scoreboard [uvm_test_top.env.scoreboard] sw state 1, reg state          0
UVM_INFO @  87655566 ps: (otp_ctrl_scoreboard.sv:570) uvm_test_top.env.scoreboard [uvm_test_top.env.scoreboard] sw state 1, reg state          0
UVM_INFO @  87665983 ps: (otp_ctrl_scoreboard.sv:570) uvm_test_top.env.scoreboard [uvm_test_top.env.scoreboard] sw state 1, reg state          0
UVM_INFO @  87676400 ps: (otp_ctrl_scoreboard.sv:570) uvm_test_top.env.scoreboard [uvm_test_top.env.scoreboard] sw state 1, reg state          0
UVM_INFO @  87686817 ps: (otp_ctrl_scoreboard.sv:570) uvm_test_top.env.scoreboard [uvm_test_top.env.scoreboard] sw state 1, reg state          0
UVM_INFO @  87697234 ps: (otp_ctrl_scoreboard.sv:570) uvm_test_top.env.scoreboard [uvm_test_top.env.scoreboard] sw state 1, reg state          0
UVM_INFO @  87707651 ps: (otp_ctrl_scoreboard.sv:570) uvm_test_top.env.scoreboard [uvm_test_top.env.scoreboard] sw state 1, reg state          0
UVM_INFO @  87718068 ps: (otp_ctrl_scoreboard.sv:570) uvm_test_top.env.scoreboard [uvm_test_top.env.scoreboard] sw state 1, reg state          0
UVM_INFO @  87728485 ps: (otp_ctrl_scoreboard.sv:570) uvm_test_top.env.scoreboard [uvm_test_top.env.scoreboard] sw state 1, reg state          0
UVM_INFO @  87738902 ps: (otp_ctrl_scoreboard.sv:570) uvm_test_top.env.scoreboard [uvm_test_top.env.scoreboard] sw state 1, reg state          0
UVM_INFO @  87749319 ps: (otp_ctrl_scoreboard.sv:570) uvm_test_top.env.scoreboard [uvm_test_top.env.scoreboard] sw state 1, reg state          0
UVM_INFO @  87759736 ps: (otp_ctrl_scoreboard.sv:570) uvm_test_top.env.scoreboard [uvm_test_top.env.scoreboard] sw state 1, reg state          0
UVM_INFO @  87770153 ps: (otp_ctrl_scoreboard.sv:570) uvm_test_top.env.scoreboard [uvm_test_top.env.scoreboard] sw state 1, reg state          0
UVM_INFO @  87780570 ps: (otp_ctrl_scoreboard.sv:570) uvm_test_top.env.scoreboard [uvm_test_top.env.scoreboard] sw state 1, reg state          0
UVM_INFO @  87790987 ps: (otp_ctrl_scoreboard.sv:570) uvm_test_top.env.scoreboard [uvm_test_top.env.scoreboard] sw state 1, reg state          0
UVM_INFO @  87801404 ps: (otp_ctrl_scoreboard.sv:570) uvm_test_top.env.scoreboard [uvm_test_top.env.scoreboard] sw state 1, reg state          0
UVM_INFO @  87811821 ps: (otp_ctrl_scoreboard.sv:570) uvm_test_top.env.scoreboard [uvm_test_top.env.scoreboard] sw state 1, reg state          0
UVM_INFO @  87822238 ps: (otp_ctrl_scoreboard.sv:570) uvm_test_top.env.scoreboard [uvm_test_top.env.scoreboard] sw state 1, reg state          0
UVM_INFO @  87832655 ps: (otp_ctrl_scoreboard.sv:570) uvm_test_top.env.scoreboard [uvm_test_top.env.scoreboard] sw state 1, reg state          0
UVM_INFO @  87843072 ps: (otp_ctrl_scoreboard.sv:570) uvm_test_top.env.scoreboard [uvm_test_top.env.scoreboard] sw state 1, reg state          0
UVM_INFO @  87853489 ps: (otp_ctrl_scoreboard.sv:570) uvm_test_top.env.scoreboard [uvm_test_top.env.scoreboard] sw state 1, reg state          0
UVM_INFO @  87863906 ps: (otp_ctrl_scoreboard.sv:570) uvm_test_top.env.scoreboard [uvm_test_top.env.scoreboard] sw state 1, reg state          0
UVM_INFO @  87874323 ps: (otp_ctrl_scoreboard.sv:570) uvm_test_top.env.scoreboard [uvm_test_top.env.scoreboard] sw state 1, reg state          0
UVM_INFO @  87884740 ps: (otp_ctrl_scoreboard.sv:570) uvm_test_top.env.scoreboard [uvm_test_top.env.scoreboard] sw state 1, reg state          0
UVM_INFO @  87895157 ps: (otp_ctrl_scoreboard.sv:570) uvm_test_top.env.scoreboard [uvm_test_top.env.scoreboard] sw state 1, reg state          0
UVM_INFO @  87905574 ps: (otp_ctrl_scoreboard.sv:570) uvm_test_top.env.scoreboard [uvm_test_top.env.scoreboard] sw state 1, reg state          0
UVM_INFO @  87915991 ps: (otp_ctrl_scoreboard.sv:570) uvm_test_top.env.scoreboard [uvm_test_top.env.scoreboard] sw state 1, reg state          0
UVM_INFO @  87926408 ps: (otp_ctrl_scoreboard.sv:570) uvm_test_top.env.scoreboard [uvm_test_top.env.scoreboard] sw state 1, reg state          0
UVM_INFO @  87936825 ps: (otp_ctrl_scoreboard.sv:570) uvm_test_top.env.scoreboard [uvm_test_top.env.scoreboard] sw state 1, reg state          0
UVM_INFO @  87947242 ps: (otp_ctrl_scoreboard.sv:570) uvm_test_top.env.scoreboard [uvm_test_top.env.scoreboard] sw state 1, reg state          0
UVM_INFO @  87957659 ps: (otp_ctrl_scoreboard.sv:570) uvm_test_top.env.scoreboard [uvm_test_top.env.scoreboard] sw state 1, reg state          0
UVM_INFO @  87968076 ps: (otp_ctrl_scoreboard.sv:570) uvm_test_top.env.scoreboard [uvm_test_top.env.scoreboard] sw state 1, reg state          0
UVM_INFO @  87978493 ps: (otp_ctrl_scoreboard.sv:570) uvm_test_top.env.scoreboard [uvm_test_top.env.scoreboard] sw state 1, reg state          0
UVM_INFO @  87988910 ps: (otp_ctrl_scoreboard.sv:570) uvm_test_top.env.scoreboard [uvm_test_top.env.scoreboard] sw state 1, reg state          0
UVM_INFO @  87999327 ps: (otp_ctrl_scoreboard.sv:570) uvm_test_top.env.scoreboard [uvm_test_top.env.scoreboard] sw state 1, reg state          0
UVM_INFO @  88009744 ps: (otp_ctrl_scoreboard.sv:570) uvm_test_top.env.scoreboard [uvm_test_top.env.scoreboard] sw state 1, reg state          0
UVM_INFO @  88020161 ps: (otp_ctrl_scoreboard.sv:570) uvm_test_top.env.scoreboard [uvm_test_top.env.scoreboard] sw state 1, reg state          0
UVM_INFO @  88030578 ps: (otp_ctrl_scoreboard.sv:570) uvm_test_top.env.scoreboard [uvm_test_top.env.scoreboard] sw state 1, reg state          0
UVM_INFO @  88040995 ps: (otp_ctrl_scoreboard.sv:570) uvm_test_top.env.scoreboard [uvm_test_top.env.scoreboard] sw state 1, reg state          0
UVM_INFO @  88051412 ps: (otp_ctrl_scoreboard.sv:570) uvm_test_top.env.scoreboard [uvm_test_top.env.scoreboard] sw state 1, reg state          0
UVM_INFO @  88061829 ps: (otp_ctrl_scoreboard.sv:570) uvm_test_top.env.scoreboard [uvm_test_top.env.scoreboard] sw state 1, reg state          0
UVM_INFO @  88072246 ps: (otp_ctrl_scoreboard.sv:570) uvm_test_top.env.scoreboard [uvm_test_top.env.scoreboard] sw state 1, reg state          0
UVM_INFO @  88072246 ps: (dv_base_reg.sv:329) [otp_ctrl_core_reg_block.direct_access_regwen] lock_lockable_flds          1 val
UVM_INFO @  88082663 ps: (otp_ctrl_scoreboard.sv:570) uvm_test_top.env.scoreboard [uvm_test_top.env.scoreboard] sw state 1, reg state          1
UVM_INFO @  88093080 ps: (otp_ctrl_scoreboard.sv:570) uvm_test_top.env.scoreboard [uvm_test_top.env.scoreboard] sw state 1, reg state          1
UVM_INFO @  88103497 ps: (otp_ctrl_scoreboard.sv:570) uvm_test_top.env.scoreboard [uvm_test_top.env.scoreboard] sw state 1, reg state          1
UVM_INFO @  88113914 ps: (otp_ctrl_scoreboard.sv:570) uvm_test_top.env.scoreboard [uvm_test_top.env.scoreboard] sw state 1, reg state          1
UVM_INFO @  88124331 ps: (otp_ctrl_scoreboard.sv:570) uvm_test_top.env.scoreboard [uvm_test_top.env.scoreboard] sw state 1, reg state          1
UVM_INFO @  88134748 ps: (otp_ctrl_scoreboard.sv:570) uvm_test_top.env.scoreboard [uvm_test_top.env.scoreboard] sw state 1, reg state          1
UVM_INFO @  88145165 ps: (otp_ctrl_scoreboard.sv:570) uvm_test_top.env.scoreboard [uvm_test_top.env.scoreboard] sw state 1, reg state          1
UVM_INFO @  88145165 ps: (dv_base_reg.sv:329) [otp_ctrl_core_reg_block.direct_access_regwen] lock_lockable_flds          0 val
UVM_INFO @  88145165 ps: (dv_base_reg.sv:329) [otp_ctrl_core_reg_block.direct_access_regwen] lock_lockable_flds          0 val
UVM_INFO @  88155582 ps: (otp_ctrl_scoreboard.sv:570) uvm_test_top.env.scoreboard [uvm_test_top.env.scoreboard] sw state 1, reg state          0
UVM_INFO @  88176416 ps: (otp_ctrl_scoreboard.sv:570) uvm_test_top.env.scoreboard [uvm_test_top.env.scoreboard] sw state 1, reg state          0
UVM_INFO @  88186833 ps: (otp_ctrl_scoreboard.sv:570) uvm_test_top.env.scoreboard [uvm_test_top.env.scoreboard] sw state 1, reg state          0
UVM_INFO @  88207667 ps: (otp_ctrl_scoreboard.sv:570) uvm_test_top.env.scoreboard [uvm_test_top.env.scoreboard] sw state 1, reg state          0
UVM_INFO @  88218084 ps: (otp_ctrl_scoreboard.sv:570) uvm_test_top.env.scoreboard [uvm_test_top.env.scoreboard] sw state 1, reg state          0
UVM_INFO @  88238918 ps: (otp_ctrl_scoreboard.sv:570) uvm_test_top.env.scoreboard [uvm_test_top.env.scoreboard] sw state 1, reg state          0
UVM_INFO @  88249335 ps: (otp_ctrl_scoreboard.sv:570) uvm_test_top.env.scoreboard [uvm_test_top.env.scoreboard] sw state 1, reg state          0
UVM_INFO @  88270169 ps: (otp_ctrl_scoreboard.sv:570) uvm_test_top.env.scoreboard [uvm_test_top.env.scoreboard] sw state 1, reg state          0
UVM_INFO @  88280586 ps: (otp_ctrl_scoreboard.sv:570) uvm_test_top.env.scoreboard [uvm_test_top.env.scoreboard] sw state 1, reg state          0
UVM_INFO @  88301420 ps: (otp_ctrl_scoreboard.sv:570) uvm_test_top.env.scoreboard [uvm_test_top.env.scoreboard] sw state 1, reg state          0
UVM_INFO @  88311837 ps: (otp_ctrl_scoreboard.sv:570) uvm_test_top.env.scoreboard [uvm_test_top.env.scoreboard] sw state 1, reg state          0
UVM_INFO @  88332671 ps: (otp_ctrl_scoreboard.sv:570) uvm_test_top.env.scoreboard [uvm_test_top.env.scoreboard] sw state 1, reg state          0
UVM_INFO @  88343088 ps: (otp_ctrl_scoreboard.sv:570) uvm_test_top.env.scoreboard [uvm_test_top.env.scoreboard] sw state 1, reg state          0
UVM_INFO @  88363922 ps: (otp_ctrl_scoreboard.sv:570) uvm_test_top.env.scoreboard [uvm_test_top.env.scoreboard] sw state 1, reg state          0
UVM_INFO @  88374339 ps: (otp_ctrl_scoreboard.sv:570) uvm_test_top.env.scoreboard [uvm_test_top.env.scoreboard] sw state 1, reg state          0
UVM_INFO @  88395173 ps: (otp_ctrl_scoreboard.sv:570) uvm_test_top.env.scoreboard [uvm_test_top.env.scoreboard] sw state 1, reg state          0
UVM_INFO @  88405590 ps: (otp_ctrl_scoreboard.sv:570) uvm_test_top.env.scoreboard [uvm_test_top.env.scoreboard] sw state 1, reg state          0
UVM_INFO @  88426424 ps: (otp_ctrl_scoreboard.sv:570) uvm_test_top.env.scoreboard [uvm_test_top.env.scoreboard] sw state 1, reg state          0
UVM_INFO @  88436841 ps: (otp_ctrl_scoreboard.sv:570) uvm_test_top.env.scoreboard [uvm_test_top.env.scoreboard] sw state 1, reg state          0
UVM_INFO @  88457675 ps: (otp_ctrl_scoreboard.sv:570) uvm_test_top.env.scoreboard [uvm_test_top.env.scoreboard] sw state 1, reg state          0
UVM_INFO @  88468092 ps: (otp_ctrl_scoreboard.sv:570) uvm_test_top.env.scoreboard [uvm_test_top.env.scoreboard] sw state 1, reg state          0
UVM_INFO @  88488926 ps: (otp_ctrl_scoreboard.sv:570) uvm_test_top.env.scoreboard [uvm_test_top.env.scoreboard] sw state 1, reg state          0
UVM_INFO @  88499343 ps: (otp_ctrl_scoreboard.sv:570) uvm_test_top.env.scoreboard [uvm_test_top.env.scoreboard] sw state 1, reg state          0
UVM_INFO @  88520177 ps: (otp_ctrl_scoreboard.sv:570) uvm_test_top.env.scoreboard [uvm_test_top.env.scoreboard] sw state 1, reg state          0
UVM_INFO @  88530594 ps: (otp_ctrl_scoreboard.sv:570) uvm_test_top.env.scoreboard [uvm_test_top.env.scoreboard] sw state 1, reg state          0
UVM_INFO @  88551428 ps: (otp_ctrl_scoreboard.sv:570) uvm_test_top.env.scoreboard [uvm_test_top.env.scoreboard] sw state 1, reg state          0
UVM_INFO @  88561845 ps: (otp_ctrl_scoreboard.sv:570) uvm_test_top.env.scoreboard [uvm_test_top.env.scoreboard] sw state 1, reg state          0
UVM_INFO @  88582679 ps: (otp_ctrl_scoreboard.sv:570) uvm_test_top.env.scoreboard [uvm_test_top.env.scoreboard] sw state 1, reg state          0
UVM_INFO @  88593096 ps: (otp_ctrl_scoreboard.sv:570) uvm_test_top.env.scoreboard [uvm_test_top.env.scoreboard] sw state 1, reg state          0
UVM_INFO @  88613930 ps: (otp_ctrl_scoreboard.sv:570) uvm_test_top.env.scoreboard [uvm_test_top.env.scoreboard] sw state 1, reg state          0
UVM_INFO @  88624347 ps: (otp_ctrl_scoreboard.sv:570) uvm_test_top.env.scoreboard [uvm_test_top.env.scoreboard] sw state 1, reg state          0
UVM_INFO @  88645181 ps: (otp_ctrl_scoreboard.sv:570) uvm_test_top.env.scoreboard [uvm_test_top.env.scoreboard] sw state 1, reg state          0
UVM_INFO @  88655598 ps: (otp_ctrl_scoreboard.sv:570) uvm_test_top.env.scoreboard [uvm_test_top.env.scoreboard] sw state 1, reg state          0
UVM_INFO @  88676432 ps: (otp_ctrl_scoreboard.sv:570) uvm_test_top.env.scoreboard [uvm_test_top.env.scoreboard] sw state 1, reg state          0
UVM_INFO @  88686849 ps: (otp_ctrl_scoreboard.sv:570) uvm_test_top.env.scoreboard [uvm_test_top.env.scoreboard] sw state 1, reg state          0
UVM_INFO @  88707683 ps: (otp_ctrl_scoreboard.sv:570) uvm_test_top.env.scoreboard [uvm_test_top.env.scoreboard] sw state 1, reg state          0
UVM_INFO @  88718100 ps: (otp_ctrl_scoreboard.sv:570) uvm_test_top.env.scoreboard [uvm_test_top.env.scoreboard] sw state 1, reg state          0
UVM_INFO @  88738934 ps: (otp_ctrl_scoreboard.sv:570) uvm_test_top.env.scoreboard [uvm_test_top.env.scoreboard] sw state 1, reg state          0
UVM_INFO @  88749351 ps: (otp_ctrl_scoreboard.sv:570) uvm_test_top.env.scoreboard [uvm_test_top.env.scoreboard] sw state 1, reg state          0
UVM_INFO @  88770185 ps: (otp_ctrl_scoreboard.sv:570) uvm_test_top.env.scoreboard [uvm_test_top.env.scoreboard] sw state 1, reg state          0
UVM_INFO @  88780602 ps: (otp_ctrl_scoreboard.sv:570) uvm_test_top.env.scoreboard [uvm_test_top.env.scoreboard] sw state 1, reg state          0
UVM_INFO @  88801436 ps: (otp_ctrl_scoreboard.sv:570) uvm_test_top.env.scoreboard [uvm_test_top.env.scoreboard] sw state 1, reg state          0
UVM_INFO @  88811853 ps: (otp_ctrl_scoreboard.sv:570) uvm_test_top.env.scoreboard [uvm_test_top.env.scoreboard] sw state 1, reg state          0
UVM_INFO @  88832687 ps: (otp_ctrl_scoreboard.sv:570) uvm_test_top.env.scoreboard [uvm_test_top.env.scoreboard] sw state 1, reg state          0
UVM_INFO @  88843104 ps: (otp_ctrl_scoreboard.sv:570) uvm_test_top.env.scoreboard [uvm_test_top.env.scoreboard] sw state 1, reg state          0
UVM_INFO @  88863938 ps: (otp_ctrl_scoreboard.sv:570) uvm_test_top.env.scoreboard [uvm_test_top.env.scoreboard] sw state 1, reg state          0
UVM_INFO @  88874355 ps: (otp_ctrl_scoreboard.sv:570) uvm_test_top.env.scoreboard [uvm_test_top.env.scoreboard] sw state 1, reg state          0
UVM_INFO @  88895189 ps: (otp_ctrl_scoreboard.sv:570) uvm_test_top.env.scoreboard [uvm_test_top.env.scoreboard] sw state 1, reg state          0
UVM_INFO @  88905606 ps: (otp_ctrl_scoreboard.sv:570) uvm_test_top.env.scoreboard [uvm_test_top.env.scoreboard] sw state 1, reg state          0
UVM_INFO @  88926440 ps: (otp_ctrl_scoreboard.sv:570) uvm_test_top.env.scoreboard [uvm_test_top.env.scoreboard] sw state 1, reg state          0
UVM_INFO @  88936857 ps: (otp_ctrl_scoreboard.sv:570) uvm_test_top.env.scoreboard [uvm_test_top.env.scoreboard] sw state 1, reg state          0
UVM_INFO @  88957691 ps: (otp_ctrl_scoreboard.sv:570) uvm_test_top.env.scoreboard [uvm_test_top.env.scoreboard] sw state 1, reg state          0
UVM_INFO @  88968108 ps: (otp_ctrl_scoreboard.sv:570) uvm_test_top.env.scoreboard [uvm_test_top.env.scoreboard] sw state 1, reg state          0
UVM_INFO @  88988942 ps: (otp_ctrl_scoreboard.sv:570) uvm_test_top.env.scoreboard [uvm_test_top.env.scoreboard] sw state 1, reg state          0
UVM_INFO @  88999359 ps: (otp_ctrl_scoreboard.sv:570) uvm_test_top.env.scoreboard [uvm_test_top.env.scoreboard] sw state 1, reg state          0
UVM_INFO @  89020193 ps: (otp_ctrl_scoreboard.sv:570) uvm_test_top.env.scoreboard [uvm_test_top.env.scoreboard] sw state 1, reg state          0
UVM_INFO @  89030610 ps: (otp_ctrl_scoreboard.sv:570) uvm_test_top.env.scoreboard [uvm_test_top.env.scoreboard] sw state 1, reg state          0
UVM_INFO @  89051444 ps: (otp_ctrl_scoreboard.sv:570) uvm_test_top.env.scoreboard [uvm_test_top.env.scoreboard] sw state 1, reg state          0
UVM_INFO @  89061861 ps: (otp_ctrl_scoreboard.sv:570) uvm_test_top.env.scoreboard [uvm_test_top.env.scoreboard] sw state 1, reg state          0
UVM_INFO @  89082695 ps: (otp_ctrl_scoreboard.sv:570) uvm_test_top.env.scoreboard [uvm_test_top.env.scoreboard] sw state 1, reg state          0
UVM_INFO @  89093112 ps: (otp_ctrl_scoreboard.sv:570) uvm_test_top.env.scoreboard [uvm_test_top.env.scoreboard] sw state 1, reg state          0
UVM_INFO @  89113946 ps: (otp_ctrl_scoreboard.sv:570) uvm_test_top.env.scoreboard [uvm_test_top.env.scoreboard] sw state 1, reg state          0
UVM_INFO @  89124363 ps: (otp_ctrl_scoreboard.sv:570) uvm_test_top.env.scoreboard [uvm_test_top.env.scoreboard] sw state 1, reg state          0
UVM_INFO @  89145197 ps: (otp_ctrl_scoreboard.sv:570) uvm_test_top.env.scoreboard [uvm_test_top.env.scoreboard] sw state 1, reg state          0
UVM_INFO @  89155614 ps: (otp_ctrl_scoreboard.sv:570) uvm_test_top.env.scoreboard [uvm_test_top.env.scoreboard] sw state 1, reg state          0
UVM_INFO @  89176448 ps: (otp_ctrl_scoreboard.sv:570) uvm_test_top.env.scoreboard [uvm_test_top.env.scoreboard] sw state 1, reg state          0
UVM_INFO @  89186865 ps: (otp_ctrl_scoreboard.sv:570) uvm_test_top.env.scoreboard [uvm_test_top.env.scoreboard] sw state 1, reg state          0
UVM_INFO @  89207699 ps: (otp_ctrl_scoreboard.sv:570) uvm_test_top.env.scoreboard [uvm_test_top.env.scoreboard] sw state 1, reg state          0
UVM_INFO @  89218116 ps: (otp_ctrl_scoreboard.sv:570) uvm_test_top.env.scoreboard [uvm_test_top.env.scoreboard] sw state 1, reg state          0
UVM_INFO @  89238950 ps: (otp_ctrl_scoreboard.sv:570) uvm_test_top.env.scoreboard [uvm_test_top.env.scoreboard] sw state 1, reg state          0
UVM_INFO @  89249367 ps: (otp_ctrl_scoreboard.sv:570) uvm_test_top.env.scoreboard [uvm_test_top.env.scoreboard] sw state 1, reg state          0
UVM_INFO @  89270201 ps: (otp_ctrl_scoreboard.sv:570) uvm_test_top.env.scoreboard [uvm_test_top.env.scoreboard] sw state 1, reg state          0
UVM_INFO @  89280618 ps: (otp_ctrl_scoreboard.sv:570) uvm_test_top.env.scoreboard [uvm_test_top.env.scoreboard] sw state 1, reg state          0
UVM_INFO @  89301452 ps: (otp_ctrl_scoreboard.sv:570) uvm_test_top.env.scoreboard [uvm_test_top.env.scoreboard] sw state 1, reg state          0
UVM_INFO @  89311869 ps: (otp_ctrl_scoreboard.sv:570) uvm_test_top.env.scoreboard [uvm_test_top.env.scoreboard] sw state 1, reg state          0
UVM_INFO @  89332703 ps: (otp_ctrl_scoreboard.sv:570) uvm_test_top.env.scoreboard [uvm_test_top.env.scoreboard] sw state 1, reg state          0
UVM_INFO @  89343120 ps: (otp_ctrl_scoreboard.sv:570) uvm_test_top.env.scoreboard [uvm_test_top.env.scoreboard] sw state 1, reg state          0
UVM_INFO @  89363954 ps: (otp_ctrl_scoreboard.sv:570) uvm_test_top.env.scoreboard [uvm_test_top.env.scoreboard] sw state 1, reg state          0
UVM_INFO @  89374371 ps: (otp_ctrl_scoreboard.sv:570) uvm_test_top.env.scoreboard [uvm_test_top.env.scoreboard] sw state 1, reg state          0
UVM_INFO @  89395205 ps: (otp_ctrl_scoreboard.sv:570) uvm_test_top.env.scoreboard [uvm_test_top.env.scoreboard] sw state 1, reg state          0
UVM_INFO @  89405622 ps: (otp_ctrl_scoreboard.sv:570) uvm_test_top.env.scoreboard [uvm_test_top.env.scoreboard] sw state 1, reg state          0
UVM_INFO @  89426456 ps: (otp_ctrl_scoreboard.sv:570) uvm_test_top.env.scoreboard [uvm_test_top.env.scoreboard] sw state 1, reg state          0
UVM_INFO @  89436873 ps: (otp_ctrl_scoreboard.sv:570) uvm_test_top.env.scoreboard [uvm_test_top.env.scoreboard] sw state 1, reg state          0
UVM_INFO @  89457707 ps: (otp_ctrl_scoreboard.sv:570) uvm_test_top.env.scoreboard [uvm_test_top.env.scoreboard] sw state 1, reg state          0
UVM_INFO @  89468124 ps: (otp_ctrl_scoreboard.sv:570) uvm_test_top.env.scoreboard [uvm_test_top.env.scoreboard] sw state 1, reg state          0
UVM_INFO @  89488958 ps: (otp_ctrl_scoreboard.sv:570) uvm_test_top.env.scoreboard [uvm_test_top.env.scoreboard] sw state 1, reg state          0
UVM_INFO @  89499375 ps: (otp_ctrl_scoreboard.sv:570) uvm_test_top.env.scoreboard [uvm_test_top.env.scoreboard] sw state 1, reg state          0
UVM_INFO @  89520209 ps: (otp_ctrl_scoreboard.sv:570) uvm_test_top.env.scoreboard [uvm_test_top.env.scoreboard] sw state 1, reg state          0
UVM_INFO @  89530626 ps: (otp_ctrl_scoreboard.sv:570) uvm_test_top.env.scoreboard [uvm_test_top.env.scoreboard] sw state 1, reg state          0
UVM_INFO @  89551460 ps: (otp_ctrl_scoreboard.sv:570) uvm_test_top.env.scoreboard [uvm_test_top.env.scoreboard] sw state 1, reg state          0
UVM_INFO @  89561877 ps: (otp_ctrl_scoreboard.sv:570) uvm_test_top.env.scoreboard [uvm_test_top.env.scoreboard] sw state 1, reg state          0
UVM_INFO @  89582711 ps: (otp_ctrl_scoreboard.sv:570) uvm_test_top.env.scoreboard [uvm_test_top.env.scoreboard] sw state 1, reg state          0
UVM_INFO @  89593128 ps: (otp_ctrl_scoreboard.sv:570) uvm_test_top.env.scoreboard [uvm_test_top.env.scoreboard] sw state 1, reg state          0
UVM_INFO @  89613962 ps: (otp_ctrl_scoreboard.sv:570) uvm_test_top.env.scoreboard [uvm_test_top.env.scoreboard] sw state 1, reg state          0
UVM_INFO @  89624379 ps: (otp_ctrl_scoreboard.sv:570) uvm_test_top.env.scoreboard [uvm_test_top.env.scoreboard] sw state 1, reg state          0
UVM_INFO @  89645213 ps: (otp_ctrl_scoreboard.sv:570) uvm_test_top.env.scoreboard [uvm_test_top.env.scoreboard] sw state 1, reg state          0
UVM_INFO @  89655630 ps: (otp_ctrl_scoreboard.sv:570) uvm_test_top.env.scoreboard [uvm_test_top.env.scoreboard] sw state 1, reg state          0
UVM_INFO @  89676464 ps: (otp_ctrl_scoreboard.sv:570) uvm_test_top.env.scoreboard [uvm_test_top.env.scoreboard] sw state 1, reg state          0
UVM_INFO @  89686881 ps: (otp_ctrl_scoreboard.sv:570) uvm_test_top.env.scoreboard [uvm_test_top.env.scoreboard] sw state 1, reg state          0
UVM_INFO @  89707715 ps: (otp_ctrl_scoreboard.sv:570) uvm_test_top.env.scoreboard [uvm_test_top.env.scoreboard] sw state 1, reg state          0
UVM_INFO @  89718132 ps: (otp_ctrl_scoreboard.sv:570) uvm_test_top.env.scoreboard [uvm_test_top.env.scoreboard] sw state 1, reg state          0
UVM_INFO @  89738966 ps: (otp_ctrl_scoreboard.sv:570) uvm_test_top.env.scoreboard [uvm_test_top.env.scoreboard] sw state 1, reg state          0
UVM_INFO @  89749383 ps: (otp_ctrl_scoreboard.sv:570) uvm_test_top.env.scoreboard [uvm_test_top.env.scoreboard] sw state 1, reg state          0
UVM_INFO @  89770217 ps: (otp_ctrl_scoreboard.sv:570) uvm_test_top.env.scoreboard [uvm_test_top.env.scoreboard] sw state 1, reg state          0
UVM_INFO @  89780634 ps: (otp_ctrl_scoreboard.sv:570) uvm_test_top.env.scoreboard [uvm_test_top.env.scoreboard] sw state 1, reg state          0
UVM_INFO @  89801468 ps: (otp_ctrl_scoreboard.sv:570) uvm_test_top.env.scoreboard [uvm_test_top.env.scoreboard] sw state 1, reg state          0
UVM_INFO @  89811885 ps: (otp_ctrl_scoreboard.sv:570) uvm_test_top.env.scoreboard [uvm_test_top.env.scoreboard] sw state 1, reg state          0
UVM_INFO @  89832719 ps: (otp_ctrl_scoreboard.sv:570) uvm_test_top.env.scoreboard [uvm_test_top.env.scoreboard] sw state 1, reg state          0
UVM_INFO @  89843136 ps: (otp_ctrl_scoreboard.sv:570) uvm_test_top.env.scoreboard [uvm_test_top.env.scoreboard] sw state 1, reg state          0
UVM_INFO @  89863970 ps: (otp_ctrl_scoreboard.sv:570) uvm_test_top.env.scoreboard [uvm_test_top.env.scoreboard] sw state 1, reg state          0
UVM_INFO @  89874387 ps: (otp_ctrl_scoreboard.sv:570) uvm_test_top.env.scoreboard [uvm_test_top.env.scoreboard] sw state 1, reg state          0
UVM_INFO @  89895221 ps: (otp_ctrl_scoreboard.sv:570) uvm_test_top.env.scoreboard [uvm_test_top.env.scoreboard] sw state 1, reg state          0
UVM_INFO @  89905638 ps: (otp_ctrl_scoreboard.sv:570) uvm_test_top.env.scoreboard [uvm_test_top.env.scoreboard] sw state 1, reg state          0
UVM_INFO @  89926472 ps: (otp_ctrl_scoreboard.sv:570) uvm_test_top.env.scoreboard [uvm_test_top.env.scoreboard] sw state 1, reg state          0
UVM_INFO @  89936889 ps: (otp_ctrl_scoreboard.sv:570) uvm_test_top.env.scoreboard [uvm_test_top.env.scoreboard] sw state 1, reg state          0
UVM_INFO @  89957723 ps: (otp_ctrl_scoreboard.sv:570) uvm_test_top.env.scoreboard [uvm_test_top.env.scoreboard] sw state 1, reg state          0
UVM_INFO @  89968140 ps: (otp_ctrl_scoreboard.sv:570) uvm_test_top.env.scoreboard [uvm_test_top.env.scoreboard] sw state 1, reg state          0
UVM_INFO @  89988974 ps: (otp_ctrl_scoreboard.sv:570) uvm_test_top.env.scoreboard [uvm_test_top.env.scoreboard] sw state 1, reg state          0
UVM_INFO @  89999391 ps: (otp_ctrl_scoreboard.sv:570) uvm_test_top.env.scoreboard [uvm_test_top.env.scoreboard] sw state 1, reg state          0
UVM_INFO @  90020225 ps: (otp_ctrl_scoreboard.sv:570) uvm_test_top.env.scoreboard [uvm_test_top.env.scoreboard] sw state 1, reg state          0
UVM_INFO @  90030642 ps: (otp_ctrl_scoreboard.sv:570) uvm_test_top.env.scoreboard [uvm_test_top.env.scoreboard] sw state 1, reg state          0
UVM_INFO @  90051476 ps: (otp_ctrl_scoreboard.sv:570) uvm_test_top.env.scoreboard [uvm_test_top.env.scoreboard] sw state 1, reg state          0
UVM_INFO @  90061893 ps: (otp_ctrl_scoreboard.sv:570) uvm_test_top.env.scoreboard [uvm_test_top.env.scoreboard] sw state 1, reg state          0
UVM_INFO @  90082727 ps: (otp_ctrl_scoreboard.sv:570) uvm_test_top.env.scoreboard [uvm_test_top.env.scoreboard] sw state 1, reg state          0
UVM_INFO @  90093144 ps: (otp_ctrl_scoreboard.sv:570) uvm_test_top.env.scoreboard [uvm_test_top.env.scoreboard] sw state 1, reg state          0
UVM_INFO @  90113978 ps: (otp_ctrl_scoreboard.sv:570) uvm_test_top.env.scoreboard [uvm_test_top.env.scoreboard] sw state 1, reg state          0
UVM_INFO @  90124395 ps: (otp_ctrl_scoreboard.sv:570) uvm_test_top.env.scoreboard [uvm_test_top.env.scoreboard] sw state 1, reg state          0
UVM_INFO @  90145229 ps: (otp_ctrl_scoreboard.sv:570) uvm_test_top.env.scoreboard [uvm_test_top.env.scoreboard] sw state 1, reg state          0
UVM_INFO @  90155646 ps: (otp_ctrl_scoreboard.sv:570) uvm_test_top.env.scoreboard [uvm_test_top.env.scoreboard] sw state 1, reg state          0
UVM_INFO @  90176480 ps: (otp_ctrl_scoreboard.sv:570) uvm_test_top.env.scoreboard [uvm_test_top.env.scoreboard] sw state 1, reg state          0
UVM_INFO @  90186897 ps: (otp_ctrl_scoreboard.sv:570) uvm_test_top.env.scoreboard [uvm_test_top.env.scoreboard] sw state 1, reg state          0
UVM_INFO @  90207731 ps: (otp_ctrl_scoreboard.sv:570) uvm_test_top.env.scoreboard [uvm_test_top.env.scoreboard] sw state 1, reg state          0
UVM_INFO @  90218148 ps: (otp_ctrl_scoreboard.sv:570) uvm_test_top.env.scoreboard [uvm_test_top.env.scoreboard] sw state 1, reg state          0
UVM_INFO @  90238982 ps: (otp_ctrl_scoreboard.sv:570) uvm_test_top.env.scoreboard [uvm_test_top.env.scoreboard] sw state 1, reg state          0
UVM_INFO @  90249399 ps: (otp_ctrl_scoreboard.sv:570) uvm_test_top.env.scoreboard [uvm_test_top.env.scoreboard] sw state 1, reg state          0
UVM_INFO @  90270233 ps: (otp_ctrl_scoreboard.sv:570) uvm_test_top.env.scoreboard [uvm_test_top.env.scoreboard] sw state 1, reg state          0
UVM_INFO @  90280650 ps: (otp_ctrl_scoreboard.sv:570) uvm_test_top.env.scoreboard [uvm_test_top.env.scoreboard] sw state 1, reg state          0
UVM_INFO @  90301484 ps: (otp_ctrl_scoreboard.sv:570) uvm_test_top.env.scoreboard [uvm_test_top.env.scoreboard] sw state 1, reg state          0
UVM_INFO @  90311901 ps: (otp_ctrl_scoreboard.sv:570) uvm_test_top.env.scoreboard [uvm_test_top.env.scoreboard] sw state 1, reg state          0
UVM_INFO @  90332735 ps: (otp_ctrl_scoreboard.sv:570) uvm_test_top.env.scoreboard [uvm_test_top.env.scoreboard] sw state 1, reg state          0
UVM_INFO @  90343152 ps: (otp_ctrl_scoreboard.sv:570) uvm_test_top.env.scoreboard [uvm_test_top.env.scoreboard] sw state 1, reg state          0
UVM_INFO @  90363986 ps: (otp_ctrl_scoreboard.sv:570) uvm_test_top.env.scoreboard [uvm_test_top.env.scoreboard] sw state 1, reg state          0
UVM_INFO @  90374403 ps: (otp_ctrl_scoreboard.sv:570) uvm_test_top.env.scoreboard [uvm_test_top.env.scoreboard] sw state 1, reg state          0
UVM_INFO @  90395237 ps: (otp_ctrl_scoreboard.sv:570) uvm_test_top.env.scoreboard [uvm_test_top.env.scoreboard] sw state 1, reg state          0
UVM_INFO @  90405654 ps: (otp_ctrl_scoreboard.sv:570) uvm_test_top.env.scoreboard [uvm_test_top.env.scoreboard] sw state 1, reg state          0
UVM_INFO @  90426488 ps: (otp_ctrl_scoreboard.sv:570) uvm_test_top.env.scoreboard [uvm_test_top.env.scoreboard] sw state 1, reg state          0
UVM_INFO @  90436905 ps: (otp_ctrl_scoreboard.sv:570) uvm_test_top.env.scoreboard [uvm_test_top.env.scoreboard] sw state 1, reg state          0
UVM_INFO @  90457739 ps: (otp_ctrl_scoreboard.sv:570) uvm_test_top.env.scoreboard [uvm_test_top.env.scoreboard] sw state 1, reg state          0
UVM_INFO @  90468156 ps: (otp_ctrl_scoreboard.sv:570) uvm_test_top.env.scoreboard [uvm_test_top.env.scoreboard] sw state 1, reg state          0
UVM_INFO @  90488990 ps: (otp_ctrl_scoreboard.sv:570) uvm_test_top.env.scoreboard [uvm_test_top.env.scoreboard] sw state 1, reg state          0
UVM_INFO @  90499407 ps: (otp_ctrl_scoreboard.sv:570) uvm_test_top.env.scoreboard [uvm_test_top.env.scoreboard] sw state 1, reg state          0
UVM_INFO @  90520241 ps: (otp_ctrl_scoreboard.sv:570) uvm_test_top.env.scoreboard [uvm_test_top.env.scoreboard] sw state 1, reg state          0
UVM_INFO @  90530658 ps: (otp_ctrl_scoreboard.sv:570) uvm_test_top.env.scoreboard [uvm_test_top.env.scoreboard] sw state 1, reg state          0
UVM_INFO @  90551492 ps: (otp_ctrl_scoreboard.sv:570) uvm_test_top.env.scoreboard [uvm_test_top.env.scoreboard] sw state 1, reg state          0
UVM_INFO @  90561909 ps: (otp_ctrl_scoreboard.sv:570) uvm_test_top.env.scoreboard [uvm_test_top.env.scoreboard] sw state 1, reg state          0
UVM_INFO @  90582743 ps: (otp_ctrl_scoreboard.sv:570) uvm_test_top.env.scoreboard [uvm_test_top.env.scoreboard] sw state 1, reg state          0
UVM_INFO @  90593160 ps: (otp_ctrl_scoreboard.sv:570) uvm_test_top.env.scoreboard [uvm_test_top.env.scoreboard] sw state 1, reg state          0
UVM_INFO @  90613994 ps: (otp_ctrl_scoreboard.sv:570) uvm_test_top.env.scoreboard [uvm_test_top.env.scoreboard] sw state 1, reg state          0
UVM_INFO @  90624411 ps: (otp_ctrl_scoreboard.sv:570) uvm_test_top.env.scoreboard [uvm_test_top.env.scoreboard] sw state 1, reg state          0
UVM_INFO @  90645245 ps: (otp_ctrl_scoreboard.sv:570) uvm_test_top.env.scoreboard [uvm_test_top.env.scoreboard] sw state 1, reg state          0
UVM_INFO @  90655662 ps: (otp_ctrl_scoreboard.sv:570) uvm_test_top.env.scoreboard [uvm_test_top.env.scoreboard] sw state 1, reg state          0
UVM_INFO @  90676496 ps: (otp_ctrl_scoreboard.sv:570) uvm_test_top.env.scoreboard [uvm_test_top.env.scoreboard] sw state 1, reg state          0
UVM_INFO @  90686913 ps: (otp_ctrl_scoreboard.sv:570) uvm_test_top.env.scoreboard [uvm_test_top.env.scoreboard] sw state 1, reg state          0
UVM_INFO @  90707747 ps: (otp_ctrl_scoreboard.sv:570) uvm_test_top.env.scoreboard [uvm_test_top.env.scoreboard] sw state 1, reg state          0
UVM_INFO @  90718164 ps: (otp_ctrl_scoreboard.sv:570) uvm_test_top.env.scoreboard [uvm_test_top.env.scoreboard] sw state 1, reg state          0
UVM_INFO @  90738998 ps: (otp_ctrl_scoreboard.sv:570) uvm_test_top.env.scoreboard [uvm_test_top.env.scoreboard] sw state 1, reg state          0
UVM_INFO @  90749415 ps: (otp_ctrl_scoreboard.sv:570) uvm_test_top.env.scoreboard [uvm_test_top.env.scoreboard] sw state 1, reg state          0
UVM_INFO @  90770249 ps: (otp_ctrl_scoreboard.sv:570) uvm_test_top.env.scoreboard [uvm_test_top.env.scoreboard] sw state 1, reg state          0
UVM_INFO @  90780666 ps: (otp_ctrl_scoreboard.sv:570) uvm_test_top.env.scoreboard [uvm_test_top.env.scoreboard] sw state 1, reg state          0
UVM_INFO @  90801500 ps: (otp_ctrl_scoreboard.sv:570) uvm_test_top.env.scoreboard [uvm_test_top.env.scoreboard] sw state 1, reg state          0
UVM_INFO @  90811917 ps: (otp_ctrl_scoreboard.sv:570) uvm_test_top.env.scoreboard [uvm_test_top.env.scoreboard] sw state 1, reg state          0
UVM_INFO @  90832751 ps: (otp_ctrl_scoreboard.sv:570) uvm_test_top.env.scoreboard [uvm_test_top.env.scoreboard] sw state 1, reg state          0
UVM_INFO @  90843168 ps: (otp_ctrl_scoreboard.sv:570) uvm_test_top.env.scoreboard [uvm_test_top.env.scoreboard] sw state 1, reg state          0
UVM_INFO @  90864002 ps: (otp_ctrl_scoreboard.sv:570) uvm_test_top.env.scoreboard [uvm_test_top.env.scoreboard] sw state 1, reg state          0
UVM_INFO @  90874419 ps: (otp_ctrl_scoreboard.sv:570) uvm_test_top.env.scoreboard [uvm_test_top.env.scoreboard] sw state 1, reg state          0
UVM_INFO @  90895253 ps: (otp_ctrl_scoreboard.sv:570) uvm_test_top.env.scoreboard [uvm_test_top.env.scoreboard] sw state 1, reg state          0
UVM_INFO @  90905670 ps: (otp_ctrl_scoreboard.sv:570) uvm_test_top.env.scoreboard [uvm_test_top.env.scoreboard] sw state 1, reg state          0
UVM_INFO @  90926504 ps: (otp_ctrl_scoreboard.sv:570) uvm_test_top.env.scoreboard [uvm_test_top.env.scoreboard] sw state 1, reg state          0
UVM_INFO @  90936921 ps: (otp_ctrl_scoreboard.sv:570) uvm_test_top.env.scoreboard [uvm_test_top.env.scoreboard] sw state 1, reg state          0
UVM_INFO @  90957755 ps: (otp_ctrl_scoreboard.sv:570) uvm_test_top.env.scoreboard [uvm_test_top.env.scoreboard] sw state 1, reg state          0
UVM_INFO @  90968172 ps: (otp_ctrl_scoreboard.sv:570) uvm_test_top.env.scoreboard [uvm_test_top.env.scoreboard] sw state 1, reg state          0
UVM_INFO @  90989006 ps: (otp_ctrl_scoreboard.sv:570) uvm_test_top.env.scoreboard [uvm_test_top.env.scoreboard] sw state 1, reg state          0
UVM_INFO @  90999423 ps: (otp_ctrl_scoreboard.sv:570) uvm_test_top.env.scoreboard [uvm_test_top.env.scoreboard] sw state 1, reg state          0
UVM_INFO @  91020257 ps: (otp_ctrl_scoreboard.sv:570) uvm_test_top.env.scoreboard [uvm_test_top.env.scoreboard] sw state 1, reg state          0
UVM_INFO @  91030674 ps: (otp_ctrl_scoreboard.sv:570) uvm_test_top.env.scoreboard [uvm_test_top.env.scoreboard] sw state 1, reg state          0
UVM_INFO @  91051508 ps: (otp_ctrl_scoreboard.sv:570) uvm_test_top.env.scoreboard [uvm_test_top.env.scoreboard] sw state 1, reg state          0
UVM_INFO @  91061925 ps: (otp_ctrl_scoreboard.sv:570) uvm_test_top.env.scoreboard [uvm_test_top.env.scoreboard] sw state 1, reg state          0
UVM_INFO @  91082759 ps: (otp_ctrl_scoreboard.sv:570) uvm_test_top.env.scoreboard [uvm_test_top.env.scoreboard] sw state 1, reg state          0
UVM_INFO @  91093176 ps: (otp_ctrl_scoreboard.sv:570) uvm_test_top.env.scoreboard [uvm_test_top.env.scoreboard] sw state 1, reg state          0
UVM_INFO @  91114010 ps: (otp_ctrl_scoreboard.sv:570) uvm_test_top.env.scoreboard [uvm_test_top.env.scoreboard] sw state 1, reg state          0
UVM_INFO @  91124427 ps: (otp_ctrl_scoreboard.sv:570) uvm_test_top.env.scoreboard [uvm_test_top.env.scoreboard] sw state 1, reg state          0
UVM_INFO @  91145261 ps: (otp_ctrl_scoreboard.sv:570) uvm_test_top.env.scoreboard [uvm_test_top.env.scoreboard] sw state 1, reg state          0
UVM_INFO @  91155678 ps: (otp_ctrl_scoreboard.sv:570) uvm_test_top.env.scoreboard [uvm_test_top.env.scoreboard] sw state 1, reg state          0
UVM_INFO @  91176512 ps: (otp_ctrl_scoreboard.sv:570) uvm_test_top.env.scoreboard [uvm_test_top.env.scoreboard] sw state 1, reg state          0
UVM_INFO @  91186929 ps: (otp_ctrl_scoreboard.sv:570) uvm_test_top.env.scoreboard [uvm_test_top.env.scoreboard] sw state 1, reg state          0
UVM_INFO @  91207763 ps: (otp_ctrl_scoreboard.sv:570) uvm_test_top.env.scoreboard [uvm_test_top.env.scoreboard] sw state 1, reg state          0
UVM_INFO @  91218180 ps: (otp_ctrl_scoreboard.sv:570) uvm_test_top.env.scoreboard [uvm_test_top.env.scoreboard] sw state 1, reg state          0
UVM_INFO @  91239014 ps: (otp_ctrl_scoreboard.sv:570) uvm_test_top.env.scoreboard [uvm_test_top.env.scoreboard] sw state 1, reg state          0
UVM_INFO @  91249431 ps: (otp_ctrl_scoreboard.sv:570) uvm_test_top.env.scoreboard [uvm_test_top.env.scoreboard] sw state 1, reg state          0
UVM_INFO @  91270265 ps: (otp_ctrl_scoreboard.sv:570) uvm_test_top.env.scoreboard [uvm_test_top.env.scoreboard] sw state 1, reg state          0
UVM_INFO @  91280682 ps: (otp_ctrl_scoreboard.sv:570) uvm_test_top.env.scoreboard [uvm_test_top.env.scoreboard] sw state 1, reg state          0
UVM_INFO @  91301516 ps: (otp_ctrl_scoreboard.sv:570) uvm_test_top.env.scoreboard [uvm_test_top.env.scoreboard] sw state 1, reg state          0
UVM_INFO @  91311933 ps: (otp_ctrl_scoreboard.sv:570) uvm_test_top.env.scoreboard [uvm_test_top.env.scoreboard] sw state 1, reg state          0
UVM_INFO @  91332767 ps: (otp_ctrl_scoreboard.sv:570) uvm_test_top.env.scoreboard [uvm_test_top.env.scoreboard] sw state 1, reg state          0
UVM_INFO @  91343184 ps: (otp_ctrl_scoreboard.sv:570) uvm_test_top.env.scoreboard [uvm_test_top.env.scoreboard] sw state 1, reg state          0
UVM_INFO @  91364018 ps: (otp_ctrl_scoreboard.sv:570) uvm_test_top.env.scoreboard [uvm_test_top.env.scoreboard] sw state 1, reg state          0
UVM_INFO @  91374435 ps: (otp_ctrl_scoreboard.sv:570) uvm_test_top.env.scoreboard [uvm_test_top.env.scoreboard] sw state 1, reg state          0
UVM_INFO @  91395269 ps: (otp_ctrl_scoreboard.sv:570) uvm_test_top.env.scoreboard [uvm_test_top.env.scoreboard] sw state 1, reg state          0
UVM_INFO @  91405686 ps: (otp_ctrl_scoreboard.sv:570) uvm_test_top.env.scoreboard [uvm_test_top.env.scoreboard] sw state 1, reg state          0
UVM_INFO @  91426520 ps: (otp_ctrl_scoreboard.sv:570) uvm_test_top.env.scoreboard [uvm_test_top.env.scoreboard] sw state 1, reg state          0
UVM_INFO @  91436937 ps: (otp_ctrl_scoreboard.sv:570) uvm_test_top.env.scoreboard [uvm_test_top.env.scoreboard] sw state 1, reg state          0
UVM_INFO @  91457771 ps: (otp_ctrl_scoreboard.sv:570) uvm_test_top.env.scoreboard [uvm_test_top.env.scoreboard] sw state 1, reg state          0
UVM_INFO @  91468188 ps: (otp_ctrl_scoreboard.sv:570) uvm_test_top.env.scoreboard [uvm_test_top.env.scoreboard] sw state 1, reg state          0
UVM_INFO @  91489022 ps: (otp_ctrl_scoreboard.sv:570) uvm_test_top.env.scoreboard [uvm_test_top.env.scoreboard] sw state 1, reg state          0
UVM_INFO @  91499439 ps: (otp_ctrl_scoreboard.sv:570) uvm_test_top.env.scoreboard [uvm_test_top.env.scoreboard] sw state 1, reg state          0
UVM_INFO @  91520273 ps: (otp_ctrl_scoreboard.sv:570) uvm_test_top.env.scoreboard [uvm_test_top.env.scoreboard] sw state 1, reg state          0
UVM_INFO @  91530690 ps: (otp_ctrl_scoreboard.sv:570) uvm_test_top.env.scoreboard [uvm_test_top.env.scoreboard] sw state 1, reg state          0
UVM_INFO @  91551524 ps: (otp_ctrl_scoreboard.sv:570) uvm_test_top.env.scoreboard [uvm_test_top.env.scoreboard] sw state 1, reg state          0
UVM_INFO @  91561941 ps: (otp_ctrl_scoreboard.sv:570) uvm_test_top.env.scoreboard [uvm_test_top.env.scoreboard] sw state 1, reg state          0
UVM_INFO @  91582775 ps: (otp_ctrl_scoreboard.sv:570) uvm_test_top.env.scoreboard [uvm_test_top.env.scoreboard] sw state 1, reg state          0
UVM_INFO @  91593192 ps: (otp_ctrl_scoreboard.sv:570) uvm_test_top.env.scoreboard [uvm_test_top.env.scoreboard] sw state 1, reg state          0
UVM_INFO @  91593192 ps: (dv_base_reg.sv:329) [otp_ctrl_core_reg_block.direct_access_regwen] lock_lockable_flds          1 val
UVM_INFO @  91603609 ps: (otp_ctrl_scoreboard.sv:570) uvm_test_top.env.scoreboard [uvm_test_top.env.scoreboard] sw state 1, reg state          1
UVM_INFO @  91614026 ps: (otp_ctrl_scoreboard.sv:570) uvm_test_top.env.scoreboard [uvm_test_top.env.scoreboard] sw state 1, reg state          1
UVM_INFO @  91624443 ps: (otp_ctrl_scoreboard.sv:570) uvm_test_top.env.scoreboard [uvm_test_top.env.scoreboard] sw state 1, reg state          1
UVM_INFO @  91634860 ps: (otp_ctrl_scoreboard.sv:570) uvm_test_top.env.scoreboard [uvm_test_top.env.scoreboard] sw state 1, reg state          1
UVM_INFO @  91645277 ps: (otp_ctrl_scoreboard.sv:570) uvm_test_top.env.scoreboard [uvm_test_top.env.scoreboard] sw state 1, reg state          1
UVM_INFO @  91655694 ps: (otp_ctrl_scoreboard.sv:570) uvm_test_top.env.scoreboard [uvm_test_top.env.scoreboard] sw state 1, reg state          1
UVM_INFO @  91666111 ps: (otp_ctrl_scoreboard.sv:570) uvm_test_top.env.scoreboard [uvm_test_top.env.scoreboard] sw state 1, reg state          1
UVM_INFO @  91676528 ps: (otp_ctrl_scoreboard.sv:570) uvm_test_top.env.scoreboard [uvm_test_top.env.scoreboard] sw state 1, reg state          1
UVM_INFO @  91686945 ps: (otp_ctrl_scoreboard.sv:570) uvm_test_top.env.scoreboard [uvm_test_top.env.scoreboard] sw state 1, reg state          1
UVM_INFO @  91697362 ps: (otp_ctrl_scoreboard.sv:570) uvm_test_top.env.scoreboard [uvm_test_top.env.scoreboard] sw state 1, reg state          1
UVM_INFO @  91707779 ps: (otp_ctrl_scoreboard.sv:570) uvm_test_top.env.scoreboard [uvm_test_top.env.scoreboard] sw state 1, reg state          1
UVM_INFO @  91718196 ps: (otp_ctrl_scoreboard.sv:570) uvm_test_top.env.scoreboard [uvm_test_top.env.scoreboard] sw state 1, reg state          1
UVM_INFO @  91728613 ps: (otp_ctrl_scoreboard.sv:570) uvm_test_top.env.scoreboard [uvm_test_top.env.scoreboard] sw state 1, reg state          1
UVM_INFO @  91739030 ps: (otp_ctrl_scoreboard.sv:570) uvm_test_top.env.scoreboard [uvm_test_top.env.scoreboard] sw state 1, reg state          1
UVM_INFO @  91749447 ps: (otp_ctrl_scoreboard.sv:570) uvm_test_top.env.scoreboard [uvm_test_top.env.scoreboard] sw state 1, reg state          1
UVM_INFO @  91759864 ps: (otp_ctrl_scoreboard.sv:570) uvm_test_top.env.scoreboard [uvm_test_top.env.scoreboard] sw state 1, reg state          1
UVM_INFO @  91770281 ps: (otp_ctrl_scoreboard.sv:570) uvm_test_top.env.scoreboard [uvm_test_top.env.scoreboard] sw state 1, reg state          1
UVM_INFO @  91780698 ps: (otp_ctrl_scoreboard.sv:570) uvm_test_top.env.scoreboard [uvm_test_top.env.scoreboard] sw state 1, reg state          1
UVM_INFO @  91791115 ps: (otp_ctrl_scoreboard.sv:570) uvm_test_top.env.scoreboard [uvm_test_top.env.scoreboard] sw state 1, reg state          1
UVM_INFO @  91801532 ps: (otp_ctrl_scoreboard.sv:570) uvm_test_top.env.scoreboard [uvm_test_top.env.scoreboard] sw state 1, reg state          1
UVM_INFO @  91811949 ps: (otp_ctrl_scoreboard.sv:570) uvm_test_top.env.scoreboard [uvm_test_top.env.scoreboard] sw state 1, reg state          1
UVM_INFO @  91822366 ps: (otp_ctrl_scoreboard.sv:570) uvm_test_top.env.scoreboard [uvm_test_top.env.scoreboard] sw state 1, reg state          1
UVM_INFO @  91832783 ps: (otp_ctrl_scoreboard.sv:570) uvm_test_top.env.scoreboard [uvm_test_top.env.scoreboard] sw state 1, reg state          1
UVM_INFO @  91843200 ps: (otp_ctrl_scoreboard.sv:570) uvm_test_top.env.scoreboard [uvm_test_top.env.scoreboard] sw state 1, reg state          1
UVM_INFO @  91853617 ps: (otp_ctrl_scoreboard.sv:570) uvm_test_top.env.scoreboard [uvm_test_top.env.scoreboard] sw state 1, reg state          1
UVM_INFO @  91864034 ps: (otp_ctrl_scoreboard.sv:570) uvm_test_top.env.scoreboard [uvm_test_top.env.scoreboard] sw state 1, reg state          1
UVM_INFO @  91874451 ps: (otp_ctrl_scoreboard.sv:570) uvm_test_top.env.scoreboard [uvm_test_top.env.scoreboard] sw state 1, reg state          1
UVM_INFO @  91884868 ps: (otp_ctrl_scoreboard.sv:570) uvm_test_top.env.scoreboard [uvm_test_top.env.scoreboard] sw state 1, reg state          1
UVM_INFO @  91895285 ps: (otp_ctrl_scoreboard.sv:570) uvm_test_top.env.scoreboard [uvm_test_top.env.scoreboard] sw state 1, reg state          1
UVM_INFO @  91905702 ps: (otp_ctrl_scoreboard.sv:570) uvm_test_top.env.scoreboard [uvm_test_top.env.scoreboard] sw state 1, reg state          1
UVM_INFO @  91916119 ps: (otp_ctrl_scoreboard.sv:570) uvm_test_top.env.scoreboard [uvm_test_top.env.scoreboard] sw state 1, reg state          1
UVM_INFO @  91926536 ps: (otp_ctrl_scoreboard.sv:570) uvm_test_top.env.scoreboard [uvm_test_top.env.scoreboard] sw state 1, reg state          1
UVM_INFO @  92520305 ps: (dv_base_reg.sv:329) [otp_ctrl_core_reg_block.direct_access_regwen] lock_lockable_flds          0 val
UVM_INFO @ 119687841 ps: (dv_base_reg.sv:329) [otp_ctrl_core_reg_block.direct_access_regwen] lock_lockable_flds          1 val
UVM_INFO @ 119698258 ps: (otp_ctrl_scoreboard.sv:570) uvm_test_top.env.scoreboard [uvm_test_top.env.scoreboard] sw state 1, reg state          1
UVM_INFO @ 119708675 ps: (otp_ctrl_scoreboard.sv:570) uvm_test_top.env.scoreboard [uvm_test_top.env.scoreboard] sw state 1, reg state          1
UVM_INFO @ 119719092 ps: (otp_ctrl_scoreboard.sv:570) uvm_test_top.env.scoreboard [uvm_test_top.env.scoreboard] sw state 1, reg state          1
UVM_INFO @ 119729509 ps: (otp_ctrl_scoreboard.sv:570) uvm_test_top.env.scoreboard [uvm_test_top.env.scoreboard] sw state 1, reg state          1
UVM_INFO @ 119739926 ps: (otp_ctrl_scoreboard.sv:570) uvm_test_top.env.scoreboard [uvm_test_top.env.scoreboard] sw state 1, reg state          1
UVM_INFO @ 119750343 ps: (otp_ctrl_scoreboard.sv:570) uvm_test_top.env.scoreboard [uvm_test_top.env.scoreboard] sw state 1, reg state          1
UVM_INFO @ 119760760 ps: (otp_ctrl_scoreboard.sv:570) uvm_test_top.env.scoreboard [uvm_test_top.env.scoreboard] sw state 1, reg state          1
UVM_INFO @ 119771177 ps: (otp_ctrl_scoreboard.sv:570) uvm_test_top.env.scoreboard [uvm_test_top.env.scoreboard] sw state 1, reg state          1
UVM_INFO @ 119781594 ps: (otp_ctrl_scoreboard.sv:570) uvm_test_top.env.scoreboard [uvm_test_top.env.scoreboard] sw state 1, reg state          1
UVM_INFO @ 119792011 ps: (otp_ctrl_scoreboard.sv:570) uvm_test_top.env.scoreboard [uvm_test_top.env.scoreboard] sw state 1, reg state          1
UVM_INFO @ 119802428 ps: (otp_ctrl_scoreboard.sv:570) uvm_test_top.env.scoreboard [uvm_test_top.env.scoreboard] sw state 1, reg state          1
UVM_INFO @ 119812845 ps: (otp_ctrl_scoreboard.sv:570) uvm_test_top.env.scoreboard [uvm_test_top.env.scoreboard] sw state 1, reg state          1
UVM_INFO @ 119823262 ps: (otp_ctrl_scoreboard.sv:570) uvm_test_top.env.scoreboard [uvm_test_top.env.scoreboard] sw state 1, reg state          1
UVM_INFO @ 119833679 ps: (otp_ctrl_scoreboard.sv:570) uvm_test_top.env.scoreboard [uvm_test_top.env.scoreboard] sw state 1, reg state          1
UVM_INFO @ 119844096 ps: (otp_ctrl_scoreboard.sv:570) uvm_test_top.env.scoreboard [uvm_test_top.env.scoreboard] sw state 1, reg state          1
UVM_INFO @ 119854513 ps: (otp_ctrl_scoreboard.sv:570) uvm_test_top.env.scoreboard [uvm_test_top.env.scoreboard] sw state 1, reg state          1
UVM_INFO @ 119864930 ps: (otp_ctrl_scoreboard.sv:570) uvm_test_top.env.scoreboard [uvm_test_top.env.scoreboard] sw state 1, reg state          1
UVM_INFO @ 119875347 ps: (otp_ctrl_scoreboard.sv:570) uvm_test_top.env.scoreboard [uvm_test_top.env.scoreboard] sw state 1, reg state          1
UVM_INFO @ 119885764 ps: (otp_ctrl_scoreboard.sv:570) uvm_test_top.env.scoreboard [uvm_test_top.env.scoreboard] sw state 1, reg state          1
UVM_INFO @ 119896181 ps: (otp_ctrl_scoreboard.sv:570) uvm_test_top.env.scoreboard [uvm_test_top.env.scoreboard] sw state 1, reg state          1
UVM_INFO @ 119906598 ps: (otp_ctrl_scoreboard.sv:570) uvm_test_top.env.scoreboard [uvm_test_top.env.scoreboard] sw state 1, reg state          1
UVM_INFO @ 119917015 ps: (otp_ctrl_scoreboard.sv:570) uvm_test_top.env.scoreboard [uvm_test_top.env.scoreboard] sw state 1, reg state          1
UVM_INFO @ 119927432 ps: (otp_ctrl_scoreboard.sv:570) uvm_test_top.env.scoreboard [uvm_test_top.env.scoreboard] sw state 1, reg state          1
UVM_INFO @ 119937849 ps: (otp_ctrl_scoreboard.sv:570) uvm_test_top.env.scoreboard [uvm_test_top.env.scoreboard] sw state 1, reg state          1
UVM_INFO @ 119948266 ps: (otp_ctrl_scoreboard.sv:570) uvm_test_top.env.scoreboard [uvm_test_top.env.scoreboard] sw state 1, reg state          1
UVM_INFO @ 119958683 ps: (otp_ctrl_scoreboard.sv:570) uvm_test_top.env.scoreboard [uvm_test_top.env.scoreboard] sw state 1, reg state          1
UVM_INFO @ 119969100 ps: (otp_ctrl_scoreboard.sv:570) uvm_test_top.env.scoreboard [uvm_test_top.env.scoreboard] sw state 1, reg state          1
UVM_INFO @ 119979517 ps: (otp_ctrl_scoreboard.sv:570) uvm_test_top.env.scoreboard [uvm_test_top.env.scoreboard] sw state 1, reg state          1
UVM_INFO @ 119989934 ps: (otp_ctrl_scoreboard.sv:570) uvm_test_top.env.scoreboard [uvm_test_top.env.scoreboard] sw state 1, reg state          1
UVM_INFO @ 120000351 ps: (otp_ctrl_scoreboard.sv:570) uvm_test_top.env.scoreboard [uvm_test_top.env.scoreboard] sw state 1, reg state          1
UVM_INFO @ 120010768 ps: (otp_ctrl_scoreboard.sv:570) uvm_test_top.env.scoreboard [uvm_test_top.env.scoreboard] sw state 1, reg state          1
UVM_INFO @ 120021185 ps: (otp_ctrl_scoreboard.sv:570) uvm_test_top.env.scoreboard [uvm_test_top.env.scoreboard] sw state 1, reg state          1
UVM_INFO @ 120031602 ps: (otp_ctrl_scoreboard.sv:570) uvm_test_top.env.scoreboard [uvm_test_top.env.scoreboard] sw state 1, reg state          1
UVM_INFO @ 120042019 ps: (otp_ctrl_scoreboard.sv:570) uvm_test_top.env.scoreboard [uvm_test_top.env.scoreboard] sw state 1, reg state          1
UVM_INFO @ 120052436 ps: (otp_ctrl_scoreboard.sv:570) uvm_test_top.env.scoreboard [uvm_test_top.env.scoreboard] sw state 1, reg state          1
UVM_INFO @ 120062853 ps: (otp_ctrl_scoreboard.sv:570) uvm_test_top.env.scoreboard [uvm_test_top.env.scoreboard] sw state 1, reg state          1
UVM_INFO @ 120073270 ps: (otp_ctrl_scoreboard.sv:570) uvm_test_top.env.scoreboard [uvm_test_top.env.scoreboard] sw state 1, reg state          1
UVM_INFO @ 120083687 ps: (otp_ctrl_scoreboard.sv:570) uvm_test_top.env.scoreboard [uvm_test_top.env.scoreboard] sw state 1, reg state          1
UVM_INFO @ 120094104 ps: (otp_ctrl_scoreboard.sv:570) uvm_test_top.env.scoreboard [uvm_test_top.env.scoreboard] sw state 1, reg state          1
UVM_INFO @ 120104521 ps: (otp_ctrl_scoreboard.sv:570) uvm_test_top.env.scoreboard [uvm_test_top.env.scoreboard] sw state 1, reg state          1
UVM_INFO @ 120114938 ps: (otp_ctrl_scoreboard.sv:570) uvm_test_top.env.scoreboard [uvm_test_top.env.scoreboard] sw state 1, reg state          1
UVM_INFO @ 120125355 ps: (otp_ctrl_scoreboard.sv:570) uvm_test_top.env.scoreboard [uvm_test_top.env.scoreboard] sw state 1, reg state          1
UVM_INFO @ 127865186 ps: (otp_ctrl_scoreboard.sv:570) uvm_test_top.env.scoreboard [uvm_test_top.env.scoreboard] sw state 1, reg state          1
UVM_INFO @ 127875603 ps: (otp_ctrl_scoreboard.sv:570) uvm_test_top.env.scoreboard [uvm_test_top.env.scoreboard] sw state 1, reg state          1
UVM_INFO @ 127886020 ps: (otp_ctrl_scoreboard.sv:570) uvm_test_top.env.scoreboard [uvm_test_top.env.scoreboard] sw state 1, reg state          1
UVM_INFO @ 127896437 ps: (otp_ctrl_scoreboard.sv:570) uvm_test_top.env.scoreboard [uvm_test_top.env.scoreboard] sw state 1, reg state          1
UVM_INFO @ 127906854 ps: (otp_ctrl_scoreboard.sv:570) uvm_test_top.env.scoreboard [uvm_test_top.env.scoreboard] sw state 1, reg state          1
UVM_INFO @ 127917271 ps: (otp_ctrl_scoreboard.sv:570) uvm_test_top.env.scoreboard [uvm_test_top.env.scoreboard] sw state 1, reg state          1
UVM_INFO @ 132917271 ps: (uvm_report_catcher.svh:705) [UVM/REPORT/CATCHER]
--- UVM Report catcher Summary ---


Number of demoted UVM_FATAL reports  :    0
Number of demoted UVM_ERROR reports  :    0
Number of demoted UVM_WARNING reports:    0
Number of caught UVM_FATAL reports   :    0
Number of caught UVM_ERROR reports   :    0
Number of caught UVM_WARNING reports :    0

UVM_INFO @ 132917271 ps: (uvm_report_server.svh:847) [UVM/REPORT/SERVER]
--- UVM Report Summary ---

Quit count :     0 of     1
** Report counts by severity
UVM_INFO : 2492
UVM_WARNING :    0
UVM_ERROR :    0
UVM_FATAL :    0
** Report counts by id
[RNTST]     1
[UVM/REPORT/CATCHER]     1
[mem_bkdr_util]     1
[otp_ctrl_core_reg_block.check_regwen]     1
[otp_ctrl_core_reg_block.check_trigger_regwen]     1
[otp_ctrl_core_reg_block.direct_access_regwen]    14
[uvm_test_top.env.scoreboard]  2472
[uvm_test_top.env.virtual_sequencer.otp_ctrl_smoke_vseq]     1


TEST PASSED CHECKS
 _____         _                                  _ _
|_   _|__  ___| |_   _ __   __ _ ___ ___  ___  __| | |
  | |/ _ \/ __| __| | '_ \ / _` / __/ __|/ _ \/ _` | |
  | |  __/\__ \ |_  | |_) | (_| \__ \__ \  __/ (_| |_|
  |_|\___||___/\__| | .__/ \__,_|___/___/\___|\__,_(_)
                    |_|

/Users/danielellerbrock/projects/iverilog_uvm/iverilog-uvm-campaign-20260908/third_party/uvm-releases/sources/1.2/uvm-1.2/src/base/uvm_root.svh:517: $finish called at 132917271 (1ps)
