tb.dut.u_lfsr.p_randomize_default_seed: DefaultSeed = 0xa8cee782, DefaultSeedLocal = 0x219b79a0
tb.dut.u_eflash.u_flash.gen_generic.u_impl_generic.gen_prim_flash_banks[0].u_prim_flash_bank.$unm_blk_13132: ReadLatency:1 ProgLatency:50 EraseLatency:200
tb.dut.u_eflash.u_flash.gen_generic.u_impl_generic.gen_prim_flash_banks[1].u_prim_flash_bank.$unm_blk_13132: ReadLatency:1 ProgLatency:50 EraseLatency:200
UVM_INFO @ 0.0 ns: reporter [RNTST] Running test flash_ctrl_base_test...
UVM_INFO @    0.0 ns: (flash_ctrl_env_cfg.sv:325) [cfg] ral_model_names: '{"flash_ctrl_core_reg_block", "flash_ctrl_eflash_reg_block", "flash_ctrl_prim_reg_block"}
UVM_INFO @    0.0 ns: (flash_ctrl_base_vseq.sv:814) uvm_test_top.env.virtual_sequencer [uvm_test_top.env.virtual_sequencer.flash_ctrl_smoke_vseq] Starting OTP Model ...
UVM_INFO @ 2115.3 ns: (mem_bkdr_util.sv:539) [mem_bkdr_util[FlashPartData][0]] Set memory
UVM_INFO @ 2115.3 ns: (mem_bkdr_util.sv:539) [mem_bkdr_util[FlashPartData][1]] Set memory
UVM_INFO @ 2115.3 ns: (mem_bkdr_util.sv:539) [mem_bkdr_util[FlashPartInfo][0]] Set memory
UVM_INFO @ 2115.3 ns: (mem_bkdr_util.sv:539) [mem_bkdr_util[FlashPartInfo][1]] Set memory
UVM_INFO @ 2115.3 ns: (mem_bkdr_util.sv:539) [mem_bkdr_util[FlashPartInfo1][0]] Set memory
UVM_INFO @ 2115.3 ns: (mem_bkdr_util.sv:539) [mem_bkdr_util[FlashPartInfo1][1]] Set memory
UVM_INFO @ 2115.3 ns: (mem_bkdr_util.sv:539) [mem_bkdr_util[FlashPartInfo2][0]] Set memory
UVM_INFO @ 2115.3 ns: (mem_bkdr_util.sv:539) [mem_bkdr_util[FlashPartInfo2][1]] Set memory
UVM_INFO @ 18541.2 ns: (flash_ctrl_rand_ops_base_vseq.sv:344) uvm_test_top.env.virtual_sequencer [uvm_test_top.env.virtual_sequencer.flash_ctrl_smoke_vseq] Starting flash_ctrl op: 1/3: 130373871483047440853616387
UVM_INFO @ 18541.2 ns: (mem_bkdr_util.sv:559) [mem_bkdr_util[FlashPartData][0]] Invalidating (Xs) mem contents
UVM_INFO @ 18541.2 ns: (mem_bkdr_util.sv:559) [mem_bkdr_util[FlashPartData][1]] Invalidating (Xs) mem contents
UVM_INFO @ 18945.4 ns: (flash_ctrl_scoreboard.sv:268) uvm_test_top.env.scoreboard [uvm_test_top.env.scoreboard] erase_sel: 0x1 part sel: 0x0 info sel 0x0
UVM_INFO @ 18945.4 ns: (flash_ctrl_scoreboard.sv:272) uvm_test_top.env.scoreboard [uvm_test_top.env.scoreboard] part: FlashPartData addr: 0x9c700 erase_bank_en: 0x3
UVM_INFO @ 18945.4 ns: (flash_ctrl_scoreboard.sv:723) uvm_test_top.env.scoreboard [uvm_test_top.env.scoreboard] erase_access bank: 0x1
UVM_INFO @ 18945.4 ns: (flash_ctrl_scoreboard.sv:279) uvm_test_top.env.scoreboard [uvm_test_top.env.scoreboard] erase_access: 0x1 part:FlashPartData erase_addr: 0x9c700
UVM_INFO @ 1414248.5 ns: (flash_ctrl_rand_ops_base_vseq.sv:344) uvm_test_top.env.virtual_sequencer [uvm_test_top.env.virtual_sequencer.flash_ctrl_smoke_vseq] Starting flash_ctrl op: 2/3: 122171576995347975198415151
UVM_INFO @ 1414248.5 ns: (mem_bkdr_util.sv:559) [mem_bkdr_util[FlashPartData][0]] Invalidating (Xs) mem contents
UVM_INFO @ 1414248.5 ns: (mem_bkdr_util.sv:559) [mem_bkdr_util[FlashPartData][1]] Invalidating (Xs) mem contents
UVM_INFO @ 1414652.8 ns: (flash_ctrl_scoreboard.sv:268) uvm_test_top.env.scoreboard [uvm_test_top.env.scoreboard] erase_sel: 0x1 part sel: 0x0 info sel 0x0
UVM_INFO @ 1414652.8 ns: (flash_ctrl_scoreboard.sv:272) uvm_test_top.env.scoreboard [uvm_test_top.env.scoreboard] part: FlashPartData addr: 0xb192c erase_bank_en: 0x3
UVM_INFO @ 1414652.8 ns: (flash_ctrl_scoreboard.sv:723) uvm_test_top.env.scoreboard [uvm_test_top.env.scoreboard] erase_access bank: 0x1
UVM_INFO @ 1414652.8 ns: (flash_ctrl_scoreboard.sv:279) uvm_test_top.env.scoreboard [uvm_test_top.env.scoreboard] erase_access: 0x1 part:FlashPartData erase_addr: 0xb192c
UVM_INFO @ 2809551.6 ns: (flash_ctrl_rand_ops_base_vseq.sv:344) uvm_test_top.env.virtual_sequencer [uvm_test_top.env.virtual_sequencer.flash_ctrl_smoke_vseq] Starting flash_ctrl op: 3/3: 49032847943664112380421330
UVM_INFO @ 2809551.6 ns: (mem_bkdr_util.sv:559) [mem_bkdr_util[FlashPartData][0]] Invalidating (Xs) mem contents
UVM_INFO @ 2809551.6 ns: (mem_bkdr_util.sv:559) [mem_bkdr_util[FlashPartData][1]] Invalidating (Xs) mem contents
UVM_INFO @ 2809870.8 ns: (flash_ctrl_scoreboard.sv:268) uvm_test_top.env.scoreboard [uvm_test_top.env.scoreboard] erase_sel: 0x0 part sel: 0x0 info sel 0x0
UVM_INFO @ 2809870.8 ns: (flash_ctrl_scoreboard.sv:272) uvm_test_top.env.scoreboard [uvm_test_top.env.scoreboard] part: FlashPartData addr: 0x424d0 erase_bank_en: 0x3
UVM_INFO @ 2809870.8 ns: (flash_ctrl_scoreboard.sv:279) uvm_test_top.env.scoreboard [uvm_test_top.env.scoreboard] erase_access: 0x1 part:FlashPartData erase_addr: 0x424d0
UVM_INFO @ 2809870.8 ns: (flash_ctrl_scoreboard.sv:811) uvm_test_top.env.scoreboard [uvm_test_top.env.scoreboard] ERASE ADDR:0x42000 scb_flash_data: 0xffffffff
UVM_INFO @ 2809870.8 ns: (flash_ctrl_scoreboard.sv:811) uvm_test_top.env.scoreboard [uvm_test_top.env.scoreboard] ERASE ADDR:0x42004 scb_flash_data: 0xffffffff
UVM_INFO @ 2809870.8 ns: (flash_ctrl_scoreboard.sv:811) uvm_test_top.env.scoreboard [uvm_test_top.env.scoreboard] ERASE ADDR:0x42008 scb_flash_data: 0xffffffff
UVM_INFO @ 2809870.8 ns: (flash_ctrl_scoreboard.sv:811) uvm_test_top.env.scoreboard [uvm_test_top.env.scoreboard] ERASE ADDR:0x4200c scb_flash_data: 0xffffffff
UVM_INFO @ 2809870.8 ns: (flash_ctrl_scoreboard.sv:811) uvm_test_top.env.scoreboard [uvm_test_top.env.scoreboard] ERASE ADDR:0x42010 scb_flash_data: 0xffffffff
UVM_INFO @ 2809870.8 ns: (flash_ctrl_scoreboard.sv:811) uvm_test_top.env.scoreboard [uvm_test_top.env.scoreboard] ERASE ADDR:0x42014 scb_flash_data: 0xffffffff
UVM_INFO @ 2809870.8 ns: (flash_ctrl_scoreboard.sv:811) uvm_test_top.env.scoreboard [uvm_test_top.env.scoreboard] ERASE ADDR:0x42018 scb_flash_data: 0xffffffff
UVM_INFO @ 2809870.8 ns: (flash_ctrl_scoreboard.sv:811) uvm_test_top.env.scoreboard [uvm_test_top.env.scoreboard] ERASE ADDR:0x4201c scb_flash_data: 0xffffffff
UVM_INFO @ 2809870.8 ns: (flash_ctrl_scoreboard.sv:811) uvm_test_top.env.scoreboard [uvm_test_top.env.scoreboard] ERASE ADDR:0x42020 scb_flash_data: 0xffffffff
UVM_INFO @ 2809870.8 ns: (flash_ctrl_scoreboard.sv:811) uvm_test_top.env.scoreboard [uvm_test_top.env.scoreboard] ERASE ADDR:0x42024 scb_flash_data: 0xffffffff
UVM_INFO @ 2809870.8 ns: (flash_ctrl_scoreboard.sv:811) uvm_test_top.env.scoreboard [uvm_test_top.env.scoreboard] ERASE ADDR:0x42028 scb_flash_data: 0xffffffff
UVM_INFO @ 2809870.8 ns: (flash_ctrl_scoreboard.sv:811) uvm_test_top.env.scoreboard [uvm_test_top.env.scoreboard] ERASE ADDR:0x4202c scb_flash_data: 0xffffffff
UVM_INFO @ 2809870.8 ns: (flash_ctrl_scoreboard.sv:811) uvm_test_top.env.scoreboard [uvm_test_top.env.scoreboard] ERASE ADDR:0x42030 scb_flash_data: 0xffffffff
UVM_INFO @ 2809870.8 ns: (flash_ctrl_scoreboard.sv:811) uvm_test_top.env.scoreboard [uvm_test_top.env.scoreboard] ERASE ADDR:0x42034 scb_flash_data: 0xffffffff
UVM_INFO @ 2809870.8 ns: (flash_ctrl_scoreboard.sv:811) uvm_test_top.env.scoreboard [uvm_test_top.env.scoreboard] ERASE ADDR:0x42038 scb_flash_data: 0xffffffff
UVM_INFO @ 2809870.8 ns: (flash_ctrl_scoreboard.sv:811) uvm_test_top.env.scoreboard [uvm_test_top.env.scoreboard] ERASE ADDR:0x4203c scb_flash_data: 0xffffffff
UVM_INFO @ 2809870.8 ns: (flash_ctrl_scoreboard.sv:811) uvm_test_top.env.scoreboard [uvm_test_top.env.scoreboard] ERASE ADDR:0x42040 scb_flash_data: 0xffffffff
UVM_INFO @ 2809870.8 ns: (flash_ctrl_scoreboard.sv:811) uvm_test_top.env.scoreboard [uvm_test_top.env.scoreboard] ERASE ADDR:0x42044 scb_flash_data: 0xffffffff
UVM_INFO @ 2809870.8 ns: (flash_ctrl_scoreboard.sv:811) uvm_test_top.env.scoreboard [uvm_test_top.env.scoreboard] ERASE ADDR:0x42048 scb_flash_data: 0xffffffff
UVM_INFO @ 2809870.8 ns: (flash_ctrl_scoreboard.sv:811) uvm_test_top.env.scoreboard [uvm_test_top.env.scoreboard] ERASE ADDR:0x4204c scb_flash_data: 0xffffffff
UVM_INFO @ 2809870.8 ns: (flash_ctrl_scoreboard.sv:811) uvm_test_top.env.scoreboard [uvm_test_top.env.scoreboard] ERASE ADDR:0x42050 scb_flash_data: 0xffffffff
UVM_INFO @ 2809870.8 ns: (flash_ctrl_scoreboard.sv:811) uvm_test_top.env.scoreboard [uvm_test_top.env.scoreboard] ERASE ADDR:0x42054 scb_flash_data: 0xffffffff
UVM_INFO @ 2809870.8 ns: (flash_ctrl_scoreboard.sv:811) uvm_test_top.env.scoreboard [uvm_test_top.env.scoreboard] ERASE ADDR:0x42058 scb_flash_data: 0xffffffff
UVM_INFO @ 2809870.8 ns: (flash_ctrl_scoreboard.sv:811) uvm_test_top.env.scoreboard [uvm_test_top.env.scoreboard] ERASE ADDR:0x4205c scb_flash_data: 0xffffffff
UVM_INFO @ 2809870.8 ns: (flash_ctrl_scoreboard.sv:811) uvm_test_top.env.scoreboard [uvm_test_top.env.scoreboard] ERASE ADDR:0x42060 scb_flash_data: 0xffffffff
UVM_INFO @ 2809870.8 ns: (flash_ctrl_scoreboard.sv:811) uvm_test_top.env.scoreboard [uvm_test_top.env.scoreboard] ERASE ADDR:0x42064 scb_flash_data: 0xffffffff
UVM_INFO @ 2809870.8 ns: (flash_ctrl_scoreboard.sv:811) uvm_test_top.env.scoreboard [uvm_test_top.env.scoreboard] ERASE ADDR:0x42068 scb_flash_data: 0xffffffff
UVM_INFO @ 2809870.8 ns: (flash_ctrl_scoreboard.sv:811) uvm_test_top.env.scoreboard [uvm_test_top.env.scoreboard] ERASE ADDR:0x4206c scb_flash_data: 0xffffffff
UVM_INFO @ 2809870.8 ns: (flash_ctrl_scoreboard.sv:811) uvm_test_top.env.scoreboard [uvm_test_top.env.scoreboard] ERASE ADDR:0x42070 scb_flash_data: 0xffffffff
UVM_INFO @ 2809870.8 ns: (flash_ctrl_scoreboard.sv:811) uvm_test_top.env.scoreboard [uvm_test_top.env.scoreboard] ERASE ADDR:0x42074 scb_flash_data: 0xffffffff
UVM_INFO @ 2809870.8 ns: (flash_ctrl_scoreboard.sv:811) uvm_test_top.env.scoreboard [uvm_test_top.env.scoreboard] ERASE ADDR:0x42078 scb_flash_data: 0xffffffff
UVM_INFO @ 2809870.8 ns: (flash_ctrl_scoreboard.sv:811) uvm_test_top.env.scoreboard [uvm_test_top.env.scoreboard] ERASE ADDR:0x4207c scb_flash_data: 0xffffffff
UVM_INFO @ 2809870.8 ns: (flash_ctrl_scoreboard.sv:811) uvm_test_top.env.scoreboard [uvm_test_top.env.scoreboard] ERASE ADDR:0x42080 scb_flash_data: 0xffffffff
UVM_INFO @ 2809870.8 ns: (flash_ctrl_scoreboard.sv:811) uvm_test_top.env.scoreboard [uvm_test_top.env.scoreboard] ERASE ADDR:0x42084 scb_flash_data: 0xffffffff
UVM_INFO @ 2809870.8 ns: (flash_ctrl_scoreboard.sv:811) uvm_test_top.env.scoreboard [uvm_test_top.env.scoreboard] ERASE ADDR:0x42088 scb_flash_data: 0xffffffff
UVM_INFO @ 2809870.8 ns: (flash_ctrl_scoreboard.sv:811) uvm_test_top.env.scoreboard [uvm_test_top.env.scoreboard] ERASE ADDR:0x4208c scb_flash_data: 0xffffffff
UVM_INFO @ 2809870.8 ns: (flash_ctrl_scoreboard.sv:811) uvm_test_top.env.scoreboard [uvm_test_top.env.scoreboard] ERASE ADDR:0x42090 scb_flash_data: 0xffffffff
UVM_INFO @ 2809870.8 ns: (flash_ctrl_scoreboard.sv:811) uvm_test_top.env.scoreboard [uvm_test_top.env.scoreboard] ERASE ADDR:0x42094 scb_flash_data: 0xffffffff
UVM_INFO @ 2809870.8 ns: (flash_ctrl_scoreboard.sv:811) uvm_test_top.env.scoreboard [uvm_test_top.env.scoreboard] ERASE ADDR:0x42098 scb_flash_data: 0xffffffff
UVM_INFO @ 2809870.8 ns: (flash_ctrl_scoreboard.sv:811) uvm_test_top.env.scoreboard [uvm_test_top.env.scoreboard] ERASE ADDR:0x4209c scb_flash_data: 0xffffffff
UVM_INFO @ 2809870.8 ns: (flash_ctrl_scoreboard.sv:811) uvm_test_top.env.scoreboard [uvm_test_top.env.scoreboard] ERASE ADDR:0x420a0 scb_flash_data: 0xffffffff
UVM_INFO @ 2809870.8 ns: (flash_ctrl_scoreboard.sv:811) uvm_test_top.env.scoreboard [uvm_test_top.env.scoreboard] ERASE ADDR:0x420a4 scb_flash_data: 0xffffffff
UVM_INFO @ 2809870.8 ns: (flash_ctrl_scoreboard.sv:811) uvm_test_top.env.scoreboard [uvm_test_top.env.scoreboard] ERASE ADDR:0x420a8 scb_flash_data: 0xffffffff
UVM_INFO @ 2809870.8 ns: (flash_ctrl_scoreboard.sv:811) uvm_test_top.env.scoreboard [uvm_test_top.env.scoreboard] ERASE ADDR:0x420ac scb_flash_data: 0xffffffff
UVM_INFO @ 2809870.8 ns: (flash_ctrl_scoreboard.sv:811) uvm_test_top.env.scoreboard [uvm_test_top.env.scoreboard] ERASE ADDR:0x420b0 scb_flash_data: 0xffffffff
UVM_INFO @ 2809870.8 ns: (flash_ctrl_scoreboard.sv:811) uvm_test_top.env.scoreboard [uvm_test_top.env.scoreboard] ERASE ADDR:0x420b4 scb_flash_data: 0xffffffff
UVM_INFO @ 2809870.8 ns: (flash_ctrl_scoreboard.sv:811) uvm_test_top.env.scoreboard [uvm_test_top.env.scoreboard] ERASE ADDR:0x420b8 scb_flash_data: 0xffffffff
UVM_INFO @ 2809870.8 ns: (flash_ctrl_scoreboard.sv:811) uvm_test_top.env.scoreboard [uvm_test_top.env.scoreboard] ERASE ADDR:0x420bc scb_flash_data: 0xffffffff
UVM_INFO @ 2809870.8 ns: (flash_ctrl_scoreboard.sv:811) uvm_test_top.env.scoreboard [uvm_test_top.env.scoreboard] ERASE ADDR:0x420c0 scb_flash_data: 0xffffffff
UVM_INFO @ 2809870.8 ns: (flash_ctrl_scoreboard.sv:811) uvm_test_top.env.scoreboard [uvm_test_top.env.scoreboard] ERASE ADDR:0x420c4 scb_flash_data: 0xffffffff
UVM_INFO @ 2809870.8 ns: (flash_ctrl_scoreboard.sv:811) uvm_test_top.env.scoreboard [uvm_test_top.env.scoreboard] ERASE ADDR:0x420c8 scb_flash_data: 0xffffffff
UVM_INFO @ 2809870.8 ns: (flash_ctrl_scoreboard.sv:811) uvm_test_top.env.scoreboard [uvm_test_top.env.scoreboard] ERASE ADDR:0x420cc scb_flash_data: 0xffffffff
UVM_INFO @ 2809870.8 ns: (flash_ctrl_scoreboard.sv:811) uvm_test_top.env.scoreboard [uvm_test_top.env.scoreboard] ERASE ADDR:0x420d0 scb_flash_data: 0xffffffff
UVM_INFO @ 2809870.8 ns: (flash_ctrl_scoreboard.sv:811) uvm_test_top.env.scoreboard [uvm_test_top.env.scoreboard] ERASE ADDR:0x420d4 scb_flash_data: 0xffffffff
UVM_INFO @ 2809870.8 ns: (flash_ctrl_scoreboard.sv:811) uvm_test_top.env.scoreboard [uvm_test_top.env.scoreboard] ERASE ADDR:0x420d8 scb_flash_data: 0xffffffff
UVM_INFO @ 2809870.8 ns: (flash_ctrl_scoreboard.sv:811) uvm_test_top.env.scoreboard [uvm_test_top.env.scoreboard] ERASE ADDR:0x420dc scb_flash_data: 0xffffffff
UVM_INFO @ 2809870.8 ns: (flash_ctrl_scoreboard.sv:811) uvm_test_top.env.scoreboard [uvm_test_top.env.scoreboard] ERASE ADDR:0x420e0 scb_flash_data: 0xffffffff
UVM_INFO @ 2809870.8 ns: (flash_ctrl_scoreboard.sv:811) uvm_test_top.env.scoreboard [uvm_test_top.env.scoreboard] ERASE ADDR:0x420e4 scb_flash_data: 0xffffffff
UVM_INFO @ 2809870.8 ns: (flash_ctrl_scoreboard.sv:811) uvm_test_top.env.scoreboard [uvm_test_top.env.scoreboard] ERASE ADDR:0x420e8 scb_flash_data: 0xffffffff
UVM_INFO @ 2809870.8 ns: (flash_ctrl_scoreboard.sv:811) uvm_test_top.env.scoreboard [uvm_test_top.env.scoreboard] ERASE ADDR:0x420ec scb_flash_data: 0xffffffff
UVM_INFO @ 2809870.8 ns: (flash_ctrl_scoreboard.sv:811) uvm_test_top.env.scoreboard [uvm_test_top.env.scoreboard] ERASE ADDR:0x420f0 scb_flash_data: 0xffffffff
UVM_INFO @ 2809870.8 ns: (flash_ctrl_scoreboard.sv:811) uvm_test_top.env.scoreboard [uvm_test_top.env.scoreboard] ERASE ADDR:0x420f4 scb_flash_data: 0xffffffff
UVM_INFO @ 2809870.8 ns: (flash_ctrl_scoreboard.sv:811) uvm_test_top.env.scoreboard [uvm_test_top.env.scoreboard] ERASE ADDR:0x420f8 scb_flash_data: 0xffffffff
UVM_INFO @ 2809870.8 ns: (flash_ctrl_scoreboard.sv:811) uvm_test_top.env.scoreboard [uvm_test_top.env.scoreboard] ERASE ADDR:0x420fc scb_flash_data: 0xffffffff
UVM_INFO @ 2809870.8 ns: (flash_ctrl_scoreboard.sv:811) uvm_test_top.env.scoreboard [uvm_test_top.env.scoreboard] ERASE ADDR:0x42100 scb_flash_data: 0xffffffff
UVM_INFO @ 2809870.8 ns: (flash_ctrl_scoreboard.sv:811) uvm_test_top.env.scoreboard [uvm_test_top.env.scoreboard] ERASE ADDR:0x42104 scb_flash_data: 0xffffffff
UVM_INFO @ 2809870.8 ns: (flash_ctrl_scoreboard.sv:811) uvm_test_top.env.scoreboard [uvm_test_top.env.scoreboard] ERASE ADDR:0x42108 scb_flash_data: 0xffffffff
UVM_INFO @ 2809870.8 ns: (flash_ctrl_scoreboard.sv:811) uvm_test_top.env.scoreboard [uvm_test_top.env.scoreboard] ERASE ADDR:0x4210c scb_flash_data: 0xffffffff
UVM_INFO @ 2809870.8 ns: (flash_ctrl_scoreboard.sv:811) uvm_test_top.env.scoreboard [uvm_test_top.env.scoreboard] ERASE ADDR:0x42110 scb_flash_data: 0xffffffff
UVM_INFO @ 2809870.8 ns: (flash_ctrl_scoreboard.sv:811) uvm_test_top.env.scoreboard [uvm_test_top.env.scoreboard] ERASE ADDR:0x42114 scb_flash_data: 0xffffffff
UVM_INFO @ 2809870.8 ns: (flash_ctrl_scoreboard.sv:811) uvm_test_top.env.scoreboard [uvm_test_top.env.scoreboard] ERASE ADDR:0x42118 scb_flash_data: 0xffffffff
UVM_INFO @ 2809870.8 ns: (flash_ctrl_scoreboard.sv:811) uvm_test_top.env.scoreboard [uvm_test_top.env.scoreboard] ERASE ADDR:0x4211c scb_flash_data: 0xffffffff
UVM_INFO @ 2809870.8 ns: (flash_ctrl_scoreboard.sv:811) uvm_test_top.env.scoreboard [uvm_test_top.env.scoreboard] ERASE ADDR:0x42120 scb_flash_data: 0xffffffff
UVM_INFO @ 2809870.8 ns: (flash_ctrl_scoreboard.sv:811) uvm_test_top.env.scoreboard [uvm_test_top.env.scoreboard] ERASE ADDR:0x42124 scb_flash_data: 0xffffffff
UVM_INFO @ 2809870.8 ns: (flash_ctrl_scoreboard.sv:811) uvm_test_top.env.scoreboard [uvm_test_top.env.scoreboard] ERASE ADDR:0x42128 scb_flash_data: 0xffffffff
UVM_INFO @ 2809870.8 ns: (flash_ctrl_scoreboard.sv:811) uvm_test_top.env.scoreboard [uvm_test_top.env.scoreboard] ERASE ADDR:0x4212c scb_flash_data: 0xffffffff
UVM_INFO @ 2809870.8 ns: (flash_ctrl_scoreboard.sv:811) uvm_test_top.env.scoreboard [uvm_test_top.env.scoreboard] ERASE ADDR:0x42130 scb_flash_data: 0xffffffff
UVM_INFO @ 2809870.8 ns: (flash_ctrl_scoreboard.sv:811) uvm_test_top.env.scoreboard [uvm_test_top.env.scoreboard] ERASE ADDR:0x42134 scb_flash_data: 0xffffffff
UVM_INFO @ 2809870.8 ns: (flash_ctrl_scoreboard.sv:811) uvm_test_top.env.scoreboard [uvm_test_top.env.scoreboard] ERASE ADDR:0x42138 scb_flash_data: 0xffffffff
UVM_INFO @ 2809870.8 ns: (flash_ctrl_scoreboard.sv:811) uvm_test_top.env.scoreboard [uvm_test_top.env.scoreboard] ERASE ADDR:0x4213c scb_flash_data: 0xffffffff
UVM_INFO @ 2809870.8 ns: (flash_ctrl_scoreboard.sv:811) uvm_test_top.env.scoreboard [uvm_test_top.env.scoreboard] ERASE ADDR:0x42140 scb_flash_data: 0xffffffff
UVM_INFO @ 2809870.8 ns: (flash_ctrl_scoreboard.sv:811) uvm_test_top.env.scoreboard [uvm_test_top.env.scoreboard] ERASE ADDR:0x42144 scb_flash_data: 0xffffffff
UVM_INFO @ 2809870.8 ns: (flash_ctrl_scoreboard.sv:811) uvm_test_top.env.scoreboard [uvm_test_top.env.scoreboard] ERASE ADDR:0x42148 scb_flash_data: 0xffffffff
UVM_INFO @ 2809870.8 ns: (flash_ctrl_scoreboard.sv:811) uvm_test_top.env.scoreboard [uvm_test_top.env.scoreboard] ERASE ADDR:0x4214c scb_flash_data: 0xffffffff
UVM_INFO @ 2809870.8 ns: (flash_ctrl_scoreboard.sv:811) uvm_test_top.env.scoreboard [uvm_test_top.env.scoreboard] ERASE ADDR:0x42150 scb_flash_data: 0xffffffff
UVM_INFO @ 2809870.8 ns: (flash_ctrl_scoreboard.sv:811) uvm_test_top.env.scoreboard [uvm_test_top.env.scoreboard] ERASE ADDR:0x42154 scb_flash_data: 0xffffffff
UVM_INFO @ 2809870.8 ns: (flash_ctrl_scoreboard.sv:811) uvm_test_top.env.scoreboard [uvm_test_top.env.scoreboard] ERASE ADDR:0x42158 scb_flash_data: 0xffffffff
UVM_INFO @ 2809870.8 ns: (flash_ctrl_scoreboard.sv:811) uvm_test_top.env.scoreboard [uvm_test_top.env.scoreboard] ERASE ADDR:0x4215c scb_flash_data: 0xffffffff
UVM_INFO @ 2809870.8 ns: (flash_ctrl_scoreboard.sv:811) uvm_test_top.env.scoreboard [uvm_test_top.env.scoreboard] ERASE ADDR:0x42160 scb_flash_data: 0xffffffff
UVM_INFO @ 2809870.8 ns: (flash_ctrl_scoreboard.sv:811) uvm_test_top.env.scoreboard [uvm_test_top.env.scoreboard] ERASE ADDR:0x42164 scb_flash_data: 0xffffffff
UVM_INFO @ 2809870.8 ns: (flash_ctrl_scoreboard.sv:811) uvm_test_top.env.scoreboard [uvm_test_top.env.scoreboard] ERASE ADDR:0x42168 scb_flash_data: 0xffffffff
UVM_INFO @ 2809870.8 ns: (flash_ctrl_scoreboard.sv:811) uvm_test_top.env.scoreboard [uvm_test_top.env.scoreboard] ERASE ADDR:0x4216c scb_flash_data: 0xffffffff
UVM_INFO @ 2809870.8 ns: (flash_ctrl_scoreboard.sv:811) uvm_test_top.env.scoreboard [uvm_test_top.env.scoreboard] ERASE ADDR:0x42170 scb_flash_data: 0xffffffff
UVM_INFO @ 2809870.8 ns: (flash_ctrl_scoreboard.sv:811) uvm_test_top.env.scoreboard [uvm_test_top.env.scoreboard] ERASE ADDR:0x42174 scb_flash_data: 0xffffffff
UVM_INFO @ 2809870.8 ns: (flash_ctrl_scoreboard.sv:811) uvm_test_top.env.scoreboard [uvm_test_top.env.scoreboard] ERASE ADDR:0x42178 scb_flash_data: 0xffffffff
UVM_INFO @ 2809870.8 ns: (flash_ctrl_scoreboard.sv:811) uvm_test_top.env.scoreboard [uvm_test_top.env.scoreboard] ERASE ADDR:0x4217c scb_flash_data: 0xffffffff
UVM_INFO @ 2809870.8 ns: (flash_ctrl_scoreboard.sv:811) uvm_test_top.env.scoreboard [uvm_test_top.env.scoreboard] ERASE ADDR:0x42180 scb_flash_data: 0xffffffff
UVM_INFO @ 2809870.8 ns: (flash_ctrl_scoreboard.sv:811) uvm_test_top.env.scoreboard [uvm_test_top.env.scoreboard] ERASE ADDR:0x42184 scb_flash_data: 0xffffffff
UVM_INFO @ 2809870.8 ns: (flash_ctrl_scoreboard.sv:811) uvm_test_top.env.scoreboard [uvm_test_top.env.scoreboard] ERASE ADDR:0x42188 scb_flash_data: 0xffffffff
UVM_INFO @ 2809870.8 ns: (flash_ctrl_scoreboard.sv:811) uvm_test_top.env.scoreboard [uvm_test_top.env.scoreboard] ERASE ADDR:0x4218c scb_flash_data: 0xffffffff
UVM_INFO @ 2809870.8 ns: (flash_ctrl_scoreboard.sv:811) uvm_test_top.env.scoreboard [uvm_test_top.env.scoreboard] ERASE ADDR:0x42190 scb_flash_data: 0xffffffff
UVM_INFO @ 2809870.8 ns: (flash_ctrl_scoreboard.sv:811) uvm_test_top.env.scoreboard [uvm_test_top.env.scoreboard] ERASE ADDR:0x42194 scb_flash_data: 0xffffffff
UVM_INFO @ 2809870.8 ns: (flash_ctrl_scoreboard.sv:811) uvm_test_top.env.scoreboard [uvm_test_top.env.scoreboard] ERASE ADDR:0x42198 scb_flash_data: 0xffffffff
UVM_INFO @ 2809870.8 ns: (flash_ctrl_scoreboard.sv:811) uvm_test_top.env.scoreboard [uvm_test_top.env.scoreboard] ERASE ADDR:0x4219c scb_flash_data: 0xffffffff
UVM_INFO @ 2809870.8 ns: (flash_ctrl_scoreboard.sv:811) uvm_test_top.env.scoreboard [uvm_test_top.env.scoreboard] ERASE ADDR:0x421a0 scb_flash_data: 0xffffffff
UVM_INFO @ 2809870.8 ns: (flash_ctrl_scoreboard.sv:811) uvm_test_top.env.scoreboard [uvm_test_top.env.scoreboard] ERASE ADDR:0x421a4 scb_flash_data: 0xffffffff
UVM_INFO @ 2809870.8 ns: (flash_ctrl_scoreboard.sv:811) uvm_test_top.env.scoreboard [uvm_test_top.env.scoreboard] ERASE ADDR:0x421a8 scb_flash_data: 0xffffffff
UVM_INFO @ 2809870.8 ns: (flash_ctrl_scoreboard.sv:811) uvm_test_top.env.scoreboard [uvm_test_top.env.scoreboard] ERASE ADDR:0x421ac scb_flash_data: 0xffffffff
UVM_INFO @ 2809870.8 ns: (flash_ctrl_scoreboard.sv:811) uvm_test_top.env.scoreboard [uvm_test_top.env.scoreboard] ERASE ADDR:0x421b0 scb_flash_data: 0xffffffff
UVM_INFO @ 2809870.8 ns: (flash_ctrl_scoreboard.sv:811) uvm_test_top.env.scoreboard [uvm_test_top.env.scoreboard] ERASE ADDR:0x421b4 scb_flash_data: 0xffffffff
UVM_INFO @ 2809870.8 ns: (flash_ctrl_scoreboard.sv:811) uvm_test_top.env.scoreboard [uvm_test_top.env.scoreboard] ERASE ADDR:0x421b8 scb_flash_data: 0xffffffff
UVM_INFO @ 2809870.8 ns: (flash_ctrl_scoreboard.sv:811) uvm_test_top.env.scoreboard [uvm_test_top.env.scoreboard] ERASE ADDR:0x421bc scb_flash_data: 0xffffffff
UVM_INFO @ 2809870.8 ns: (flash_ctrl_scoreboard.sv:811) uvm_test_top.env.scoreboard [uvm_test_top.env.scoreboard] ERASE ADDR:0x421c0 scb_flash_data: 0xffffffff
UVM_INFO @ 2809870.8 ns: (flash_ctrl_scoreboard.sv:811) uvm_test_top.env.scoreboard [uvm_test_top.env.scoreboard] ERASE ADDR:0x421c4 scb_flash_data: 0xffffffff
UVM_INFO @ 2809870.8 ns: (flash_ctrl_scoreboard.sv:811) uvm_test_top.env.scoreboard [uvm_test_top.env.scoreboard] ERASE ADDR:0x421c8 scb_flash_data: 0xffffffff
UVM_INFO @ 2809870.8 ns: (flash_ctrl_scoreboard.sv:811) uvm_test_top.env.scoreboard [uvm_test_top.env.scoreboard] ERASE ADDR:0x421cc scb_flash_data: 0xffffffff
UVM_INFO @ 2809870.8 ns: (flash_ctrl_scoreboard.sv:811) uvm_test_top.env.scoreboard [uvm_test_top.env.scoreboard] ERASE ADDR:0x421d0 scb_flash_data: 0xffffffff
UVM_INFO @ 2809870.8 ns: (flash_ctrl_scoreboard.sv:811) uvm_test_top.env.scoreboard [uvm_test_top.env.scoreboard] ERASE ADDR:0x421d4 scb_flash_data: 0xffffffff
UVM_INFO @ 2809870.8 ns: (flash_ctrl_scoreboard.sv:811) uvm_test_top.env.scoreboard [uvm_test_top.env.scoreboard] ERASE ADDR:0x421d8 scb_flash_data: 0xffffffff
UVM_INFO @ 2809870.8 ns: (flash_ctrl_scoreboard.sv:811) uvm_test_top.env.scoreboard [uvm_test_top.env.scoreboard] ERASE ADDR:0x421dc scb_flash_data: 0xffffffff
UVM_INFO @ 2809870.8 ns: (flash_ctrl_scoreboard.sv:811) uvm_test_top.env.scoreboard [uvm_test_top.env.scoreboard] ERASE ADDR:0x421e0 scb_flash_data: 0xffffffff
UVM_INFO @ 2809870.8 ns: (flash_ctrl_scoreboard.sv:811) uvm_test_top.env.scoreboard [uvm_test_top.env.scoreboard] ERASE ADDR:0x421e4 scb_flash_data: 0xffffffff
UVM_INFO @ 2809870.8 ns: (flash_ctrl_scoreboard.sv:811) uvm_test_top.env.scoreboard [uvm_test_top.env.scoreboard] ERASE ADDR:0x421e8 scb_flash_data: 0xffffffff
UVM_INFO @ 2809870.8 ns: (flash_ctrl_scoreboard.sv:811) uvm_test_top.env.scoreboard [uvm_test_top.env.scoreboard] ERASE ADDR:0x421ec scb_flash_data: 0xffffffff
UVM_INFO @ 2809870.8 ns: (flash_ctrl_scoreboard.sv:811) uvm_test_top.env.scoreboard [uvm_test_top.env.scoreboard] ERASE ADDR:0x421f0 scb_flash_data: 0xffffffff
UVM_INFO @ 2809870.8 ns: (flash_ctrl_scoreboard.sv:811) uvm_test_top.env.scoreboard [uvm_test_top.env.scoreboard] ERASE ADDR:0x421f4 scb_flash_data: 0xffffffff
UVM_INFO @ 2809870.8 ns: (flash_ctrl_scoreboard.sv:811) uvm_test_top.env.scoreboard [uvm_test_top.env.scoreboard] ERASE ADDR:0x421f8 scb_flash_data: 0xffffffff
UVM_INFO @ 2809870.8 ns: (flash_ctrl_scoreboard.sv:811) uvm_test_top.env.scoreboard [uvm_test_top.env.scoreboard] ERASE ADDR:0x421fc scb_flash_data: 0xffffffff
UVM_INFO @ 2809870.8 ns: (flash_ctrl_scoreboard.sv:811) uvm_test_top.env.scoreboard [uvm_test_top.env.scoreboard] ERASE ADDR:0x42200 scb_flash_data: 0xffffffff
UVM_INFO @ 2809870.8 ns: (flash_ctrl_scoreboard.sv:811) uvm_test_top.env.scoreboard [uvm_test_top.env.scoreboard] ERASE ADDR:0x42204 scb_flash_data: 0xffffffff
UVM_INFO @ 2809870.8 ns: (flash_ctrl_scoreboard.sv:811) uvm_test_top.env.scoreboard [uvm_test_top.env.scoreboard] ERASE ADDR:0x42208 scb_flash_data: 0xffffffff
UVM_INFO @ 2809870.8 ns: (flash_ctrl_scoreboard.sv:811) uvm_test_top.env.scoreboard [uvm_test_top.env.scoreboard] ERASE ADDR:0x4220c scb_flash_data: 0xffffffff
UVM_INFO @ 2809870.8 ns: (flash_ctrl_scoreboard.sv:811) uvm_test_top.env.scoreboard [uvm_test_top.env.scoreboard] ERASE ADDR:0x42210 scb_flash_data: 0xffffffff
UVM_INFO @ 2809870.8 ns: (flash_ctrl_scoreboard.sv:811) uvm_test_top.env.scoreboard [uvm_test_top.env.scoreboard] ERASE ADDR:0x42214 scb_flash_data: 0xffffffff
UVM_INFO @ 2809870.8 ns: (flash_ctrl_scoreboard.sv:811) uvm_test_top.env.scoreboard [uvm_test_top.env.scoreboard] ERASE ADDR:0x42218 scb_flash_data: 0xffffffff
UVM_INFO @ 2809870.8 ns: (flash_ctrl_scoreboard.sv:811) uvm_test_top.env.scoreboard [uvm_test_top.env.scoreboard] ERASE ADDR:0x4221c scb_flash_data: 0xffffffff
UVM_INFO @ 2809870.8 ns: (flash_ctrl_scoreboard.sv:811) uvm_test_top.env.scoreboard [uvm_test_top.env.scoreboard] ERASE ADDR:0x42220 scb_flash_data: 0xffffffff
UVM_INFO @ 2809870.8 ns: (flash_ctrl_scoreboard.sv:811) uvm_test_top.env.scoreboard [uvm_test_top.env.scoreboard] ERASE ADDR:0x42224 scb_flash_data: 0xffffffff
UVM_INFO @ 2809870.8 ns: (flash_ctrl_scoreboard.sv:811) uvm_test_top.env.scoreboard [uvm_test_top.env.scoreboard] ERASE ADDR:0x42228 scb_flash_data: 0xffffffff
UVM_INFO @ 2809870.8 ns: (flash_ctrl_scoreboard.sv:811) uvm_test_top.env.scoreboard [uvm_test_top.env.scoreboard] ERASE ADDR:0x4222c scb_flash_data: 0xffffffff
UVM_INFO @ 2809870.8 ns: (flash_ctrl_scoreboard.sv:811) uvm_test_top.env.scoreboard [uvm_test_top.env.scoreboard] ERASE ADDR:0x42230 scb_flash_data: 0xffffffff
UVM_INFO @ 2809870.8 ns: (flash_ctrl_scoreboard.sv:811) uvm_test_top.env.scoreboard [uvm_test_top.env.scoreboard] ERASE ADDR:0x42234 scb_flash_data: 0xffffffff
UVM_INFO @ 2809870.8 ns: (flash_ctrl_scoreboard.sv:811) uvm_test_top.env.scoreboard [uvm_test_top.env.scoreboard] ERASE ADDR:0x42238 scb_flash_data: 0xffffffff
UVM_INFO @ 2809870.8 ns: (flash_ctrl_scoreboard.sv:811) uvm_test_top.env.scoreboard [uvm_test_top.env.scoreboard] ERASE ADDR:0x4223c scb_flash_data: 0xffffffff
UVM_INFO @ 2809870.8 ns: (flash_ctrl_scoreboard.sv:811) uvm_test_top.env.scoreboard [uvm_test_top.env.scoreboard] ERASE ADDR:0x42240 scb_flash_data: 0xffffffff
UVM_INFO @ 2809870.8 ns: (flash_ctrl_scoreboard.sv:811) uvm_test_top.env.scoreboard [uvm_test_top.env.scoreboard] ERASE ADDR:0x42244 scb_flash_data: 0xffffffff
UVM_INFO @ 2809870.8 ns: (flash_ctrl_scoreboard.sv:811) uvm_test_top.env.scoreboard [uvm_test_top.env.scoreboard] ERASE ADDR:0x42248 scb_flash_data: 0xffffffff
UVM_INFO @ 2809870.8 ns: (flash_ctrl_scoreboard.sv:811) uvm_test_top.env.scoreboard [uvm_test_top.env.scoreboard] ERASE ADDR:0x4224c scb_flash_data: 0xffffffff
UVM_INFO @ 2809870.8 ns: (flash_ctrl_scoreboard.sv:811) uvm_test_top.env.scoreboard [uvm_test_top.env.scoreboard] ERASE ADDR:0x42250 scb_flash_data: 0xffffffff
UVM_INFO @ 2809870.8 ns: (flash_ctrl_scoreboard.sv:811) uvm_test_top.env.scoreboard [uvm_test_top.env.scoreboard] ERASE ADDR:0x42254 scb_flash_data: 0xffffffff
UVM_INFO @ 2809870.8 ns: (flash_ctrl_scoreboard.sv:811) uvm_test_top.env.scoreboard [uvm_test_top.env.scoreboard] ERASE ADDR:0x42258 scb_flash_data: 0xffffffff
UVM_INFO @ 2809870.8 ns: (flash_ctrl_scoreboard.sv:811) uvm_test_top.env.scoreboard [uvm_test_top.env.scoreboard] ERASE ADDR:0x4225c scb_flash_data: 0xffffffff
UVM_INFO @ 2809870.8 ns: (flash_ctrl_scoreboard.sv:811) uvm_test_top.env.scoreboard [uvm_test_top.env.scoreboard] ERASE ADDR:0x42260 scb_flash_data: 0xffffffff
UVM_INFO @ 2809870.8 ns: (flash_ctrl_scoreboard.sv:811) uvm_test_top.env.scoreboard [uvm_test_top.env.scoreboard] ERASE ADDR:0x42264 scb_flash_data: 0xffffffff
UVM_INFO @ 2809870.8 ns: (flash_ctrl_scoreboard.sv:811) uvm_test_top.env.scoreboard [uvm_test_top.env.scoreboard] ERASE ADDR:0x42268 scb_flash_data: 0xffffffff
UVM_INFO @ 2809870.8 ns: (flash_ctrl_scoreboard.sv:811) uvm_test_top.env.scoreboard [uvm_test_top.env.scoreboard] ERASE ADDR:0x4226c scb_flash_data: 0xffffffff
UVM_INFO @ 2809870.8 ns: (flash_ctrl_scoreboard.sv:811) uvm_test_top.env.scoreboard [uvm_test_top.env.scoreboard] ERASE ADDR:0x42270 scb_flash_data: 0xffffffff
UVM_INFO @ 2809870.8 ns: (flash_ctrl_scoreboard.sv:811) uvm_test_top.env.scoreboard [uvm_test_top.env.scoreboard] ERASE ADDR:0x42274 scb_flash_data: 0xffffffff
UVM_INFO @ 2809870.8 ns: (flash_ctrl_scoreboard.sv:811) uvm_test_top.env.scoreboard [uvm_test_top.env.scoreboard] ERASE ADDR:0x42278 scb_flash_data: 0xffffffff
UVM_INFO @ 2809870.8 ns: (flash_ctrl_scoreboard.sv:811) uvm_test_top.env.scoreboard [uvm_test_top.env.scoreboard] ERASE ADDR:0x4227c scb_flash_data: 0xffffffff
UVM_INFO @ 2809870.8 ns: (flash_ctrl_scoreboard.sv:811) uvm_test_top.env.scoreboard [uvm_test_top.env.scoreboard] ERASE ADDR:0x42280 scb_flash_data: 0xffffffff
UVM_INFO @ 2809870.8 ns: (flash_ctrl_scoreboard.sv:811) uvm_test_top.env.scoreboard [uvm_test_top.env.scoreboard] ERASE ADDR:0x42284 scb_flash_data: 0xffffffff
UVM_INFO @ 2809870.8 ns: (flash_ctrl_scoreboard.sv:811) uvm_test_top.env.scoreboard [uvm_test_top.env.scoreboard] ERASE ADDR:0x42288 scb_flash_data: 0xffffffff
UVM_INFO @ 2809870.8 ns: (flash_ctrl_scoreboard.sv:811) uvm_test_top.env.scoreboard [uvm_test_top.env.scoreboard] ERASE ADDR:0x4228c scb_flash_data: 0xffffffff
UVM_INFO @ 2809870.8 ns: (flash_ctrl_scoreboard.sv:811) uvm_test_top.env.scoreboard [uvm_test_top.env.scoreboard] ERASE ADDR:0x42290 scb_flash_data: 0xffffffff
UVM_INFO @ 2809870.8 ns: (flash_ctrl_scoreboard.sv:811) uvm_test_top.env.scoreboard [uvm_test_top.env.scoreboard] ERASE ADDR:0x42294 scb_flash_data: 0xffffffff
UVM_INFO @ 2809870.8 ns: (flash_ctrl_scoreboard.sv:811) uvm_test_top.env.scoreboard [uvm_test_top.env.scoreboard] ERASE ADDR:0x42298 scb_flash_data: 0xffffffff
UVM_INFO @ 2809870.8 ns: (flash_ctrl_scoreboard.sv:811) uvm_test_top.env.scoreboard [uvm_test_top.env.scoreboard] ERASE ADDR:0x4229c scb_flash_data: 0xffffffff
UVM_INFO @ 2809870.8 ns: (flash_ctrl_scoreboard.sv:811) uvm_test_top.env.scoreboard [uvm_test_top.env.scoreboard] ERASE ADDR:0x422a0 scb_flash_data: 0xffffffff
UVM_INFO @ 2809870.8 ns: (flash_ctrl_scoreboard.sv:811) uvm_test_top.env.scoreboard [uvm_test_top.env.scoreboard] ERASE ADDR:0x422a4 scb_flash_data: 0xffffffff
UVM_INFO @ 2809870.8 ns: (flash_ctrl_scoreboard.sv:811) uvm_test_top.env.scoreboard [uvm_test_top.env.scoreboard] ERASE ADDR:0x422a8 scb_flash_data: 0xffffffff
UVM_INFO @ 2809870.8 ns: (flash_ctrl_scoreboard.sv:811) uvm_test_top.env.scoreboard [uvm_test_top.env.scoreboard] ERASE ADDR:0x422ac scb_flash_data: 0xffffffff
UVM_INFO @ 2809870.8 ns: (flash_ctrl_scoreboard.sv:811) uvm_test_top.env.scoreboard [uvm_test_top.env.scoreboard] ERASE ADDR:0x422b0 scb_flash_data: 0xffffffff
UVM_INFO @ 2809870.8 ns: (flash_ctrl_scoreboard.sv:811) uvm_test_top.env.scoreboard [uvm_test_top.env.scoreboard] ERASE ADDR:0x422b4 scb_flash_data: 0xffffffff
UVM_INFO @ 2809870.8 ns: (flash_ctrl_scoreboard.sv:811) uvm_test_top.env.scoreboard [uvm_test_top.env.scoreboard] ERASE ADDR:0x422b8 scb_flash_data: 0xffffffff
UVM_INFO @ 2809870.8 ns: (flash_ctrl_scoreboard.sv:811) uvm_test_top.env.scoreboard [uvm_test_top.env.scoreboard] ERASE ADDR:0x422bc scb_flash_data: 0xffffffff
UVM_INFO @ 2809870.8 ns: (flash_ctrl_scoreboard.sv:811) uvm_test_top.env.scoreboard [uvm_test_top.env.scoreboard] ERASE ADDR:0x422c0 scb_flash_data: 0xffffffff
UVM_INFO @ 2809870.8 ns: (flash_ctrl_scoreboard.sv:811) uvm_test_top.env.scoreboard [uvm_test_top.env.scoreboard] ERASE ADDR:0x422c4 scb_flash_data: 0xffffffff
UVM_INFO @ 2809870.8 ns: (flash_ctrl_scoreboard.sv:811) uvm_test_top.env.scoreboard [uvm_test_top.env.scoreboard] ERASE ADDR:0x422c8 scb_flash_data: 0xffffffff
UVM_INFO @ 2809870.8 ns: (flash_ctrl_scoreboard.sv:811) uvm_test_top.env.scoreboard [uvm_test_top.env.scoreboard] ERASE ADDR:0x422cc scb_flash_data: 0xffffffff
UVM_INFO @ 2809870.8 ns: (flash_ctrl_scoreboard.sv:811) uvm_test_top.env.scoreboard [uvm_test_top.env.scoreboard] ERASE ADDR:0x422d0 scb_flash_data: 0xffffffff
UVM_INFO @ 2809870.8 ns: (flash_ctrl_scoreboard.sv:811) uvm_test_top.env.scoreboard [uvm_test_top.env.scoreboard] ERASE ADDR:0x422d4 scb_flash_data: 0xffffffff
UVM_INFO @ 2809870.8 ns: (flash_ctrl_scoreboard.sv:811) uvm_test_top.env.scoreboard [uvm_test_top.env.scoreboard] ERASE ADDR:0x422d8 scb_flash_data: 0xffffffff
UVM_INFO @ 2809870.8 ns: (flash_ctrl_scoreboard.sv:811) uvm_test_top.env.scoreboard [uvm_test_top.env.scoreboard] ERASE ADDR:0x422dc scb_flash_data: 0xffffffff
UVM_INFO @ 2809870.8 ns: (flash_ctrl_scoreboard.sv:811) uvm_test_top.env.scoreboard [uvm_test_top.env.scoreboard] ERASE ADDR:0x422e0 scb_flash_data: 0xffffffff
UVM_INFO @ 2809870.8 ns: (flash_ctrl_scoreboard.sv:811) uvm_test_top.env.scoreboard [uvm_test_top.env.scoreboard] ERASE ADDR:0x422e4 scb_flash_data: 0xffffffff
UVM_INFO @ 2809870.8 ns: (flash_ctrl_scoreboard.sv:811) uvm_test_top.env.scoreboard [uvm_test_top.env.scoreboard] ERASE ADDR:0x422e8 scb_flash_data: 0xffffffff
UVM_INFO @ 2809870.8 ns: (flash_ctrl_scoreboard.sv:811) uvm_test_top.env.scoreboard [uvm_test_top.env.scoreboard] ERASE ADDR:0x422ec scb_flash_data: 0xffffffff
UVM_INFO @ 2809870.8 ns: (flash_ctrl_scoreboard.sv:811) uvm_test_top.env.scoreboard [uvm_test_top.env.scoreboard] ERASE ADDR:0x422f0 scb_flash_data: 0xffffffff
UVM_INFO @ 2809870.8 ns: (flash_ctrl_scoreboard.sv:811) uvm_test_top.env.scoreboard [uvm_test_top.env.scoreboard] ERASE ADDR:0x422f4 scb_flash_data: 0xffffffff
UVM_INFO @ 2809870.8 ns: (flash_ctrl_scoreboard.sv:811) uvm_test_top.env.scoreboard [uvm_test_top.env.scoreboard] ERASE ADDR:0x422f8 scb_flash_data: 0xffffffff
UVM_INFO @ 2809870.8 ns: (flash_ctrl_scoreboard.sv:811) uvm_test_top.env.scoreboard [uvm_test_top.env.scoreboard] ERASE ADDR:0x422fc scb_flash_data: 0xffffffff
UVM_INFO @ 2809870.8 ns: (flash_ctrl_scoreboard.sv:811) uvm_test_top.env.scoreboard [uvm_test_top.env.scoreboard] ERASE ADDR:0x42300 scb_flash_data: 0xffffffff
UVM_INFO @ 2809870.8 ns: (flash_ctrl_scoreboard.sv:811) uvm_test_top.env.scoreboard [uvm_test_top.env.scoreboard] ERASE ADDR:0x42304 scb_flash_data: 0xffffffff
UVM_INFO @ 2809870.8 ns: (flash_ctrl_scoreboard.sv:811) uvm_test_top.env.scoreboard [uvm_test_top.env.scoreboard] ERASE ADDR:0x42308 scb_flash_data: 0xffffffff
UVM_INFO @ 2809870.8 ns: (flash_ctrl_scoreboard.sv:811) uvm_test_top.env.scoreboard [uvm_test_top.env.scoreboard] ERASE ADDR:0x4230c scb_flash_data: 0xffffffff
UVM_INFO @ 2809870.8 ns: (flash_ctrl_scoreboard.sv:811) uvm_test_top.env.scoreboard [uvm_test_top.env.scoreboard] ERASE ADDR:0x42310 scb_flash_data: 0xffffffff
UVM_INFO @ 2809870.8 ns: (flash_ctrl_scoreboard.sv:811) uvm_test_top.env.scoreboard [uvm_test_top.env.scoreboard] ERASE ADDR:0x42314 scb_flash_data: 0xffffffff
UVM_INFO @ 2809870.8 ns: (flash_ctrl_scoreboard.sv:811) uvm_test_top.env.scoreboard [uvm_test_top.env.scoreboard] ERASE ADDR:0x42318 scb_flash_data: 0xffffffff
UVM_INFO @ 2809870.8 ns: (flash_ctrl_scoreboard.sv:811) uvm_test_top.env.scoreboard [uvm_test_top.env.scoreboard] ERASE ADDR:0x4231c scb_flash_data: 0xffffffff
UVM_INFO @ 2809870.8 ns: (flash_ctrl_scoreboard.sv:811) uvm_test_top.env.scoreboard [uvm_test_top.env.scoreboard] ERASE ADDR:0x42320 scb_flash_data: 0xffffffff
UVM_INFO @ 2809870.8 ns: (flash_ctrl_scoreboard.sv:811) uvm_test_top.env.scoreboard [uvm_test_top.env.scoreboard] ERASE ADDR:0x42324 scb_flash_data: 0xffffffff
UVM_INFO @ 2809870.8 ns: (flash_ctrl_scoreboard.sv:811) uvm_test_top.env.scoreboard [uvm_test_top.env.scoreboard] ERASE ADDR:0x42328 scb_flash_data: 0xffffffff
UVM_INFO @ 2809870.8 ns: (flash_ctrl_scoreboard.sv:811) uvm_test_top.env.scoreboard [uvm_test_top.env.scoreboard] ERASE ADDR:0x4232c scb_flash_data: 0xffffffff
UVM_INFO @ 2809870.8 ns: (flash_ctrl_scoreboard.sv:811) uvm_test_top.env.scoreboard [uvm_test_top.env.scoreboard] ERASE ADDR:0x42330 scb_flash_data: 0xffffffff
UVM_INFO @ 2809870.8 ns: (flash_ctrl_scoreboard.sv:811) uvm_test_top.env.scoreboard [uvm_test_top.env.scoreboard] ERASE ADDR:0x42334 scb_flash_data: 0xffffffff
UVM_INFO @ 2809870.8 ns: (flash_ctrl_scoreboard.sv:811) uvm_test_top.env.scoreboard [uvm_test_top.env.scoreboard] ERASE ADDR:0x42338 scb_flash_data: 0xffffffff
UVM_INFO @ 2809870.8 ns: (flash_ctrl_scoreboard.sv:811) uvm_test_top.env.scoreboard [uvm_test_top.env.scoreboard] ERASE ADDR:0x4233c scb_flash_data: 0xffffffff
UVM_INFO @ 2809870.8 ns: (flash_ctrl_scoreboard.sv:811) uvm_test_top.env.scoreboard [uvm_test_top.env.scoreboard] ERASE ADDR:0x42340 scb_flash_data: 0xffffffff
UVM_INFO @ 2809870.8 ns: (flash_ctrl_scoreboard.sv:811) uvm_test_top.env.scoreboard [uvm_test_top.env.scoreboard] ERASE ADDR:0x42344 scb_flash_data: 0xffffffff
UVM_INFO @ 2809870.8 ns: (flash_ctrl_scoreboard.sv:811) uvm_test_top.env.scoreboard [uvm_test_top.env.scoreboard] ERASE ADDR:0x42348 scb_flash_data: 0xffffffff
UVM_INFO @ 2809870.8 ns: (flash_ctrl_scoreboard.sv:811) uvm_test_top.env.scoreboard [uvm_test_top.env.scoreboard] ERASE ADDR:0x4234c scb_flash_data: 0xffffffff
UVM_INFO @ 2809870.8 ns: (flash_ctrl_scoreboard.sv:811) uvm_test_top.env.scoreboard [uvm_test_top.env.scoreboard] ERASE ADDR:0x42350 scb_flash_data: 0xffffffff
UVM_INFO @ 2809870.8 ns: (flash_ctrl_scoreboard.sv:811) uvm_test_top.env.scoreboard [uvm_test_top.env.scoreboard] ERASE ADDR:0x42354 scb_flash_data: 0xffffffff
UVM_INFO @ 2809870.8 ns: (flash_ctrl_scoreboard.sv:811) uvm_test_top.env.scoreboard [uvm_test_top.env.scoreboard] ERASE ADDR:0x42358 scb_flash_data: 0xffffffff
UVM_INFO @ 2809870.8 ns: (flash_ctrl_scoreboard.sv:811) uvm_test_top.env.scoreboard [uvm_test_top.env.scoreboard] ERASE ADDR:0x4235c scb_flash_data: 0xffffffff
UVM_INFO @ 2809870.8 ns: (flash_ctrl_scoreboard.sv:811) uvm_test_top.env.scoreboard [uvm_test_top.env.scoreboard] ERASE ADDR:0x42360 scb_flash_data: 0xffffffff
UVM_INFO @ 2809870.8 ns: (flash_ctrl_scoreboard.sv:811) uvm_test_top.env.scoreboard [uvm_test_top.env.scoreboard] ERASE ADDR:0x42364 scb_flash_data: 0xffffffff
UVM_INFO @ 2809870.8 ns: (flash_ctrl_scoreboard.sv:811) uvm_test_top.env.scoreboard [uvm_test_top.env.scoreboard] ERASE ADDR:0x42368 scb_flash_data: 0xffffffff
UVM_INFO @ 2809870.8 ns: (flash_ctrl_scoreboard.sv:811) uvm_test_top.env.scoreboard [uvm_test_top.env.scoreboard] ERASE ADDR:0x4236c scb_flash_data: 0xffffffff
UVM_INFO @ 2809870.8 ns: (flash_ctrl_scoreboard.sv:811) uvm_test_top.env.scoreboard [uvm_test_top.env.scoreboard] ERASE ADDR:0x42370 scb_flash_data: 0xffffffff
UVM_INFO @ 2809870.8 ns: (flash_ctrl_scoreboard.sv:811) uvm_test_top.env.scoreboard [uvm_test_top.env.scoreboard] ERASE ADDR:0x42374 scb_flash_data: 0xffffffff
UVM_INFO @ 2809870.8 ns: (flash_ctrl_scoreboard.sv:811) uvm_test_top.env.scoreboard [uvm_test_top.env.scoreboard] ERASE ADDR:0x42378 scb_flash_data: 0xffffffff
UVM_INFO @ 2809870.8 ns: (flash_ctrl_scoreboard.sv:811) uvm_test_top.env.scoreboard [uvm_test_top.env.scoreboard] ERASE ADDR:0x4237c scb_flash_data: 0xffffffff
UVM_INFO @ 2809870.8 ns: (flash_ctrl_scoreboard.sv:811) uvm_test_top.env.scoreboard [uvm_test_top.env.scoreboard] ERASE ADDR:0x42380 scb_flash_data: 0xffffffff
UVM_INFO @ 2809870.8 ns: (flash_ctrl_scoreboard.sv:811) uvm_test_top.env.scoreboard [uvm_test_top.env.scoreboard] ERASE ADDR:0x42384 scb_flash_data: 0xffffffff
UVM_INFO @ 2809870.8 ns: (flash_ctrl_scoreboard.sv:811) uvm_test_top.env.scoreboard [uvm_test_top.env.scoreboard] ERASE ADDR:0x42388 scb_flash_data: 0xffffffff
UVM_INFO @ 2809870.8 ns: (flash_ctrl_scoreboard.sv:811) uvm_test_top.env.scoreboard [uvm_test_top.env.scoreboard] ERASE ADDR:0x4238c scb_flash_data: 0xffffffff
UVM_INFO @ 2809870.8 ns: (flash_ctrl_scoreboard.sv:811) uvm_test_top.env.scoreboard [uvm_test_top.env.scoreboard] ERASE ADDR:0x42390 scb_flash_data: 0xffffffff
UVM_INFO @ 2809870.8 ns: (flash_ctrl_scoreboard.sv:811) uvm_test_top.env.scoreboard [uvm_test_top.env.scoreboard] ERASE ADDR:0x42394 scb_flash_data: 0xffffffff
UVM_INFO @ 2809870.8 ns: (flash_ctrl_scoreboard.sv:811) uvm_test_top.env.scoreboard [uvm_test_top.env.scoreboard] ERASE ADDR:0x42398 scb_flash_data: 0xffffffff
UVM_INFO @ 2809870.8 ns: (flash_ctrl_scoreboard.sv:811) uvm_test_top.env.scoreboard [uvm_test_top.env.scoreboard] ERASE ADDR:0x4239c scb_flash_data: 0xffffffff
UVM_INFO @ 2809870.8 ns: (flash_ctrl_scoreboard.sv:811) uvm_test_top.env.scoreboard [uvm_test_top.env.scoreboard] ERASE ADDR:0x423a0 scb_flash_data: 0xffffffff
UVM_INFO @ 2809870.8 ns: (flash_ctrl_scoreboard.sv:811) uvm_test_top.env.scoreboard [uvm_test_top.env.scoreboard] ERASE ADDR:0x423a4 scb_flash_data: 0xffffffff
UVM_INFO @ 2809870.8 ns: (flash_ctrl_scoreboard.sv:811) uvm_test_top.env.scoreboard [uvm_test_top.env.scoreboard] ERASE ADDR:0x423a8 scb_flash_data: 0xffffffff
UVM_INFO @ 2809870.8 ns: (flash_ctrl_scoreboard.sv:811) uvm_test_top.env.scoreboard [uvm_test_top.env.scoreboard] ERASE ADDR:0x423ac scb_flash_data: 0xffffffff
UVM_INFO @ 2809870.8 ns: (flash_ctrl_scoreboard.sv:811) uvm_test_top.env.scoreboard [uvm_test_top.env.scoreboard] ERASE ADDR:0x423b0 scb_flash_data: 0xffffffff
UVM_INFO @ 2809870.8 ns: (flash_ctrl_scoreboard.sv:811) uvm_test_top.env.scoreboard [uvm_test_top.env.scoreboard] ERASE ADDR:0x423b4 scb_flash_data: 0xffffffff
UVM_INFO @ 2809870.8 ns: (flash_ctrl_scoreboard.sv:811) uvm_test_top.env.scoreboard [uvm_test_top.env.scoreboard] ERASE ADDR:0x423b8 scb_flash_data: 0xffffffff
UVM_INFO @ 2809870.8 ns: (flash_ctrl_scoreboard.sv:811) uvm_test_top.env.scoreboard [uvm_test_top.env.scoreboard] ERASE ADDR:0x423bc scb_flash_data: 0xffffffff
UVM_INFO @ 2809870.8 ns: (flash_ctrl_scoreboard.sv:811) uvm_test_top.env.scoreboard [uvm_test_top.env.scoreboard] ERASE ADDR:0x423c0 scb_flash_data: 0xffffffff
UVM_INFO @ 2809870.8 ns: (flash_ctrl_scoreboard.sv:811) uvm_test_top.env.scoreboard [uvm_test_top.env.scoreboard] ERASE ADDR:0x423c4 scb_flash_data: 0xffffffff
UVM_INFO @ 2809870.8 ns: (flash_ctrl_scoreboard.sv:811) uvm_test_top.env.scoreboard [uvm_test_top.env.scoreboard] ERASE ADDR:0x423c8 scb_flash_data: 0xffffffff
UVM_INFO @ 2809870.8 ns: (flash_ctrl_scoreboard.sv:811) uvm_test_top.env.scoreboard [uvm_test_top.env.scoreboard] ERASE ADDR:0x423cc scb_flash_data: 0xffffffff
UVM_INFO @ 2809870.8 ns: (flash_ctrl_scoreboard.sv:811) uvm_test_top.env.scoreboard [uvm_test_top.env.scoreboard] ERASE ADDR:0x423d0 scb_flash_data: 0xffffffff
UVM_INFO @ 2809870.8 ns: (flash_ctrl_scoreboard.sv:811) uvm_test_top.env.scoreboard [uvm_test_top.env.scoreboard] ERASE ADDR:0x423d4 scb_flash_data: 0xffffffff
UVM_INFO @ 2809870.8 ns: (flash_ctrl_scoreboard.sv:811) uvm_test_top.env.scoreboard [uvm_test_top.env.scoreboard] ERASE ADDR:0x423d8 scb_flash_data: 0xffffffff
UVM_INFO @ 2809870.8 ns: (flash_ctrl_scoreboard.sv:811) uvm_test_top.env.scoreboard [uvm_test_top.env.scoreboard] ERASE ADDR:0x423dc scb_flash_data: 0xffffffff
UVM_INFO @ 2809870.8 ns: (flash_ctrl_scoreboard.sv:811) uvm_test_top.env.scoreboard [uvm_test_top.env.scoreboard] ERASE ADDR:0x423e0 scb_flash_data: 0xffffffff
UVM_INFO @ 2809870.8 ns: (flash_ctrl_scoreboard.sv:811) uvm_test_top.env.scoreboard [uvm_test_top.env.scoreboard] ERASE ADDR:0x423e4 scb_flash_data: 0xffffffff
UVM_INFO @ 2809870.8 ns: (flash_ctrl_scoreboard.sv:811) uvm_test_top.env.scoreboard [uvm_test_top.env.scoreboard] ERASE ADDR:0x423e8 scb_flash_data: 0xffffffff
UVM_INFO @ 2809870.8 ns: (flash_ctrl_scoreboard.sv:811) uvm_test_top.env.scoreboard [uvm_test_top.env.scoreboard] ERASE ADDR:0x423ec scb_flash_data: 0xffffffff
UVM_INFO @ 2809870.8 ns: (flash_ctrl_scoreboard.sv:811) uvm_test_top.env.scoreboard [uvm_test_top.env.scoreboard] ERASE ADDR:0x423f0 scb_flash_data: 0xffffffff
UVM_INFO @ 2809870.8 ns: (flash_ctrl_scoreboard.sv:811) uvm_test_top.env.scoreboard [uvm_test_top.env.scoreboard] ERASE ADDR:0x423f4 scb_flash_data: 0xffffffff
UVM_INFO @ 2809870.8 ns: (flash_ctrl_scoreboard.sv:811) uvm_test_top.env.scoreboard [uvm_test_top.env.scoreboard] ERASE ADDR:0x423f8 scb_flash_data: 0xffffffff
UVM_INFO @ 2809870.8 ns: (flash_ctrl_scoreboard.sv:811) uvm_test_top.env.scoreboard [uvm_test_top.env.scoreboard] ERASE ADDR:0x423fc scb_flash_data: 0xffffffff
UVM_INFO @ 2809870.8 ns: (flash_ctrl_scoreboard.sv:811) uvm_test_top.env.scoreboard [uvm_test_top.env.scoreboard] ERASE ADDR:0x42400 scb_flash_data: 0xffffffff
UVM_INFO @ 2809870.8 ns: (flash_ctrl_scoreboard.sv:811) uvm_test_top.env.scoreboard [uvm_test_top.env.scoreboard] ERASE ADDR:0x42404 scb_flash_data: 0xffffffff
UVM_INFO @ 2809870.8 ns: (flash_ctrl_scoreboard.sv:811) uvm_test_top.env.scoreboard [uvm_test_top.env.scoreboard] ERASE ADDR:0x42408 scb_flash_data: 0xffffffff
UVM_INFO @ 2809870.8 ns: (flash_ctrl_scoreboard.sv:811) uvm_test_top.env.scoreboard [uvm_test_top.env.scoreboard] ERASE ADDR:0x4240c scb_flash_data: 0xffffffff
UVM_INFO @ 2809870.8 ns: (flash_ctrl_scoreboard.sv:811) uvm_test_top.env.scoreboard [uvm_test_top.env.scoreboard] ERASE ADDR:0x42410 scb_flash_data: 0xffffffff
UVM_INFO @ 2809870.8 ns: (flash_ctrl_scoreboard.sv:811) uvm_test_top.env.scoreboard [uvm_test_top.env.scoreboard] ERASE ADDR:0x42414 scb_flash_data: 0xffffffff
UVM_INFO @ 2809870.8 ns: (flash_ctrl_scoreboard.sv:811) uvm_test_top.env.scoreboard [uvm_test_top.env.scoreboard] ERASE ADDR:0x42418 scb_flash_data: 0xffffffff
UVM_INFO @ 2809870.8 ns: (flash_ctrl_scoreboard.sv:811) uvm_test_top.env.scoreboard [uvm_test_top.env.scoreboard] ERASE ADDR:0x4241c scb_flash_data: 0xffffffff
UVM_INFO @ 2809870.8 ns: (flash_ctrl_scoreboard.sv:811) uvm_test_top.env.scoreboard [uvm_test_top.env.scoreboard] ERASE ADDR:0x42420 scb_flash_data: 0xffffffff
UVM_INFO @ 2809870.8 ns: (flash_ctrl_scoreboard.sv:811) uvm_test_top.env.scoreboard [uvm_test_top.env.scoreboard] ERASE ADDR:0x42424 scb_flash_data: 0xffffffff
UVM_INFO @ 2809870.8 ns: (flash_ctrl_scoreboard.sv:811) uvm_test_top.env.scoreboard [uvm_test_top.env.scoreboard] ERASE ADDR:0x42428 scb_flash_data: 0xffffffff
UVM_INFO @ 2809870.8 ns: (flash_ctrl_scoreboard.sv:811) uvm_test_top.env.scoreboard [uvm_test_top.env.scoreboard] ERASE ADDR:0x4242c scb_flash_data: 0xffffffff
UVM_INFO @ 2809870.8 ns: (flash_ctrl_scoreboard.sv:811) uvm_test_top.env.scoreboard [uvm_test_top.env.scoreboard] ERASE ADDR:0x42430 scb_flash_data: 0xffffffff
UVM_INFO @ 2809870.8 ns: (flash_ctrl_scoreboard.sv:811) uvm_test_top.env.scoreboard [uvm_test_top.env.scoreboard] ERASE ADDR:0x42434 scb_flash_data: 0xffffffff
UVM_INFO @ 2809870.8 ns: (flash_ctrl_scoreboard.sv:811) uvm_test_top.env.scoreboard [uvm_test_top.env.scoreboard] ERASE ADDR:0x42438 scb_flash_data: 0xffffffff
UVM_INFO @ 2809870.8 ns: (flash_ctrl_scoreboard.sv:811) uvm_test_top.env.scoreboard [uvm_test_top.env.scoreboard] ERASE ADDR:0x4243c scb_flash_data: 0xffffffff
UVM_INFO @ 2809870.8 ns: (flash_ctrl_scoreboard.sv:811) uvm_test_top.env.scoreboard [uvm_test_top.env.scoreboard] ERASE ADDR:0x42440 scb_flash_data: 0xffffffff
UVM_INFO @ 2809870.8 ns: (flash_ctrl_scoreboard.sv:811) uvm_test_top.env.scoreboard [uvm_test_top.env.scoreboard] ERASE ADDR:0x42444 scb_flash_data: 0xffffffff
UVM_INFO @ 2809870.8 ns: (flash_ctrl_scoreboard.sv:811) uvm_test_top.env.scoreboard [uvm_test_top.env.scoreboard] ERASE ADDR:0x42448 scb_flash_data: 0xffffffff
UVM_INFO @ 2809870.8 ns: (flash_ctrl_scoreboard.sv:811) uvm_test_top.env.scoreboard [uvm_test_top.env.scoreboard] ERASE ADDR:0x4244c scb_flash_data: 0xffffffff
UVM_INFO @ 2809870.8 ns: (flash_ctrl_scoreboard.sv:811) uvm_test_top.env.scoreboard [uvm_test_top.env.scoreboard] ERASE ADDR:0x42450 scb_flash_data: 0xffffffff
UVM_INFO @ 2809870.8 ns: (flash_ctrl_scoreboard.sv:811) uvm_test_top.env.scoreboard [uvm_test_top.env.scoreboard] ERASE ADDR:0x42454 scb_flash_data: 0xffffffff
UVM_INFO @ 2809870.8 ns: (flash_ctrl_scoreboard.sv:811) uvm_test_top.env.scoreboard [uvm_test_top.env.scoreboard] ERASE ADDR:0x42458 scb_flash_data: 0xffffffff
UVM_INFO @ 2809870.8 ns: (flash_ctrl_scoreboard.sv:811) uvm_test_top.env.scoreboard [uvm_test_top.env.scoreboard] ERASE ADDR:0x4245c scb_flash_data: 0xffffffff
UVM_INFO @ 2809870.8 ns: (flash_ctrl_scoreboard.sv:811) uvm_test_top.env.scoreboard [uvm_test_top.env.scoreboard] ERASE ADDR:0x42460 scb_flash_data: 0xffffffff
UVM_INFO @ 2809870.8 ns: (flash_ctrl_scoreboard.sv:811) uvm_test_top.env.scoreboard [uvm_test_top.env.scoreboard] ERASE ADDR:0x42464 scb_flash_data: 0xffffffff
UVM_INFO @ 2809870.8 ns: (flash_ctrl_scoreboard.sv:811) uvm_test_top.env.scoreboard [uvm_test_top.env.scoreboard] ERASE ADDR:0x42468 scb_flash_data: 0xffffffff
UVM_INFO @ 2809870.8 ns: (flash_ctrl_scoreboard.sv:811) uvm_test_top.env.scoreboard [uvm_test_top.env.scoreboard] ERASE ADDR:0x4246c scb_flash_data: 0xffffffff
UVM_INFO @ 2809870.8 ns: (flash_ctrl_scoreboard.sv:811) uvm_test_top.env.scoreboard [uvm_test_top.env.scoreboard] ERASE ADDR:0x42470 scb_flash_data: 0xffffffff
UVM_INFO @ 2809870.8 ns: (flash_ctrl_scoreboard.sv:811) uvm_test_top.env.scoreboard [uvm_test_top.env.scoreboard] ERASE ADDR:0x42474 scb_flash_data: 0xffffffff
UVM_INFO @ 2809870.8 ns: (flash_ctrl_scoreboard.sv:811) uvm_test_top.env.scoreboard [uvm_test_top.env.scoreboard] ERASE ADDR:0x42478 scb_flash_data: 0xffffffff
UVM_INFO @ 2809870.8 ns: (flash_ctrl_scoreboard.sv:811) uvm_test_top.env.scoreboard [uvm_test_top.env.scoreboard] ERASE ADDR:0x4247c scb_flash_data: 0xffffffff
UVM_INFO @ 2809870.8 ns: (flash_ctrl_scoreboard.sv:811) uvm_test_top.env.scoreboard [uvm_test_top.env.scoreboard] ERASE ADDR:0x42480 scb_flash_data: 0xffffffff
UVM_INFO @ 2809870.8 ns: (flash_ctrl_scoreboard.sv:811) uvm_test_top.env.scoreboard [uvm_test_top.env.scoreboard] ERASE ADDR:0x42484 scb_flash_data: 0xffffffff
UVM_INFO @ 2809870.8 ns: (flash_ctrl_scoreboard.sv:811) uvm_test_top.env.scoreboard [uvm_test_top.env.scoreboard] ERASE ADDR:0x42488 scb_flash_data: 0xffffffff
UVM_INFO @ 2809870.8 ns: (flash_ctrl_scoreboard.sv:811) uvm_test_top.env.scoreboard [uvm_test_top.env.scoreboard] ERASE ADDR:0x4248c scb_flash_data: 0xffffffff
UVM_INFO @ 2809870.8 ns: (flash_ctrl_scoreboard.sv:811) uvm_test_top.env.scoreboard [uvm_test_top.env.scoreboard] ERASE ADDR:0x42490 scb_flash_data: 0xffffffff
UVM_INFO @ 2809870.8 ns: (flash_ctrl_scoreboard.sv:811) uvm_test_top.env.scoreboard [uvm_test_top.env.scoreboard] ERASE ADDR:0x42494 scb_flash_data: 0xffffffff
UVM_INFO @ 2809870.8 ns: (flash_ctrl_scoreboard.sv:811) uvm_test_top.env.scoreboard [uvm_test_top.env.scoreboard] ERASE ADDR:0x42498 scb_flash_data: 0xffffffff
UVM_INFO @ 2809870.8 ns: (flash_ctrl_scoreboard.sv:811) uvm_test_top.env.scoreboard [uvm_test_top.env.scoreboard] ERASE ADDR:0x4249c scb_flash_data: 0xffffffff
UVM_INFO @ 2809870.8 ns: (flash_ctrl_scoreboard.sv:811) uvm_test_top.env.scoreboard [uvm_test_top.env.scoreboard] ERASE ADDR:0x424a0 scb_flash_data: 0xffffffff
UVM_INFO @ 2809870.8 ns: (flash_ctrl_scoreboard.sv:811) uvm_test_top.env.scoreboard [uvm_test_top.env.scoreboard] ERASE ADDR:0x424a4 scb_flash_data: 0xffffffff
UVM_INFO @ 2809870.8 ns: (flash_ctrl_scoreboard.sv:811) uvm_test_top.env.scoreboard [uvm_test_top.env.scoreboard] ERASE ADDR:0x424a8 scb_flash_data: 0xffffffff
UVM_INFO @ 2809870.8 ns: (flash_ctrl_scoreboard.sv:811) uvm_test_top.env.scoreboard [uvm_test_top.env.scoreboard] ERASE ADDR:0x424ac scb_flash_data: 0xffffffff
UVM_INFO @ 2809870.8 ns: (flash_ctrl_scoreboard.sv:811) uvm_test_top.env.scoreboard [uvm_test_top.env.scoreboard] ERASE ADDR:0x424b0 scb_flash_data: 0xffffffff
UVM_INFO @ 2809870.8 ns: (flash_ctrl_scoreboard.sv:811) uvm_test_top.env.scoreboard [uvm_test_top.env.scoreboard] ERASE ADDR:0x424b4 scb_flash_data: 0xffffffff
UVM_INFO @ 2809870.8 ns: (flash_ctrl_scoreboard.sv:811) uvm_test_top.env.scoreboard [uvm_test_top.env.scoreboard] ERASE ADDR:0x424b8 scb_flash_data: 0xffffffff
UVM_INFO @ 2809870.8 ns: (flash_ctrl_scoreboard.sv:811) uvm_test_top.env.scoreboard [uvm_test_top.env.scoreboard] ERASE ADDR:0x424bc scb_flash_data: 0xffffffff
UVM_INFO @ 2809870.8 ns: (flash_ctrl_scoreboard.sv:811) uvm_test_top.env.scoreboard [uvm_test_top.env.scoreboard] ERASE ADDR:0x424c0 scb_flash_data: 0xffffffff
UVM_INFO @ 2809870.8 ns: (flash_ctrl_scoreboard.sv:811) uvm_test_top.env.scoreboard [uvm_test_top.env.scoreboard] ERASE ADDR:0x424c4 scb_flash_data: 0xffffffff
UVM_INFO @ 2809870.8 ns: (flash_ctrl_scoreboard.sv:811) uvm_test_top.env.scoreboard [uvm_test_top.env.scoreboard] ERASE ADDR:0x424c8 scb_flash_data: 0xffffffff
UVM_INFO @ 2809870.8 ns: (flash_ctrl_scoreboard.sv:811) uvm_test_top.env.scoreboard [uvm_test_top.env.scoreboard] ERASE ADDR:0x424cc scb_flash_data: 0xffffffff
UVM_INFO @ 2809870.8 ns: (flash_ctrl_scoreboard.sv:811) uvm_test_top.env.scoreboard [uvm_test_top.env.scoreboard] ERASE ADDR:0x424d0 scb_flash_data: 0xffffffff
UVM_INFO @ 2809870.8 ns: (flash_ctrl_scoreboard.sv:811) uvm_test_top.env.scoreboard [uvm_test_top.env.scoreboard] ERASE ADDR:0x424d4 scb_flash_data: 0xffffffff
UVM_INFO @ 2809870.8 ns: (flash_ctrl_scoreboard.sv:811) uvm_test_top.env.scoreboard [uvm_test_top.env.scoreboard] ERASE ADDR:0x424d8 scb_flash_data: 0xffffffff
UVM_INFO @ 2809870.8 ns: (flash_ctrl_scoreboard.sv:811) uvm_test_top.env.scoreboard [uvm_test_top.env.scoreboard] ERASE ADDR:0x424dc scb_flash_data: 0xffffffff
UVM_INFO @ 2809870.8 ns: (flash_ctrl_scoreboard.sv:811) uvm_test_top.env.scoreboard [uvm_test_top.env.scoreboard] ERASE ADDR:0x424e0 scb_flash_data: 0xffffffff
UVM_INFO @ 2809870.8 ns: (flash_ctrl_scoreboard.sv:811) uvm_test_top.env.scoreboard [uvm_test_top.env.scoreboard] ERASE ADDR:0x424e4 scb_flash_data: 0xffffffff
UVM_INFO @ 2809870.8 ns: (flash_ctrl_scoreboard.sv:811) uvm_test_top.env.scoreboard [uvm_test_top.env.scoreboard] ERASE ADDR:0x424e8 scb_flash_data: 0xffffffff
UVM_INFO @ 2809870.8 ns: (flash_ctrl_scoreboard.sv:811) uvm_test_top.env.scoreboard [uvm_test_top.env.scoreboard] ERASE ADDR:0x424ec scb_flash_data: 0xffffffff
UVM_INFO @ 2809870.8 ns: (flash_ctrl_scoreboard.sv:811) uvm_test_top.env.scoreboard [uvm_test_top.env.scoreboard] ERASE ADDR:0x424f0 scb_flash_data: 0xffffffff
UVM_INFO @ 2809870.8 ns: (flash_ctrl_scoreboard.sv:811) uvm_test_top.env.scoreboard [uvm_test_top.env.scoreboard] ERASE ADDR:0x424f4 scb_flash_data: 0xffffffff
UVM_INFO @ 2809870.8 ns: (flash_ctrl_scoreboard.sv:811) uvm_test_top.env.scoreboard [uvm_test_top.env.scoreboard] ERASE ADDR:0x424f8 scb_flash_data: 0xffffffff
UVM_INFO @ 2809870.8 ns: (flash_ctrl_scoreboard.sv:811) uvm_test_top.env.scoreboard [uvm_test_top.env.scoreboard] ERASE ADDR:0x424fc scb_flash_data: 0xffffffff
UVM_INFO @ 2809870.8 ns: (flash_ctrl_scoreboard.sv:811) uvm_test_top.env.scoreboard [uvm_test_top.env.scoreboard] ERASE ADDR:0x42500 scb_flash_data: 0xffffffff
UVM_INFO @ 2809870.8 ns: (flash_ctrl_scoreboard.sv:811) uvm_test_top.env.scoreboard [uvm_test_top.env.scoreboard] ERASE ADDR:0x42504 scb_flash_data: 0xffffffff
UVM_INFO @ 2809870.8 ns: (flash_ctrl_scoreboard.sv:811) uvm_test_top.env.scoreboard [uvm_test_top.env.scoreboard] ERASE ADDR:0x42508 scb_flash_data: 0xffffffff
UVM_INFO @ 2809870.8 ns: (flash_ctrl_scoreboard.sv:811) uvm_test_top.env.scoreboard [uvm_test_top.env.scoreboard] ERASE ADDR:0x4250c scb_flash_data: 0xffffffff
UVM_INFO @ 2809870.8 ns: (flash_ctrl_scoreboard.sv:811) uvm_test_top.env.scoreboard [uvm_test_top.env.scoreboard] ERASE ADDR:0x42510 scb_flash_data: 0xffffffff
UVM_INFO @ 2809870.8 ns: (flash_ctrl_scoreboard.sv:811) uvm_test_top.env.scoreboard [uvm_test_top.env.scoreboard] ERASE ADDR:0x42514 scb_flash_data: 0xffffffff
UVM_INFO @ 2809870.8 ns: (flash_ctrl_scoreboard.sv:811) uvm_test_top.env.scoreboard [uvm_test_top.env.scoreboard] ERASE ADDR:0x42518 scb_flash_data: 0xffffffff
UVM_INFO @ 2809870.8 ns: (flash_ctrl_scoreboard.sv:811) uvm_test_top.env.scoreboard [uvm_test_top.env.scoreboard] ERASE ADDR:0x4251c scb_flash_data: 0xffffffff
UVM_INFO @ 2809870.8 ns: (flash_ctrl_scoreboard.sv:811) uvm_test_top.env.scoreboard [uvm_test_top.env.scoreboard] ERASE ADDR:0x42520 scb_flash_data: 0xffffffff
UVM_INFO @ 2809870.8 ns: (flash_ctrl_scoreboard.sv:811) uvm_test_top.env.scoreboard [uvm_test_top.env.scoreboard] ERASE ADDR:0x42524 scb_flash_data: 0xffffffff
UVM_INFO @ 2809870.8 ns: (flash_ctrl_scoreboard.sv:811) uvm_test_top.env.scoreboard [uvm_test_top.env.scoreboard] ERASE ADDR:0x42528 scb_flash_data: 0xffffffff
UVM_INFO @ 2809870.8 ns: (flash_ctrl_scoreboard.sv:811) uvm_test_top.env.scoreboard [uvm_test_top.env.scoreboard] ERASE ADDR:0x4252c scb_flash_data: 0xffffffff
UVM_INFO @ 2809870.8 ns: (flash_ctrl_scoreboard.sv:811) uvm_test_top.env.scoreboard [uvm_test_top.env.scoreboard] ERASE ADDR:0x42530 scb_flash_data: 0xffffffff
UVM_INFO @ 2809870.8 ns: (flash_ctrl_scoreboard.sv:811) uvm_test_top.env.scoreboard [uvm_test_top.env.scoreboard] ERASE ADDR:0x42534 scb_flash_data: 0xffffffff
UVM_INFO @ 2809870.8 ns: (flash_ctrl_scoreboard.sv:811) uvm_test_top.env.scoreboard [uvm_test_top.env.scoreboard] ERASE ADDR:0x42538 scb_flash_data: 0xffffffff
UVM_INFO @ 2809870.8 ns: (flash_ctrl_scoreboard.sv:811) uvm_test_top.env.scoreboard [uvm_test_top.env.scoreboard] ERASE ADDR:0x4253c scb_flash_data: 0xffffffff
UVM_INFO @ 2809870.8 ns: (flash_ctrl_scoreboard.sv:811) uvm_test_top.env.scoreboard [uvm_test_top.env.scoreboard] ERASE ADDR:0x42540 scb_flash_data: 0xffffffff
UVM_INFO @ 2809870.8 ns: (flash_ctrl_scoreboard.sv:811) uvm_test_top.env.scoreboard [uvm_test_top.env.scoreboard] ERASE ADDR:0x42544 scb_flash_data: 0xffffffff
UVM_INFO @ 2809870.8 ns: (flash_ctrl_scoreboard.sv:811) uvm_test_top.env.scoreboard [uvm_test_top.env.scoreboard] ERASE ADDR:0x42548 scb_flash_data: 0xffffffff
UVM_INFO @ 2809870.8 ns: (flash_ctrl_scoreboard.sv:811) uvm_test_top.env.scoreboard [uvm_test_top.env.scoreboard] ERASE ADDR:0x4254c scb_flash_data: 0xffffffff
UVM_INFO @ 2809870.8 ns: (flash_ctrl_scoreboard.sv:811) uvm_test_top.env.scoreboard [uvm_test_top.env.scoreboard] ERASE ADDR:0x42550 scb_flash_data: 0xffffffff
UVM_INFO @ 2809870.8 ns: (flash_ctrl_scoreboard.sv:811) uvm_test_top.env.scoreboard [uvm_test_top.env.scoreboard] ERASE ADDR:0x42554 scb_flash_data: 0xffffffff
UVM_INFO @ 2809870.8 ns: (flash_ctrl_scoreboard.sv:811) uvm_test_top.env.scoreboard [uvm_test_top.env.scoreboard] ERASE ADDR:0x42558 scb_flash_data: 0xffffffff
UVM_INFO @ 2809870.8 ns: (flash_ctrl_scoreboard.sv:811) uvm_test_top.env.scoreboard [uvm_test_top.env.scoreboard] ERASE ADDR:0x4255c scb_flash_data: 0xffffffff
UVM_INFO @ 2809870.8 ns: (flash_ctrl_scoreboard.sv:811) uvm_test_top.env.scoreboard [uvm_test_top.env.scoreboard] ERASE ADDR:0x42560 scb_flash_data: 0xffffffff
UVM_INFO @ 2809870.8 ns: (flash_ctrl_scoreboard.sv:811) uvm_test_top.env.scoreboard [uvm_test_top.env.scoreboard] ERASE ADDR:0x42564 scb_flash_data: 0xffffffff
UVM_INFO @ 2809870.8 ns: (flash_ctrl_scoreboard.sv:811) uvm_test_top.env.scoreboard [uvm_test_top.env.scoreboard] ERASE ADDR:0x42568 scb_flash_data: 0xffffffff
UVM_INFO @ 2809870.8 ns: (flash_ctrl_scoreboard.sv:811) uvm_test_top.env.scoreboard [uvm_test_top.env.scoreboard] ERASE ADDR:0x4256c scb_flash_data: 0xffffffff
UVM_INFO @ 2809870.8 ns: (flash_ctrl_scoreboard.sv:811) uvm_test_top.env.scoreboard [uvm_test_top.env.scoreboard] ERASE ADDR:0x42570 scb_flash_data: 0xffffffff
UVM_INFO @ 2809870.8 ns: (flash_ctrl_scoreboard.sv:811) uvm_test_top.env.scoreboard [uvm_test_top.env.scoreboard] ERASE ADDR:0x42574 scb_flash_data: 0xffffffff
UVM_INFO @ 2809870.8 ns: (flash_ctrl_scoreboard.sv:811) uvm_test_top.env.scoreboard [uvm_test_top.env.scoreboard] ERASE ADDR:0x42578 scb_flash_data: 0xffffffff
UVM_INFO @ 2809870.8 ns: (flash_ctrl_scoreboard.sv:811) uvm_test_top.env.scoreboard [uvm_test_top.env.scoreboard] ERASE ADDR:0x4257c scb_flash_data: 0xffffffff
UVM_INFO @ 2809870.8 ns: (flash_ctrl_scoreboard.sv:811) uvm_test_top.env.scoreboard [uvm_test_top.env.scoreboard] ERASE ADDR:0x42580 scb_flash_data: 0xffffffff
UVM_INFO @ 2809870.8 ns: (flash_ctrl_scoreboard.sv:811) uvm_test_top.env.scoreboard [uvm_test_top.env.scoreboard] ERASE ADDR:0x42584 scb_flash_data: 0xffffffff
UVM_INFO @ 2809870.8 ns: (flash_ctrl_scoreboard.sv:811) uvm_test_top.env.scoreboard [uvm_test_top.env.scoreboard] ERASE ADDR:0x42588 scb_flash_data: 0xffffffff
UVM_INFO @ 2809870.8 ns: (flash_ctrl_scoreboard.sv:811) uvm_test_top.env.scoreboard [uvm_test_top.env.scoreboard] ERASE ADDR:0x4258c scb_flash_data: 0xffffffff
UVM_INFO @ 2809870.8 ns: (flash_ctrl_scoreboard.sv:811) uvm_test_top.env.scoreboard [uvm_test_top.env.scoreboard] ERASE ADDR:0x42590 scb_flash_data: 0xffffffff
UVM_INFO @ 2809870.8 ns: (flash_ctrl_scoreboard.sv:811) uvm_test_top.env.scoreboard [uvm_test_top.env.scoreboard] ERASE ADDR:0x42594 scb_flash_data: 0xffffffff
UVM_INFO @ 2809870.8 ns: (flash_ctrl_scoreboard.sv:811) uvm_test_top.env.scoreboard [uvm_test_top.env.scoreboard] ERASE ADDR:0x42598 scb_flash_data: 0xffffffff
UVM_INFO @ 2809870.8 ns: (flash_ctrl_scoreboard.sv:811) uvm_test_top.env.scoreboard [uvm_test_top.env.scoreboard] ERASE ADDR:0x4259c scb_flash_data: 0xffffffff
UVM_INFO @ 2809870.8 ns: (flash_ctrl_scoreboard.sv:811) uvm_test_top.env.scoreboard [uvm_test_top.env.scoreboard] ERASE ADDR:0x425a0 scb_flash_data: 0xffffffff
UVM_INFO @ 2809870.8 ns: (flash_ctrl_scoreboard.sv:811) uvm_test_top.env.scoreboard [uvm_test_top.env.scoreboard] ERASE ADDR:0x425a4 scb_flash_data: 0xffffffff
UVM_INFO @ 2809870.8 ns: (flash_ctrl_scoreboard.sv:811) uvm_test_top.env.scoreboard [uvm_test_top.env.scoreboard] ERASE ADDR:0x425a8 scb_flash_data: 0xffffffff
UVM_INFO @ 2809870.8 ns: (flash_ctrl_scoreboard.sv:811) uvm_test_top.env.scoreboard [uvm_test_top.env.scoreboard] ERASE ADDR:0x425ac scb_flash_data: 0xffffffff
UVM_INFO @ 2809870.8 ns: (flash_ctrl_scoreboard.sv:811) uvm_test_top.env.scoreboard [uvm_test_top.env.scoreboard] ERASE ADDR:0x425b0 scb_flash_data: 0xffffffff
UVM_INFO @ 2809870.8 ns: (flash_ctrl_scoreboard.sv:811) uvm_test_top.env.scoreboard [uvm_test_top.env.scoreboard] ERASE ADDR:0x425b4 scb_flash_data: 0xffffffff
UVM_INFO @ 2809870.8 ns: (flash_ctrl_scoreboard.sv:811) uvm_test_top.env.scoreboard [uvm_test_top.env.scoreboard] ERASE ADDR:0x425b8 scb_flash_data: 0xffffffff
UVM_INFO @ 2809870.8 ns: (flash_ctrl_scoreboard.sv:811) uvm_test_top.env.scoreboard [uvm_test_top.env.scoreboard] ERASE ADDR:0x425bc scb_flash_data: 0xffffffff
UVM_INFO @ 2809870.8 ns: (flash_ctrl_scoreboard.sv:811) uvm_test_top.env.scoreboard [uvm_test_top.env.scoreboard] ERASE ADDR:0x425c0 scb_flash_data: 0xffffffff
UVM_INFO @ 2809870.8 ns: (flash_ctrl_scoreboard.sv:811) uvm_test_top.env.scoreboard [uvm_test_top.env.scoreboard] ERASE ADDR:0x425c4 scb_flash_data: 0xffffffff
UVM_INFO @ 2809870.8 ns: (flash_ctrl_scoreboard.sv:811) uvm_test_top.env.scoreboard [uvm_test_top.env.scoreboard] ERASE ADDR:0x425c8 scb_flash_data: 0xffffffff
UVM_INFO @ 2809870.8 ns: (flash_ctrl_scoreboard.sv:811) uvm_test_top.env.scoreboard [uvm_test_top.env.scoreboard] ERASE ADDR:0x425cc scb_flash_data: 0xffffffff
UVM_INFO @ 2809870.8 ns: (flash_ctrl_scoreboard.sv:811) uvm_test_top.env.scoreboard [uvm_test_top.env.scoreboard] ERASE ADDR:0x425d0 scb_flash_data: 0xffffffff
UVM_INFO @ 2809870.8 ns: (flash_ctrl_scoreboard.sv:811) uvm_test_top.env.scoreboard [uvm_test_top.env.scoreboard] ERASE ADDR:0x425d4 scb_flash_data: 0xffffffff
UVM_INFO @ 2809870.8 ns: (flash_ctrl_scoreboard.sv:811) uvm_test_top.env.scoreboard [uvm_test_top.env.scoreboard] ERASE ADDR:0x425d8 scb_flash_data: 0xffffffff
UVM_INFO @ 2809870.8 ns: (flash_ctrl_scoreboard.sv:811) uvm_test_top.env.scoreboard [uvm_test_top.env.scoreboard] ERASE ADDR:0x425dc scb_flash_data: 0xffffffff
UVM_INFO @ 2809870.8 ns: (flash_ctrl_scoreboard.sv:811) uvm_test_top.env.scoreboard [uvm_test_top.env.scoreboard] ERASE ADDR:0x425e0 scb_flash_data: 0xffffffff
UVM_INFO @ 2809870.8 ns: (flash_ctrl_scoreboard.sv:811) uvm_test_top.env.scoreboard [uvm_test_top.env.scoreboard] ERASE ADDR:0x425e4 scb_flash_data: 0xffffffff
UVM_INFO @ 2809870.8 ns: (flash_ctrl_scoreboard.sv:811) uvm_test_top.env.scoreboard [uvm_test_top.env.scoreboard] ERASE ADDR:0x425e8 scb_flash_data: 0xffffffff
UVM_INFO @ 2809870.8 ns: (flash_ctrl_scoreboard.sv:811) uvm_test_top.env.scoreboard [uvm_test_top.env.scoreboard] ERASE ADDR:0x425ec scb_flash_data: 0xffffffff
UVM_INFO @ 2809870.8 ns: (flash_ctrl_scoreboard.sv:811) uvm_test_top.env.scoreboard [uvm_test_top.env.scoreboard] ERASE ADDR:0x425f0 scb_flash_data: 0xffffffff
UVM_INFO @ 2809870.8 ns: (flash_ctrl_scoreboard.sv:811) uvm_test_top.env.scoreboard [uvm_test_top.env.scoreboard] ERASE ADDR:0x425f4 scb_flash_data: 0xffffffff
UVM_INFO @ 2809870.8 ns: (flash_ctrl_scoreboard.sv:811) uvm_test_top.env.scoreboard [uvm_test_top.env.scoreboard] ERASE ADDR:0x425f8 scb_flash_data: 0xffffffff
UVM_INFO @ 2809870.8 ns: (flash_ctrl_scoreboard.sv:811) uvm_test_top.env.scoreboard [uvm_test_top.env.scoreboard] ERASE ADDR:0x425fc scb_flash_data: 0xffffffff
UVM_INFO @ 2809870.8 ns: (flash_ctrl_scoreboard.sv:811) uvm_test_top.env.scoreboard [uvm_test_top.env.scoreboard] ERASE ADDR:0x42600 scb_flash_data: 0xffffffff
UVM_INFO @ 2809870.8 ns: (flash_ctrl_scoreboard.sv:811) uvm_test_top.env.scoreboard [uvm_test_top.env.scoreboard] ERASE ADDR:0x42604 scb_flash_data: 0xffffffff
UVM_INFO @ 2809870.8 ns: (flash_ctrl_scoreboard.sv:811) uvm_test_top.env.scoreboard [uvm_test_top.env.scoreboard] ERASE ADDR:0x42608 scb_flash_data: 0xffffffff
UVM_INFO @ 2809870.8 ns: (flash_ctrl_scoreboard.sv:811) uvm_test_top.env.scoreboard [uvm_test_top.env.scoreboard] ERASE ADDR:0x4260c scb_flash_data: 0xffffffff
UVM_INFO @ 2809870.8 ns: (flash_ctrl_scoreboard.sv:811) uvm_test_top.env.scoreboard [uvm_test_top.env.scoreboard] ERASE ADDR:0x42610 scb_flash_data: 0xffffffff
UVM_INFO @ 2809870.8 ns: (flash_ctrl_scoreboard.sv:811) uvm_test_top.env.scoreboard [uvm_test_top.env.scoreboard] ERASE ADDR:0x42614 scb_flash_data: 0xffffffff
UVM_INFO @ 2809870.8 ns: (flash_ctrl_scoreboard.sv:811) uvm_test_top.env.scoreboard [uvm_test_top.env.scoreboard] ERASE ADDR:0x42618 scb_flash_data: 0xffffffff
UVM_INFO @ 2809870.8 ns: (flash_ctrl_scoreboard.sv:811) uvm_test_top.env.scoreboard [uvm_test_top.env.scoreboard] ERASE ADDR:0x4261c scb_flash_data: 0xffffffff
UVM_INFO @ 2809870.8 ns: (flash_ctrl_scoreboard.sv:811) uvm_test_top.env.scoreboard [uvm_test_top.env.scoreboard] ERASE ADDR:0x42620 scb_flash_data: 0xffffffff
UVM_INFO @ 2809870.8 ns: (flash_ctrl_scoreboard.sv:811) uvm_test_top.env.scoreboard [uvm_test_top.env.scoreboard] ERASE ADDR:0x42624 scb_flash_data: 0xffffffff
UVM_INFO @ 2809870.8 ns: (flash_ctrl_scoreboard.sv:811) uvm_test_top.env.scoreboard [uvm_test_top.env.scoreboard] ERASE ADDR:0x42628 scb_flash_data: 0xffffffff
UVM_INFO @ 2809870.8 ns: (flash_ctrl_scoreboard.sv:811) uvm_test_top.env.scoreboard [uvm_test_top.env.scoreboard] ERASE ADDR:0x4262c scb_flash_data: 0xffffffff
UVM_INFO @ 2809870.8 ns: (flash_ctrl_scoreboard.sv:811) uvm_test_top.env.scoreboard [uvm_test_top.env.scoreboard] ERASE ADDR:0x42630 scb_flash_data: 0xffffffff
UVM_INFO @ 2809870.8 ns: (flash_ctrl_scoreboard.sv:811) uvm_test_top.env.scoreboard [uvm_test_top.env.scoreboard] ERASE ADDR:0x42634 scb_flash_data: 0xffffffff
UVM_INFO @ 2809870.8 ns: (flash_ctrl_scoreboard.sv:811) uvm_test_top.env.scoreboard [uvm_test_top.env.scoreboard] ERASE ADDR:0x42638 scb_flash_data: 0xffffffff
UVM_INFO @ 2809870.8 ns: (flash_ctrl_scoreboard.sv:811) uvm_test_top.env.scoreboard [uvm_test_top.env.scoreboard] ERASE ADDR:0x4263c scb_flash_data: 0xffffffff
UVM_INFO @ 2809870.8 ns: (flash_ctrl_scoreboard.sv:811) uvm_test_top.env.scoreboard [uvm_test_top.env.scoreboard] ERASE ADDR:0x42640 scb_flash_data: 0xffffffff
UVM_INFO @ 2809870.8 ns: (flash_ctrl_scoreboard.sv:811) uvm_test_top.env.scoreboard [uvm_test_top.env.scoreboard] ERASE ADDR:0x42644 scb_flash_data: 0xffffffff
UVM_INFO @ 2809870.8 ns: (flash_ctrl_scoreboard.sv:811) uvm_test_top.env.scoreboard [uvm_test_top.env.scoreboard] ERASE ADDR:0x42648 scb_flash_data: 0xffffffff
UVM_INFO @ 2809870.8 ns: (flash_ctrl_scoreboard.sv:811) uvm_test_top.env.scoreboard [uvm_test_top.env.scoreboard] ERASE ADDR:0x4264c scb_flash_data: 0xffffffff
UVM_INFO @ 2809870.8 ns: (flash_ctrl_scoreboard.sv:811) uvm_test_top.env.scoreboard [uvm_test_top.env.scoreboard] ERASE ADDR:0x42650 scb_flash_data: 0xffffffff
UVM_INFO @ 2809870.8 ns: (flash_ctrl_scoreboard.sv:811) uvm_test_top.env.scoreboard [uvm_test_top.env.scoreboard] ERASE ADDR:0x42654 scb_flash_data: 0xffffffff
UVM_INFO @ 2809870.8 ns: (flash_ctrl_scoreboard.sv:811) uvm_test_top.env.scoreboard [uvm_test_top.env.scoreboard] ERASE ADDR:0x42658 scb_flash_data: 0xffffffff
UVM_INFO @ 2809870.8 ns: (flash_ctrl_scoreboard.sv:811) uvm_test_top.env.scoreboard [uvm_test_top.env.scoreboard] ERASE ADDR:0x4265c scb_flash_data: 0xffffffff
UVM_INFO @ 2809870.8 ns: (flash_ctrl_scoreboard.sv:811) uvm_test_top.env.scoreboard [uvm_test_top.env.scoreboard] ERASE ADDR:0x42660 scb_flash_data: 0xffffffff
UVM_INFO @ 2809870.8 ns: (flash_ctrl_scoreboard.sv:811) uvm_test_top.env.scoreboard [uvm_test_top.env.scoreboard] ERASE ADDR:0x42664 scb_flash_data: 0xffffffff
UVM_INFO @ 2809870.8 ns: (flash_ctrl_scoreboard.sv:811) uvm_test_top.env.scoreboard [uvm_test_top.env.scoreboard] ERASE ADDR:0x42668 scb_flash_data: 0xffffffff
UVM_INFO @ 2809870.8 ns: (flash_ctrl_scoreboard.sv:811) uvm_test_top.env.scoreboard [uvm_test_top.env.scoreboard] ERASE ADDR:0x4266c scb_flash_data: 0xffffffff
UVM_INFO @ 2809870.8 ns: (flash_ctrl_scoreboard.sv:811) uvm_test_top.env.scoreboard [uvm_test_top.env.scoreboard] ERASE ADDR:0x42670 scb_flash_data: 0xffffffff
UVM_INFO @ 2809870.8 ns: (flash_ctrl_scoreboard.sv:811) uvm_test_top.env.scoreboard [uvm_test_top.env.scoreboard] ERASE ADDR:0x42674 scb_flash_data: 0xffffffff
UVM_INFO @ 2809870.8 ns: (flash_ctrl_scoreboard.sv:811) uvm_test_top.env.scoreboard [uvm_test_top.env.scoreboard] ERASE ADDR:0x42678 scb_flash_data: 0xffffffff
UVM_INFO @ 2809870.8 ns: (flash_ctrl_scoreboard.sv:811) uvm_test_top.env.scoreboard [uvm_test_top.env.scoreboard] ERASE ADDR:0x4267c scb_flash_data: 0xffffffff
UVM_INFO @ 2809870.8 ns: (flash_ctrl_scoreboard.sv:811) uvm_test_top.env.scoreboard [uvm_test_top.env.scoreboard] ERASE ADDR:0x42680 scb_flash_data: 0xffffffff
UVM_INFO @ 2809870.8 ns: (flash_ctrl_scoreboard.sv:811) uvm_test_top.env.scoreboard [uvm_test_top.env.scoreboard] ERASE ADDR:0x42684 scb_flash_data: 0xffffffff
UVM_INFO @ 2809870.8 ns: (flash_ctrl_scoreboard.sv:811) uvm_test_top.env.scoreboard [uvm_test_top.env.scoreboard] ERASE ADDR:0x42688 scb_flash_data: 0xffffffff
UVM_INFO @ 2809870.8 ns: (flash_ctrl_scoreboard.sv:811) uvm_test_top.env.scoreboard [uvm_test_top.env.scoreboard] ERASE ADDR:0x4268c scb_flash_data: 0xffffffff
UVM_INFO @ 2809870.8 ns: (flash_ctrl_scoreboard.sv:811) uvm_test_top.env.scoreboard [uvm_test_top.env.scoreboard] ERASE ADDR:0x42690 scb_flash_data: 0xffffffff
UVM_INFO @ 2809870.8 ns: (flash_ctrl_scoreboard.sv:811) uvm_test_top.env.scoreboard [uvm_test_top.env.scoreboard] ERASE ADDR:0x42694 scb_flash_data: 0xffffffff
UVM_INFO @ 2809870.8 ns: (flash_ctrl_scoreboard.sv:811) uvm_test_top.env.scoreboard [uvm_test_top.env.scoreboard] ERASE ADDR:0x42698 scb_flash_data: 0xffffffff
UVM_INFO @ 2809870.8 ns: (flash_ctrl_scoreboard.sv:811) uvm_test_top.env.scoreboard [uvm_test_top.env.scoreboard] ERASE ADDR:0x4269c scb_flash_data: 0xffffffff
UVM_INFO @ 2809870.8 ns: (flash_ctrl_scoreboard.sv:811) uvm_test_top.env.scoreboard [uvm_test_top.env.scoreboard] ERASE ADDR:0x426a0 scb_flash_data: 0xffffffff
UVM_INFO @ 2809870.8 ns: (flash_ctrl_scoreboard.sv:811) uvm_test_top.env.scoreboard [uvm_test_top.env.scoreboard] ERASE ADDR:0x426a4 scb_flash_data: 0xffffffff
UVM_INFO @ 2809870.8 ns: (flash_ctrl_scoreboard.sv:811) uvm_test_top.env.scoreboard [uvm_test_top.env.scoreboard] ERASE ADDR:0x426a8 scb_flash_data: 0xffffffff
UVM_INFO @ 2809870.8 ns: (flash_ctrl_scoreboard.sv:811) uvm_test_top.env.scoreboard [uvm_test_top.env.scoreboard] ERASE ADDR:0x426ac scb_flash_data: 0xffffffff
UVM_INFO @ 2809870.8 ns: (flash_ctrl_scoreboard.sv:811) uvm_test_top.env.scoreboard [uvm_test_top.env.scoreboard] ERASE ADDR:0x426b0 scb_flash_data: 0xffffffff
UVM_INFO @ 2809870.8 ns: (flash_ctrl_scoreboard.sv:811) uvm_test_top.env.scoreboard [uvm_test_top.env.scoreboard] ERASE ADDR:0x426b4 scb_flash_data: 0xffffffff
UVM_INFO @ 2809870.8 ns: (flash_ctrl_scoreboard.sv:811) uvm_test_top.env.scoreboard [uvm_test_top.env.scoreboard] ERASE ADDR:0x426b8 scb_flash_data: 0xffffffff
UVM_INFO @ 2809870.8 ns: (flash_ctrl_scoreboard.sv:811) uvm_test_top.env.scoreboard [uvm_test_top.env.scoreboard] ERASE ADDR:0x426bc scb_flash_data: 0xffffffff
UVM_INFO @ 2809870.8 ns: (flash_ctrl_scoreboard.sv:811) uvm_test_top.env.scoreboard [uvm_test_top.env.scoreboard] ERASE ADDR:0x426c0 scb_flash_data: 0xffffffff
UVM_INFO @ 2809870.8 ns: (flash_ctrl_scoreboard.sv:811) uvm_test_top.env.scoreboard [uvm_test_top.env.scoreboard] ERASE ADDR:0x426c4 scb_flash_data: 0xffffffff
UVM_INFO @ 2809870.8 ns: (flash_ctrl_scoreboard.sv:811) uvm_test_top.env.scoreboard [uvm_test_top.env.scoreboard] ERASE ADDR:0x426c8 scb_flash_data: 0xffffffff
UVM_INFO @ 2809870.8 ns: (flash_ctrl_scoreboard.sv:811) uvm_test_top.env.scoreboard [uvm_test_top.env.scoreboard] ERASE ADDR:0x426cc scb_flash_data: 0xffffffff
UVM_INFO @ 2809870.8 ns: (flash_ctrl_scoreboard.sv:811) uvm_test_top.env.scoreboard [uvm_test_top.env.scoreboard] ERASE ADDR:0x426d0 scb_flash_data: 0xffffffff
UVM_INFO @ 2809870.8 ns: (flash_ctrl_scoreboard.sv:811) uvm_test_top.env.scoreboard [uvm_test_top.env.scoreboard] ERASE ADDR:0x426d4 scb_flash_data: 0xffffffff
UVM_INFO @ 2809870.8 ns: (flash_ctrl_scoreboard.sv:811) uvm_test_top.env.scoreboard [uvm_test_top.env.scoreboard] ERASE ADDR:0x426d8 scb_flash_data: 0xffffffff
UVM_INFO @ 2809870.8 ns: (flash_ctrl_scoreboard.sv:811) uvm_test_top.env.scoreboard [uvm_test_top.env.scoreboard] ERASE ADDR:0x426dc scb_flash_data: 0xffffffff
UVM_INFO @ 2809870.8 ns: (flash_ctrl_scoreboard.sv:811) uvm_test_top.env.scoreboard [uvm_test_top.env.scoreboard] ERASE ADDR:0x426e0 scb_flash_data: 0xffffffff
UVM_INFO @ 2809870.8 ns: (flash_ctrl_scoreboard.sv:811) uvm_test_top.env.scoreboard [uvm_test_top.env.scoreboard] ERASE ADDR:0x426e4 scb_flash_data: 0xffffffff
UVM_INFO @ 2809870.8 ns: (flash_ctrl_scoreboard.sv:811) uvm_test_top.env.scoreboard [uvm_test_top.env.scoreboard] ERASE ADDR:0x426e8 scb_flash_data: 0xffffffff
UVM_INFO @ 2809870.8 ns: (flash_ctrl_scoreboard.sv:811) uvm_test_top.env.scoreboard [uvm_test_top.env.scoreboard] ERASE ADDR:0x426ec scb_flash_data: 0xffffffff
UVM_INFO @ 2809870.8 ns: (flash_ctrl_scoreboard.sv:811) uvm_test_top.env.scoreboard [uvm_test_top.env.scoreboard] ERASE ADDR:0x426f0 scb_flash_data: 0xffffffff
UVM_INFO @ 2809870.8 ns: (flash_ctrl_scoreboard.sv:811) uvm_test_top.env.scoreboard [uvm_test_top.env.scoreboard] ERASE ADDR:0x426f4 scb_flash_data: 0xffffffff
UVM_INFO @ 2809870.8 ns: (flash_ctrl_scoreboard.sv:811) uvm_test_top.env.scoreboard [uvm_test_top.env.scoreboard] ERASE ADDR:0x426f8 scb_flash_data: 0xffffffff
UVM_INFO @ 2809870.8 ns: (flash_ctrl_scoreboard.sv:811) uvm_test_top.env.scoreboard [uvm_test_top.env.scoreboard] ERASE ADDR:0x426fc scb_flash_data: 0xffffffff
UVM_INFO @ 2809870.8 ns: (flash_ctrl_scoreboard.sv:811) uvm_test_top.env.scoreboard [uvm_test_top.env.scoreboard] ERASE ADDR:0x42700 scb_flash_data: 0xffffffff
UVM_INFO @ 2809870.8 ns: (flash_ctrl_scoreboard.sv:811) uvm_test_top.env.scoreboard [uvm_test_top.env.scoreboard] ERASE ADDR:0x42704 scb_flash_data: 0xffffffff
UVM_INFO @ 2809870.8 ns: (flash_ctrl_scoreboard.sv:811) uvm_test_top.env.scoreboard [uvm_test_top.env.scoreboard] ERASE ADDR:0x42708 scb_flash_data: 0xffffffff
UVM_INFO @ 2809870.8 ns: (flash_ctrl_scoreboard.sv:811) uvm_test_top.env.scoreboard [uvm_test_top.env.scoreboard] ERASE ADDR:0x4270c scb_flash_data: 0xffffffff
UVM_INFO @ 2809870.8 ns: (flash_ctrl_scoreboard.sv:811) uvm_test_top.env.scoreboard [uvm_test_top.env.scoreboard] ERASE ADDR:0x42710 scb_flash_data: 0xffffffff
UVM_INFO @ 2809870.8 ns: (flash_ctrl_scoreboard.sv:811) uvm_test_top.env.scoreboard [uvm_test_top.env.scoreboard] ERASE ADDR:0x42714 scb_flash_data: 0xffffffff
UVM_INFO @ 2809870.8 ns: (flash_ctrl_scoreboard.sv:811) uvm_test_top.env.scoreboard [uvm_test_top.env.scoreboard] ERASE ADDR:0x42718 scb_flash_data: 0xffffffff
UVM_INFO @ 2809870.8 ns: (flash_ctrl_scoreboard.sv:811) uvm_test_top.env.scoreboard [uvm_test_top.env.scoreboard] ERASE ADDR:0x4271c scb_flash_data: 0xffffffff
UVM_INFO @ 2809870.8 ns: (flash_ctrl_scoreboard.sv:811) uvm_test_top.env.scoreboard [uvm_test_top.env.scoreboard] ERASE ADDR:0x42720 scb_flash_data: 0xffffffff
UVM_INFO @ 2809870.8 ns: (flash_ctrl_scoreboard.sv:811) uvm_test_top.env.scoreboard [uvm_test_top.env.scoreboard] ERASE ADDR:0x42724 scb_flash_data: 0xffffffff
UVM_INFO @ 2809870.8 ns: (flash_ctrl_scoreboard.sv:811) uvm_test_top.env.scoreboard [uvm_test_top.env.scoreboard] ERASE ADDR:0x42728 scb_flash_data: 0xffffffff
UVM_INFO @ 2809870.8 ns: (flash_ctrl_scoreboard.sv:811) uvm_test_top.env.scoreboard [uvm_test_top.env.scoreboard] ERASE ADDR:0x4272c scb_flash_data: 0xffffffff
UVM_INFO @ 2809870.8 ns: (flash_ctrl_scoreboard.sv:811) uvm_test_top.env.scoreboard [uvm_test_top.env.scoreboard] ERASE ADDR:0x42730 scb_flash_data: 0xffffffff
UVM_INFO @ 2809870.8 ns: (flash_ctrl_scoreboard.sv:811) uvm_test_top.env.scoreboard [uvm_test_top.env.scoreboard] ERASE ADDR:0x42734 scb_flash_data: 0xffffffff
UVM_INFO @ 2809870.8 ns: (flash_ctrl_scoreboard.sv:811) uvm_test_top.env.scoreboard [uvm_test_top.env.scoreboard] ERASE ADDR:0x42738 scb_flash_data: 0xffffffff
UVM_INFO @ 2809870.8 ns: (flash_ctrl_scoreboard.sv:811) uvm_test_top.env.scoreboard [uvm_test_top.env.scoreboard] ERASE ADDR:0x4273c scb_flash_data: 0xffffffff
UVM_INFO @ 2809870.8 ns: (flash_ctrl_scoreboard.sv:811) uvm_test_top.env.scoreboard [uvm_test_top.env.scoreboard] ERASE ADDR:0x42740 scb_flash_data: 0xffffffff
UVM_INFO @ 2809870.8 ns: (flash_ctrl_scoreboard.sv:811) uvm_test_top.env.scoreboard [uvm_test_top.env.scoreboard] ERASE ADDR:0x42744 scb_flash_data: 0xffffffff
UVM_INFO @ 2809870.8 ns: (flash_ctrl_scoreboard.sv:811) uvm_test_top.env.scoreboard [uvm_test_top.env.scoreboard] ERASE ADDR:0x42748 scb_flash_data: 0xffffffff
UVM_INFO @ 2809870.8 ns: (flash_ctrl_scoreboard.sv:811) uvm_test_top.env.scoreboard [uvm_test_top.env.scoreboard] ERASE ADDR:0x4274c scb_flash_data: 0xffffffff
UVM_INFO @ 2809870.8 ns: (flash_ctrl_scoreboard.sv:811) uvm_test_top.env.scoreboard [uvm_test_top.env.scoreboard] ERASE ADDR:0x42750 scb_flash_data: 0xffffffff
UVM_INFO @ 2809870.8 ns: (flash_ctrl_scoreboard.sv:811) uvm_test_top.env.scoreboard [uvm_test_top.env.scoreboard] ERASE ADDR:0x42754 scb_flash_data: 0xffffffff
UVM_INFO @ 2809870.8 ns: (flash_ctrl_scoreboard.sv:811) uvm_test_top.env.scoreboard [uvm_test_top.env.scoreboard] ERASE ADDR:0x42758 scb_flash_data: 0xffffffff
UVM_INFO @ 2809870.8 ns: (flash_ctrl_scoreboard.sv:811) uvm_test_top.env.scoreboard [uvm_test_top.env.scoreboard] ERASE ADDR:0x4275c scb_flash_data: 0xffffffff
UVM_INFO @ 2809870.8 ns: (flash_ctrl_scoreboard.sv:811) uvm_test_top.env.scoreboard [uvm_test_top.env.scoreboard] ERASE ADDR:0x42760 scb_flash_data: 0xffffffff
UVM_INFO @ 2809870.8 ns: (flash_ctrl_scoreboard.sv:811) uvm_test_top.env.scoreboard [uvm_test_top.env.scoreboard] ERASE ADDR:0x42764 scb_flash_data: 0xffffffff
UVM_INFO @ 2809870.8 ns: (flash_ctrl_scoreboard.sv:811) uvm_test_top.env.scoreboard [uvm_test_top.env.scoreboard] ERASE ADDR:0x42768 scb_flash_data: 0xffffffff
UVM_INFO @ 2809870.8 ns: (flash_ctrl_scoreboard.sv:811) uvm_test_top.env.scoreboard [uvm_test_top.env.scoreboard] ERASE ADDR:0x4276c scb_flash_data: 0xffffffff
UVM_INFO @ 2809870.8 ns: (flash_ctrl_scoreboard.sv:811) uvm_test_top.env.scoreboard [uvm_test_top.env.scoreboard] ERASE ADDR:0x42770 scb_flash_data: 0xffffffff
UVM_INFO @ 2809870.8 ns: (flash_ctrl_scoreboard.sv:811) uvm_test_top.env.scoreboard [uvm_test_top.env.scoreboard] ERASE ADDR:0x42774 scb_flash_data: 0xffffffff
UVM_INFO @ 2809870.8 ns: (flash_ctrl_scoreboard.sv:811) uvm_test_top.env.scoreboard [uvm_test_top.env.scoreboard] ERASE ADDR:0x42778 scb_flash_data: 0xffffffff
UVM_INFO @ 2809870.8 ns: (flash_ctrl_scoreboard.sv:811) uvm_test_top.env.scoreboard [uvm_test_top.env.scoreboard] ERASE ADDR:0x4277c scb_flash_data: 0xffffffff
UVM_INFO @ 2809870.8 ns: (flash_ctrl_scoreboard.sv:811) uvm_test_top.env.scoreboard [uvm_test_top.env.scoreboard] ERASE ADDR:0x42780 scb_flash_data: 0xffffffff
UVM_INFO @ 2809870.8 ns: (flash_ctrl_scoreboard.sv:811) uvm_test_top.env.scoreboard [uvm_test_top.env.scoreboard] ERASE ADDR:0x42784 scb_flash_data: 0xffffffff
UVM_INFO @ 2809870.8 ns: (flash_ctrl_scoreboard.sv:811) uvm_test_top.env.scoreboard [uvm_test_top.env.scoreboard] ERASE ADDR:0x42788 scb_flash_data: 0xffffffff
UVM_INFO @ 2809870.8 ns: (flash_ctrl_scoreboard.sv:811) uvm_test_top.env.scoreboard [uvm_test_top.env.scoreboard] ERASE ADDR:0x4278c scb_flash_data: 0xffffffff
UVM_INFO @ 2809870.8 ns: (flash_ctrl_scoreboard.sv:811) uvm_test_top.env.scoreboard [uvm_test_top.env.scoreboard] ERASE ADDR:0x42790 scb_flash_data: 0xffffffff
UVM_INFO @ 2809870.8 ns: (flash_ctrl_scoreboard.sv:811) uvm_test_top.env.scoreboard [uvm_test_top.env.scoreboard] ERASE ADDR:0x42794 scb_flash_data: 0xffffffff
UVM_INFO @ 2809870.8 ns: (flash_ctrl_scoreboard.sv:811) uvm_test_top.env.scoreboard [uvm_test_top.env.scoreboard] ERASE ADDR:0x42798 scb_flash_data: 0xffffffff
UVM_INFO @ 2809870.8 ns: (flash_ctrl_scoreboard.sv:811) uvm_test_top.env.scoreboard [uvm_test_top.env.scoreboard] ERASE ADDR:0x4279c scb_flash_data: 0xffffffff
UVM_INFO @ 2809870.8 ns: (flash_ctrl_scoreboard.sv:811) uvm_test_top.env.scoreboard [uvm_test_top.env.scoreboard] ERASE ADDR:0x427a0 scb_flash_data: 0xffffffff
UVM_INFO @ 2809870.8 ns: (flash_ctrl_scoreboard.sv:811) uvm_test_top.env.scoreboard [uvm_test_top.env.scoreboard] ERASE ADDR:0x427a4 scb_flash_data: 0xffffffff
UVM_INFO @ 2809870.8 ns: (flash_ctrl_scoreboard.sv:811) uvm_test_top.env.scoreboard [uvm_test_top.env.scoreboard] ERASE ADDR:0x427a8 scb_flash_data: 0xffffffff
UVM_INFO @ 2809870.8 ns: (flash_ctrl_scoreboard.sv:811) uvm_test_top.env.scoreboard [uvm_test_top.env.scoreboard] ERASE ADDR:0x427ac scb_flash_data: 0xffffffff
UVM_INFO @ 2809870.8 ns: (flash_ctrl_scoreboard.sv:811) uvm_test_top.env.scoreboard [uvm_test_top.env.scoreboard] ERASE ADDR:0x427b0 scb_flash_data: 0xffffffff
UVM_INFO @ 2809870.8 ns: (flash_ctrl_scoreboard.sv:811) uvm_test_top.env.scoreboard [uvm_test_top.env.scoreboard] ERASE ADDR:0x427b4 scb_flash_data: 0xffffffff
UVM_INFO @ 2809870.8 ns: (flash_ctrl_scoreboard.sv:811) uvm_test_top.env.scoreboard [uvm_test_top.env.scoreboard] ERASE ADDR:0x427b8 scb_flash_data: 0xffffffff
UVM_INFO @ 2809870.8 ns: (flash_ctrl_scoreboard.sv:811) uvm_test_top.env.scoreboard [uvm_test_top.env.scoreboard] ERASE ADDR:0x427bc scb_flash_data: 0xffffffff
UVM_INFO @ 2809870.8 ns: (flash_ctrl_scoreboard.sv:811) uvm_test_top.env.scoreboard [uvm_test_top.env.scoreboard] ERASE ADDR:0x427c0 scb_flash_data: 0xffffffff
UVM_INFO @ 2809870.8 ns: (flash_ctrl_scoreboard.sv:811) uvm_test_top.env.scoreboard [uvm_test_top.env.scoreboard] ERASE ADDR:0x427c4 scb_flash_data: 0xffffffff
UVM_INFO @ 2809870.8 ns: (flash_ctrl_scoreboard.sv:811) uvm_test_top.env.scoreboard [uvm_test_top.env.scoreboard] ERASE ADDR:0x427c8 scb_flash_data: 0xffffffff
UVM_INFO @ 2809870.8 ns: (flash_ctrl_scoreboard.sv:811) uvm_test_top.env.scoreboard [uvm_test_top.env.scoreboard] ERASE ADDR:0x427cc scb_flash_data: 0xffffffff
UVM_INFO @ 2809870.8 ns: (flash_ctrl_scoreboard.sv:811) uvm_test_top.env.scoreboard [uvm_test_top.env.scoreboard] ERASE ADDR:0x427d0 scb_flash_data: 0xffffffff
UVM_INFO @ 2809870.8 ns: (flash_ctrl_scoreboard.sv:811) uvm_test_top.env.scoreboard [uvm_test_top.env.scoreboard] ERASE ADDR:0x427d4 scb_flash_data: 0xffffffff
UVM_INFO @ 2809870.8 ns: (flash_ctrl_scoreboard.sv:811) uvm_test_top.env.scoreboard [uvm_test_top.env.scoreboard] ERASE ADDR:0x427d8 scb_flash_data: 0xffffffff
UVM_INFO @ 2809870.8 ns: (flash_ctrl_scoreboard.sv:811) uvm_test_top.env.scoreboard [uvm_test_top.env.scoreboard] ERASE ADDR:0x427dc scb_flash_data: 0xffffffff
UVM_INFO @ 2809870.8 ns: (flash_ctrl_scoreboard.sv:811) uvm_test_top.env.scoreboard [uvm_test_top.env.scoreboard] ERASE ADDR:0x427e0 scb_flash_data: 0xffffffff
UVM_INFO @ 2809870.8 ns: (flash_ctrl_scoreboard.sv:811) uvm_test_top.env.scoreboard [uvm_test_top.env.scoreboard] ERASE ADDR:0x427e4 scb_flash_data: 0xffffffff
UVM_INFO @ 2809870.8 ns: (flash_ctrl_scoreboard.sv:811) uvm_test_top.env.scoreboard [uvm_test_top.env.scoreboard] ERASE ADDR:0x427e8 scb_flash_data: 0xffffffff
UVM_INFO @ 2809870.8 ns: (flash_ctrl_scoreboard.sv:811) uvm_test_top.env.scoreboard [uvm_test_top.env.scoreboard] ERASE ADDR:0x427ec scb_flash_data: 0xffffffff
UVM_INFO @ 2809870.8 ns: (flash_ctrl_scoreboard.sv:811) uvm_test_top.env.scoreboard [uvm_test_top.env.scoreboard] ERASE ADDR:0x427f0 scb_flash_data: 0xffffffff
UVM_INFO @ 2809870.8 ns: (flash_ctrl_scoreboard.sv:811) uvm_test_top.env.scoreboard [uvm_test_top.env.scoreboard] ERASE ADDR:0x427f4 scb_flash_data: 0xffffffff
UVM_INFO @ 2809870.8 ns: (flash_ctrl_scoreboard.sv:811) uvm_test_top.env.scoreboard [uvm_test_top.env.scoreboard] ERASE ADDR:0x427f8 scb_flash_data: 0xffffffff
UVM_INFO @ 2809870.8 ns: (flash_ctrl_scoreboard.sv:811) uvm_test_top.env.scoreboard [uvm_test_top.env.scoreboard] ERASE ADDR:0x427fc scb_flash_data: 0xffffffff
UVM_INFO @ 2825147.7 ns: (flash_ctrl_rand_ops_base_vseq.sv:344) uvm_test_top.env.virtual_sequencer [uvm_test_top.env.virtual_sequencer.flash_ctrl_smoke_vseq] Starting flash_ctrl op: 1/4: 133612265495110000877775394
UVM_INFO @ 2825147.7 ns: (mem_bkdr_util.sv:559) [mem_bkdr_util[FlashPartData][0]] Invalidating (Xs) mem contents
UVM_INFO @ 2825147.7 ns: (mem_bkdr_util.sv:559) [mem_bkdr_util[FlashPartData][1]] Invalidating (Xs) mem contents
UVM_INFO @ 2825403.0 ns: (flash_ctrl_scoreboard.sv:268) uvm_test_top.env.scoreboard [uvm_test_top.env.scoreboard] erase_sel: 0x1 part sel: 0x0 info sel 0x0
UVM_INFO @ 2825403.0 ns: (flash_ctrl_scoreboard.sv:272) uvm_test_top.env.scoreboard [uvm_test_top.env.scoreboard] part: FlashPartData addr: 0xc2a20 erase_bank_en: 0x3
UVM_INFO @ 2825403.0 ns: (flash_ctrl_scoreboard.sv:723) uvm_test_top.env.scoreboard [uvm_test_top.env.scoreboard] erase_access bank: 0x1
UVM_INFO @ 2825403.0 ns: (flash_ctrl_scoreboard.sv:279) uvm_test_top.env.scoreboard [uvm_test_top.env.scoreboard] erase_access: 0x1 part:FlashPartData erase_addr: 0xc2a20
UVM_INFO @ 4220386.9 ns: (flash_ctrl_rand_ops_base_vseq.sv:344) uvm_test_top.env.virtual_sequencer [uvm_test_top.env.virtual_sequencer.flash_ctrl_smoke_vseq] Starting flash_ctrl op: 2/4: 123814178697483784120033419
UVM_INFO @ 4220386.9 ns: (mem_bkdr_util.sv:559) [mem_bkdr_util[FlashPartData][0]] Invalidating (Xs) mem contents
UVM_INFO @ 4220386.9 ns: (mem_bkdr_util.sv:559) [mem_bkdr_util[FlashPartData][1]] Invalidating (Xs) mem contents
UVM_INFO @ 4220642.3 ns: (flash_ctrl_scoreboard.sv:268) uvm_test_top.env.scoreboard [uvm_test_top.env.scoreboard] erase_sel: 0x1 part sel: 0x0 info sel 0x0
UVM_INFO @ 4220642.3 ns: (flash_ctrl_scoreboard.sv:272) uvm_test_top.env.scoreboard [uvm_test_top.env.scoreboard] part: FlashPartData addr: 0x1e088 erase_bank_en: 0x3
UVM_INFO @ 4220642.3 ns: (flash_ctrl_scoreboard.sv:723) uvm_test_top.env.scoreboard [uvm_test_top.env.scoreboard] erase_access bank: 0x1
UVM_INFO @ 4220642.3 ns: (flash_ctrl_scoreboard.sv:279) uvm_test_top.env.scoreboard [uvm_test_top.env.scoreboard] erase_access: 0x1 part:FlashPartData erase_addr: 0x1e088
UVM_INFO @ 5615711.3 ns: (flash_ctrl_rand_ops_base_vseq.sv:344) uvm_test_top.env.virtual_sequencer [uvm_test_top.env.virtual_sequencer.flash_ctrl_smoke_vseq] Starting flash_ctrl op: 3/4: 43675911809586396264910466
UVM_INFO @ 5615711.3 ns: (mem_bkdr_util.sv:559) [mem_bkdr_util[FlashPartData][0]] Invalidating (Xs) mem contents
UVM_INFO @ 5615711.3 ns: (mem_bkdr_util.sv:559) [mem_bkdr_util[FlashPartData][1]] Invalidating (Xs) mem contents
UVM_INFO @ 5616073.0 ns: (flash_ctrl_scoreboard.sv:268) uvm_test_top.env.scoreboard [uvm_test_top.env.scoreboard] erase_sel: 0x0 part sel: 0x0 info sel 0x0
UVM_INFO @ 5616073.0 ns: (flash_ctrl_scoreboard.sv:272) uvm_test_top.env.scoreboard [uvm_test_top.env.scoreboard] part: FlashPartData addr: 0xfce80 erase_bank_en: 0x3
UVM_INFO @ 5616073.0 ns: (flash_ctrl_scoreboard.sv:279) uvm_test_top.env.scoreboard [uvm_test_top.env.scoreboard] erase_access: 0x1 part:FlashPartData erase_addr: 0xfce80
UVM_INFO @ 5616073.0 ns: (flash_ctrl_scoreboard.sv:811) uvm_test_top.env.scoreboard [uvm_test_top.env.scoreboard] ERASE ADDR:0xfc800 scb_flash_data: 0xffffffff
UVM_INFO @ 5616073.0 ns: (flash_ctrl_scoreboard.sv:811) uvm_test_top.env.scoreboard [uvm_test_top.env.scoreboard] ERASE ADDR:0xfc804 scb_flash_data: 0xffffffff
UVM_INFO @ 5616073.0 ns: (flash_ctrl_scoreboard.sv:811) uvm_test_top.env.scoreboard [uvm_test_top.env.scoreboard] ERASE ADDR:0xfc808 scb_flash_data: 0xffffffff
UVM_INFO @ 5616073.0 ns: (flash_ctrl_scoreboard.sv:811) uvm_test_top.env.scoreboard [uvm_test_top.env.scoreboard] ERASE ADDR:0xfc80c scb_flash_data: 0xffffffff
UVM_INFO @ 5616073.0 ns: (flash_ctrl_scoreboard.sv:811) uvm_test_top.env.scoreboard [uvm_test_top.env.scoreboard] ERASE ADDR:0xfc810 scb_flash_data: 0xffffffff
UVM_INFO @ 5616073.0 ns: (flash_ctrl_scoreboard.sv:811) uvm_test_top.env.scoreboard [uvm_test_top.env.scoreboard] ERASE ADDR:0xfc814 scb_flash_data: 0xffffffff
UVM_INFO @ 5616073.0 ns: (flash_ctrl_scoreboard.sv:811) uvm_test_top.env.scoreboard [uvm_test_top.env.scoreboard] ERASE ADDR:0xfc818 scb_flash_data: 0xffffffff
UVM_INFO @ 5616073.0 ns: (flash_ctrl_scoreboard.sv:811) uvm_test_top.env.scoreboard [uvm_test_top.env.scoreboard] ERASE ADDR:0xfc81c scb_flash_data: 0xffffffff
UVM_INFO @ 5616073.0 ns: (flash_ctrl_scoreboard.sv:811) uvm_test_top.env.scoreboard [uvm_test_top.env.scoreboard] ERASE ADDR:0xfc820 scb_flash_data: 0xffffffff
UVM_INFO @ 5616073.0 ns: (flash_ctrl_scoreboard.sv:811) uvm_test_top.env.scoreboard [uvm_test_top.env.scoreboard] ERASE ADDR:0xfc824 scb_flash_data: 0xffffffff
UVM_INFO @ 5616073.0 ns: (flash_ctrl_scoreboard.sv:811) uvm_test_top.env.scoreboard [uvm_test_top.env.scoreboard] ERASE ADDR:0xfc828 scb_flash_data: 0xffffffff
UVM_INFO @ 5616073.0 ns: (flash_ctrl_scoreboard.sv:811) uvm_test_top.env.scoreboard [uvm_test_top.env.scoreboard] ERASE ADDR:0xfc82c scb_flash_data: 0xffffffff
UVM_INFO @ 5616073.0 ns: (flash_ctrl_scoreboard.sv:811) uvm_test_top.env.scoreboard [uvm_test_top.env.scoreboard] ERASE ADDR:0xfc830 scb_flash_data: 0xffffffff
UVM_INFO @ 5616073.0 ns: (flash_ctrl_scoreboard.sv:811) uvm_test_top.env.scoreboard [uvm_test_top.env.scoreboard] ERASE ADDR:0xfc834 scb_flash_data: 0xffffffff
UVM_INFO @ 5616073.0 ns: (flash_ctrl_scoreboard.sv:811) uvm_test_top.env.scoreboard [uvm_test_top.env.scoreboard] ERASE ADDR:0xfc838 scb_flash_data: 0xffffffff
UVM_INFO @ 5616073.0 ns: (flash_ctrl_scoreboard.sv:811) uvm_test_top.env.scoreboard [uvm_test_top.env.scoreboard] ERASE ADDR:0xfc83c scb_flash_data: 0xffffffff
UVM_INFO @ 5616073.0 ns: (flash_ctrl_scoreboard.sv:811) uvm_test_top.env.scoreboard [uvm_test_top.env.scoreboard] ERASE ADDR:0xfc840 scb_flash_data: 0xffffffff
UVM_INFO @ 5616073.0 ns: (flash_ctrl_scoreboard.sv:811) uvm_test_top.env.scoreboard [uvm_test_top.env.scoreboard] ERASE ADDR:0xfc844 scb_flash_data: 0xffffffff
UVM_INFO @ 5616073.0 ns: (flash_ctrl_scoreboard.sv:811) uvm_test_top.env.scoreboard [uvm_test_top.env.scoreboard] ERASE ADDR:0xfc848 scb_flash_data: 0xffffffff
UVM_INFO @ 5616073.0 ns: (flash_ctrl_scoreboard.sv:811) uvm_test_top.env.scoreboard [uvm_test_top.env.scoreboard] ERASE ADDR:0xfc84c scb_flash_data: 0xffffffff
UVM_INFO @ 5616073.0 ns: (flash_ctrl_scoreboard.sv:811) uvm_test_top.env.scoreboard [uvm_test_top.env.scoreboard] ERASE ADDR:0xfc850 scb_flash_data: 0xffffffff
UVM_INFO @ 5616073.0 ns: (flash_ctrl_scoreboard.sv:811) uvm_test_top.env.scoreboard [uvm_test_top.env.scoreboard] ERASE ADDR:0xfc854 scb_flash_data: 0xffffffff
UVM_INFO @ 5616073.0 ns: (flash_ctrl_scoreboard.sv:811) uvm_test_top.env.scoreboard [uvm_test_top.env.scoreboard] ERASE ADDR:0xfc858 scb_flash_data: 0xffffffff
UVM_INFO @ 5616073.0 ns: (flash_ctrl_scoreboard.sv:811) uvm_test_top.env.scoreboard [uvm_test_top.env.scoreboard] ERASE ADDR:0xfc85c scb_flash_data: 0xffffffff
UVM_INFO @ 5616073.0 ns: (flash_ctrl_scoreboard.sv:811) uvm_test_top.env.scoreboard [uvm_test_top.env.scoreboard] ERASE ADDR:0xfc860 scb_flash_data: 0xffffffff
UVM_INFO @ 5616073.0 ns: (flash_ctrl_scoreboard.sv:811) uvm_test_top.env.scoreboard [uvm_test_top.env.scoreboard] ERASE ADDR:0xfc864 scb_flash_data: 0xffffffff
UVM_INFO @ 5616073.0 ns: (flash_ctrl_scoreboard.sv:811) uvm_test_top.env.scoreboard [uvm_test_top.env.scoreboard] ERASE ADDR:0xfc868 scb_flash_data: 0xffffffff
UVM_INFO @ 5616073.0 ns: (flash_ctrl_scoreboard.sv:811) uvm_test_top.env.scoreboard [uvm_test_top.env.scoreboard] ERASE ADDR:0xfc86c scb_flash_data: 0xffffffff
UVM_INFO @ 5616073.0 ns: (flash_ctrl_scoreboard.sv:811) uvm_test_top.env.scoreboard [uvm_test_top.env.scoreboard] ERASE ADDR:0xfc870 scb_flash_data: 0xffffffff
UVM_INFO @ 5616073.0 ns: (flash_ctrl_scoreboard.sv:811) uvm_test_top.env.scoreboard [uvm_test_top.env.scoreboard] ERASE ADDR:0xfc874 scb_flash_data: 0xffffffff
UVM_INFO @ 5616073.0 ns: (flash_ctrl_scoreboard.sv:811) uvm_test_top.env.scoreboard [uvm_test_top.env.scoreboard] ERASE ADDR:0xfc878 scb_flash_data: 0xffffffff
UVM_INFO @ 5616073.0 ns: (flash_ctrl_scoreboard.sv:811) uvm_test_top.env.scoreboard [uvm_test_top.env.scoreboard] ERASE ADDR:0xfc87c scb_flash_data: 0xffffffff
UVM_INFO @ 5616073.0 ns: (flash_ctrl_scoreboard.sv:811) uvm_test_top.env.scoreboard [uvm_test_top.env.scoreboard] ERASE ADDR:0xfc880 scb_flash_data: 0xffffffff
UVM_INFO @ 5616073.0 ns: (flash_ctrl_scoreboard.sv:811) uvm_test_top.env.scoreboard [uvm_test_top.env.scoreboard] ERASE ADDR:0xfc884 scb_flash_data: 0xffffffff
UVM_INFO @ 5616073.0 ns: (flash_ctrl_scoreboard.sv:811) uvm_test_top.env.scoreboard [uvm_test_top.env.scoreboard] ERASE ADDR:0xfc888 scb_flash_data: 0xffffffff
UVM_INFO @ 5616073.0 ns: (flash_ctrl_scoreboard.sv:811) uvm_test_top.env.scoreboard [uvm_test_top.env.scoreboard] ERASE ADDR:0xfc88c scb_flash_data: 0xffffffff
UVM_INFO @ 5616073.0 ns: (flash_ctrl_scoreboard.sv:811) uvm_test_top.env.scoreboard [uvm_test_top.env.scoreboard] ERASE ADDR:0xfc890 scb_flash_data: 0xffffffff
UVM_INFO @ 5616073.0 ns: (flash_ctrl_scoreboard.sv:811) uvm_test_top.env.scoreboard [uvm_test_top.env.scoreboard] ERASE ADDR:0xfc894 scb_flash_data: 0xffffffff
UVM_INFO @ 5616073.0 ns: (flash_ctrl_scoreboard.sv:811) uvm_test_top.env.scoreboard [uvm_test_top.env.scoreboard] ERASE ADDR:0xfc898 scb_flash_data: 0xffffffff
UVM_INFO @ 5616073.0 ns: (flash_ctrl_scoreboard.sv:811) uvm_test_top.env.scoreboard [uvm_test_top.env.scoreboard] ERASE ADDR:0xfc89c scb_flash_data: 0xffffffff
UVM_INFO @ 5616073.0 ns: (flash_ctrl_scoreboard.sv:811) uvm_test_top.env.scoreboard [uvm_test_top.env.scoreboard] ERASE ADDR:0xfc8a0 scb_flash_data: 0xffffffff
UVM_INFO @ 5616073.0 ns: (flash_ctrl_scoreboard.sv:811) uvm_test_top.env.scoreboard [uvm_test_top.env.scoreboard] ERASE ADDR:0xfc8a4 scb_flash_data: 0xffffffff
UVM_INFO @ 5616073.0 ns: (flash_ctrl_scoreboard.sv:811) uvm_test_top.env.scoreboard [uvm_test_top.env.scoreboard] ERASE ADDR:0xfc8a8 scb_flash_data: 0xffffffff
UVM_INFO @ 5616073.0 ns: (flash_ctrl_scoreboard.sv:811) uvm_test_top.env.scoreboard [uvm_test_top.env.scoreboard] ERASE ADDR:0xfc8ac scb_flash_data: 0xffffffff
UVM_INFO @ 5616073.0 ns: (flash_ctrl_scoreboard.sv:811) uvm_test_top.env.scoreboard [uvm_test_top.env.scoreboard] ERASE ADDR:0xfc8b0 scb_flash_data: 0xffffffff
UVM_INFO @ 5616073.0 ns: (flash_ctrl_scoreboard.sv:811) uvm_test_top.env.scoreboard [uvm_test_top.env.scoreboard] ERASE ADDR:0xfc8b4 scb_flash_data: 0xffffffff
UVM_INFO @ 5616073.0 ns: (flash_ctrl_scoreboard.sv:811) uvm_test_top.env.scoreboard [uvm_test_top.env.scoreboard] ERASE ADDR:0xfc8b8 scb_flash_data: 0xffffffff
UVM_INFO @ 5616073.0 ns: (flash_ctrl_scoreboard.sv:811) uvm_test_top.env.scoreboard [uvm_test_top.env.scoreboard] ERASE ADDR:0xfc8bc scb_flash_data: 0xffffffff
UVM_INFO @ 5616073.0 ns: (flash_ctrl_scoreboard.sv:811) uvm_test_top.env.scoreboard [uvm_test_top.env.scoreboard] ERASE ADDR:0xfc8c0 scb_flash_data: 0xffffffff
UVM_INFO @ 5616073.0 ns: (flash_ctrl_scoreboard.sv:811) uvm_test_top.env.scoreboard [uvm_test_top.env.scoreboard] ERASE ADDR:0xfc8c4 scb_flash_data: 0xffffffff
UVM_INFO @ 5616073.0 ns: (flash_ctrl_scoreboard.sv:811) uvm_test_top.env.scoreboard [uvm_test_top.env.scoreboard] ERASE ADDR:0xfc8c8 scb_flash_data: 0xffffffff
UVM_INFO @ 5616073.0 ns: (flash_ctrl_scoreboard.sv:811) uvm_test_top.env.scoreboard [uvm_test_top.env.scoreboard] ERASE ADDR:0xfc8cc scb_flash_data: 0xffffffff
UVM_INFO @ 5616073.0 ns: (flash_ctrl_scoreboard.sv:811) uvm_test_top.env.scoreboard [uvm_test_top.env.scoreboard] ERASE ADDR:0xfc8d0 scb_flash_data: 0xffffffff
UVM_INFO @ 5616073.0 ns: (flash_ctrl_scoreboard.sv:811) uvm_test_top.env.scoreboard [uvm_test_top.env.scoreboard] ERASE ADDR:0xfc8d4 scb_flash_data: 0xffffffff
UVM_INFO @ 5616073.0 ns: (flash_ctrl_scoreboard.sv:811) uvm_test_top.env.scoreboard [uvm_test_top.env.scoreboard] ERASE ADDR:0xfc8d8 scb_flash_data: 0xffffffff
UVM_INFO @ 5616073.0 ns: (flash_ctrl_scoreboard.sv:811) uvm_test_top.env.scoreboard [uvm_test_top.env.scoreboard] ERASE ADDR:0xfc8dc scb_flash_data: 0xffffffff
UVM_INFO @ 5616073.0 ns: (flash_ctrl_scoreboard.sv:811) uvm_test_top.env.scoreboard [uvm_test_top.env.scoreboard] ERASE ADDR:0xfc8e0 scb_flash_data: 0xffffffff
UVM_INFO @ 5616073.0 ns: (flash_ctrl_scoreboard.sv:811) uvm_test_top.env.scoreboard [uvm_test_top.env.scoreboard] ERASE ADDR:0xfc8e4 scb_flash_data: 0xffffffff
UVM_INFO @ 5616073.0 ns: (flash_ctrl_scoreboard.sv:811) uvm_test_top.env.scoreboard [uvm_test_top.env.scoreboard] ERASE ADDR:0xfc8e8 scb_flash_data: 0xffffffff
UVM_INFO @ 5616073.0 ns: (flash_ctrl_scoreboard.sv:811) uvm_test_top.env.scoreboard [uvm_test_top.env.scoreboard] ERASE ADDR:0xfc8ec scb_flash_data: 0xffffffff
UVM_INFO @ 5616073.0 ns: (flash_ctrl_scoreboard.sv:811) uvm_test_top.env.scoreboard [uvm_test_top.env.scoreboard] ERASE ADDR:0xfc8f0 scb_flash_data: 0xffffffff
UVM_INFO @ 5616073.0 ns: (flash_ctrl_scoreboard.sv:811) uvm_test_top.env.scoreboard [uvm_test_top.env.scoreboard] ERASE ADDR:0xfc8f4 scb_flash_data: 0xffffffff
UVM_INFO @ 5616073.0 ns: (flash_ctrl_scoreboard.sv:811) uvm_test_top.env.scoreboard [uvm_test_top.env.scoreboard] ERASE ADDR:0xfc8f8 scb_flash_data: 0xffffffff
UVM_INFO @ 5616073.0 ns: (flash_ctrl_scoreboard.sv:811) uvm_test_top.env.scoreboard [uvm_test_top.env.scoreboard] ERASE ADDR:0xfc8fc scb_flash_data: 0xffffffff
UVM_INFO @ 5616073.0 ns: (flash_ctrl_scoreboard.sv:811) uvm_test_top.env.scoreboard [uvm_test_top.env.scoreboard] ERASE ADDR:0xfc900 scb_flash_data: 0xffffffff
UVM_INFO @ 5616073.0 ns: (flash_ctrl_scoreboard.sv:811) uvm_test_top.env.scoreboard [uvm_test_top.env.scoreboard] ERASE ADDR:0xfc904 scb_flash_data: 0xffffffff
UVM_INFO @ 5616073.0 ns: (flash_ctrl_scoreboard.sv:811) uvm_test_top.env.scoreboard [uvm_test_top.env.scoreboard] ERASE ADDR:0xfc908 scb_flash_data: 0xffffffff
UVM_INFO @ 5616073.0 ns: (flash_ctrl_scoreboard.sv:811) uvm_test_top.env.scoreboard [uvm_test_top.env.scoreboard] ERASE ADDR:0xfc90c scb_flash_data: 0xffffffff
UVM_INFO @ 5616073.0 ns: (flash_ctrl_scoreboard.sv:811) uvm_test_top.env.scoreboard [uvm_test_top.env.scoreboard] ERASE ADDR:0xfc910 scb_flash_data: 0xffffffff
UVM_INFO @ 5616073.0 ns: (flash_ctrl_scoreboard.sv:811) uvm_test_top.env.scoreboard [uvm_test_top.env.scoreboard] ERASE ADDR:0xfc914 scb_flash_data: 0xffffffff
UVM_INFO @ 5616073.0 ns: (flash_ctrl_scoreboard.sv:811) uvm_test_top.env.scoreboard [uvm_test_top.env.scoreboard] ERASE ADDR:0xfc918 scb_flash_data: 0xffffffff
UVM_INFO @ 5616073.0 ns: (flash_ctrl_scoreboard.sv:811) uvm_test_top.env.scoreboard [uvm_test_top.env.scoreboard] ERASE ADDR:0xfc91c scb_flash_data: 0xffffffff
UVM_INFO @ 5616073.0 ns: (flash_ctrl_scoreboard.sv:811) uvm_test_top.env.scoreboard [uvm_test_top.env.scoreboard] ERASE ADDR:0xfc920 scb_flash_data: 0xffffffff
UVM_INFO @ 5616073.0 ns: (flash_ctrl_scoreboard.sv:811) uvm_test_top.env.scoreboard [uvm_test_top.env.scoreboard] ERASE ADDR:0xfc924 scb_flash_data: 0xffffffff
UVM_INFO @ 5616073.0 ns: (flash_ctrl_scoreboard.sv:811) uvm_test_top.env.scoreboard [uvm_test_top.env.scoreboard] ERASE ADDR:0xfc928 scb_flash_data: 0xffffffff
UVM_INFO @ 5616073.0 ns: (flash_ctrl_scoreboard.sv:811) uvm_test_top.env.scoreboard [uvm_test_top.env.scoreboard] ERASE ADDR:0xfc92c scb_flash_data: 0xffffffff
UVM_INFO @ 5616073.0 ns: (flash_ctrl_scoreboard.sv:811) uvm_test_top.env.scoreboard [uvm_test_top.env.scoreboard] ERASE ADDR:0xfc930 scb_flash_data: 0xffffffff
UVM_INFO @ 5616073.0 ns: (flash_ctrl_scoreboard.sv:811) uvm_test_top.env.scoreboard [uvm_test_top.env.scoreboard] ERASE ADDR:0xfc934 scb_flash_data: 0xffffffff
UVM_INFO @ 5616073.0 ns: (flash_ctrl_scoreboard.sv:811) uvm_test_top.env.scoreboard [uvm_test_top.env.scoreboard] ERASE ADDR:0xfc938 scb_flash_data: 0xffffffff
UVM_INFO @ 5616073.0 ns: (flash_ctrl_scoreboard.sv:811) uvm_test_top.env.scoreboard [uvm_test_top.env.scoreboard] ERASE ADDR:0xfc93c scb_flash_data: 0xffffffff
UVM_INFO @ 5616073.0 ns: (flash_ctrl_scoreboard.sv:811) uvm_test_top.env.scoreboard [uvm_test_top.env.scoreboard] ERASE ADDR:0xfc940 scb_flash_data: 0xffffffff
UVM_INFO @ 5616073.0 ns: (flash_ctrl_scoreboard.sv:811) uvm_test_top.env.scoreboard [uvm_test_top.env.scoreboard] ERASE ADDR:0xfc944 scb_flash_data: 0xffffffff
UVM_INFO @ 5616073.0 ns: (flash_ctrl_scoreboard.sv:811) uvm_test_top.env.scoreboard [uvm_test_top.env.scoreboard] ERASE ADDR:0xfc948 scb_flash_data: 0xffffffff
UVM_INFO @ 5616073.0 ns: (flash_ctrl_scoreboard.sv:811) uvm_test_top.env.scoreboard [uvm_test_top.env.scoreboard] ERASE ADDR:0xfc94c scb_flash_data: 0xffffffff
UVM_INFO @ 5616073.0 ns: (flash_ctrl_scoreboard.sv:811) uvm_test_top.env.scoreboard [uvm_test_top.env.scoreboard] ERASE ADDR:0xfc950 scb_flash_data: 0xffffffff
UVM_INFO @ 5616073.0 ns: (flash_ctrl_scoreboard.sv:811) uvm_test_top.env.scoreboard [uvm_test_top.env.scoreboard] ERASE ADDR:0xfc954 scb_flash_data: 0xffffffff
UVM_INFO @ 5616073.0 ns: (flash_ctrl_scoreboard.sv:811) uvm_test_top.env.scoreboard [uvm_test_top.env.scoreboard] ERASE ADDR:0xfc958 scb_flash_data: 0xffffffff
UVM_INFO @ 5616073.0 ns: (flash_ctrl_scoreboard.sv:811) uvm_test_top.env.scoreboard [uvm_test_top.env.scoreboard] ERASE ADDR:0xfc95c scb_flash_data: 0xffffffff
UVM_INFO @ 5616073.0 ns: (flash_ctrl_scoreboard.sv:811) uvm_test_top.env.scoreboard [uvm_test_top.env.scoreboard] ERASE ADDR:0xfc960 scb_flash_data: 0xffffffff
UVM_INFO @ 5616073.0 ns: (flash_ctrl_scoreboard.sv:811) uvm_test_top.env.scoreboard [uvm_test_top.env.scoreboard] ERASE ADDR:0xfc964 scb_flash_data: 0xffffffff
UVM_INFO @ 5616073.0 ns: (flash_ctrl_scoreboard.sv:811) uvm_test_top.env.scoreboard [uvm_test_top.env.scoreboard] ERASE ADDR:0xfc968 scb_flash_data: 0xffffffff
UVM_INFO @ 5616073.0 ns: (flash_ctrl_scoreboard.sv:811) uvm_test_top.env.scoreboard [uvm_test_top.env.scoreboard] ERASE ADDR:0xfc96c scb_flash_data: 0xffffffff
UVM_INFO @ 5616073.0 ns: (flash_ctrl_scoreboard.sv:811) uvm_test_top.env.scoreboard [uvm_test_top.env.scoreboard] ERASE ADDR:0xfc970 scb_flash_data: 0xffffffff
UVM_INFO @ 5616073.0 ns: (flash_ctrl_scoreboard.sv:811) uvm_test_top.env.scoreboard [uvm_test_top.env.scoreboard] ERASE ADDR:0xfc974 scb_flash_data: 0xffffffff
UVM_INFO @ 5616073.0 ns: (flash_ctrl_scoreboard.sv:811) uvm_test_top.env.scoreboard [uvm_test_top.env.scoreboard] ERASE ADDR:0xfc978 scb_flash_data: 0xffffffff
UVM_INFO @ 5616073.0 ns: (flash_ctrl_scoreboard.sv:811) uvm_test_top.env.scoreboard [uvm_test_top.env.scoreboard] ERASE ADDR:0xfc97c scb_flash_data: 0xffffffff
UVM_INFO @ 5616073.0 ns: (flash_ctrl_scoreboard.sv:811) uvm_test_top.env.scoreboard [uvm_test_top.env.scoreboard] ERASE ADDR:0xfc980 scb_flash_data: 0xffffffff
UVM_INFO @ 5616073.0 ns: (flash_ctrl_scoreboard.sv:811) uvm_test_top.env.scoreboard [uvm_test_top.env.scoreboard] ERASE ADDR:0xfc984 scb_flash_data: 0xffffffff
UVM_INFO @ 5616073.0 ns: (flash_ctrl_scoreboard.sv:811) uvm_test_top.env.scoreboard [uvm_test_top.env.scoreboard] ERASE ADDR:0xfc988 scb_flash_data: 0xffffffff
UVM_INFO @ 5616073.0 ns: (flash_ctrl_scoreboard.sv:811) uvm_test_top.env.scoreboard [uvm_test_top.env.scoreboard] ERASE ADDR:0xfc98c scb_flash_data: 0xffffffff
UVM_INFO @ 5616073.0 ns: (flash_ctrl_scoreboard.sv:811) uvm_test_top.env.scoreboard [uvm_test_top.env.scoreboard] ERASE ADDR:0xfc990 scb_flash_data: 0xffffffff
UVM_INFO @ 5616073.0 ns: (flash_ctrl_scoreboard.sv:811) uvm_test_top.env.scoreboard [uvm_test_top.env.scoreboard] ERASE ADDR:0xfc994 scb_flash_data: 0xffffffff
UVM_INFO @ 5616073.0 ns: (flash_ctrl_scoreboard.sv:811) uvm_test_top.env.scoreboard [uvm_test_top.env.scoreboard] ERASE ADDR:0xfc998 scb_flash_data: 0xffffffff
UVM_INFO @ 5616073.0 ns: (flash_ctrl_scoreboard.sv:811) uvm_test_top.env.scoreboard [uvm_test_top.env.scoreboard] ERASE ADDR:0xfc99c scb_flash_data: 0xffffffff
UVM_INFO @ 5616073.0 ns: (flash_ctrl_scoreboard.sv:811) uvm_test_top.env.scoreboard [uvm_test_top.env.scoreboard] ERASE ADDR:0xfc9a0 scb_flash_data: 0xffffffff
UVM_INFO @ 5616073.0 ns: (flash_ctrl_scoreboard.sv:811) uvm_test_top.env.scoreboard [uvm_test_top.env.scoreboard] ERASE ADDR:0xfc9a4 scb_flash_data: 0xffffffff
UVM_INFO @ 5616073.0 ns: (flash_ctrl_scoreboard.sv:811) uvm_test_top.env.scoreboard [uvm_test_top.env.scoreboard] ERASE ADDR:0xfc9a8 scb_flash_data: 0xffffffff
UVM_INFO @ 5616073.0 ns: (flash_ctrl_scoreboard.sv:811) uvm_test_top.env.scoreboard [uvm_test_top.env.scoreboard] ERASE ADDR:0xfc9ac scb_flash_data: 0xffffffff
UVM_INFO @ 5616073.0 ns: (flash_ctrl_scoreboard.sv:811) uvm_test_top.env.scoreboard [uvm_test_top.env.scoreboard] ERASE ADDR:0xfc9b0 scb_flash_data: 0xffffffff
UVM_INFO @ 5616073.0 ns: (flash_ctrl_scoreboard.sv:811) uvm_test_top.env.scoreboard [uvm_test_top.env.scoreboard] ERASE ADDR:0xfc9b4 scb_flash_data: 0xffffffff
UVM_INFO @ 5616073.0 ns: (flash_ctrl_scoreboard.sv:811) uvm_test_top.env.scoreboard [uvm_test_top.env.scoreboard] ERASE ADDR:0xfc9b8 scb_flash_data: 0xffffffff
UVM_INFO @ 5616073.0 ns: (flash_ctrl_scoreboard.sv:811) uvm_test_top.env.scoreboard [uvm_test_top.env.scoreboard] ERASE ADDR:0xfc9bc scb_flash_data: 0xffffffff
UVM_INFO @ 5616073.0 ns: (flash_ctrl_scoreboard.sv:811) uvm_test_top.env.scoreboard [uvm_test_top.env.scoreboard] ERASE ADDR:0xfc9c0 scb_flash_data: 0xffffffff
UVM_INFO @ 5616073.0 ns: (flash_ctrl_scoreboard.sv:811) uvm_test_top.env.scoreboard [uvm_test_top.env.scoreboard] ERASE ADDR:0xfc9c4 scb_flash_data: 0xffffffff
UVM_INFO @ 5616073.0 ns: (flash_ctrl_scoreboard.sv:811) uvm_test_top.env.scoreboard [uvm_test_top.env.scoreboard] ERASE ADDR:0xfc9c8 scb_flash_data: 0xffffffff
UVM_INFO @ 5616073.0 ns: (flash_ctrl_scoreboard.sv:811) uvm_test_top.env.scoreboard [uvm_test_top.env.scoreboard] ERASE ADDR:0xfc9cc scb_flash_data: 0xffffffff
UVM_INFO @ 5616073.0 ns: (flash_ctrl_scoreboard.sv:811) uvm_test_top.env.scoreboard [uvm_test_top.env.scoreboard] ERASE ADDR:0xfc9d0 scb_flash_data: 0xffffffff
UVM_INFO @ 5616073.0 ns: (flash_ctrl_scoreboard.sv:811) uvm_test_top.env.scoreboard [uvm_test_top.env.scoreboard] ERASE ADDR:0xfc9d4 scb_flash_data: 0xffffffff
UVM_INFO @ 5616073.0 ns: (flash_ctrl_scoreboard.sv:811) uvm_test_top.env.scoreboard [uvm_test_top.env.scoreboard] ERASE ADDR:0xfc9d8 scb_flash_data: 0xffffffff
UVM_INFO @ 5616073.0 ns: (flash_ctrl_scoreboard.sv:811) uvm_test_top.env.scoreboard [uvm_test_top.env.scoreboard] ERASE ADDR:0xfc9dc scb_flash_data: 0xffffffff
UVM_INFO @ 5616073.0 ns: (flash_ctrl_scoreboard.sv:811) uvm_test_top.env.scoreboard [uvm_test_top.env.scoreboard] ERASE ADDR:0xfc9e0 scb_flash_data: 0xffffffff
UVM_INFO @ 5616073.0 ns: (flash_ctrl_scoreboard.sv:811) uvm_test_top.env.scoreboard [uvm_test_top.env.scoreboard] ERASE ADDR:0xfc9e4 scb_flash_data: 0xffffffff
UVM_INFO @ 5616073.0 ns: (flash_ctrl_scoreboard.sv:811) uvm_test_top.env.scoreboard [uvm_test_top.env.scoreboard] ERASE ADDR:0xfc9e8 scb_flash_data: 0xffffffff
UVM_INFO @ 5616073.0 ns: (flash_ctrl_scoreboard.sv:811) uvm_test_top.env.scoreboard [uvm_test_top.env.scoreboard] ERASE ADDR:0xfc9ec scb_flash_data: 0xffffffff
UVM_INFO @ 5616073.0 ns: (flash_ctrl_scoreboard.sv:811) uvm_test_top.env.scoreboard [uvm_test_top.env.scoreboard] ERASE ADDR:0xfc9f0 scb_flash_data: 0xffffffff
UVM_INFO @ 5616073.0 ns: (flash_ctrl_scoreboard.sv:811) uvm_test_top.env.scoreboard [uvm_test_top.env.scoreboard] ERASE ADDR:0xfc9f4 scb_flash_data: 0xffffffff
UVM_INFO @ 5616073.0 ns: (flash_ctrl_scoreboard.sv:811) uvm_test_top.env.scoreboard [uvm_test_top.env.scoreboard] ERASE ADDR:0xfc9f8 scb_flash_data: 0xffffffff
UVM_INFO @ 5616073.0 ns: (flash_ctrl_scoreboard.sv:811) uvm_test_top.env.scoreboard [uvm_test_top.env.scoreboard] ERASE ADDR:0xfc9fc scb_flash_data: 0xffffffff
UVM_INFO @ 5616073.0 ns: (flash_ctrl_scoreboard.sv:811) uvm_test_top.env.scoreboard [uvm_test_top.env.scoreboard] ERASE ADDR:0xfca00 scb_flash_data: 0xffffffff
UVM_INFO @ 5616073.0 ns: (flash_ctrl_scoreboard.sv:811) uvm_test_top.env.scoreboard [uvm_test_top.env.scoreboard] ERASE ADDR:0xfca04 scb_flash_data: 0xffffffff
UVM_INFO @ 5616073.0 ns: (flash_ctrl_scoreboard.sv:811) uvm_test_top.env.scoreboard [uvm_test_top.env.scoreboard] ERASE ADDR:0xfca08 scb_flash_data: 0xffffffff
UVM_INFO @ 5616073.0 ns: (flash_ctrl_scoreboard.sv:811) uvm_test_top.env.scoreboard [uvm_test_top.env.scoreboard] ERASE ADDR:0xfca0c scb_flash_data: 0xffffffff
UVM_INFO @ 5616073.0 ns: (flash_ctrl_scoreboard.sv:811) uvm_test_top.env.scoreboard [uvm_test_top.env.scoreboard] ERASE ADDR:0xfca10 scb_flash_data: 0xffffffff
UVM_INFO @ 5616073.0 ns: (flash_ctrl_scoreboard.sv:811) uvm_test_top.env.scoreboard [uvm_test_top.env.scoreboard] ERASE ADDR:0xfca14 scb_flash_data: 0xffffffff
UVM_INFO @ 5616073.0 ns: (flash_ctrl_scoreboard.sv:811) uvm_test_top.env.scoreboard [uvm_test_top.env.scoreboard] ERASE ADDR:0xfca18 scb_flash_data: 0xffffffff
UVM_INFO @ 5616073.0 ns: (flash_ctrl_scoreboard.sv:811) uvm_test_top.env.scoreboard [uvm_test_top.env.scoreboard] ERASE ADDR:0xfca1c scb_flash_data: 0xffffffff
UVM_INFO @ 5616073.0 ns: (flash_ctrl_scoreboard.sv:811) uvm_test_top.env.scoreboard [uvm_test_top.env.scoreboard] ERASE ADDR:0xfca20 scb_flash_data: 0xffffffff
UVM_INFO @ 5616073.0 ns: (flash_ctrl_scoreboard.sv:811) uvm_test_top.env.scoreboard [uvm_test_top.env.scoreboard] ERASE ADDR:0xfca24 scb_flash_data: 0xffffffff
UVM_INFO @ 5616073.0 ns: (flash_ctrl_scoreboard.sv:811) uvm_test_top.env.scoreboard [uvm_test_top.env.scoreboard] ERASE ADDR:0xfca28 scb_flash_data: 0xffffffff
UVM_INFO @ 5616073.0 ns: (flash_ctrl_scoreboard.sv:811) uvm_test_top.env.scoreboard [uvm_test_top.env.scoreboard] ERASE ADDR:0xfca2c scb_flash_data: 0xffffffff
UVM_INFO @ 5616073.0 ns: (flash_ctrl_scoreboard.sv:811) uvm_test_top.env.scoreboard [uvm_test_top.env.scoreboard] ERASE ADDR:0xfca30 scb_flash_data: 0xffffffff
UVM_INFO @ 5616073.0 ns: (flash_ctrl_scoreboard.sv:811) uvm_test_top.env.scoreboard [uvm_test_top.env.scoreboard] ERASE ADDR:0xfca34 scb_flash_data: 0xffffffff
UVM_INFO @ 5616073.0 ns: (flash_ctrl_scoreboard.sv:811) uvm_test_top.env.scoreboard [uvm_test_top.env.scoreboard] ERASE ADDR:0xfca38 scb_flash_data: 0xffffffff
UVM_INFO @ 5616073.0 ns: (flash_ctrl_scoreboard.sv:811) uvm_test_top.env.scoreboard [uvm_test_top.env.scoreboard] ERASE ADDR:0xfca3c scb_flash_data: 0xffffffff
UVM_INFO @ 5616073.0 ns: (flash_ctrl_scoreboard.sv:811) uvm_test_top.env.scoreboard [uvm_test_top.env.scoreboard] ERASE ADDR:0xfca40 scb_flash_data: 0xffffffff
UVM_INFO @ 5616073.0 ns: (flash_ctrl_scoreboard.sv:811) uvm_test_top.env.scoreboard [uvm_test_top.env.scoreboard] ERASE ADDR:0xfca44 scb_flash_data: 0xffffffff
UVM_INFO @ 5616073.0 ns: (flash_ctrl_scoreboard.sv:811) uvm_test_top.env.scoreboard [uvm_test_top.env.scoreboard] ERASE ADDR:0xfca48 scb_flash_data: 0xffffffff
UVM_INFO @ 5616073.0 ns: (flash_ctrl_scoreboard.sv:811) uvm_test_top.env.scoreboard [uvm_test_top.env.scoreboard] ERASE ADDR:0xfca4c scb_flash_data: 0xffffffff
UVM_INFO @ 5616073.0 ns: (flash_ctrl_scoreboard.sv:811) uvm_test_top.env.scoreboard [uvm_test_top.env.scoreboard] ERASE ADDR:0xfca50 scb_flash_data: 0xffffffff
UVM_INFO @ 5616073.0 ns: (flash_ctrl_scoreboard.sv:811) uvm_test_top.env.scoreboard [uvm_test_top.env.scoreboard] ERASE ADDR:0xfca54 scb_flash_data: 0xffffffff
UVM_INFO @ 5616073.0 ns: (flash_ctrl_scoreboard.sv:811) uvm_test_top.env.scoreboard [uvm_test_top.env.scoreboard] ERASE ADDR:0xfca58 scb_flash_data: 0xffffffff
UVM_INFO @ 5616073.0 ns: (flash_ctrl_scoreboard.sv:811) uvm_test_top.env.scoreboard [uvm_test_top.env.scoreboard] ERASE ADDR:0xfca5c scb_flash_data: 0xffffffff
UVM_INFO @ 5616073.0 ns: (flash_ctrl_scoreboard.sv:811) uvm_test_top.env.scoreboard [uvm_test_top.env.scoreboard] ERASE ADDR:0xfca60 scb_flash_data: 0xffffffff
UVM_INFO @ 5616073.0 ns: (flash_ctrl_scoreboard.sv:811) uvm_test_top.env.scoreboard [uvm_test_top.env.scoreboard] ERASE ADDR:0xfca64 scb_flash_data: 0xffffffff
UVM_INFO @ 5616073.0 ns: (flash_ctrl_scoreboard.sv:811) uvm_test_top.env.scoreboard [uvm_test_top.env.scoreboard] ERASE ADDR:0xfca68 scb_flash_data: 0xffffffff
UVM_INFO @ 5616073.0 ns: (flash_ctrl_scoreboard.sv:811) uvm_test_top.env.scoreboard [uvm_test_top.env.scoreboard] ERASE ADDR:0xfca6c scb_flash_data: 0xffffffff
UVM_INFO @ 5616073.0 ns: (flash_ctrl_scoreboard.sv:811) uvm_test_top.env.scoreboard [uvm_test_top.env.scoreboard] ERASE ADDR:0xfca70 scb_flash_data: 0xffffffff
UVM_INFO @ 5616073.0 ns: (flash_ctrl_scoreboard.sv:811) uvm_test_top.env.scoreboard [uvm_test_top.env.scoreboard] ERASE ADDR:0xfca74 scb_flash_data: 0xffffffff
UVM_INFO @ 5616073.0 ns: (flash_ctrl_scoreboard.sv:811) uvm_test_top.env.scoreboard [uvm_test_top.env.scoreboard] ERASE ADDR:0xfca78 scb_flash_data: 0xffffffff
UVM_INFO @ 5616073.0 ns: (flash_ctrl_scoreboard.sv:811) uvm_test_top.env.scoreboard [uvm_test_top.env.scoreboard] ERASE ADDR:0xfca7c scb_flash_data: 0xffffffff
UVM_INFO @ 5616073.0 ns: (flash_ctrl_scoreboard.sv:811) uvm_test_top.env.scoreboard [uvm_test_top.env.scoreboard] ERASE ADDR:0xfca80 scb_flash_data: 0xffffffff
UVM_INFO @ 5616073.0 ns: (flash_ctrl_scoreboard.sv:811) uvm_test_top.env.scoreboard [uvm_test_top.env.scoreboard] ERASE ADDR:0xfca84 scb_flash_data: 0xffffffff
UVM_INFO @ 5616073.0 ns: (flash_ctrl_scoreboard.sv:811) uvm_test_top.env.scoreboard [uvm_test_top.env.scoreboard] ERASE ADDR:0xfca88 scb_flash_data: 0xffffffff
UVM_INFO @ 5616073.0 ns: (flash_ctrl_scoreboard.sv:811) uvm_test_top.env.scoreboard [uvm_test_top.env.scoreboard] ERASE ADDR:0xfca8c scb_flash_data: 0xffffffff
UVM_INFO @ 5616073.0 ns: (flash_ctrl_scoreboard.sv:811) uvm_test_top.env.scoreboard [uvm_test_top.env.scoreboard] ERASE ADDR:0xfca90 scb_flash_data: 0xffffffff
UVM_INFO @ 5616073.0 ns: (flash_ctrl_scoreboard.sv:811) uvm_test_top.env.scoreboard [uvm_test_top.env.scoreboard] ERASE ADDR:0xfca94 scb_flash_data: 0xffffffff
UVM_INFO @ 5616073.0 ns: (flash_ctrl_scoreboard.sv:811) uvm_test_top.env.scoreboard [uvm_test_top.env.scoreboard] ERASE ADDR:0xfca98 scb_flash_data: 0xffffffff
UVM_INFO @ 5616073.0 ns: (flash_ctrl_scoreboard.sv:811) uvm_test_top.env.scoreboard [uvm_test_top.env.scoreboard] ERASE ADDR:0xfca9c scb_flash_data: 0xffffffff
UVM_INFO @ 5616073.0 ns: (flash_ctrl_scoreboard.sv:811) uvm_test_top.env.scoreboard [uvm_test_top.env.scoreboard] ERASE ADDR:0xfcaa0 scb_flash_data: 0xffffffff
UVM_INFO @ 5616073.0 ns: (flash_ctrl_scoreboard.sv:811) uvm_test_top.env.scoreboard [uvm_test_top.env.scoreboard] ERASE ADDR:0xfcaa4 scb_flash_data: 0xffffffff
UVM_INFO @ 5616073.0 ns: (flash_ctrl_scoreboard.sv:811) uvm_test_top.env.scoreboard [uvm_test_top.env.scoreboard] ERASE ADDR:0xfcaa8 scb_flash_data: 0xffffffff
UVM_INFO @ 5616073.0 ns: (flash_ctrl_scoreboard.sv:811) uvm_test_top.env.scoreboard [uvm_test_top.env.scoreboard] ERASE ADDR:0xfcaac scb_flash_data: 0xffffffff
UVM_INFO @ 5616073.0 ns: (flash_ctrl_scoreboard.sv:811) uvm_test_top.env.scoreboard [uvm_test_top.env.scoreboard] ERASE ADDR:0xfcab0 scb_flash_data: 0xffffffff
UVM_INFO @ 5616073.0 ns: (flash_ctrl_scoreboard.sv:811) uvm_test_top.env.scoreboard [uvm_test_top.env.scoreboard] ERASE ADDR:0xfcab4 scb_flash_data: 0xffffffff
UVM_INFO @ 5616073.0 ns: (flash_ctrl_scoreboard.sv:811) uvm_test_top.env.scoreboard [uvm_test_top.env.scoreboard] ERASE ADDR:0xfcab8 scb_flash_data: 0xffffffff
UVM_INFO @ 5616073.0 ns: (flash_ctrl_scoreboard.sv:811) uvm_test_top.env.scoreboard [uvm_test_top.env.scoreboard] ERASE ADDR:0xfcabc scb_flash_data: 0xffffffff
UVM_INFO @ 5616073.0 ns: (flash_ctrl_scoreboard.sv:811) uvm_test_top.env.scoreboard [uvm_test_top.env.scoreboard] ERASE ADDR:0xfcac0 scb_flash_data: 0xffffffff
UVM_INFO @ 5616073.0 ns: (flash_ctrl_scoreboard.sv:811) uvm_test_top.env.scoreboard [uvm_test_top.env.scoreboard] ERASE ADDR:0xfcac4 scb_flash_data: 0xffffffff
UVM_INFO @ 5616073.0 ns: (flash_ctrl_scoreboard.sv:811) uvm_test_top.env.scoreboard [uvm_test_top.env.scoreboard] ERASE ADDR:0xfcac8 scb_flash_data: 0xffffffff
UVM_INFO @ 5616073.0 ns: (flash_ctrl_scoreboard.sv:811) uvm_test_top.env.scoreboard [uvm_test_top.env.scoreboard] ERASE ADDR:0xfcacc scb_flash_data: 0xffffffff
UVM_INFO @ 5616073.0 ns: (flash_ctrl_scoreboard.sv:811) uvm_test_top.env.scoreboard [uvm_test_top.env.scoreboard] ERASE ADDR:0xfcad0 scb_flash_data: 0xffffffff
UVM_INFO @ 5616073.0 ns: (flash_ctrl_scoreboard.sv:811) uvm_test_top.env.scoreboard [uvm_test_top.env.scoreboard] ERASE ADDR:0xfcad4 scb_flash_data: 0xffffffff
UVM_INFO @ 5616073.0 ns: (flash_ctrl_scoreboard.sv:811) uvm_test_top.env.scoreboard [uvm_test_top.env.scoreboard] ERASE ADDR:0xfcad8 scb_flash_data: 0xffffffff
UVM_INFO @ 5616073.0 ns: (flash_ctrl_scoreboard.sv:811) uvm_test_top.env.scoreboard [uvm_test_top.env.scoreboard] ERASE ADDR:0xfcadc scb_flash_data: 0xffffffff
UVM_INFO @ 5616073.0 ns: (flash_ctrl_scoreboard.sv:811) uvm_test_top.env.scoreboard [uvm_test_top.env.scoreboard] ERASE ADDR:0xfcae0 scb_flash_data: 0xffffffff
UVM_INFO @ 5616073.0 ns: (flash_ctrl_scoreboard.sv:811) uvm_test_top.env.scoreboard [uvm_test_top.env.scoreboard] ERASE ADDR:0xfcae4 scb_flash_data: 0xffffffff
UVM_INFO @ 5616073.0 ns: (flash_ctrl_scoreboard.sv:811) uvm_test_top.env.scoreboard [uvm_test_top.env.scoreboard] ERASE ADDR:0xfcae8 scb_flash_data: 0xffffffff
UVM_INFO @ 5616073.0 ns: (flash_ctrl_scoreboard.sv:811) uvm_test_top.env.scoreboard [uvm_test_top.env.scoreboard] ERASE ADDR:0xfcaec scb_flash_data: 0xffffffff
UVM_INFO @ 5616073.0 ns: (flash_ctrl_scoreboard.sv:811) uvm_test_top.env.scoreboard [uvm_test_top.env.scoreboard] ERASE ADDR:0xfcaf0 scb_flash_data: 0xffffffff
UVM_INFO @ 5616073.0 ns: (flash_ctrl_scoreboard.sv:811) uvm_test_top.env.scoreboard [uvm_test_top.env.scoreboard] ERASE ADDR:0xfcaf4 scb_flash_data: 0xffffffff
UVM_INFO @ 5616073.0 ns: (flash_ctrl_scoreboard.sv:811) uvm_test_top.env.scoreboard [uvm_test_top.env.scoreboard] ERASE ADDR:0xfcaf8 scb_flash_data: 0xffffffff
UVM_INFO @ 5616073.0 ns: (flash_ctrl_scoreboard.sv:811) uvm_test_top.env.scoreboard [uvm_test_top.env.scoreboard] ERASE ADDR:0xfcafc scb_flash_data: 0xffffffff
UVM_INFO @ 5616073.0 ns: (flash_ctrl_scoreboard.sv:811) uvm_test_top.env.scoreboard [uvm_test_top.env.scoreboard] ERASE ADDR:0xfcb00 scb_flash_data: 0xffffffff
UVM_INFO @ 5616073.0 ns: (flash_ctrl_scoreboard.sv:811) uvm_test_top.env.scoreboard [uvm_test_top.env.scoreboard] ERASE ADDR:0xfcb04 scb_flash_data: 0xffffffff
UVM_INFO @ 5616073.0 ns: (flash_ctrl_scoreboard.sv:811) uvm_test_top.env.scoreboard [uvm_test_top.env.scoreboard] ERASE ADDR:0xfcb08 scb_flash_data: 0xffffffff
UVM_INFO @ 5616073.0 ns: (flash_ctrl_scoreboard.sv:811) uvm_test_top.env.scoreboard [uvm_test_top.env.scoreboard] ERASE ADDR:0xfcb0c scb_flash_data: 0xffffffff
UVM_INFO @ 5616073.0 ns: (flash_ctrl_scoreboard.sv:811) uvm_test_top.env.scoreboard [uvm_test_top.env.scoreboard] ERASE ADDR:0xfcb10 scb_flash_data: 0xffffffff
UVM_INFO @ 5616073.0 ns: (flash_ctrl_scoreboard.sv:811) uvm_test_top.env.scoreboard [uvm_test_top.env.scoreboard] ERASE ADDR:0xfcb14 scb_flash_data: 0xffffffff
UVM_INFO @ 5616073.0 ns: (flash_ctrl_scoreboard.sv:811) uvm_test_top.env.scoreboard [uvm_test_top.env.scoreboard] ERASE ADDR:0xfcb18 scb_flash_data: 0xffffffff
UVM_INFO @ 5616073.0 ns: (flash_ctrl_scoreboard.sv:811) uvm_test_top.env.scoreboard [uvm_test_top.env.scoreboard] ERASE ADDR:0xfcb1c scb_flash_data: 0xffffffff
UVM_INFO @ 5616073.0 ns: (flash_ctrl_scoreboard.sv:811) uvm_test_top.env.scoreboard [uvm_test_top.env.scoreboard] ERASE ADDR:0xfcb20 scb_flash_data: 0xffffffff
UVM_INFO @ 5616073.0 ns: (flash_ctrl_scoreboard.sv:811) uvm_test_top.env.scoreboard [uvm_test_top.env.scoreboard] ERASE ADDR:0xfcb24 scb_flash_data: 0xffffffff
UVM_INFO @ 5616073.0 ns: (flash_ctrl_scoreboard.sv:811) uvm_test_top.env.scoreboard [uvm_test_top.env.scoreboard] ERASE ADDR:0xfcb28 scb_flash_data: 0xffffffff
UVM_INFO @ 5616073.0 ns: (flash_ctrl_scoreboard.sv:811) uvm_test_top.env.scoreboard [uvm_test_top.env.scoreboard] ERASE ADDR:0xfcb2c scb_flash_data: 0xffffffff
UVM_INFO @ 5616073.0 ns: (flash_ctrl_scoreboard.sv:811) uvm_test_top.env.scoreboard [uvm_test_top.env.scoreboard] ERASE ADDR:0xfcb30 scb_flash_data: 0xffffffff
UVM_INFO @ 5616073.0 ns: (flash_ctrl_scoreboard.sv:811) uvm_test_top.env.scoreboard [uvm_test_top.env.scoreboard] ERASE ADDR:0xfcb34 scb_flash_data: 0xffffffff
UVM_INFO @ 5616073.0 ns: (flash_ctrl_scoreboard.sv:811) uvm_test_top.env.scoreboard [uvm_test_top.env.scoreboard] ERASE ADDR:0xfcb38 scb_flash_data: 0xffffffff
UVM_INFO @ 5616073.0 ns: (flash_ctrl_scoreboard.sv:811) uvm_test_top.env.scoreboard [uvm_test_top.env.scoreboard] ERASE ADDR:0xfcb3c scb_flash_data: 0xffffffff
UVM_INFO @ 5616073.0 ns: (flash_ctrl_scoreboard.sv:811) uvm_test_top.env.scoreboard [uvm_test_top.env.scoreboard] ERASE ADDR:0xfcb40 scb_flash_data: 0xffffffff
UVM_INFO @ 5616073.0 ns: (flash_ctrl_scoreboard.sv:811) uvm_test_top.env.scoreboard [uvm_test_top.env.scoreboard] ERASE ADDR:0xfcb44 scb_flash_data: 0xffffffff
UVM_INFO @ 5616073.0 ns: (flash_ctrl_scoreboard.sv:811) uvm_test_top.env.scoreboard [uvm_test_top.env.scoreboard] ERASE ADDR:0xfcb48 scb_flash_data: 0xffffffff
UVM_INFO @ 5616073.0 ns: (flash_ctrl_scoreboard.sv:811) uvm_test_top.env.scoreboard [uvm_test_top.env.scoreboard] ERASE ADDR:0xfcb4c scb_flash_data: 0xffffffff
UVM_INFO @ 5616073.0 ns: (flash_ctrl_scoreboard.sv:811) uvm_test_top.env.scoreboard [uvm_test_top.env.scoreboard] ERASE ADDR:0xfcb50 scb_flash_data: 0xffffffff
UVM_INFO @ 5616073.0 ns: (flash_ctrl_scoreboard.sv:811) uvm_test_top.env.scoreboard [uvm_test_top.env.scoreboard] ERASE ADDR:0xfcb54 scb_flash_data: 0xffffffff
UVM_INFO @ 5616073.0 ns: (flash_ctrl_scoreboard.sv:811) uvm_test_top.env.scoreboard [uvm_test_top.env.scoreboard] ERASE ADDR:0xfcb58 scb_flash_data: 0xffffffff
UVM_INFO @ 5616073.0 ns: (flash_ctrl_scoreboard.sv:811) uvm_test_top.env.scoreboard [uvm_test_top.env.scoreboard] ERASE ADDR:0xfcb5c scb_flash_data: 0xffffffff
UVM_INFO @ 5616073.0 ns: (flash_ctrl_scoreboard.sv:811) uvm_test_top.env.scoreboard [uvm_test_top.env.scoreboard] ERASE ADDR:0xfcb60 scb_flash_data: 0xffffffff
UVM_INFO @ 5616073.0 ns: (flash_ctrl_scoreboard.sv:811) uvm_test_top.env.scoreboard [uvm_test_top.env.scoreboard] ERASE ADDR:0xfcb64 scb_flash_data: 0xffffffff
UVM_INFO @ 5616073.0 ns: (flash_ctrl_scoreboard.sv:811) uvm_test_top.env.scoreboard [uvm_test_top.env.scoreboard] ERASE ADDR:0xfcb68 scb_flash_data: 0xffffffff
UVM_INFO @ 5616073.0 ns: (flash_ctrl_scoreboard.sv:811) uvm_test_top.env.scoreboard [uvm_test_top.env.scoreboard] ERASE ADDR:0xfcb6c scb_flash_data: 0xffffffff
UVM_INFO @ 5616073.0 ns: (flash_ctrl_scoreboard.sv:811) uvm_test_top.env.scoreboard [uvm_test_top.env.scoreboard] ERASE ADDR:0xfcb70 scb_flash_data: 0xffffffff
UVM_INFO @ 5616073.0 ns: (flash_ctrl_scoreboard.sv:811) uvm_test_top.env.scoreboard [uvm_test_top.env.scoreboard] ERASE ADDR:0xfcb74 scb_flash_data: 0xffffffff
UVM_INFO @ 5616073.0 ns: (flash_ctrl_scoreboard.sv:811) uvm_test_top.env.scoreboard [uvm_test_top.env.scoreboard] ERASE ADDR:0xfcb78 scb_flash_data: 0xffffffff
UVM_INFO @ 5616073.0 ns: (flash_ctrl_scoreboard.sv:811) uvm_test_top.env.scoreboard [uvm_test_top.env.scoreboard] ERASE ADDR:0xfcb7c scb_flash_data: 0xffffffff
UVM_INFO @ 5616073.0 ns: (flash_ctrl_scoreboard.sv:811) uvm_test_top.env.scoreboard [uvm_test_top.env.scoreboard] ERASE ADDR:0xfcb80 scb_flash_data: 0xffffffff
UVM_INFO @ 5616073.0 ns: (flash_ctrl_scoreboard.sv:811) uvm_test_top.env.scoreboard [uvm_test_top.env.scoreboard] ERASE ADDR:0xfcb84 scb_flash_data: 0xffffffff
UVM_INFO @ 5616073.0 ns: (flash_ctrl_scoreboard.sv:811) uvm_test_top.env.scoreboard [uvm_test_top.env.scoreboard] ERASE ADDR:0xfcb88 scb_flash_data: 0xffffffff
UVM_INFO @ 5616073.0 ns: (flash_ctrl_scoreboard.sv:811) uvm_test_top.env.scoreboard [uvm_test_top.env.scoreboard] ERASE ADDR:0xfcb8c scb_flash_data: 0xffffffff
UVM_INFO @ 5616073.0 ns: (flash_ctrl_scoreboard.sv:811) uvm_test_top.env.scoreboard [uvm_test_top.env.scoreboard] ERASE ADDR:0xfcb90 scb_flash_data: 0xffffffff
UVM_INFO @ 5616073.0 ns: (flash_ctrl_scoreboard.sv:811) uvm_test_top.env.scoreboard [uvm_test_top.env.scoreboard] ERASE ADDR:0xfcb94 scb_flash_data: 0xffffffff
UVM_INFO @ 5616073.0 ns: (flash_ctrl_scoreboard.sv:811) uvm_test_top.env.scoreboard [uvm_test_top.env.scoreboard] ERASE ADDR:0xfcb98 scb_flash_data: 0xffffffff
UVM_INFO @ 5616073.0 ns: (flash_ctrl_scoreboard.sv:811) uvm_test_top.env.scoreboard [uvm_test_top.env.scoreboard] ERASE ADDR:0xfcb9c scb_flash_data: 0xffffffff
UVM_INFO @ 5616073.0 ns: (flash_ctrl_scoreboard.sv:811) uvm_test_top.env.scoreboard [uvm_test_top.env.scoreboard] ERASE ADDR:0xfcba0 scb_flash_data: 0xffffffff
UVM_INFO @ 5616073.0 ns: (flash_ctrl_scoreboard.sv:811) uvm_test_top.env.scoreboard [uvm_test_top.env.scoreboard] ERASE ADDR:0xfcba4 scb_flash_data: 0xffffffff
UVM_INFO @ 5616073.0 ns: (flash_ctrl_scoreboard.sv:811) uvm_test_top.env.scoreboard [uvm_test_top.env.scoreboard] ERASE ADDR:0xfcba8 scb_flash_data: 0xffffffff
UVM_INFO @ 5616073.0 ns: (flash_ctrl_scoreboard.sv:811) uvm_test_top.env.scoreboard [uvm_test_top.env.scoreboard] ERASE ADDR:0xfcbac scb_flash_data: 0xffffffff
UVM_INFO @ 5616073.0 ns: (flash_ctrl_scoreboard.sv:811) uvm_test_top.env.scoreboard [uvm_test_top.env.scoreboard] ERASE ADDR:0xfcbb0 scb_flash_data: 0xffffffff
UVM_INFO @ 5616073.0 ns: (flash_ctrl_scoreboard.sv:811) uvm_test_top.env.scoreboard [uvm_test_top.env.scoreboard] ERASE ADDR:0xfcbb4 scb_flash_data: 0xffffffff
UVM_INFO @ 5616073.0 ns: (flash_ctrl_scoreboard.sv:811) uvm_test_top.env.scoreboard [uvm_test_top.env.scoreboard] ERASE ADDR:0xfcbb8 scb_flash_data: 0xffffffff
UVM_INFO @ 5616073.0 ns: (flash_ctrl_scoreboard.sv:811) uvm_test_top.env.scoreboard [uvm_test_top.env.scoreboard] ERASE ADDR:0xfcbbc scb_flash_data: 0xffffffff
UVM_INFO @ 5616073.0 ns: (flash_ctrl_scoreboard.sv:811) uvm_test_top.env.scoreboard [uvm_test_top.env.scoreboard] ERASE ADDR:0xfcbc0 scb_flash_data: 0xffffffff
UVM_INFO @ 5616073.0 ns: (flash_ctrl_scoreboard.sv:811) uvm_test_top.env.scoreboard [uvm_test_top.env.scoreboard] ERASE ADDR:0xfcbc4 scb_flash_data: 0xffffffff
UVM_INFO @ 5616073.0 ns: (flash_ctrl_scoreboard.sv:811) uvm_test_top.env.scoreboard [uvm_test_top.env.scoreboard] ERASE ADDR:0xfcbc8 scb_flash_data: 0xffffffff
UVM_INFO @ 5616073.0 ns: (flash_ctrl_scoreboard.sv:811) uvm_test_top.env.scoreboard [uvm_test_top.env.scoreboard] ERASE ADDR:0xfcbcc scb_flash_data: 0xffffffff
UVM_INFO @ 5616073.0 ns: (flash_ctrl_scoreboard.sv:811) uvm_test_top.env.scoreboard [uvm_test_top.env.scoreboard] ERASE ADDR:0xfcbd0 scb_flash_data: 0xffffffff
UVM_INFO @ 5616073.0 ns: (flash_ctrl_scoreboard.sv:811) uvm_test_top.env.scoreboard [uvm_test_top.env.scoreboard] ERASE ADDR:0xfcbd4 scb_flash_data: 0xffffffff
UVM_INFO @ 5616073.0 ns: (flash_ctrl_scoreboard.sv:811) uvm_test_top.env.scoreboard [uvm_test_top.env.scoreboard] ERASE ADDR:0xfcbd8 scb_flash_data: 0xffffffff
UVM_INFO @ 5616073.0 ns: (flash_ctrl_scoreboard.sv:811) uvm_test_top.env.scoreboard [uvm_test_top.env.scoreboard] ERASE ADDR:0xfcbdc scb_flash_data: 0xffffffff
UVM_INFO @ 5616073.0 ns: (flash_ctrl_scoreboard.sv:811) uvm_test_top.env.scoreboard [uvm_test_top.env.scoreboard] ERASE ADDR:0xfcbe0 scb_flash_data: 0xffffffff
UVM_INFO @ 5616073.0 ns: (flash_ctrl_scoreboard.sv:811) uvm_test_top.env.scoreboard [uvm_test_top.env.scoreboard] ERASE ADDR:0xfcbe4 scb_flash_data: 0xffffffff
UVM_INFO @ 5616073.0 ns: (flash_ctrl_scoreboard.sv:811) uvm_test_top.env.scoreboard [uvm_test_top.env.scoreboard] ERASE ADDR:0xfcbe8 scb_flash_data: 0xffffffff
UVM_INFO @ 5616073.0 ns: (flash_ctrl_scoreboard.sv:811) uvm_test_top.env.scoreboard [uvm_test_top.env.scoreboard] ERASE ADDR:0xfcbec scb_flash_data: 0xffffffff
UVM_INFO @ 5616073.0 ns: (flash_ctrl_scoreboard.sv:811) uvm_test_top.env.scoreboard [uvm_test_top.env.scoreboard] ERASE ADDR:0xfcbf0 scb_flash_data: 0xffffffff
UVM_INFO @ 5616073.0 ns: (flash_ctrl_scoreboard.sv:811) uvm_test_top.env.scoreboard [uvm_test_top.env.scoreboard] ERASE ADDR:0xfcbf4 scb_flash_data: 0xffffffff
UVM_INFO @ 5616073.0 ns: (flash_ctrl_scoreboard.sv:811) uvm_test_top.env.scoreboard [uvm_test_top.env.scoreboard] ERASE ADDR:0xfcbf8 scb_flash_data: 0xffffffff
UVM_INFO @ 5616073.0 ns: (flash_ctrl_scoreboard.sv:811) uvm_test_top.env.scoreboard [uvm_test_top.env.scoreboard] ERASE ADDR:0xfcbfc scb_flash_data: 0xffffffff
UVM_INFO @ 5616073.0 ns: (flash_ctrl_scoreboard.sv:811) uvm_test_top.env.scoreboard [uvm_test_top.env.scoreboard] ERASE ADDR:0xfcc00 scb_flash_data: 0xffffffff
UVM_INFO @ 5616073.0 ns: (flash_ctrl_scoreboard.sv:811) uvm_test_top.env.scoreboard [uvm_test_top.env.scoreboard] ERASE ADDR:0xfcc04 scb_flash_data: 0xffffffff
UVM_INFO @ 5616073.0 ns: (flash_ctrl_scoreboard.sv:811) uvm_test_top.env.scoreboard [uvm_test_top.env.scoreboard] ERASE ADDR:0xfcc08 scb_flash_data: 0xffffffff
UVM_INFO @ 5616073.0 ns: (flash_ctrl_scoreboard.sv:811) uvm_test_top.env.scoreboard [uvm_test_top.env.scoreboard] ERASE ADDR:0xfcc0c scb_flash_data: 0xffffffff
UVM_INFO @ 5616073.0 ns: (flash_ctrl_scoreboard.sv:811) uvm_test_top.env.scoreboard [uvm_test_top.env.scoreboard] ERASE ADDR:0xfcc10 scb_flash_data: 0xffffffff
UVM_INFO @ 5616073.0 ns: (flash_ctrl_scoreboard.sv:811) uvm_test_top.env.scoreboard [uvm_test_top.env.scoreboard] ERASE ADDR:0xfcc14 scb_flash_data: 0xffffffff
UVM_INFO @ 5616073.0 ns: (flash_ctrl_scoreboard.sv:811) uvm_test_top.env.scoreboard [uvm_test_top.env.scoreboard] ERASE ADDR:0xfcc18 scb_flash_data: 0xffffffff
UVM_INFO @ 5616073.0 ns: (flash_ctrl_scoreboard.sv:811) uvm_test_top.env.scoreboard [uvm_test_top.env.scoreboard] ERASE ADDR:0xfcc1c scb_flash_data: 0xffffffff
UVM_INFO @ 5616073.0 ns: (flash_ctrl_scoreboard.sv:811) uvm_test_top.env.scoreboard [uvm_test_top.env.scoreboard] ERASE ADDR:0xfcc20 scb_flash_data: 0xffffffff
UVM_INFO @ 5616073.0 ns: (flash_ctrl_scoreboard.sv:811) uvm_test_top.env.scoreboard [uvm_test_top.env.scoreboard] ERASE ADDR:0xfcc24 scb_flash_data: 0xffffffff
UVM_INFO @ 5616073.0 ns: (flash_ctrl_scoreboard.sv:811) uvm_test_top.env.scoreboard [uvm_test_top.env.scoreboard] ERASE ADDR:0xfcc28 scb_flash_data: 0xffffffff
UVM_INFO @ 5616073.0 ns: (flash_ctrl_scoreboard.sv:811) uvm_test_top.env.scoreboard [uvm_test_top.env.scoreboard] ERASE ADDR:0xfcc2c scb_flash_data: 0xffffffff
UVM_INFO @ 5616073.0 ns: (flash_ctrl_scoreboard.sv:811) uvm_test_top.env.scoreboard [uvm_test_top.env.scoreboard] ERASE ADDR:0xfcc30 scb_flash_data: 0xffffffff
UVM_INFO @ 5616073.0 ns: (flash_ctrl_scoreboard.sv:811) uvm_test_top.env.scoreboard [uvm_test_top.env.scoreboard] ERASE ADDR:0xfcc34 scb_flash_data: 0xffffffff
UVM_INFO @ 5616073.0 ns: (flash_ctrl_scoreboard.sv:811) uvm_test_top.env.scoreboard [uvm_test_top.env.scoreboard] ERASE ADDR:0xfcc38 scb_flash_data: 0xffffffff
UVM_INFO @ 5616073.0 ns: (flash_ctrl_scoreboard.sv:811) uvm_test_top.env.scoreboard [uvm_test_top.env.scoreboard] ERASE ADDR:0xfcc3c scb_flash_data: 0xffffffff
UVM_INFO @ 5616073.0 ns: (flash_ctrl_scoreboard.sv:811) uvm_test_top.env.scoreboard [uvm_test_top.env.scoreboard] ERASE ADDR:0xfcc40 scb_flash_data: 0xffffffff
UVM_INFO @ 5616073.0 ns: (flash_ctrl_scoreboard.sv:811) uvm_test_top.env.scoreboard [uvm_test_top.env.scoreboard] ERASE ADDR:0xfcc44 scb_flash_data: 0xffffffff
UVM_INFO @ 5616073.0 ns: (flash_ctrl_scoreboard.sv:811) uvm_test_top.env.scoreboard [uvm_test_top.env.scoreboard] ERASE ADDR:0xfcc48 scb_flash_data: 0xffffffff
UVM_INFO @ 5616073.0 ns: (flash_ctrl_scoreboard.sv:811) uvm_test_top.env.scoreboard [uvm_test_top.env.scoreboard] ERASE ADDR:0xfcc4c scb_flash_data: 0xffffffff
UVM_INFO @ 5616073.0 ns: (flash_ctrl_scoreboard.sv:811) uvm_test_top.env.scoreboard [uvm_test_top.env.scoreboard] ERASE ADDR:0xfcc50 scb_flash_data: 0xffffffff
UVM_INFO @ 5616073.0 ns: (flash_ctrl_scoreboard.sv:811) uvm_test_top.env.scoreboard [uvm_test_top.env.scoreboard] ERASE ADDR:0xfcc54 scb_flash_data: 0xffffffff
UVM_INFO @ 5616073.0 ns: (flash_ctrl_scoreboard.sv:811) uvm_test_top.env.scoreboard [uvm_test_top.env.scoreboard] ERASE ADDR:0xfcc58 scb_flash_data: 0xffffffff
UVM_INFO @ 5616073.0 ns: (flash_ctrl_scoreboard.sv:811) uvm_test_top.env.scoreboard [uvm_test_top.env.scoreboard] ERASE ADDR:0xfcc5c scb_flash_data: 0xffffffff
UVM_INFO @ 5616073.0 ns: (flash_ctrl_scoreboard.sv:811) uvm_test_top.env.scoreboard [uvm_test_top.env.scoreboard] ERASE ADDR:0xfcc60 scb_flash_data: 0xffffffff
UVM_INFO @ 5616073.0 ns: (flash_ctrl_scoreboard.sv:811) uvm_test_top.env.scoreboard [uvm_test_top.env.scoreboard] ERASE ADDR:0xfcc64 scb_flash_data: 0xffffffff
UVM_INFO @ 5616073.0 ns: (flash_ctrl_scoreboard.sv:811) uvm_test_top.env.scoreboard [uvm_test_top.env.scoreboard] ERASE ADDR:0xfcc68 scb_flash_data: 0xffffffff
UVM_INFO @ 5616073.0 ns: (flash_ctrl_scoreboard.sv:811) uvm_test_top.env.scoreboard [uvm_test_top.env.scoreboard] ERASE ADDR:0xfcc6c scb_flash_data: 0xffffffff
UVM_INFO @ 5616073.0 ns: (flash_ctrl_scoreboard.sv:811) uvm_test_top.env.scoreboard [uvm_test_top.env.scoreboard] ERASE ADDR:0xfcc70 scb_flash_data: 0xffffffff
UVM_INFO @ 5616073.0 ns: (flash_ctrl_scoreboard.sv:811) uvm_test_top.env.scoreboard [uvm_test_top.env.scoreboard] ERASE ADDR:0xfcc74 scb_flash_data: 0xffffffff
UVM_INFO @ 5616073.0 ns: (flash_ctrl_scoreboard.sv:811) uvm_test_top.env.scoreboard [uvm_test_top.env.scoreboard] ERASE ADDR:0xfcc78 scb_flash_data: 0xffffffff
UVM_INFO @ 5616073.0 ns: (flash_ctrl_scoreboard.sv:811) uvm_test_top.env.scoreboard [uvm_test_top.env.scoreboard] ERASE ADDR:0xfcc7c scb_flash_data: 0xffffffff
UVM_INFO @ 5616073.0 ns: (flash_ctrl_scoreboard.sv:811) uvm_test_top.env.scoreboard [uvm_test_top.env.scoreboard] ERASE ADDR:0xfcc80 scb_flash_data: 0xffffffff
UVM_INFO @ 5616073.0 ns: (flash_ctrl_scoreboard.sv:811) uvm_test_top.env.scoreboard [uvm_test_top.env.scoreboard] ERASE ADDR:0xfcc84 scb_flash_data: 0xffffffff
UVM_INFO @ 5616073.0 ns: (flash_ctrl_scoreboard.sv:811) uvm_test_top.env.scoreboard [uvm_test_top.env.scoreboard] ERASE ADDR:0xfcc88 scb_flash_data: 0xffffffff
UVM_INFO @ 5616073.0 ns: (flash_ctrl_scoreboard.sv:811) uvm_test_top.env.scoreboard [uvm_test_top.env.scoreboard] ERASE ADDR:0xfcc8c scb_flash_data: 0xffffffff
UVM_INFO @ 5616073.0 ns: (flash_ctrl_scoreboard.sv:811) uvm_test_top.env.scoreboard [uvm_test_top.env.scoreboard] ERASE ADDR:0xfcc90 scb_flash_data: 0xffffffff
UVM_INFO @ 5616073.0 ns: (flash_ctrl_scoreboard.sv:811) uvm_test_top.env.scoreboard [uvm_test_top.env.scoreboard] ERASE ADDR:0xfcc94 scb_flash_data: 0xffffffff
UVM_INFO @ 5616073.0 ns: (flash_ctrl_scoreboard.sv:811) uvm_test_top.env.scoreboard [uvm_test_top.env.scoreboard] ERASE ADDR:0xfcc98 scb_flash_data: 0xffffffff
UVM_INFO @ 5616073.0 ns: (flash_ctrl_scoreboard.sv:811) uvm_test_top.env.scoreboard [uvm_test_top.env.scoreboard] ERASE ADDR:0xfcc9c scb_flash_data: 0xffffffff
UVM_INFO @ 5616073.0 ns: (flash_ctrl_scoreboard.sv:811) uvm_test_top.env.scoreboard [uvm_test_top.env.scoreboard] ERASE ADDR:0xfcca0 scb_flash_data: 0xffffffff
UVM_INFO @ 5616073.0 ns: (flash_ctrl_scoreboard.sv:811) uvm_test_top.env.scoreboard [uvm_test_top.env.scoreboard] ERASE ADDR:0xfcca4 scb_flash_data: 0xffffffff
UVM_INFO @ 5616073.0 ns: (flash_ctrl_scoreboard.sv:811) uvm_test_top.env.scoreboard [uvm_test_top.env.scoreboard] ERASE ADDR:0xfcca8 scb_flash_data: 0xffffffff
UVM_INFO @ 5616073.0 ns: (flash_ctrl_scoreboard.sv:811) uvm_test_top.env.scoreboard [uvm_test_top.env.scoreboard] ERASE ADDR:0xfccac scb_flash_data: 0xffffffff
UVM_INFO @ 5616073.0 ns: (flash_ctrl_scoreboard.sv:811) uvm_test_top.env.scoreboard [uvm_test_top.env.scoreboard] ERASE ADDR:0xfccb0 scb_flash_data: 0xffffffff
UVM_INFO @ 5616073.0 ns: (flash_ctrl_scoreboard.sv:811) uvm_test_top.env.scoreboard [uvm_test_top.env.scoreboard] ERASE ADDR:0xfccb4 scb_flash_data: 0xffffffff
UVM_INFO @ 5616073.0 ns: (flash_ctrl_scoreboard.sv:811) uvm_test_top.env.scoreboard [uvm_test_top.env.scoreboard] ERASE ADDR:0xfccb8 scb_flash_data: 0xffffffff
UVM_INFO @ 5616073.0 ns: (flash_ctrl_scoreboard.sv:811) uvm_test_top.env.scoreboard [uvm_test_top.env.scoreboard] ERASE ADDR:0xfccbc scb_flash_data: 0xffffffff
UVM_INFO @ 5616073.0 ns: (flash_ctrl_scoreboard.sv:811) uvm_test_top.env.scoreboard [uvm_test_top.env.scoreboard] ERASE ADDR:0xfccc0 scb_flash_data: 0xffffffff
UVM_INFO @ 5616073.0 ns: (flash_ctrl_scoreboard.sv:811) uvm_test_top.env.scoreboard [uvm_test_top.env.scoreboard] ERASE ADDR:0xfccc4 scb_flash_data: 0xffffffff
UVM_INFO @ 5616073.0 ns: (flash_ctrl_scoreboard.sv:811) uvm_test_top.env.scoreboard [uvm_test_top.env.scoreboard] ERASE ADDR:0xfccc8 scb_flash_data: 0xffffffff
UVM_INFO @ 5616073.0 ns: (flash_ctrl_scoreboard.sv:811) uvm_test_top.env.scoreboard [uvm_test_top.env.scoreboard] ERASE ADDR:0xfcccc scb_flash_data: 0xffffffff
UVM_INFO @ 5616073.0 ns: (flash_ctrl_scoreboard.sv:811) uvm_test_top.env.scoreboard [uvm_test_top.env.scoreboard] ERASE ADDR:0xfccd0 scb_flash_data: 0xffffffff
UVM_INFO @ 5616073.0 ns: (flash_ctrl_scoreboard.sv:811) uvm_test_top.env.scoreboard [uvm_test_top.env.scoreboard] ERASE ADDR:0xfccd4 scb_flash_data: 0xffffffff
UVM_INFO @ 5616073.0 ns: (flash_ctrl_scoreboard.sv:811) uvm_test_top.env.scoreboard [uvm_test_top.env.scoreboard] ERASE ADDR:0xfccd8 scb_flash_data: 0xffffffff
UVM_INFO @ 5616073.0 ns: (flash_ctrl_scoreboard.sv:811) uvm_test_top.env.scoreboard [uvm_test_top.env.scoreboard] ERASE ADDR:0xfccdc scb_flash_data: 0xffffffff
UVM_INFO @ 5616073.0 ns: (flash_ctrl_scoreboard.sv:811) uvm_test_top.env.scoreboard [uvm_test_top.env.scoreboard] ERASE ADDR:0xfcce0 scb_flash_data: 0xffffffff
UVM_INFO @ 5616073.0 ns: (flash_ctrl_scoreboard.sv:811) uvm_test_top.env.scoreboard [uvm_test_top.env.scoreboard] ERASE ADDR:0xfcce4 scb_flash_data: 0xffffffff
UVM_INFO @ 5616073.0 ns: (flash_ctrl_scoreboard.sv:811) uvm_test_top.env.scoreboard [uvm_test_top.env.scoreboard] ERASE ADDR:0xfcce8 scb_flash_data: 0xffffffff
UVM_INFO @ 5616073.0 ns: (flash_ctrl_scoreboard.sv:811) uvm_test_top.env.scoreboard [uvm_test_top.env.scoreboard] ERASE ADDR:0xfccec scb_flash_data: 0xffffffff
UVM_INFO @ 5616073.0 ns: (flash_ctrl_scoreboard.sv:811) uvm_test_top.env.scoreboard [uvm_test_top.env.scoreboard] ERASE ADDR:0xfccf0 scb_flash_data: 0xffffffff
UVM_INFO @ 5616073.0 ns: (flash_ctrl_scoreboard.sv:811) uvm_test_top.env.scoreboard [uvm_test_top.env.scoreboard] ERASE ADDR:0xfccf4 scb_flash_data: 0xffffffff
UVM_INFO @ 5616073.0 ns: (flash_ctrl_scoreboard.sv:811) uvm_test_top.env.scoreboard [uvm_test_top.env.scoreboard] ERASE ADDR:0xfccf8 scb_flash_data: 0xffffffff
UVM_INFO @ 5616073.0 ns: (flash_ctrl_scoreboard.sv:811) uvm_test_top.env.scoreboard [uvm_test_top.env.scoreboard] ERASE ADDR:0xfccfc scb_flash_data: 0xffffffff
UVM_INFO @ 5616073.0 ns: (flash_ctrl_scoreboard.sv:811) uvm_test_top.env.scoreboard [uvm_test_top.env.scoreboard] ERASE ADDR:0xfcd00 scb_flash_data: 0xffffffff
UVM_INFO @ 5616073.0 ns: (flash_ctrl_scoreboard.sv:811) uvm_test_top.env.scoreboard [uvm_test_top.env.scoreboard] ERASE ADDR:0xfcd04 scb_flash_data: 0xffffffff
UVM_INFO @ 5616073.0 ns: (flash_ctrl_scoreboard.sv:811) uvm_test_top.env.scoreboard [uvm_test_top.env.scoreboard] ERASE ADDR:0xfcd08 scb_flash_data: 0xffffffff
UVM_INFO @ 5616073.0 ns: (flash_ctrl_scoreboard.sv:811) uvm_test_top.env.scoreboard [uvm_test_top.env.scoreboard] ERASE ADDR:0xfcd0c scb_flash_data: 0xffffffff
UVM_INFO @ 5616073.0 ns: (flash_ctrl_scoreboard.sv:811) uvm_test_top.env.scoreboard [uvm_test_top.env.scoreboard] ERASE ADDR:0xfcd10 scb_flash_data: 0xffffffff
UVM_INFO @ 5616073.0 ns: (flash_ctrl_scoreboard.sv:811) uvm_test_top.env.scoreboard [uvm_test_top.env.scoreboard] ERASE ADDR:0xfcd14 scb_flash_data: 0xffffffff
UVM_INFO @ 5616073.0 ns: (flash_ctrl_scoreboard.sv:811) uvm_test_top.env.scoreboard [uvm_test_top.env.scoreboard] ERASE ADDR:0xfcd18 scb_flash_data: 0xffffffff
UVM_INFO @ 5616073.0 ns: (flash_ctrl_scoreboard.sv:811) uvm_test_top.env.scoreboard [uvm_test_top.env.scoreboard] ERASE ADDR:0xfcd1c scb_flash_data: 0xffffffff
UVM_INFO @ 5616073.0 ns: (flash_ctrl_scoreboard.sv:811) uvm_test_top.env.scoreboard [uvm_test_top.env.scoreboard] ERASE ADDR:0xfcd20 scb_flash_data: 0xffffffff
UVM_INFO @ 5616073.0 ns: (flash_ctrl_scoreboard.sv:811) uvm_test_top.env.scoreboard [uvm_test_top.env.scoreboard] ERASE ADDR:0xfcd24 scb_flash_data: 0xffffffff
UVM_INFO @ 5616073.0 ns: (flash_ctrl_scoreboard.sv:811) uvm_test_top.env.scoreboard [uvm_test_top.env.scoreboard] ERASE ADDR:0xfcd28 scb_flash_data: 0xffffffff
UVM_INFO @ 5616073.0 ns: (flash_ctrl_scoreboard.sv:811) uvm_test_top.env.scoreboard [uvm_test_top.env.scoreboard] ERASE ADDR:0xfcd2c scb_flash_data: 0xffffffff
UVM_INFO @ 5616073.0 ns: (flash_ctrl_scoreboard.sv:811) uvm_test_top.env.scoreboard [uvm_test_top.env.scoreboard] ERASE ADDR:0xfcd30 scb_flash_data: 0xffffffff
UVM_INFO @ 5616073.0 ns: (flash_ctrl_scoreboard.sv:811) uvm_test_top.env.scoreboard [uvm_test_top.env.scoreboard] ERASE ADDR:0xfcd34 scb_flash_data: 0xffffffff
UVM_INFO @ 5616073.0 ns: (flash_ctrl_scoreboard.sv:811) uvm_test_top.env.scoreboard [uvm_test_top.env.scoreboard] ERASE ADDR:0xfcd38 scb_flash_data: 0xffffffff
UVM_INFO @ 5616073.0 ns: (flash_ctrl_scoreboard.sv:811) uvm_test_top.env.scoreboard [uvm_test_top.env.scoreboard] ERASE ADDR:0xfcd3c scb_flash_data: 0xffffffff
UVM_INFO @ 5616073.0 ns: (flash_ctrl_scoreboard.sv:811) uvm_test_top.env.scoreboard [uvm_test_top.env.scoreboard] ERASE ADDR:0xfcd40 scb_flash_data: 0xffffffff
UVM_INFO @ 5616073.0 ns: (flash_ctrl_scoreboard.sv:811) uvm_test_top.env.scoreboard [uvm_test_top.env.scoreboard] ERASE ADDR:0xfcd44 scb_flash_data: 0xffffffff
UVM_INFO @ 5616073.0 ns: (flash_ctrl_scoreboard.sv:811) uvm_test_top.env.scoreboard [uvm_test_top.env.scoreboard] ERASE ADDR:0xfcd48 scb_flash_data: 0xffffffff
UVM_INFO @ 5616073.0 ns: (flash_ctrl_scoreboard.sv:811) uvm_test_top.env.scoreboard [uvm_test_top.env.scoreboard] ERASE ADDR:0xfcd4c scb_flash_data: 0xffffffff
UVM_INFO @ 5616073.0 ns: (flash_ctrl_scoreboard.sv:811) uvm_test_top.env.scoreboard [uvm_test_top.env.scoreboard] ERASE ADDR:0xfcd50 scb_flash_data: 0xffffffff
UVM_INFO @ 5616073.0 ns: (flash_ctrl_scoreboard.sv:811) uvm_test_top.env.scoreboard [uvm_test_top.env.scoreboard] ERASE ADDR:0xfcd54 scb_flash_data: 0xffffffff
UVM_INFO @ 5616073.0 ns: (flash_ctrl_scoreboard.sv:811) uvm_test_top.env.scoreboard [uvm_test_top.env.scoreboard] ERASE ADDR:0xfcd58 scb_flash_data: 0xffffffff
UVM_INFO @ 5616073.0 ns: (flash_ctrl_scoreboard.sv:811) uvm_test_top.env.scoreboard [uvm_test_top.env.scoreboard] ERASE ADDR:0xfcd5c scb_flash_data: 0xffffffff
UVM_INFO @ 5616073.0 ns: (flash_ctrl_scoreboard.sv:811) uvm_test_top.env.scoreboard [uvm_test_top.env.scoreboard] ERASE ADDR:0xfcd60 scb_flash_data: 0xffffffff
UVM_INFO @ 5616073.0 ns: (flash_ctrl_scoreboard.sv:811) uvm_test_top.env.scoreboard [uvm_test_top.env.scoreboard] ERASE ADDR:0xfcd64 scb_flash_data: 0xffffffff
UVM_INFO @ 5616073.0 ns: (flash_ctrl_scoreboard.sv:811) uvm_test_top.env.scoreboard [uvm_test_top.env.scoreboard] ERASE ADDR:0xfcd68 scb_flash_data: 0xffffffff
UVM_INFO @ 5616073.0 ns: (flash_ctrl_scoreboard.sv:811) uvm_test_top.env.scoreboard [uvm_test_top.env.scoreboard] ERASE ADDR:0xfcd6c scb_flash_data: 0xffffffff
UVM_INFO @ 5616073.0 ns: (flash_ctrl_scoreboard.sv:811) uvm_test_top.env.scoreboard [uvm_test_top.env.scoreboard] ERASE ADDR:0xfcd70 scb_flash_data: 0xffffffff
UVM_INFO @ 5616073.0 ns: (flash_ctrl_scoreboard.sv:811) uvm_test_top.env.scoreboard [uvm_test_top.env.scoreboard] ERASE ADDR:0xfcd74 scb_flash_data: 0xffffffff
UVM_INFO @ 5616073.0 ns: (flash_ctrl_scoreboard.sv:811) uvm_test_top.env.scoreboard [uvm_test_top.env.scoreboard] ERASE ADDR:0xfcd78 scb_flash_data: 0xffffffff
UVM_INFO @ 5616073.0 ns: (flash_ctrl_scoreboard.sv:811) uvm_test_top.env.scoreboard [uvm_test_top.env.scoreboard] ERASE ADDR:0xfcd7c scb_flash_data: 0xffffffff
UVM_INFO @ 5616073.0 ns: (flash_ctrl_scoreboard.sv:811) uvm_test_top.env.scoreboard [uvm_test_top.env.scoreboard] ERASE ADDR:0xfcd80 scb_flash_data: 0xffffffff
UVM_INFO @ 5616073.0 ns: (flash_ctrl_scoreboard.sv:811) uvm_test_top.env.scoreboard [uvm_test_top.env.scoreboard] ERASE ADDR:0xfcd84 scb_flash_data: 0xffffffff
UVM_INFO @ 5616073.0 ns: (flash_ctrl_scoreboard.sv:811) uvm_test_top.env.scoreboard [uvm_test_top.env.scoreboard] ERASE ADDR:0xfcd88 scb_flash_data: 0xffffffff
UVM_INFO @ 5616073.0 ns: (flash_ctrl_scoreboard.sv:811) uvm_test_top.env.scoreboard [uvm_test_top.env.scoreboard] ERASE ADDR:0xfcd8c scb_flash_data: 0xffffffff
UVM_INFO @ 5616073.0 ns: (flash_ctrl_scoreboard.sv:811) uvm_test_top.env.scoreboard [uvm_test_top.env.scoreboard] ERASE ADDR:0xfcd90 scb_flash_data: 0xffffffff
UVM_INFO @ 5616073.0 ns: (flash_ctrl_scoreboard.sv:811) uvm_test_top.env.scoreboard [uvm_test_top.env.scoreboard] ERASE ADDR:0xfcd94 scb_flash_data: 0xffffffff
UVM_INFO @ 5616073.0 ns: (flash_ctrl_scoreboard.sv:811) uvm_test_top.env.scoreboard [uvm_test_top.env.scoreboard] ERASE ADDR:0xfcd98 scb_flash_data: 0xffffffff
UVM_INFO @ 5616073.0 ns: (flash_ctrl_scoreboard.sv:811) uvm_test_top.env.scoreboard [uvm_test_top.env.scoreboard] ERASE ADDR:0xfcd9c scb_flash_data: 0xffffffff
UVM_INFO @ 5616073.0 ns: (flash_ctrl_scoreboard.sv:811) uvm_test_top.env.scoreboard [uvm_test_top.env.scoreboard] ERASE ADDR:0xfcda0 scb_flash_data: 0xffffffff
UVM_INFO @ 5616073.0 ns: (flash_ctrl_scoreboard.sv:811) uvm_test_top.env.scoreboard [uvm_test_top.env.scoreboard] ERASE ADDR:0xfcda4 scb_flash_data: 0xffffffff
UVM_INFO @ 5616073.0 ns: (flash_ctrl_scoreboard.sv:811) uvm_test_top.env.scoreboard [uvm_test_top.env.scoreboard] ERASE ADDR:0xfcda8 scb_flash_data: 0xffffffff
UVM_INFO @ 5616073.0 ns: (flash_ctrl_scoreboard.sv:811) uvm_test_top.env.scoreboard [uvm_test_top.env.scoreboard] ERASE ADDR:0xfcdac scb_flash_data: 0xffffffff
UVM_INFO @ 5616073.0 ns: (flash_ctrl_scoreboard.sv:811) uvm_test_top.env.scoreboard [uvm_test_top.env.scoreboard] ERASE ADDR:0xfcdb0 scb_flash_data: 0xffffffff
UVM_INFO @ 5616073.0 ns: (flash_ctrl_scoreboard.sv:811) uvm_test_top.env.scoreboard [uvm_test_top.env.scoreboard] ERASE ADDR:0xfcdb4 scb_flash_data: 0xffffffff
UVM_INFO @ 5616073.0 ns: (flash_ctrl_scoreboard.sv:811) uvm_test_top.env.scoreboard [uvm_test_top.env.scoreboard] ERASE ADDR:0xfcdb8 scb_flash_data: 0xffffffff
UVM_INFO @ 5616073.0 ns: (flash_ctrl_scoreboard.sv:811) uvm_test_top.env.scoreboard [uvm_test_top.env.scoreboard] ERASE ADDR:0xfcdbc scb_flash_data: 0xffffffff
UVM_INFO @ 5616073.0 ns: (flash_ctrl_scoreboard.sv:811) uvm_test_top.env.scoreboard [uvm_test_top.env.scoreboard] ERASE ADDR:0xfcdc0 scb_flash_data: 0xffffffff
UVM_INFO @ 5616073.0 ns: (flash_ctrl_scoreboard.sv:811) uvm_test_top.env.scoreboard [uvm_test_top.env.scoreboard] ERASE ADDR:0xfcdc4 scb_flash_data: 0xffffffff
UVM_INFO @ 5616073.0 ns: (flash_ctrl_scoreboard.sv:811) uvm_test_top.env.scoreboard [uvm_test_top.env.scoreboard] ERASE ADDR:0xfcdc8 scb_flash_data: 0xffffffff
UVM_INFO @ 5616073.0 ns: (flash_ctrl_scoreboard.sv:811) uvm_test_top.env.scoreboard [uvm_test_top.env.scoreboard] ERASE ADDR:0xfcdcc scb_flash_data: 0xffffffff
UVM_INFO @ 5616073.0 ns: (flash_ctrl_scoreboard.sv:811) uvm_test_top.env.scoreboard [uvm_test_top.env.scoreboard] ERASE ADDR:0xfcdd0 scb_flash_data: 0xffffffff
UVM_INFO @ 5616073.0 ns: (flash_ctrl_scoreboard.sv:811) uvm_test_top.env.scoreboard [uvm_test_top.env.scoreboard] ERASE ADDR:0xfcdd4 scb_flash_data: 0xffffffff
UVM_INFO @ 5616073.0 ns: (flash_ctrl_scoreboard.sv:811) uvm_test_top.env.scoreboard [uvm_test_top.env.scoreboard] ERASE ADDR:0xfcdd8 scb_flash_data: 0xffffffff
UVM_INFO @ 5616073.0 ns: (flash_ctrl_scoreboard.sv:811) uvm_test_top.env.scoreboard [uvm_test_top.env.scoreboard] ERASE ADDR:0xfcddc scb_flash_data: 0xffffffff
UVM_INFO @ 5616073.0 ns: (flash_ctrl_scoreboard.sv:811) uvm_test_top.env.scoreboard [uvm_test_top.env.scoreboard] ERASE ADDR:0xfcde0 scb_flash_data: 0xffffffff
UVM_INFO @ 5616073.0 ns: (flash_ctrl_scoreboard.sv:811) uvm_test_top.env.scoreboard [uvm_test_top.env.scoreboard] ERASE ADDR:0xfcde4 scb_flash_data: 0xffffffff
UVM_INFO @ 5616073.0 ns: (flash_ctrl_scoreboard.sv:811) uvm_test_top.env.scoreboard [uvm_test_top.env.scoreboard] ERASE ADDR:0xfcde8 scb_flash_data: 0xffffffff
UVM_INFO @ 5616073.0 ns: (flash_ctrl_scoreboard.sv:811) uvm_test_top.env.scoreboard [uvm_test_top.env.scoreboard] ERASE ADDR:0xfcdec scb_flash_data: 0xffffffff
UVM_INFO @ 5616073.0 ns: (flash_ctrl_scoreboard.sv:811) uvm_test_top.env.scoreboard [uvm_test_top.env.scoreboard] ERASE ADDR:0xfcdf0 scb_flash_data: 0xffffffff
UVM_INFO @ 5616073.0 ns: (flash_ctrl_scoreboard.sv:811) uvm_test_top.env.scoreboard [uvm_test_top.env.scoreboard] ERASE ADDR:0xfcdf4 scb_flash_data: 0xffffffff
UVM_INFO @ 5616073.0 ns: (flash_ctrl_scoreboard.sv:811) uvm_test_top.env.scoreboard [uvm_test_top.env.scoreboard] ERASE ADDR:0xfcdf8 scb_flash_data: 0xffffffff
UVM_INFO @ 5616073.0 ns: (flash_ctrl_scoreboard.sv:811) uvm_test_top.env.scoreboard [uvm_test_top.env.scoreboard] ERASE ADDR:0xfcdfc scb_flash_data: 0xffffffff
UVM_INFO @ 5616073.0 ns: (flash_ctrl_scoreboard.sv:811) uvm_test_top.env.scoreboard [uvm_test_top.env.scoreboard] ERASE ADDR:0xfce00 scb_flash_data: 0xffffffff
UVM_INFO @ 5616073.0 ns: (flash_ctrl_scoreboard.sv:811) uvm_test_top.env.scoreboard [uvm_test_top.env.scoreboard] ERASE ADDR:0xfce04 scb_flash_data: 0xffffffff
UVM_INFO @ 5616073.0 ns: (flash_ctrl_scoreboard.sv:811) uvm_test_top.env.scoreboard [uvm_test_top.env.scoreboard] ERASE ADDR:0xfce08 scb_flash_data: 0xffffffff
UVM_INFO @ 5616073.0 ns: (flash_ctrl_scoreboard.sv:811) uvm_test_top.env.scoreboard [uvm_test_top.env.scoreboard] ERASE ADDR:0xfce0c scb_flash_data: 0xffffffff
UVM_INFO @ 5616073.0 ns: (flash_ctrl_scoreboard.sv:811) uvm_test_top.env.scoreboard [uvm_test_top.env.scoreboard] ERASE ADDR:0xfce10 scb_flash_data: 0xffffffff
UVM_INFO @ 5616073.0 ns: (flash_ctrl_scoreboard.sv:811) uvm_test_top.env.scoreboard [uvm_test_top.env.scoreboard] ERASE ADDR:0xfce14 scb_flash_data: 0xffffffff
UVM_INFO @ 5616073.0 ns: (flash_ctrl_scoreboard.sv:811) uvm_test_top.env.scoreboard [uvm_test_top.env.scoreboard] ERASE ADDR:0xfce18 scb_flash_data: 0xffffffff
UVM_INFO @ 5616073.0 ns: (flash_ctrl_scoreboard.sv:811) uvm_test_top.env.scoreboard [uvm_test_top.env.scoreboard] ERASE ADDR:0xfce1c scb_flash_data: 0xffffffff
UVM_INFO @ 5616073.0 ns: (flash_ctrl_scoreboard.sv:811) uvm_test_top.env.scoreboard [uvm_test_top.env.scoreboard] ERASE ADDR:0xfce20 scb_flash_data: 0xffffffff
UVM_INFO @ 5616073.0 ns: (flash_ctrl_scoreboard.sv:811) uvm_test_top.env.scoreboard [uvm_test_top.env.scoreboard] ERASE ADDR:0xfce24 scb_flash_data: 0xffffffff
UVM_INFO @ 5616073.0 ns: (flash_ctrl_scoreboard.sv:811) uvm_test_top.env.scoreboard [uvm_test_top.env.scoreboard] ERASE ADDR:0xfce28 scb_flash_data: 0xffffffff
UVM_INFO @ 5616073.0 ns: (flash_ctrl_scoreboard.sv:811) uvm_test_top.env.scoreboard [uvm_test_top.env.scoreboard] ERASE ADDR:0xfce2c scb_flash_data: 0xffffffff
UVM_INFO @ 5616073.0 ns: (flash_ctrl_scoreboard.sv:811) uvm_test_top.env.scoreboard [uvm_test_top.env.scoreboard] ERASE ADDR:0xfce30 scb_flash_data: 0xffffffff
UVM_INFO @ 5616073.0 ns: (flash_ctrl_scoreboard.sv:811) uvm_test_top.env.scoreboard [uvm_test_top.env.scoreboard] ERASE ADDR:0xfce34 scb_flash_data: 0xffffffff
UVM_INFO @ 5616073.0 ns: (flash_ctrl_scoreboard.sv:811) uvm_test_top.env.scoreboard [uvm_test_top.env.scoreboard] ERASE ADDR:0xfce38 scb_flash_data: 0xffffffff
UVM_INFO @ 5616073.0 ns: (flash_ctrl_scoreboard.sv:811) uvm_test_top.env.scoreboard [uvm_test_top.env.scoreboard] ERASE ADDR:0xfce3c scb_flash_data: 0xffffffff
UVM_INFO @ 5616073.0 ns: (flash_ctrl_scoreboard.sv:811) uvm_test_top.env.scoreboard [uvm_test_top.env.scoreboard] ERASE ADDR:0xfce40 scb_flash_data: 0xffffffff
UVM_INFO @ 5616073.0 ns: (flash_ctrl_scoreboard.sv:811) uvm_test_top.env.scoreboard [uvm_test_top.env.scoreboard] ERASE ADDR:0xfce44 scb_flash_data: 0xffffffff
UVM_INFO @ 5616073.0 ns: (flash_ctrl_scoreboard.sv:811) uvm_test_top.env.scoreboard [uvm_test_top.env.scoreboard] ERASE ADDR:0xfce48 scb_flash_data: 0xffffffff
UVM_INFO @ 5616073.0 ns: (flash_ctrl_scoreboard.sv:811) uvm_test_top.env.scoreboard [uvm_test_top.env.scoreboard] ERASE ADDR:0xfce4c scb_flash_data: 0xffffffff
UVM_INFO @ 5616073.0 ns: (flash_ctrl_scoreboard.sv:811) uvm_test_top.env.scoreboard [uvm_test_top.env.scoreboard] ERASE ADDR:0xfce50 scb_flash_data: 0xffffffff
UVM_INFO @ 5616073.0 ns: (flash_ctrl_scoreboard.sv:811) uvm_test_top.env.scoreboard [uvm_test_top.env.scoreboard] ERASE ADDR:0xfce54 scb_flash_data: 0xffffffff
UVM_INFO @ 5616073.0 ns: (flash_ctrl_scoreboard.sv:811) uvm_test_top.env.scoreboard [uvm_test_top.env.scoreboard] ERASE ADDR:0xfce58 scb_flash_data: 0xffffffff
UVM_INFO @ 5616073.0 ns: (flash_ctrl_scoreboard.sv:811) uvm_test_top.env.scoreboard [uvm_test_top.env.scoreboard] ERASE ADDR:0xfce5c scb_flash_data: 0xffffffff
UVM_INFO @ 5616073.0 ns: (flash_ctrl_scoreboard.sv:811) uvm_test_top.env.scoreboard [uvm_test_top.env.scoreboard] ERASE ADDR:0xfce60 scb_flash_data: 0xffffffff
UVM_INFO @ 5616073.0 ns: (flash_ctrl_scoreboard.sv:811) uvm_test_top.env.scoreboard [uvm_test_top.env.scoreboard] ERASE ADDR:0xfce64 scb_flash_data: 0xffffffff
UVM_INFO @ 5616073.0 ns: (flash_ctrl_scoreboard.sv:811) uvm_test_top.env.scoreboard [uvm_test_top.env.scoreboard] ERASE ADDR:0xfce68 scb_flash_data: 0xffffffff
UVM_INFO @ 5616073.0 ns: (flash_ctrl_scoreboard.sv:811) uvm_test_top.env.scoreboard [uvm_test_top.env.scoreboard] ERASE ADDR:0xfce6c scb_flash_data: 0xffffffff
UVM_INFO @ 5616073.0 ns: (flash_ctrl_scoreboard.sv:811) uvm_test_top.env.scoreboard [uvm_test_top.env.scoreboard] ERASE ADDR:0xfce70 scb_flash_data: 0xffffffff
UVM_INFO @ 5616073.0 ns: (flash_ctrl_scoreboard.sv:811) uvm_test_top.env.scoreboard [uvm_test_top.env.scoreboard] ERASE ADDR:0xfce74 scb_flash_data: 0xffffffff
UVM_INFO @ 5616073.0 ns: (flash_ctrl_scoreboard.sv:811) uvm_test_top.env.scoreboard [uvm_test_top.env.scoreboard] ERASE ADDR:0xfce78 scb_flash_data: 0xffffffff
UVM_INFO @ 5616073.0 ns: (flash_ctrl_scoreboard.sv:811) uvm_test_top.env.scoreboard [uvm_test_top.env.scoreboard] ERASE ADDR:0xfce7c scb_flash_data: 0xffffffff
UVM_INFO @ 5616073.0 ns: (flash_ctrl_scoreboard.sv:811) uvm_test_top.env.scoreboard [uvm_test_top.env.scoreboard] ERASE ADDR:0xfce80 scb_flash_data: 0xffffffff
UVM_INFO @ 5616073.0 ns: (flash_ctrl_scoreboard.sv:811) uvm_test_top.env.scoreboard [uvm_test_top.env.scoreboard] ERASE ADDR:0xfce84 scb_flash_data: 0xffffffff
UVM_INFO @ 5616073.0 ns: (flash_ctrl_scoreboard.sv:811) uvm_test_top.env.scoreboard [uvm_test_top.env.scoreboard] ERASE ADDR:0xfce88 scb_flash_data: 0xffffffff
UVM_INFO @ 5616073.0 ns: (flash_ctrl_scoreboard.sv:811) uvm_test_top.env.scoreboard [uvm_test_top.env.scoreboard] ERASE ADDR:0xfce8c scb_flash_data: 0xffffffff
UVM_INFO @ 5616073.0 ns: (flash_ctrl_scoreboard.sv:811) uvm_test_top.env.scoreboard [uvm_test_top.env.scoreboard] ERASE ADDR:0xfce90 scb_flash_data: 0xffffffff
UVM_INFO @ 5616073.0 ns: (flash_ctrl_scoreboard.sv:811) uvm_test_top.env.scoreboard [uvm_test_top.env.scoreboard] ERASE ADDR:0xfce94 scb_flash_data: 0xffffffff
UVM_INFO @ 5616073.0 ns: (flash_ctrl_scoreboard.sv:811) uvm_test_top.env.scoreboard [uvm_test_top.env.scoreboard] ERASE ADDR:0xfce98 scb_flash_data: 0xffffffff
UVM_INFO @ 5616073.0 ns: (flash_ctrl_scoreboard.sv:811) uvm_test_top.env.scoreboard [uvm_test_top.env.scoreboard] ERASE ADDR:0xfce9c scb_flash_data: 0xffffffff
UVM_INFO @ 5616073.0 ns: (flash_ctrl_scoreboard.sv:811) uvm_test_top.env.scoreboard [uvm_test_top.env.scoreboard] ERASE ADDR:0xfcea0 scb_flash_data: 0xffffffff
UVM_INFO @ 5616073.0 ns: (flash_ctrl_scoreboard.sv:811) uvm_test_top.env.scoreboard [uvm_test_top.env.scoreboard] ERASE ADDR:0xfcea4 scb_flash_data: 0xffffffff
UVM_INFO @ 5616073.0 ns: (flash_ctrl_scoreboard.sv:811) uvm_test_top.env.scoreboard [uvm_test_top.env.scoreboard] ERASE ADDR:0xfcea8 scb_flash_data: 0xffffffff
UVM_INFO @ 5616073.0 ns: (flash_ctrl_scoreboard.sv:811) uvm_test_top.env.scoreboard [uvm_test_top.env.scoreboard] ERASE ADDR:0xfceac scb_flash_data: 0xffffffff
UVM_INFO @ 5616073.0 ns: (flash_ctrl_scoreboard.sv:811) uvm_test_top.env.scoreboard [uvm_test_top.env.scoreboard] ERASE ADDR:0xfceb0 scb_flash_data: 0xffffffff
UVM_INFO @ 5616073.0 ns: (flash_ctrl_scoreboard.sv:811) uvm_test_top.env.scoreboard [uvm_test_top.env.scoreboard] ERASE ADDR:0xfceb4 scb_flash_data: 0xffffffff
UVM_INFO @ 5616073.0 ns: (flash_ctrl_scoreboard.sv:811) uvm_test_top.env.scoreboard [uvm_test_top.env.scoreboard] ERASE ADDR:0xfceb8 scb_flash_data: 0xffffffff
UVM_INFO @ 5616073.0 ns: (flash_ctrl_scoreboard.sv:811) uvm_test_top.env.scoreboard [uvm_test_top.env.scoreboard] ERASE ADDR:0xfcebc scb_flash_data: 0xffffffff
UVM_INFO @ 5616073.0 ns: (flash_ctrl_scoreboard.sv:811) uvm_test_top.env.scoreboard [uvm_test_top.env.scoreboard] ERASE ADDR:0xfcec0 scb_flash_data: 0xffffffff
UVM_INFO @ 5616073.0 ns: (flash_ctrl_scoreboard.sv:811) uvm_test_top.env.scoreboard [uvm_test_top.env.scoreboard] ERASE ADDR:0xfcec4 scb_flash_data: 0xffffffff
UVM_INFO @ 5616073.0 ns: (flash_ctrl_scoreboard.sv:811) uvm_test_top.env.scoreboard [uvm_test_top.env.scoreboard] ERASE ADDR:0xfcec8 scb_flash_data: 0xffffffff
UVM_INFO @ 5616073.0 ns: (flash_ctrl_scoreboard.sv:811) uvm_test_top.env.scoreboard [uvm_test_top.env.scoreboard] ERASE ADDR:0xfcecc scb_flash_data: 0xffffffff
UVM_INFO @ 5616073.0 ns: (flash_ctrl_scoreboard.sv:811) uvm_test_top.env.scoreboard [uvm_test_top.env.scoreboard] ERASE ADDR:0xfced0 scb_flash_data: 0xffffffff
UVM_INFO @ 5616073.0 ns: (flash_ctrl_scoreboard.sv:811) uvm_test_top.env.scoreboard [uvm_test_top.env.scoreboard] ERASE ADDR:0xfced4 scb_flash_data: 0xffffffff
UVM_INFO @ 5616073.0 ns: (flash_ctrl_scoreboard.sv:811) uvm_test_top.env.scoreboard [uvm_test_top.env.scoreboard] ERASE ADDR:0xfced8 scb_flash_data: 0xffffffff
UVM_INFO @ 5616073.0 ns: (flash_ctrl_scoreboard.sv:811) uvm_test_top.env.scoreboard [uvm_test_top.env.scoreboard] ERASE ADDR:0xfcedc scb_flash_data: 0xffffffff
UVM_INFO @ 5616073.0 ns: (flash_ctrl_scoreboard.sv:811) uvm_test_top.env.scoreboard [uvm_test_top.env.scoreboard] ERASE ADDR:0xfcee0 scb_flash_data: 0xffffffff
UVM_INFO @ 5616073.0 ns: (flash_ctrl_scoreboard.sv:811) uvm_test_top.env.scoreboard [uvm_test_top.env.scoreboard] ERASE ADDR:0xfcee4 scb_flash_data: 0xffffffff
UVM_INFO @ 5616073.0 ns: (flash_ctrl_scoreboard.sv:811) uvm_test_top.env.scoreboard [uvm_test_top.env.scoreboard] ERASE ADDR:0xfcee8 scb_flash_data: 0xffffffff
UVM_INFO @ 5616073.0 ns: (flash_ctrl_scoreboard.sv:811) uvm_test_top.env.scoreboard [uvm_test_top.env.scoreboard] ERASE ADDR:0xfceec scb_flash_data: 0xffffffff
UVM_INFO @ 5616073.0 ns: (flash_ctrl_scoreboard.sv:811) uvm_test_top.env.scoreboard [uvm_test_top.env.scoreboard] ERASE ADDR:0xfcef0 scb_flash_data: 0xffffffff
UVM_INFO @ 5616073.0 ns: (flash_ctrl_scoreboard.sv:811) uvm_test_top.env.scoreboard [uvm_test_top.env.scoreboard] ERASE ADDR:0xfcef4 scb_flash_data: 0xffffffff
UVM_INFO @ 5616073.0 ns: (flash_ctrl_scoreboard.sv:811) uvm_test_top.env.scoreboard [uvm_test_top.env.scoreboard] ERASE ADDR:0xfcef8 scb_flash_data: 0xffffffff
UVM_INFO @ 5616073.0 ns: (flash_ctrl_scoreboard.sv:811) uvm_test_top.env.scoreboard [uvm_test_top.env.scoreboard] ERASE ADDR:0xfcefc scb_flash_data: 0xffffffff
UVM_INFO @ 5616073.0 ns: (flash_ctrl_scoreboard.sv:811) uvm_test_top.env.scoreboard [uvm_test_top.env.scoreboard] ERASE ADDR:0xfcf00 scb_flash_data: 0xffffffff
UVM_INFO @ 5616073.0 ns: (flash_ctrl_scoreboard.sv:811) uvm_test_top.env.scoreboard [uvm_test_top.env.scoreboard] ERASE ADDR:0xfcf04 scb_flash_data: 0xffffffff
UVM_INFO @ 5616073.0 ns: (flash_ctrl_scoreboard.sv:811) uvm_test_top.env.scoreboard [uvm_test_top.env.scoreboard] ERASE ADDR:0xfcf08 scb_flash_data: 0xffffffff
UVM_INFO @ 5616073.0 ns: (flash_ctrl_scoreboard.sv:811) uvm_test_top.env.scoreboard [uvm_test_top.env.scoreboard] ERASE ADDR:0xfcf0c scb_flash_data: 0xffffffff
UVM_INFO @ 5616073.0 ns: (flash_ctrl_scoreboard.sv:811) uvm_test_top.env.scoreboard [uvm_test_top.env.scoreboard] ERASE ADDR:0xfcf10 scb_flash_data: 0xffffffff
UVM_INFO @ 5616073.0 ns: (flash_ctrl_scoreboard.sv:811) uvm_test_top.env.scoreboard [uvm_test_top.env.scoreboard] ERASE ADDR:0xfcf14 scb_flash_data: 0xffffffff
UVM_INFO @ 5616073.0 ns: (flash_ctrl_scoreboard.sv:811) uvm_test_top.env.scoreboard [uvm_test_top.env.scoreboard] ERASE ADDR:0xfcf18 scb_flash_data: 0xffffffff
UVM_INFO @ 5616073.0 ns: (flash_ctrl_scoreboard.sv:811) uvm_test_top.env.scoreboard [uvm_test_top.env.scoreboard] ERASE ADDR:0xfcf1c scb_flash_data: 0xffffffff
UVM_INFO @ 5616073.0 ns: (flash_ctrl_scoreboard.sv:811) uvm_test_top.env.scoreboard [uvm_test_top.env.scoreboard] ERASE ADDR:0xfcf20 scb_flash_data: 0xffffffff
UVM_INFO @ 5616073.0 ns: (flash_ctrl_scoreboard.sv:811) uvm_test_top.env.scoreboard [uvm_test_top.env.scoreboard] ERASE ADDR:0xfcf24 scb_flash_data: 0xffffffff
UVM_INFO @ 5616073.0 ns: (flash_ctrl_scoreboard.sv:811) uvm_test_top.env.scoreboard [uvm_test_top.env.scoreboard] ERASE ADDR:0xfcf28 scb_flash_data: 0xffffffff
UVM_INFO @ 5616073.0 ns: (flash_ctrl_scoreboard.sv:811) uvm_test_top.env.scoreboard [uvm_test_top.env.scoreboard] ERASE ADDR:0xfcf2c scb_flash_data: 0xffffffff
UVM_INFO @ 5616073.0 ns: (flash_ctrl_scoreboard.sv:811) uvm_test_top.env.scoreboard [uvm_test_top.env.scoreboard] ERASE ADDR:0xfcf30 scb_flash_data: 0xffffffff
UVM_INFO @ 5616073.0 ns: (flash_ctrl_scoreboard.sv:811) uvm_test_top.env.scoreboard [uvm_test_top.env.scoreboard] ERASE ADDR:0xfcf34 scb_flash_data: 0xffffffff
UVM_INFO @ 5616073.0 ns: (flash_ctrl_scoreboard.sv:811) uvm_test_top.env.scoreboard [uvm_test_top.env.scoreboard] ERASE ADDR:0xfcf38 scb_flash_data: 0xffffffff
UVM_INFO @ 5616073.0 ns: (flash_ctrl_scoreboard.sv:811) uvm_test_top.env.scoreboard [uvm_test_top.env.scoreboard] ERASE ADDR:0xfcf3c scb_flash_data: 0xffffffff
UVM_INFO @ 5616073.0 ns: (flash_ctrl_scoreboard.sv:811) uvm_test_top.env.scoreboard [uvm_test_top.env.scoreboard] ERASE ADDR:0xfcf40 scb_flash_data: 0xffffffff
UVM_INFO @ 5616073.0 ns: (flash_ctrl_scoreboard.sv:811) uvm_test_top.env.scoreboard [uvm_test_top.env.scoreboard] ERASE ADDR:0xfcf44 scb_flash_data: 0xffffffff
UVM_INFO @ 5616073.0 ns: (flash_ctrl_scoreboard.sv:811) uvm_test_top.env.scoreboard [uvm_test_top.env.scoreboard] ERASE ADDR:0xfcf48 scb_flash_data: 0xffffffff
UVM_INFO @ 5616073.0 ns: (flash_ctrl_scoreboard.sv:811) uvm_test_top.env.scoreboard [uvm_test_top.env.scoreboard] ERASE ADDR:0xfcf4c scb_flash_data: 0xffffffff
UVM_INFO @ 5616073.0 ns: (flash_ctrl_scoreboard.sv:811) uvm_test_top.env.scoreboard [uvm_test_top.env.scoreboard] ERASE ADDR:0xfcf50 scb_flash_data: 0xffffffff
UVM_INFO @ 5616073.0 ns: (flash_ctrl_scoreboard.sv:811) uvm_test_top.env.scoreboard [uvm_test_top.env.scoreboard] ERASE ADDR:0xfcf54 scb_flash_data: 0xffffffff
UVM_INFO @ 5616073.0 ns: (flash_ctrl_scoreboard.sv:811) uvm_test_top.env.scoreboard [uvm_test_top.env.scoreboard] ERASE ADDR:0xfcf58 scb_flash_data: 0xffffffff
UVM_INFO @ 5616073.0 ns: (flash_ctrl_scoreboard.sv:811) uvm_test_top.env.scoreboard [uvm_test_top.env.scoreboard] ERASE ADDR:0xfcf5c scb_flash_data: 0xffffffff
UVM_INFO @ 5616073.0 ns: (flash_ctrl_scoreboard.sv:811) uvm_test_top.env.scoreboard [uvm_test_top.env.scoreboard] ERASE ADDR:0xfcf60 scb_flash_data: 0xffffffff
UVM_INFO @ 5616073.0 ns: (flash_ctrl_scoreboard.sv:811) uvm_test_top.env.scoreboard [uvm_test_top.env.scoreboard] ERASE ADDR:0xfcf64 scb_flash_data: 0xffffffff
UVM_INFO @ 5616073.0 ns: (flash_ctrl_scoreboard.sv:811) uvm_test_top.env.scoreboard [uvm_test_top.env.scoreboard] ERASE ADDR:0xfcf68 scb_flash_data: 0xffffffff
UVM_INFO @ 5616073.0 ns: (flash_ctrl_scoreboard.sv:811) uvm_test_top.env.scoreboard [uvm_test_top.env.scoreboard] ERASE ADDR:0xfcf6c scb_flash_data: 0xffffffff
UVM_INFO @ 5616073.0 ns: (flash_ctrl_scoreboard.sv:811) uvm_test_top.env.scoreboard [uvm_test_top.env.scoreboard] ERASE ADDR:0xfcf70 scb_flash_data: 0xffffffff
UVM_INFO @ 5616073.0 ns: (flash_ctrl_scoreboard.sv:811) uvm_test_top.env.scoreboard [uvm_test_top.env.scoreboard] ERASE ADDR:0xfcf74 scb_flash_data: 0xffffffff
UVM_INFO @ 5616073.0 ns: (flash_ctrl_scoreboard.sv:811) uvm_test_top.env.scoreboard [uvm_test_top.env.scoreboard] ERASE ADDR:0xfcf78 scb_flash_data: 0xffffffff
UVM_INFO @ 5616073.0 ns: (flash_ctrl_scoreboard.sv:811) uvm_test_top.env.scoreboard [uvm_test_top.env.scoreboard] ERASE ADDR:0xfcf7c scb_flash_data: 0xffffffff
UVM_INFO @ 5616073.0 ns: (flash_ctrl_scoreboard.sv:811) uvm_test_top.env.scoreboard [uvm_test_top.env.scoreboard] ERASE ADDR:0xfcf80 scb_flash_data: 0xffffffff
UVM_INFO @ 5616073.0 ns: (flash_ctrl_scoreboard.sv:811) uvm_test_top.env.scoreboard [uvm_test_top.env.scoreboard] ERASE ADDR:0xfcf84 scb_flash_data: 0xffffffff
UVM_INFO @ 5616073.0 ns: (flash_ctrl_scoreboard.sv:811) uvm_test_top.env.scoreboard [uvm_test_top.env.scoreboard] ERASE ADDR:0xfcf88 scb_flash_data: 0xffffffff
UVM_INFO @ 5616073.0 ns: (flash_ctrl_scoreboard.sv:811) uvm_test_top.env.scoreboard [uvm_test_top.env.scoreboard] ERASE ADDR:0xfcf8c scb_flash_data: 0xffffffff
UVM_INFO @ 5616073.0 ns: (flash_ctrl_scoreboard.sv:811) uvm_test_top.env.scoreboard [uvm_test_top.env.scoreboard] ERASE ADDR:0xfcf90 scb_flash_data: 0xffffffff
UVM_INFO @ 5616073.0 ns: (flash_ctrl_scoreboard.sv:811) uvm_test_top.env.scoreboard [uvm_test_top.env.scoreboard] ERASE ADDR:0xfcf94 scb_flash_data: 0xffffffff
UVM_INFO @ 5616073.0 ns: (flash_ctrl_scoreboard.sv:811) uvm_test_top.env.scoreboard [uvm_test_top.env.scoreboard] ERASE ADDR:0xfcf98 scb_flash_data: 0xffffffff
UVM_INFO @ 5616073.0 ns: (flash_ctrl_scoreboard.sv:811) uvm_test_top.env.scoreboard [uvm_test_top.env.scoreboard] ERASE ADDR:0xfcf9c scb_flash_data: 0xffffffff
UVM_INFO @ 5616073.0 ns: (flash_ctrl_scoreboard.sv:811) uvm_test_top.env.scoreboard [uvm_test_top.env.scoreboard] ERASE ADDR:0xfcfa0 scb_flash_data: 0xffffffff
UVM_INFO @ 5616073.0 ns: (flash_ctrl_scoreboard.sv:811) uvm_test_top.env.scoreboard [uvm_test_top.env.scoreboard] ERASE ADDR:0xfcfa4 scb_flash_data: 0xffffffff
UVM_INFO @ 5616073.0 ns: (flash_ctrl_scoreboard.sv:811) uvm_test_top.env.scoreboard [uvm_test_top.env.scoreboard] ERASE ADDR:0xfcfa8 scb_flash_data: 0xffffffff
UVM_INFO @ 5616073.0 ns: (flash_ctrl_scoreboard.sv:811) uvm_test_top.env.scoreboard [uvm_test_top.env.scoreboard] ERASE ADDR:0xfcfac scb_flash_data: 0xffffffff
UVM_INFO @ 5616073.0 ns: (flash_ctrl_scoreboard.sv:811) uvm_test_top.env.scoreboard [uvm_test_top.env.scoreboard] ERASE ADDR:0xfcfb0 scb_flash_data: 0xffffffff
UVM_INFO @ 5616073.0 ns: (flash_ctrl_scoreboard.sv:811) uvm_test_top.env.scoreboard [uvm_test_top.env.scoreboard] ERASE ADDR:0xfcfb4 scb_flash_data: 0xffffffff
UVM_INFO @ 5616073.0 ns: (flash_ctrl_scoreboard.sv:811) uvm_test_top.env.scoreboard [uvm_test_top.env.scoreboard] ERASE ADDR:0xfcfb8 scb_flash_data: 0xffffffff
UVM_INFO @ 5616073.0 ns: (flash_ctrl_scoreboard.sv:811) uvm_test_top.env.scoreboard [uvm_test_top.env.scoreboard] ERASE ADDR:0xfcfbc scb_flash_data: 0xffffffff
UVM_INFO @ 5616073.0 ns: (flash_ctrl_scoreboard.sv:811) uvm_test_top.env.scoreboard [uvm_test_top.env.scoreboard] ERASE ADDR:0xfcfc0 scb_flash_data: 0xffffffff
UVM_INFO @ 5616073.0 ns: (flash_ctrl_scoreboard.sv:811) uvm_test_top.env.scoreboard [uvm_test_top.env.scoreboard] ERASE ADDR:0xfcfc4 scb_flash_data: 0xffffffff
UVM_INFO @ 5616073.0 ns: (flash_ctrl_scoreboard.sv:811) uvm_test_top.env.scoreboard [uvm_test_top.env.scoreboard] ERASE ADDR:0xfcfc8 scb_flash_data: 0xffffffff
UVM_INFO @ 5616073.0 ns: (flash_ctrl_scoreboard.sv:811) uvm_test_top.env.scoreboard [uvm_test_top.env.scoreboard] ERASE ADDR:0xfcfcc scb_flash_data: 0xffffffff
UVM_INFO @ 5616073.0 ns: (flash_ctrl_scoreboard.sv:811) uvm_test_top.env.scoreboard [uvm_test_top.env.scoreboard] ERASE ADDR:0xfcfd0 scb_flash_data: 0xffffffff
UVM_INFO @ 5616073.0 ns: (flash_ctrl_scoreboard.sv:811) uvm_test_top.env.scoreboard [uvm_test_top.env.scoreboard] ERASE ADDR:0xfcfd4 scb_flash_data: 0xffffffff
UVM_INFO @ 5616073.0 ns: (flash_ctrl_scoreboard.sv:811) uvm_test_top.env.scoreboard [uvm_test_top.env.scoreboard] ERASE ADDR:0xfcfd8 scb_flash_data: 0xffffffff
UVM_INFO @ 5616073.0 ns: (flash_ctrl_scoreboard.sv:811) uvm_test_top.env.scoreboard [uvm_test_top.env.scoreboard] ERASE ADDR:0xfcfdc scb_flash_data: 0xffffffff
UVM_INFO @ 5616073.0 ns: (flash_ctrl_scoreboard.sv:811) uvm_test_top.env.scoreboard [uvm_test_top.env.scoreboard] ERASE ADDR:0xfcfe0 scb_flash_data: 0xffffffff
UVM_INFO @ 5616073.0 ns: (flash_ctrl_scoreboard.sv:811) uvm_test_top.env.scoreboard [uvm_test_top.env.scoreboard] ERASE ADDR:0xfcfe4 scb_flash_data: 0xffffffff
UVM_INFO @ 5616073.0 ns: (flash_ctrl_scoreboard.sv:811) uvm_test_top.env.scoreboard [uvm_test_top.env.scoreboard] ERASE ADDR:0xfcfe8 scb_flash_data: 0xffffffff
UVM_INFO @ 5616073.0 ns: (flash_ctrl_scoreboard.sv:811) uvm_test_top.env.scoreboard [uvm_test_top.env.scoreboard] ERASE ADDR:0xfcfec scb_flash_data: 0xffffffff
UVM_INFO @ 5616073.0 ns: (flash_ctrl_scoreboard.sv:811) uvm_test_top.env.scoreboard [uvm_test_top.env.scoreboard] ERASE ADDR:0xfcff0 scb_flash_data: 0xffffffff
UVM_INFO @ 5616073.0 ns: (flash_ctrl_scoreboard.sv:811) uvm_test_top.env.scoreboard [uvm_test_top.env.scoreboard] ERASE ADDR:0xfcff4 scb_flash_data: 0xffffffff
UVM_INFO @ 5616073.0 ns: (flash_ctrl_scoreboard.sv:811) uvm_test_top.env.scoreboard [uvm_test_top.env.scoreboard] ERASE ADDR:0xfcff8 scb_flash_data: 0xffffffff
UVM_INFO @ 5616073.0 ns: (flash_ctrl_scoreboard.sv:811) uvm_test_top.env.scoreboard [uvm_test_top.env.scoreboard] ERASE ADDR:0xfcffc scb_flash_data: 0xffffffff
UVM_INFO @ 5622051.9 ns: (flash_ctrl_rand_ops_base_vseq.sv:344) uvm_test_top.env.virtual_sequencer [uvm_test_top.env.virtual_sequencer.flash_ctrl_smoke_vseq] Starting flash_ctrl op: 4/4: 51651065421617996697626634
UVM_INFO @ 5622051.9 ns: (mem_bkdr_util.sv:559) [mem_bkdr_util[FlashPartData][0]] Invalidating (Xs) mem contents
UVM_INFO @ 5622051.9 ns: (mem_bkdr_util.sv:559) [mem_bkdr_util[FlashPartData][1]] Invalidating (Xs) mem contents
UVM_INFO @ 5622434.9 ns: (flash_ctrl_scoreboard.sv:268) uvm_test_top.env.scoreboard [uvm_test_top.env.scoreboard] erase_sel: 0x0 part sel: 0x0 info sel 0x0
UVM_INFO @ 5622434.9 ns: (flash_ctrl_scoreboard.sv:272) uvm_test_top.env.scoreboard [uvm_test_top.env.scoreboard] part: FlashPartData addr: 0xee808 erase_bank_en: 0x3
UVM_INFO @ 5622434.9 ns: (flash_ctrl_scoreboard.sv:279) uvm_test_top.env.scoreboard [uvm_test_top.env.scoreboard] erase_access: 0x1 part:FlashPartData erase_addr: 0xee808
UVM_INFO @ 5622434.9 ns: (flash_ctrl_scoreboard.sv:811) uvm_test_top.env.scoreboard [uvm_test_top.env.scoreboard] ERASE ADDR:0xee800 scb_flash_data: 0xffffffff
UVM_INFO @ 5622434.9 ns: (flash_ctrl_scoreboard.sv:811) uvm_test_top.env.scoreboard [uvm_test_top.env.scoreboard] ERASE ADDR:0xee804 scb_flash_data: 0xffffffff
UVM_INFO @ 5622434.9 ns: (flash_ctrl_scoreboard.sv:811) uvm_test_top.env.scoreboard [uvm_test_top.env.scoreboard] ERASE ADDR:0xee808 scb_flash_data: 0xffffffff
UVM_INFO @ 5622434.9 ns: (flash_ctrl_scoreboard.sv:811) uvm_test_top.env.scoreboard [uvm_test_top.env.scoreboard] ERASE ADDR:0xee80c scb_flash_data: 0xffffffff
UVM_INFO @ 5622434.9 ns: (flash_ctrl_scoreboard.sv:811) uvm_test_top.env.scoreboard [uvm_test_top.env.scoreboard] ERASE ADDR:0xee810 scb_flash_data: 0xffffffff
UVM_INFO @ 5622434.9 ns: (flash_ctrl_scoreboard.sv:811) uvm_test_top.env.scoreboard [uvm_test_top.env.scoreboard] ERASE ADDR:0xee814 scb_flash_data: 0xffffffff
UVM_INFO @ 5622434.9 ns: (flash_ctrl_scoreboard.sv:811) uvm_test_top.env.scoreboard [uvm_test_top.env.scoreboard] ERASE ADDR:0xee818 scb_flash_data: 0xffffffff
UVM_INFO @ 5622434.9 ns: (flash_ctrl_scoreboard.sv:811) uvm_test_top.env.scoreboard [uvm_test_top.env.scoreboard] ERASE ADDR:0xee81c scb_flash_data: 0xffffffff
UVM_INFO @ 5622434.9 ns: (flash_ctrl_scoreboard.sv:811) uvm_test_top.env.scoreboard [uvm_test_top.env.scoreboard] ERASE ADDR:0xee820 scb_flash_data: 0xffffffff
UVM_INFO @ 5622434.9 ns: (flash_ctrl_scoreboard.sv:811) uvm_test_top.env.scoreboard [uvm_test_top.env.scoreboard] ERASE ADDR:0xee824 scb_flash_data: 0xffffffff
UVM_INFO @ 5622434.9 ns: (flash_ctrl_scoreboard.sv:811) uvm_test_top.env.scoreboard [uvm_test_top.env.scoreboard] ERASE ADDR:0xee828 scb_flash_data: 0xffffffff
UVM_INFO @ 5622434.9 ns: (flash_ctrl_scoreboard.sv:811) uvm_test_top.env.scoreboard [uvm_test_top.env.scoreboard] ERASE ADDR:0xee82c scb_flash_data: 0xffffffff
UVM_INFO @ 5622434.9 ns: (flash_ctrl_scoreboard.sv:811) uvm_test_top.env.scoreboard [uvm_test_top.env.scoreboard] ERASE ADDR:0xee830 scb_flash_data: 0xffffffff
UVM_INFO @ 5622434.9 ns: (flash_ctrl_scoreboard.sv:811) uvm_test_top.env.scoreboard [uvm_test_top.env.scoreboard] ERASE ADDR:0xee834 scb_flash_data: 0xffffffff
UVM_INFO @ 5622434.9 ns: (flash_ctrl_scoreboard.sv:811) uvm_test_top.env.scoreboard [uvm_test_top.env.scoreboard] ERASE ADDR:0xee838 scb_flash_data: 0xffffffff
UVM_INFO @ 5622434.9 ns: (flash_ctrl_scoreboard.sv:811) uvm_test_top.env.scoreboard [uvm_test_top.env.scoreboard] ERASE ADDR:0xee83c scb_flash_data: 0xffffffff
UVM_INFO @ 5622434.9 ns: (flash_ctrl_scoreboard.sv:811) uvm_test_top.env.scoreboard [uvm_test_top.env.scoreboard] ERASE ADDR:0xee840 scb_flash_data: 0xffffffff
UVM_INFO @ 5622434.9 ns: (flash_ctrl_scoreboard.sv:811) uvm_test_top.env.scoreboard [uvm_test_top.env.scoreboard] ERASE ADDR:0xee844 scb_flash_data: 0xffffffff
UVM_INFO @ 5622434.9 ns: (flash_ctrl_scoreboard.sv:811) uvm_test_top.env.scoreboard [uvm_test_top.env.scoreboard] ERASE ADDR:0xee848 scb_flash_data: 0xffffffff
UVM_INFO @ 5622434.9 ns: (flash_ctrl_scoreboard.sv:811) uvm_test_top.env.scoreboard [uvm_test_top.env.scoreboard] ERASE ADDR:0xee84c scb_flash_data: 0xffffffff
UVM_INFO @ 5622434.9 ns: (flash_ctrl_scoreboard.sv:811) uvm_test_top.env.scoreboard [uvm_test_top.env.scoreboard] ERASE ADDR:0xee850 scb_flash_data: 0xffffffff
UVM_INFO @ 5622434.9 ns: (flash_ctrl_scoreboard.sv:811) uvm_test_top.env.scoreboard [uvm_test_top.env.scoreboard] ERASE ADDR:0xee854 scb_flash_data: 0xffffffff
UVM_INFO @ 5622434.9 ns: (flash_ctrl_scoreboard.sv:811) uvm_test_top.env.scoreboard [uvm_test_top.env.scoreboard] ERASE ADDR:0xee858 scb_flash_data: 0xffffffff
UVM_INFO @ 5622434.9 ns: (flash_ctrl_scoreboard.sv:811) uvm_test_top.env.scoreboard [uvm_test_top.env.scoreboard] ERASE ADDR:0xee85c scb_flash_data: 0xffffffff
UVM_INFO @ 5622434.9 ns: (flash_ctrl_scoreboard.sv:811) uvm_test_top.env.scoreboard [uvm_test_top.env.scoreboard] ERASE ADDR:0xee860 scb_flash_data: 0xffffffff
UVM_INFO @ 5622434.9 ns: (flash_ctrl_scoreboard.sv:811) uvm_test_top.env.scoreboard [uvm_test_top.env.scoreboard] ERASE ADDR:0xee864 scb_flash_data: 0xffffffff
UVM_INFO @ 5622434.9 ns: (flash_ctrl_scoreboard.sv:811) uvm_test_top.env.scoreboard [uvm_test_top.env.scoreboard] ERASE ADDR:0xee868 scb_flash_data: 0xffffffff
UVM_INFO @ 5622434.9 ns: (flash_ctrl_scoreboard.sv:811) uvm_test_top.env.scoreboard [uvm_test_top.env.scoreboard] ERASE ADDR:0xee86c scb_flash_data: 0xffffffff
UVM_INFO @ 5622434.9 ns: (flash_ctrl_scoreboard.sv:811) uvm_test_top.env.scoreboard [uvm_test_top.env.scoreboard] ERASE ADDR:0xee870 scb_flash_data: 0xffffffff
UVM_INFO @ 5622434.9 ns: (flash_ctrl_scoreboard.sv:811) uvm_test_top.env.scoreboard [uvm_test_top.env.scoreboard] ERASE ADDR:0xee874 scb_flash_data: 0xffffffff
UVM_INFO @ 5622434.9 ns: (flash_ctrl_scoreboard.sv:811) uvm_test_top.env.scoreboard [uvm_test_top.env.scoreboard] ERASE ADDR:0xee878 scb_flash_data: 0xffffffff
UVM_INFO @ 5622434.9 ns: (flash_ctrl_scoreboard.sv:811) uvm_test_top.env.scoreboard [uvm_test_top.env.scoreboard] ERASE ADDR:0xee87c scb_flash_data: 0xffffffff
UVM_INFO @ 5622434.9 ns: (flash_ctrl_scoreboard.sv:811) uvm_test_top.env.scoreboard [uvm_test_top.env.scoreboard] ERASE ADDR:0xee880 scb_flash_data: 0xffffffff
UVM_INFO @ 5622434.9 ns: (flash_ctrl_scoreboard.sv:811) uvm_test_top.env.scoreboard [uvm_test_top.env.scoreboard] ERASE ADDR:0xee884 scb_flash_data: 0xffffffff
UVM_INFO @ 5622434.9 ns: (flash_ctrl_scoreboard.sv:811) uvm_test_top.env.scoreboard [uvm_test_top.env.scoreboard] ERASE ADDR:0xee888 scb_flash_data: 0xffffffff
UVM_INFO @ 5622434.9 ns: (flash_ctrl_scoreboard.sv:811) uvm_test_top.env.scoreboard [uvm_test_top.env.scoreboard] ERASE ADDR:0xee88c scb_flash_data: 0xffffffff
UVM_INFO @ 5622434.9 ns: (flash_ctrl_scoreboard.sv:811) uvm_test_top.env.scoreboard [uvm_test_top.env.scoreboard] ERASE ADDR:0xee890 scb_flash_data: 0xffffffff
UVM_INFO @ 5622434.9 ns: (flash_ctrl_scoreboard.sv:811) uvm_test_top.env.scoreboard [uvm_test_top.env.scoreboard] ERASE ADDR:0xee894 scb_flash_data: 0xffffffff
UVM_INFO @ 5622434.9 ns: (flash_ctrl_scoreboard.sv:811) uvm_test_top.env.scoreboard [uvm_test_top.env.scoreboard] ERASE ADDR:0xee898 scb_flash_data: 0xffffffff
UVM_INFO @ 5622434.9 ns: (flash_ctrl_scoreboard.sv:811) uvm_test_top.env.scoreboard [uvm_test_top.env.scoreboard] ERASE ADDR:0xee89c scb_flash_data: 0xffffffff
UVM_INFO @ 5622434.9 ns: (flash_ctrl_scoreboard.sv:811) uvm_test_top.env.scoreboard [uvm_test_top.env.scoreboard] ERASE ADDR:0xee8a0 scb_flash_data: 0xffffffff
UVM_INFO @ 5622434.9 ns: (flash_ctrl_scoreboard.sv:811) uvm_test_top.env.scoreboard [uvm_test_top.env.scoreboard] ERASE ADDR:0xee8a4 scb_flash_data: 0xffffffff
UVM_INFO @ 5622434.9 ns: (flash_ctrl_scoreboard.sv:811) uvm_test_top.env.scoreboard [uvm_test_top.env.scoreboard] ERASE ADDR:0xee8a8 scb_flash_data: 0xffffffff
UVM_INFO @ 5622434.9 ns: (flash_ctrl_scoreboard.sv:811) uvm_test_top.env.scoreboard [uvm_test_top.env.scoreboard] ERASE ADDR:0xee8ac scb_flash_data: 0xffffffff
UVM_INFO @ 5622434.9 ns: (flash_ctrl_scoreboard.sv:811) uvm_test_top.env.scoreboard [uvm_test_top.env.scoreboard] ERASE ADDR:0xee8b0 scb_flash_data: 0xffffffff
UVM_INFO @ 5622434.9 ns: (flash_ctrl_scoreboard.sv:811) uvm_test_top.env.scoreboard [uvm_test_top.env.scoreboard] ERASE ADDR:0xee8b4 scb_flash_data: 0xffffffff
UVM_INFO @ 5622434.9 ns: (flash_ctrl_scoreboard.sv:811) uvm_test_top.env.scoreboard [uvm_test_top.env.scoreboard] ERASE ADDR:0xee8b8 scb_flash_data: 0xffffffff
UVM_INFO @ 5622434.9 ns: (flash_ctrl_scoreboard.sv:811) uvm_test_top.env.scoreboard [uvm_test_top.env.scoreboard] ERASE ADDR:0xee8bc scb_flash_data: 0xffffffff
UVM_INFO @ 5622434.9 ns: (flash_ctrl_scoreboard.sv:811) uvm_test_top.env.scoreboard [uvm_test_top.env.scoreboard] ERASE ADDR:0xee8c0 scb_flash_data: 0xffffffff
UVM_INFO @ 5622434.9 ns: (flash_ctrl_scoreboard.sv:811) uvm_test_top.env.scoreboard [uvm_test_top.env.scoreboard] ERASE ADDR:0xee8c4 scb_flash_data: 0xffffffff
UVM_INFO @ 5622434.9 ns: (flash_ctrl_scoreboard.sv:811) uvm_test_top.env.scoreboard [uvm_test_top.env.scoreboard] ERASE ADDR:0xee8c8 scb_flash_data: 0xffffffff
UVM_INFO @ 5622434.9 ns: (flash_ctrl_scoreboard.sv:811) uvm_test_top.env.scoreboard [uvm_test_top.env.scoreboard] ERASE ADDR:0xee8cc scb_flash_data: 0xffffffff
UVM_INFO @ 5622434.9 ns: (flash_ctrl_scoreboard.sv:811) uvm_test_top.env.scoreboard [uvm_test_top.env.scoreboard] ERASE ADDR:0xee8d0 scb_flash_data: 0xffffffff
UVM_INFO @ 5622434.9 ns: (flash_ctrl_scoreboard.sv:811) uvm_test_top.env.scoreboard [uvm_test_top.env.scoreboard] ERASE ADDR:0xee8d4 scb_flash_data: 0xffffffff
UVM_INFO @ 5622434.9 ns: (flash_ctrl_scoreboard.sv:811) uvm_test_top.env.scoreboard [uvm_test_top.env.scoreboard] ERASE ADDR:0xee8d8 scb_flash_data: 0xffffffff
UVM_INFO @ 5622434.9 ns: (flash_ctrl_scoreboard.sv:811) uvm_test_top.env.scoreboard [uvm_test_top.env.scoreboard] ERASE ADDR:0xee8dc scb_flash_data: 0xffffffff
UVM_INFO @ 5622434.9 ns: (flash_ctrl_scoreboard.sv:811) uvm_test_top.env.scoreboard [uvm_test_top.env.scoreboard] ERASE ADDR:0xee8e0 scb_flash_data: 0xffffffff
UVM_INFO @ 5622434.9 ns: (flash_ctrl_scoreboard.sv:811) uvm_test_top.env.scoreboard [uvm_test_top.env.scoreboard] ERASE ADDR:0xee8e4 scb_flash_data: 0xffffffff
UVM_INFO @ 5622434.9 ns: (flash_ctrl_scoreboard.sv:811) uvm_test_top.env.scoreboard [uvm_test_top.env.scoreboard] ERASE ADDR:0xee8e8 scb_flash_data: 0xffffffff
UVM_INFO @ 5622434.9 ns: (flash_ctrl_scoreboard.sv:811) uvm_test_top.env.scoreboard [uvm_test_top.env.scoreboard] ERASE ADDR:0xee8ec scb_flash_data: 0xffffffff
UVM_INFO @ 5622434.9 ns: (flash_ctrl_scoreboard.sv:811) uvm_test_top.env.scoreboard [uvm_test_top.env.scoreboard] ERASE ADDR:0xee8f0 scb_flash_data: 0xffffffff
UVM_INFO @ 5622434.9 ns: (flash_ctrl_scoreboard.sv:811) uvm_test_top.env.scoreboard [uvm_test_top.env.scoreboard] ERASE ADDR:0xee8f4 scb_flash_data: 0xffffffff
UVM_INFO @ 5622434.9 ns: (flash_ctrl_scoreboard.sv:811) uvm_test_top.env.scoreboard [uvm_test_top.env.scoreboard] ERASE ADDR:0xee8f8 scb_flash_data: 0xffffffff
UVM_INFO @ 5622434.9 ns: (flash_ctrl_scoreboard.sv:811) uvm_test_top.env.scoreboard [uvm_test_top.env.scoreboard] ERASE ADDR:0xee8fc scb_flash_data: 0xffffffff
UVM_INFO @ 5622434.9 ns: (flash_ctrl_scoreboard.sv:811) uvm_test_top.env.scoreboard [uvm_test_top.env.scoreboard] ERASE ADDR:0xee900 scb_flash_data: 0xffffffff
UVM_INFO @ 5622434.9 ns: (flash_ctrl_scoreboard.sv:811) uvm_test_top.env.scoreboard [uvm_test_top.env.scoreboard] ERASE ADDR:0xee904 scb_flash_data: 0xffffffff
UVM_INFO @ 5622434.9 ns: (flash_ctrl_scoreboard.sv:811) uvm_test_top.env.scoreboard [uvm_test_top.env.scoreboard] ERASE ADDR:0xee908 scb_flash_data: 0xffffffff
UVM_INFO @ 5622434.9 ns: (flash_ctrl_scoreboard.sv:811) uvm_test_top.env.scoreboard [uvm_test_top.env.scoreboard] ERASE ADDR:0xee90c scb_flash_data: 0xffffffff
UVM_INFO @ 5622434.9 ns: (flash_ctrl_scoreboard.sv:811) uvm_test_top.env.scoreboard [uvm_test_top.env.scoreboard] ERASE ADDR:0xee910 scb_flash_data: 0xffffffff
UVM_INFO @ 5622434.9 ns: (flash_ctrl_scoreboard.sv:811) uvm_test_top.env.scoreboard [uvm_test_top.env.scoreboard] ERASE ADDR:0xee914 scb_flash_data: 0xffffffff
UVM_INFO @ 5622434.9 ns: (flash_ctrl_scoreboard.sv:811) uvm_test_top.env.scoreboard [uvm_test_top.env.scoreboard] ERASE ADDR:0xee918 scb_flash_data: 0xffffffff
UVM_INFO @ 5622434.9 ns: (flash_ctrl_scoreboard.sv:811) uvm_test_top.env.scoreboard [uvm_test_top.env.scoreboard] ERASE ADDR:0xee91c scb_flash_data: 0xffffffff
UVM_INFO @ 5622434.9 ns: (flash_ctrl_scoreboard.sv:811) uvm_test_top.env.scoreboard [uvm_test_top.env.scoreboard] ERASE ADDR:0xee920 scb_flash_data: 0xffffffff
UVM_INFO @ 5622434.9 ns: (flash_ctrl_scoreboard.sv:811) uvm_test_top.env.scoreboard [uvm_test_top.env.scoreboard] ERASE ADDR:0xee924 scb_flash_data: 0xffffffff
UVM_INFO @ 5622434.9 ns: (flash_ctrl_scoreboard.sv:811) uvm_test_top.env.scoreboard [uvm_test_top.env.scoreboard] ERASE ADDR:0xee928 scb_flash_data: 0xffffffff
UVM_INFO @ 5622434.9 ns: (flash_ctrl_scoreboard.sv:811) uvm_test_top.env.scoreboard [uvm_test_top.env.scoreboard] ERASE ADDR:0xee92c scb_flash_data: 0xffffffff
UVM_INFO @ 5622434.9 ns: (flash_ctrl_scoreboard.sv:811) uvm_test_top.env.scoreboard [uvm_test_top.env.scoreboard] ERASE ADDR:0xee930 scb_flash_data: 0xffffffff
UVM_INFO @ 5622434.9 ns: (flash_ctrl_scoreboard.sv:811) uvm_test_top.env.scoreboard [uvm_test_top.env.scoreboard] ERASE ADDR:0xee934 scb_flash_data: 0xffffffff
UVM_INFO @ 5622434.9 ns: (flash_ctrl_scoreboard.sv:811) uvm_test_top.env.scoreboard [uvm_test_top.env.scoreboard] ERASE ADDR:0xee938 scb_flash_data: 0xffffffff
UVM_INFO @ 5622434.9 ns: (flash_ctrl_scoreboard.sv:811) uvm_test_top.env.scoreboard [uvm_test_top.env.scoreboard] ERASE ADDR:0xee93c scb_flash_data: 0xffffffff
UVM_INFO @ 5622434.9 ns: (flash_ctrl_scoreboard.sv:811) uvm_test_top.env.scoreboard [uvm_test_top.env.scoreboard] ERASE ADDR:0xee940 scb_flash_data: 0xffffffff
UVM_INFO @ 5622434.9 ns: (flash_ctrl_scoreboard.sv:811) uvm_test_top.env.scoreboard [uvm_test_top.env.scoreboard] ERASE ADDR:0xee944 scb_flash_data: 0xffffffff
UVM_INFO @ 5622434.9 ns: (flash_ctrl_scoreboard.sv:811) uvm_test_top.env.scoreboard [uvm_test_top.env.scoreboard] ERASE ADDR:0xee948 scb_flash_data: 0xffffffff
UVM_INFO @ 5622434.9 ns: (flash_ctrl_scoreboard.sv:811) uvm_test_top.env.scoreboard [uvm_test_top.env.scoreboard] ERASE ADDR:0xee94c scb_flash_data: 0xffffffff
UVM_INFO @ 5622434.9 ns: (flash_ctrl_scoreboard.sv:811) uvm_test_top.env.scoreboard [uvm_test_top.env.scoreboard] ERASE ADDR:0xee950 scb_flash_data: 0xffffffff
UVM_INFO @ 5622434.9 ns: (flash_ctrl_scoreboard.sv:811) uvm_test_top.env.scoreboard [uvm_test_top.env.scoreboard] ERASE ADDR:0xee954 scb_flash_data: 0xffffffff
UVM_INFO @ 5622434.9 ns: (flash_ctrl_scoreboard.sv:811) uvm_test_top.env.scoreboard [uvm_test_top.env.scoreboard] ERASE ADDR:0xee958 scb_flash_data: 0xffffffff
UVM_INFO @ 5622434.9 ns: (flash_ctrl_scoreboard.sv:811) uvm_test_top.env.scoreboard [uvm_test_top.env.scoreboard] ERASE ADDR:0xee95c scb_flash_data: 0xffffffff
UVM_INFO @ 5622434.9 ns: (flash_ctrl_scoreboard.sv:811) uvm_test_top.env.scoreboard [uvm_test_top.env.scoreboard] ERASE ADDR:0xee960 scb_flash_data: 0xffffffff
UVM_INFO @ 5622434.9 ns: (flash_ctrl_scoreboard.sv:811) uvm_test_top.env.scoreboard [uvm_test_top.env.scoreboard] ERASE ADDR:0xee964 scb_flash_data: 0xffffffff
UVM_INFO @ 5622434.9 ns: (flash_ctrl_scoreboard.sv:811) uvm_test_top.env.scoreboard [uvm_test_top.env.scoreboard] ERASE ADDR:0xee968 scb_flash_data: 0xffffffff
UVM_INFO @ 5622434.9 ns: (flash_ctrl_scoreboard.sv:811) uvm_test_top.env.scoreboard [uvm_test_top.env.scoreboard] ERASE ADDR:0xee96c scb_flash_data: 0xffffffff
UVM_INFO @ 5622434.9 ns: (flash_ctrl_scoreboard.sv:811) uvm_test_top.env.scoreboard [uvm_test_top.env.scoreboard] ERASE ADDR:0xee970 scb_flash_data: 0xffffffff
UVM_INFO @ 5622434.9 ns: (flash_ctrl_scoreboard.sv:811) uvm_test_top.env.scoreboard [uvm_test_top.env.scoreboard] ERASE ADDR:0xee974 scb_flash_data: 0xffffffff
UVM_INFO @ 5622434.9 ns: (flash_ctrl_scoreboard.sv:811) uvm_test_top.env.scoreboard [uvm_test_top.env.scoreboard] ERASE ADDR:0xee978 scb_flash_data: 0xffffffff
UVM_INFO @ 5622434.9 ns: (flash_ctrl_scoreboard.sv:811) uvm_test_top.env.scoreboard [uvm_test_top.env.scoreboard] ERASE ADDR:0xee97c scb_flash_data: 0xffffffff
UVM_INFO @ 5622434.9 ns: (flash_ctrl_scoreboard.sv:811) uvm_test_top.env.scoreboard [uvm_test_top.env.scoreboard] ERASE ADDR:0xee980 scb_flash_data: 0xffffffff
UVM_INFO @ 5622434.9 ns: (flash_ctrl_scoreboard.sv:811) uvm_test_top.env.scoreboard [uvm_test_top.env.scoreboard] ERASE ADDR:0xee984 scb_flash_data: 0xffffffff
UVM_INFO @ 5622434.9 ns: (flash_ctrl_scoreboard.sv:811) uvm_test_top.env.scoreboard [uvm_test_top.env.scoreboard] ERASE ADDR:0xee988 scb_flash_data: 0xffffffff
UVM_INFO @ 5622434.9 ns: (flash_ctrl_scoreboard.sv:811) uvm_test_top.env.scoreboard [uvm_test_top.env.scoreboard] ERASE ADDR:0xee98c scb_flash_data: 0xffffffff
UVM_INFO @ 5622434.9 ns: (flash_ctrl_scoreboard.sv:811) uvm_test_top.env.scoreboard [uvm_test_top.env.scoreboard] ERASE ADDR:0xee990 scb_flash_data: 0xffffffff
UVM_INFO @ 5622434.9 ns: (flash_ctrl_scoreboard.sv:811) uvm_test_top.env.scoreboard [uvm_test_top.env.scoreboard] ERASE ADDR:0xee994 scb_flash_data: 0xffffffff
UVM_INFO @ 5622434.9 ns: (flash_ctrl_scoreboard.sv:811) uvm_test_top.env.scoreboard [uvm_test_top.env.scoreboard] ERASE ADDR:0xee998 scb_flash_data: 0xffffffff
UVM_INFO @ 5622434.9 ns: (flash_ctrl_scoreboard.sv:811) uvm_test_top.env.scoreboard [uvm_test_top.env.scoreboard] ERASE ADDR:0xee99c scb_flash_data: 0xffffffff
UVM_INFO @ 5622434.9 ns: (flash_ctrl_scoreboard.sv:811) uvm_test_top.env.scoreboard [uvm_test_top.env.scoreboard] ERASE ADDR:0xee9a0 scb_flash_data: 0xffffffff
UVM_INFO @ 5622434.9 ns: (flash_ctrl_scoreboard.sv:811) uvm_test_top.env.scoreboard [uvm_test_top.env.scoreboard] ERASE ADDR:0xee9a4 scb_flash_data: 0xffffffff
UVM_INFO @ 5622434.9 ns: (flash_ctrl_scoreboard.sv:811) uvm_test_top.env.scoreboard [uvm_test_top.env.scoreboard] ERASE ADDR:0xee9a8 scb_flash_data: 0xffffffff
UVM_INFO @ 5622434.9 ns: (flash_ctrl_scoreboard.sv:811) uvm_test_top.env.scoreboard [uvm_test_top.env.scoreboard] ERASE ADDR:0xee9ac scb_flash_data: 0xffffffff
UVM_INFO @ 5622434.9 ns: (flash_ctrl_scoreboard.sv:811) uvm_test_top.env.scoreboard [uvm_test_top.env.scoreboard] ERASE ADDR:0xee9b0 scb_flash_data: 0xffffffff
UVM_INFO @ 5622434.9 ns: (flash_ctrl_scoreboard.sv:811) uvm_test_top.env.scoreboard [uvm_test_top.env.scoreboard] ERASE ADDR:0xee9b4 scb_flash_data: 0xffffffff
UVM_INFO @ 5622434.9 ns: (flash_ctrl_scoreboard.sv:811) uvm_test_top.env.scoreboard [uvm_test_top.env.scoreboard] ERASE ADDR:0xee9b8 scb_flash_data: 0xffffffff
UVM_INFO @ 5622434.9 ns: (flash_ctrl_scoreboard.sv:811) uvm_test_top.env.scoreboard [uvm_test_top.env.scoreboard] ERASE ADDR:0xee9bc scb_flash_data: 0xffffffff
UVM_INFO @ 5622434.9 ns: (flash_ctrl_scoreboard.sv:811) uvm_test_top.env.scoreboard [uvm_test_top.env.scoreboard] ERASE ADDR:0xee9c0 scb_flash_data: 0xffffffff
UVM_INFO @ 5622434.9 ns: (flash_ctrl_scoreboard.sv:811) uvm_test_top.env.scoreboard [uvm_test_top.env.scoreboard] ERASE ADDR:0xee9c4 scb_flash_data: 0xffffffff
UVM_INFO @ 5622434.9 ns: (flash_ctrl_scoreboard.sv:811) uvm_test_top.env.scoreboard [uvm_test_top.env.scoreboard] ERASE ADDR:0xee9c8 scb_flash_data: 0xffffffff
UVM_INFO @ 5622434.9 ns: (flash_ctrl_scoreboard.sv:811) uvm_test_top.env.scoreboard [uvm_test_top.env.scoreboard] ERASE ADDR:0xee9cc scb_flash_data: 0xffffffff
UVM_INFO @ 5622434.9 ns: (flash_ctrl_scoreboard.sv:811) uvm_test_top.env.scoreboard [uvm_test_top.env.scoreboard] ERASE ADDR:0xee9d0 scb_flash_data: 0xffffffff
UVM_INFO @ 5622434.9 ns: (flash_ctrl_scoreboard.sv:811) uvm_test_top.env.scoreboard [uvm_test_top.env.scoreboard] ERASE ADDR:0xee9d4 scb_flash_data: 0xffffffff
UVM_INFO @ 5622434.9 ns: (flash_ctrl_scoreboard.sv:811) uvm_test_top.env.scoreboard [uvm_test_top.env.scoreboard] ERASE ADDR:0xee9d8 scb_flash_data: 0xffffffff
UVM_INFO @ 5622434.9 ns: (flash_ctrl_scoreboard.sv:811) uvm_test_top.env.scoreboard [uvm_test_top.env.scoreboard] ERASE ADDR:0xee9dc scb_flash_data: 0xffffffff
UVM_INFO @ 5622434.9 ns: (flash_ctrl_scoreboard.sv:811) uvm_test_top.env.scoreboard [uvm_test_top.env.scoreboard] ERASE ADDR:0xee9e0 scb_flash_data: 0xffffffff
UVM_INFO @ 5622434.9 ns: (flash_ctrl_scoreboard.sv:811) uvm_test_top.env.scoreboard [uvm_test_top.env.scoreboard] ERASE ADDR:0xee9e4 scb_flash_data: 0xffffffff
UVM_INFO @ 5622434.9 ns: (flash_ctrl_scoreboard.sv:811) uvm_test_top.env.scoreboard [uvm_test_top.env.scoreboard] ERASE ADDR:0xee9e8 scb_flash_data: 0xffffffff
UVM_INFO @ 5622434.9 ns: (flash_ctrl_scoreboard.sv:811) uvm_test_top.env.scoreboard [uvm_test_top.env.scoreboard] ERASE ADDR:0xee9ec scb_flash_data: 0xffffffff
UVM_INFO @ 5622434.9 ns: (flash_ctrl_scoreboard.sv:811) uvm_test_top.env.scoreboard [uvm_test_top.env.scoreboard] ERASE ADDR:0xee9f0 scb_flash_data: 0xffffffff
UVM_INFO @ 5622434.9 ns: (flash_ctrl_scoreboard.sv:811) uvm_test_top.env.scoreboard [uvm_test_top.env.scoreboard] ERASE ADDR:0xee9f4 scb_flash_data: 0xffffffff
UVM_INFO @ 5622434.9 ns: (flash_ctrl_scoreboard.sv:811) uvm_test_top.env.scoreboard [uvm_test_top.env.scoreboard] ERASE ADDR:0xee9f8 scb_flash_data: 0xffffffff
UVM_INFO @ 5622434.9 ns: (flash_ctrl_scoreboard.sv:811) uvm_test_top.env.scoreboard [uvm_test_top.env.scoreboard] ERASE ADDR:0xee9fc scb_flash_data: 0xffffffff
UVM_INFO @ 5622434.9 ns: (flash_ctrl_scoreboard.sv:811) uvm_test_top.env.scoreboard [uvm_test_top.env.scoreboard] ERASE ADDR:0xeea00 scb_flash_data: 0xffffffff
UVM_INFO @ 5622434.9 ns: (flash_ctrl_scoreboard.sv:811) uvm_test_top.env.scoreboard [uvm_test_top.env.scoreboard] ERASE ADDR:0xeea04 scb_flash_data: 0xffffffff
UVM_INFO @ 5622434.9 ns: (flash_ctrl_scoreboard.sv:811) uvm_test_top.env.scoreboard [uvm_test_top.env.scoreboard] ERASE ADDR:0xeea08 scb_flash_data: 0xffffffff
UVM_INFO @ 5622434.9 ns: (flash_ctrl_scoreboard.sv:811) uvm_test_top.env.scoreboard [uvm_test_top.env.scoreboard] ERASE ADDR:0xeea0c scb_flash_data: 0xffffffff
UVM_INFO @ 5622434.9 ns: (flash_ctrl_scoreboard.sv:811) uvm_test_top.env.scoreboard [uvm_test_top.env.scoreboard] ERASE ADDR:0xeea10 scb_flash_data: 0xffffffff
UVM_INFO @ 5622434.9 ns: (flash_ctrl_scoreboard.sv:811) uvm_test_top.env.scoreboard [uvm_test_top.env.scoreboard] ERASE ADDR:0xeea14 scb_flash_data: 0xffffffff
UVM_INFO @ 5622434.9 ns: (flash_ctrl_scoreboard.sv:811) uvm_test_top.env.scoreboard [uvm_test_top.env.scoreboard] ERASE ADDR:0xeea18 scb_flash_data: 0xffffffff
UVM_INFO @ 5622434.9 ns: (flash_ctrl_scoreboard.sv:811) uvm_test_top.env.scoreboard [uvm_test_top.env.scoreboard] ERASE ADDR:0xeea1c scb_flash_data: 0xffffffff
UVM_INFO @ 5622434.9 ns: (flash_ctrl_scoreboard.sv:811) uvm_test_top.env.scoreboard [uvm_test_top.env.scoreboard] ERASE ADDR:0xeea20 scb_flash_data: 0xffffffff
UVM_INFO @ 5622434.9 ns: (flash_ctrl_scoreboard.sv:811) uvm_test_top.env.scoreboard [uvm_test_top.env.scoreboard] ERASE ADDR:0xeea24 scb_flash_data: 0xffffffff
UVM_INFO @ 5622434.9 ns: (flash_ctrl_scoreboard.sv:811) uvm_test_top.env.scoreboard [uvm_test_top.env.scoreboard] ERASE ADDR:0xeea28 scb_flash_data: 0xffffffff
UVM_INFO @ 5622434.9 ns: (flash_ctrl_scoreboard.sv:811) uvm_test_top.env.scoreboard [uvm_test_top.env.scoreboard] ERASE ADDR:0xeea2c scb_flash_data: 0xffffffff
UVM_INFO @ 5622434.9 ns: (flash_ctrl_scoreboard.sv:811) uvm_test_top.env.scoreboard [uvm_test_top.env.scoreboard] ERASE ADDR:0xeea30 scb_flash_data: 0xffffffff
UVM_INFO @ 5622434.9 ns: (flash_ctrl_scoreboard.sv:811) uvm_test_top.env.scoreboard [uvm_test_top.env.scoreboard] ERASE ADDR:0xeea34 scb_flash_data: 0xffffffff
UVM_INFO @ 5622434.9 ns: (flash_ctrl_scoreboard.sv:811) uvm_test_top.env.scoreboard [uvm_test_top.env.scoreboard] ERASE ADDR:0xeea38 scb_flash_data: 0xffffffff
UVM_INFO @ 5622434.9 ns: (flash_ctrl_scoreboard.sv:811) uvm_test_top.env.scoreboard [uvm_test_top.env.scoreboard] ERASE ADDR:0xeea3c scb_flash_data: 0xffffffff
UVM_INFO @ 5622434.9 ns: (flash_ctrl_scoreboard.sv:811) uvm_test_top.env.scoreboard [uvm_test_top.env.scoreboard] ERASE ADDR:0xeea40 scb_flash_data: 0xffffffff
UVM_INFO @ 5622434.9 ns: (flash_ctrl_scoreboard.sv:811) uvm_test_top.env.scoreboard [uvm_test_top.env.scoreboard] ERASE ADDR:0xeea44 scb_flash_data: 0xffffffff
UVM_INFO @ 5622434.9 ns: (flash_ctrl_scoreboard.sv:811) uvm_test_top.env.scoreboard [uvm_test_top.env.scoreboard] ERASE ADDR:0xeea48 scb_flash_data: 0xffffffff
UVM_INFO @ 5622434.9 ns: (flash_ctrl_scoreboard.sv:811) uvm_test_top.env.scoreboard [uvm_test_top.env.scoreboard] ERASE ADDR:0xeea4c scb_flash_data: 0xffffffff
UVM_INFO @ 5622434.9 ns: (flash_ctrl_scoreboard.sv:811) uvm_test_top.env.scoreboard [uvm_test_top.env.scoreboard] ERASE ADDR:0xeea50 scb_flash_data: 0xffffffff
UVM_INFO @ 5622434.9 ns: (flash_ctrl_scoreboard.sv:811) uvm_test_top.env.scoreboard [uvm_test_top.env.scoreboard] ERASE ADDR:0xeea54 scb_flash_data: 0xffffffff
UVM_INFO @ 5622434.9 ns: (flash_ctrl_scoreboard.sv:811) uvm_test_top.env.scoreboard [uvm_test_top.env.scoreboard] ERASE ADDR:0xeea58 scb_flash_data: 0xffffffff
UVM_INFO @ 5622434.9 ns: (flash_ctrl_scoreboard.sv:811) uvm_test_top.env.scoreboard [uvm_test_top.env.scoreboard] ERASE ADDR:0xeea5c scb_flash_data: 0xffffffff
UVM_INFO @ 5622434.9 ns: (flash_ctrl_scoreboard.sv:811) uvm_test_top.env.scoreboard [uvm_test_top.env.scoreboard] ERASE ADDR:0xeea60 scb_flash_data: 0xffffffff
UVM_INFO @ 5622434.9 ns: (flash_ctrl_scoreboard.sv:811) uvm_test_top.env.scoreboard [uvm_test_top.env.scoreboard] ERASE ADDR:0xeea64 scb_flash_data: 0xffffffff
UVM_INFO @ 5622434.9 ns: (flash_ctrl_scoreboard.sv:811) uvm_test_top.env.scoreboard [uvm_test_top.env.scoreboard] ERASE ADDR:0xeea68 scb_flash_data: 0xffffffff
UVM_INFO @ 5622434.9 ns: (flash_ctrl_scoreboard.sv:811) uvm_test_top.env.scoreboard [uvm_test_top.env.scoreboard] ERASE ADDR:0xeea6c scb_flash_data: 0xffffffff
UVM_INFO @ 5622434.9 ns: (flash_ctrl_scoreboard.sv:811) uvm_test_top.env.scoreboard [uvm_test_top.env.scoreboard] ERASE ADDR:0xeea70 scb_flash_data: 0xffffffff
UVM_INFO @ 5622434.9 ns: (flash_ctrl_scoreboard.sv:811) uvm_test_top.env.scoreboard [uvm_test_top.env.scoreboard] ERASE ADDR:0xeea74 scb_flash_data: 0xffffffff
UVM_INFO @ 5622434.9 ns: (flash_ctrl_scoreboard.sv:811) uvm_test_top.env.scoreboard [uvm_test_top.env.scoreboard] ERASE ADDR:0xeea78 scb_flash_data: 0xffffffff
UVM_INFO @ 5622434.9 ns: (flash_ctrl_scoreboard.sv:811) uvm_test_top.env.scoreboard [uvm_test_top.env.scoreboard] ERASE ADDR:0xeea7c scb_flash_data: 0xffffffff
UVM_INFO @ 5622434.9 ns: (flash_ctrl_scoreboard.sv:811) uvm_test_top.env.scoreboard [uvm_test_top.env.scoreboard] ERASE ADDR:0xeea80 scb_flash_data: 0xffffffff
UVM_INFO @ 5622434.9 ns: (flash_ctrl_scoreboard.sv:811) uvm_test_top.env.scoreboard [uvm_test_top.env.scoreboard] ERASE ADDR:0xeea84 scb_flash_data: 0xffffffff
UVM_INFO @ 5622434.9 ns: (flash_ctrl_scoreboard.sv:811) uvm_test_top.env.scoreboard [uvm_test_top.env.scoreboard] ERASE ADDR:0xeea88 scb_flash_data: 0xffffffff
UVM_INFO @ 5622434.9 ns: (flash_ctrl_scoreboard.sv:811) uvm_test_top.env.scoreboard [uvm_test_top.env.scoreboard] ERASE ADDR:0xeea8c scb_flash_data: 0xffffffff
UVM_INFO @ 5622434.9 ns: (flash_ctrl_scoreboard.sv:811) uvm_test_top.env.scoreboard [uvm_test_top.env.scoreboard] ERASE ADDR:0xeea90 scb_flash_data: 0xffffffff
UVM_INFO @ 5622434.9 ns: (flash_ctrl_scoreboard.sv:811) uvm_test_top.env.scoreboard [uvm_test_top.env.scoreboard] ERASE ADDR:0xeea94 scb_flash_data: 0xffffffff
UVM_INFO @ 5622434.9 ns: (flash_ctrl_scoreboard.sv:811) uvm_test_top.env.scoreboard [uvm_test_top.env.scoreboard] ERASE ADDR:0xeea98 scb_flash_data: 0xffffffff
UVM_INFO @ 5622434.9 ns: (flash_ctrl_scoreboard.sv:811) uvm_test_top.env.scoreboard [uvm_test_top.env.scoreboard] ERASE ADDR:0xeea9c scb_flash_data: 0xffffffff
UVM_INFO @ 5622434.9 ns: (flash_ctrl_scoreboard.sv:811) uvm_test_top.env.scoreboard [uvm_test_top.env.scoreboard] ERASE ADDR:0xeeaa0 scb_flash_data: 0xffffffff
UVM_INFO @ 5622434.9 ns: (flash_ctrl_scoreboard.sv:811) uvm_test_top.env.scoreboard [uvm_test_top.env.scoreboard] ERASE ADDR:0xeeaa4 scb_flash_data: 0xffffffff
UVM_INFO @ 5622434.9 ns: (flash_ctrl_scoreboard.sv:811) uvm_test_top.env.scoreboard [uvm_test_top.env.scoreboard] ERASE ADDR:0xeeaa8 scb_flash_data: 0xffffffff
UVM_INFO @ 5622434.9 ns: (flash_ctrl_scoreboard.sv:811) uvm_test_top.env.scoreboard [uvm_test_top.env.scoreboard] ERASE ADDR:0xeeaac scb_flash_data: 0xffffffff
UVM_INFO @ 5622434.9 ns: (flash_ctrl_scoreboard.sv:811) uvm_test_top.env.scoreboard [uvm_test_top.env.scoreboard] ERASE ADDR:0xeeab0 scb_flash_data: 0xffffffff
UVM_INFO @ 5622434.9 ns: (flash_ctrl_scoreboard.sv:811) uvm_test_top.env.scoreboard [uvm_test_top.env.scoreboard] ERASE ADDR:0xeeab4 scb_flash_data: 0xffffffff
UVM_INFO @ 5622434.9 ns: (flash_ctrl_scoreboard.sv:811) uvm_test_top.env.scoreboard [uvm_test_top.env.scoreboard] ERASE ADDR:0xeeab8 scb_flash_data: 0xffffffff
UVM_INFO @ 5622434.9 ns: (flash_ctrl_scoreboard.sv:811) uvm_test_top.env.scoreboard [uvm_test_top.env.scoreboard] ERASE ADDR:0xeeabc scb_flash_data: 0xffffffff
UVM_INFO @ 5622434.9 ns: (flash_ctrl_scoreboard.sv:811) uvm_test_top.env.scoreboard [uvm_test_top.env.scoreboard] ERASE ADDR:0xeeac0 scb_flash_data: 0xffffffff
UVM_INFO @ 5622434.9 ns: (flash_ctrl_scoreboard.sv:811) uvm_test_top.env.scoreboard [uvm_test_top.env.scoreboard] ERASE ADDR:0xeeac4 scb_flash_data: 0xffffffff
UVM_INFO @ 5622434.9 ns: (flash_ctrl_scoreboard.sv:811) uvm_test_top.env.scoreboard [uvm_test_top.env.scoreboard] ERASE ADDR:0xeeac8 scb_flash_data: 0xffffffff
UVM_INFO @ 5622434.9 ns: (flash_ctrl_scoreboard.sv:811) uvm_test_top.env.scoreboard [uvm_test_top.env.scoreboard] ERASE ADDR:0xeeacc scb_flash_data: 0xffffffff
UVM_INFO @ 5622434.9 ns: (flash_ctrl_scoreboard.sv:811) uvm_test_top.env.scoreboard [uvm_test_top.env.scoreboard] ERASE ADDR:0xeead0 scb_flash_data: 0xffffffff
UVM_INFO @ 5622434.9 ns: (flash_ctrl_scoreboard.sv:811) uvm_test_top.env.scoreboard [uvm_test_top.env.scoreboard] ERASE ADDR:0xeead4 scb_flash_data: 0xffffffff
UVM_INFO @ 5622434.9 ns: (flash_ctrl_scoreboard.sv:811) uvm_test_top.env.scoreboard [uvm_test_top.env.scoreboard] ERASE ADDR:0xeead8 scb_flash_data: 0xffffffff
UVM_INFO @ 5622434.9 ns: (flash_ctrl_scoreboard.sv:811) uvm_test_top.env.scoreboard [uvm_test_top.env.scoreboard] ERASE ADDR:0xeeadc scb_flash_data: 0xffffffff
UVM_INFO @ 5622434.9 ns: (flash_ctrl_scoreboard.sv:811) uvm_test_top.env.scoreboard [uvm_test_top.env.scoreboard] ERASE ADDR:0xeeae0 scb_flash_data: 0xffffffff
UVM_INFO @ 5622434.9 ns: (flash_ctrl_scoreboard.sv:811) uvm_test_top.env.scoreboard [uvm_test_top.env.scoreboard] ERASE ADDR:0xeeae4 scb_flash_data: 0xffffffff
UVM_INFO @ 5622434.9 ns: (flash_ctrl_scoreboard.sv:811) uvm_test_top.env.scoreboard [uvm_test_top.env.scoreboard] ERASE ADDR:0xeeae8 scb_flash_data: 0xffffffff
UVM_INFO @ 5622434.9 ns: (flash_ctrl_scoreboard.sv:811) uvm_test_top.env.scoreboard [uvm_test_top.env.scoreboard] ERASE ADDR:0xeeaec scb_flash_data: 0xffffffff
UVM_INFO @ 5622434.9 ns: (flash_ctrl_scoreboard.sv:811) uvm_test_top.env.scoreboard [uvm_test_top.env.scoreboard] ERASE ADDR:0xeeaf0 scb_flash_data: 0xffffffff
UVM_INFO @ 5622434.9 ns: (flash_ctrl_scoreboard.sv:811) uvm_test_top.env.scoreboard [uvm_test_top.env.scoreboard] ERASE ADDR:0xeeaf4 scb_flash_data: 0xffffffff
UVM_INFO @ 5622434.9 ns: (flash_ctrl_scoreboard.sv:811) uvm_test_top.env.scoreboard [uvm_test_top.env.scoreboard] ERASE ADDR:0xeeaf8 scb_flash_data: 0xffffffff
UVM_INFO @ 5622434.9 ns: (flash_ctrl_scoreboard.sv:811) uvm_test_top.env.scoreboard [uvm_test_top.env.scoreboard] ERASE ADDR:0xeeafc scb_flash_data: 0xffffffff
UVM_INFO @ 5622434.9 ns: (flash_ctrl_scoreboard.sv:811) uvm_test_top.env.scoreboard [uvm_test_top.env.scoreboard] ERASE ADDR:0xeeb00 scb_flash_data: 0xffffffff
UVM_INFO @ 5622434.9 ns: (flash_ctrl_scoreboard.sv:811) uvm_test_top.env.scoreboard [uvm_test_top.env.scoreboard] ERASE ADDR:0xeeb04 scb_flash_data: 0xffffffff
UVM_INFO @ 5622434.9 ns: (flash_ctrl_scoreboard.sv:811) uvm_test_top.env.scoreboard [uvm_test_top.env.scoreboard] ERASE ADDR:0xeeb08 scb_flash_data: 0xffffffff
UVM_INFO @ 5622434.9 ns: (flash_ctrl_scoreboard.sv:811) uvm_test_top.env.scoreboard [uvm_test_top.env.scoreboard] ERASE ADDR:0xeeb0c scb_flash_data: 0xffffffff
UVM_INFO @ 5622434.9 ns: (flash_ctrl_scoreboard.sv:811) uvm_test_top.env.scoreboard [uvm_test_top.env.scoreboard] ERASE ADDR:0xeeb10 scb_flash_data: 0xffffffff
UVM_INFO @ 5622434.9 ns: (flash_ctrl_scoreboard.sv:811) uvm_test_top.env.scoreboard [uvm_test_top.env.scoreboard] ERASE ADDR:0xeeb14 scb_flash_data: 0xffffffff
UVM_INFO @ 5622434.9 ns: (flash_ctrl_scoreboard.sv:811) uvm_test_top.env.scoreboard [uvm_test_top.env.scoreboard] ERASE ADDR:0xeeb18 scb_flash_data: 0xffffffff
UVM_INFO @ 5622434.9 ns: (flash_ctrl_scoreboard.sv:811) uvm_test_top.env.scoreboard [uvm_test_top.env.scoreboard] ERASE ADDR:0xeeb1c scb_flash_data: 0xffffffff
UVM_INFO @ 5622434.9 ns: (flash_ctrl_scoreboard.sv:811) uvm_test_top.env.scoreboard [uvm_test_top.env.scoreboard] ERASE ADDR:0xeeb20 scb_flash_data: 0xffffffff
UVM_INFO @ 5622434.9 ns: (flash_ctrl_scoreboard.sv:811) uvm_test_top.env.scoreboard [uvm_test_top.env.scoreboard] ERASE ADDR:0xeeb24 scb_flash_data: 0xffffffff
UVM_INFO @ 5622434.9 ns: (flash_ctrl_scoreboard.sv:811) uvm_test_top.env.scoreboard [uvm_test_top.env.scoreboard] ERASE ADDR:0xeeb28 scb_flash_data: 0xffffffff
UVM_INFO @ 5622434.9 ns: (flash_ctrl_scoreboard.sv:811) uvm_test_top.env.scoreboard [uvm_test_top.env.scoreboard] ERASE ADDR:0xeeb2c scb_flash_data: 0xffffffff
UVM_INFO @ 5622434.9 ns: (flash_ctrl_scoreboard.sv:811) uvm_test_top.env.scoreboard [uvm_test_top.env.scoreboard] ERASE ADDR:0xeeb30 scb_flash_data: 0xffffffff
UVM_INFO @ 5622434.9 ns: (flash_ctrl_scoreboard.sv:811) uvm_test_top.env.scoreboard [uvm_test_top.env.scoreboard] ERASE ADDR:0xeeb34 scb_flash_data: 0xffffffff
UVM_INFO @ 5622434.9 ns: (flash_ctrl_scoreboard.sv:811) uvm_test_top.env.scoreboard [uvm_test_top.env.scoreboard] ERASE ADDR:0xeeb38 scb_flash_data: 0xffffffff
UVM_INFO @ 5622434.9 ns: (flash_ctrl_scoreboard.sv:811) uvm_test_top.env.scoreboard [uvm_test_top.env.scoreboard] ERASE ADDR:0xeeb3c scb_flash_data: 0xffffffff
UVM_INFO @ 5622434.9 ns: (flash_ctrl_scoreboard.sv:811) uvm_test_top.env.scoreboard [uvm_test_top.env.scoreboard] ERASE ADDR:0xeeb40 scb_flash_data: 0xffffffff
UVM_INFO @ 5622434.9 ns: (flash_ctrl_scoreboard.sv:811) uvm_test_top.env.scoreboard [uvm_test_top.env.scoreboard] ERASE ADDR:0xeeb44 scb_flash_data: 0xffffffff
UVM_INFO @ 5622434.9 ns: (flash_ctrl_scoreboard.sv:811) uvm_test_top.env.scoreboard [uvm_test_top.env.scoreboard] ERASE ADDR:0xeeb48 scb_flash_data: 0xffffffff
UVM_INFO @ 5622434.9 ns: (flash_ctrl_scoreboard.sv:811) uvm_test_top.env.scoreboard [uvm_test_top.env.scoreboard] ERASE ADDR:0xeeb4c scb_flash_data: 0xffffffff
UVM_INFO @ 5622434.9 ns: (flash_ctrl_scoreboard.sv:811) uvm_test_top.env.scoreboard [uvm_test_top.env.scoreboard] ERASE ADDR:0xeeb50 scb_flash_data: 0xffffffff
UVM_INFO @ 5622434.9 ns: (flash_ctrl_scoreboard.sv:811) uvm_test_top.env.scoreboard [uvm_test_top.env.scoreboard] ERASE ADDR:0xeeb54 scb_flash_data: 0xffffffff
UVM_INFO @ 5622434.9 ns: (flash_ctrl_scoreboard.sv:811) uvm_test_top.env.scoreboard [uvm_test_top.env.scoreboard] ERASE ADDR:0xeeb58 scb_flash_data: 0xffffffff
UVM_INFO @ 5622434.9 ns: (flash_ctrl_scoreboard.sv:811) uvm_test_top.env.scoreboard [uvm_test_top.env.scoreboard] ERASE ADDR:0xeeb5c scb_flash_data: 0xffffffff
UVM_INFO @ 5622434.9 ns: (flash_ctrl_scoreboard.sv:811) uvm_test_top.env.scoreboard [uvm_test_top.env.scoreboard] ERASE ADDR:0xeeb60 scb_flash_data: 0xffffffff
UVM_INFO @ 5622434.9 ns: (flash_ctrl_scoreboard.sv:811) uvm_test_top.env.scoreboard [uvm_test_top.env.scoreboard] ERASE ADDR:0xeeb64 scb_flash_data: 0xffffffff
UVM_INFO @ 5622434.9 ns: (flash_ctrl_scoreboard.sv:811) uvm_test_top.env.scoreboard [uvm_test_top.env.scoreboard] ERASE ADDR:0xeeb68 scb_flash_data: 0xffffffff
UVM_INFO @ 5622434.9 ns: (flash_ctrl_scoreboard.sv:811) uvm_test_top.env.scoreboard [uvm_test_top.env.scoreboard] ERASE ADDR:0xeeb6c scb_flash_data: 0xffffffff
UVM_INFO @ 5622434.9 ns: (flash_ctrl_scoreboard.sv:811) uvm_test_top.env.scoreboard [uvm_test_top.env.scoreboard] ERASE ADDR:0xeeb70 scb_flash_data: 0xffffffff
UVM_INFO @ 5622434.9 ns: (flash_ctrl_scoreboard.sv:811) uvm_test_top.env.scoreboard [uvm_test_top.env.scoreboard] ERASE ADDR:0xeeb74 scb_flash_data: 0xffffffff
UVM_INFO @ 5622434.9 ns: (flash_ctrl_scoreboard.sv:811) uvm_test_top.env.scoreboard [uvm_test_top.env.scoreboard] ERASE ADDR:0xeeb78 scb_flash_data: 0xffffffff
UVM_INFO @ 5622434.9 ns: (flash_ctrl_scoreboard.sv:811) uvm_test_top.env.scoreboard [uvm_test_top.env.scoreboard] ERASE ADDR:0xeeb7c scb_flash_data: 0xffffffff
UVM_INFO @ 5622434.9 ns: (flash_ctrl_scoreboard.sv:811) uvm_test_top.env.scoreboard [uvm_test_top.env.scoreboard] ERASE ADDR:0xeeb80 scb_flash_data: 0xffffffff
UVM_INFO @ 5622434.9 ns: (flash_ctrl_scoreboard.sv:811) uvm_test_top.env.scoreboard [uvm_test_top.env.scoreboard] ERASE ADDR:0xeeb84 scb_flash_data: 0xffffffff
UVM_INFO @ 5622434.9 ns: (flash_ctrl_scoreboard.sv:811) uvm_test_top.env.scoreboard [uvm_test_top.env.scoreboard] ERASE ADDR:0xeeb88 scb_flash_data: 0xffffffff
UVM_INFO @ 5622434.9 ns: (flash_ctrl_scoreboard.sv:811) uvm_test_top.env.scoreboard [uvm_test_top.env.scoreboard] ERASE ADDR:0xeeb8c scb_flash_data: 0xffffffff
UVM_INFO @ 5622434.9 ns: (flash_ctrl_scoreboard.sv:811) uvm_test_top.env.scoreboard [uvm_test_top.env.scoreboard] ERASE ADDR:0xeeb90 scb_flash_data: 0xffffffff
UVM_INFO @ 5622434.9 ns: (flash_ctrl_scoreboard.sv:811) uvm_test_top.env.scoreboard [uvm_test_top.env.scoreboard] ERASE ADDR:0xeeb94 scb_flash_data: 0xffffffff
UVM_INFO @ 5622434.9 ns: (flash_ctrl_scoreboard.sv:811) uvm_test_top.env.scoreboard [uvm_test_top.env.scoreboard] ERASE ADDR:0xeeb98 scb_flash_data: 0xffffffff
UVM_INFO @ 5622434.9 ns: (flash_ctrl_scoreboard.sv:811) uvm_test_top.env.scoreboard [uvm_test_top.env.scoreboard] ERASE ADDR:0xeeb9c scb_flash_data: 0xffffffff
UVM_INFO @ 5622434.9 ns: (flash_ctrl_scoreboard.sv:811) uvm_test_top.env.scoreboard [uvm_test_top.env.scoreboard] ERASE ADDR:0xeeba0 scb_flash_data: 0xffffffff
UVM_INFO @ 5622434.9 ns: (flash_ctrl_scoreboard.sv:811) uvm_test_top.env.scoreboard [uvm_test_top.env.scoreboard] ERASE ADDR:0xeeba4 scb_flash_data: 0xffffffff
UVM_INFO @ 5622434.9 ns: (flash_ctrl_scoreboard.sv:811) uvm_test_top.env.scoreboard [uvm_test_top.env.scoreboard] ERASE ADDR:0xeeba8 scb_flash_data: 0xffffffff
UVM_INFO @ 5622434.9 ns: (flash_ctrl_scoreboard.sv:811) uvm_test_top.env.scoreboard [uvm_test_top.env.scoreboard] ERASE ADDR:0xeebac scb_flash_data: 0xffffffff
UVM_INFO @ 5622434.9 ns: (flash_ctrl_scoreboard.sv:811) uvm_test_top.env.scoreboard [uvm_test_top.env.scoreboard] ERASE ADDR:0xeebb0 scb_flash_data: 0xffffffff
UVM_INFO @ 5622434.9 ns: (flash_ctrl_scoreboard.sv:811) uvm_test_top.env.scoreboard [uvm_test_top.env.scoreboard] ERASE ADDR:0xeebb4 scb_flash_data: 0xffffffff
UVM_INFO @ 5622434.9 ns: (flash_ctrl_scoreboard.sv:811) uvm_test_top.env.scoreboard [uvm_test_top.env.scoreboard] ERASE ADDR:0xeebb8 scb_flash_data: 0xffffffff
UVM_INFO @ 5622434.9 ns: (flash_ctrl_scoreboard.sv:811) uvm_test_top.env.scoreboard [uvm_test_top.env.scoreboard] ERASE ADDR:0xeebbc scb_flash_data: 0xffffffff
UVM_INFO @ 5622434.9 ns: (flash_ctrl_scoreboard.sv:811) uvm_test_top.env.scoreboard [uvm_test_top.env.scoreboard] ERASE ADDR:0xeebc0 scb_flash_data: 0xffffffff
UVM_INFO @ 5622434.9 ns: (flash_ctrl_scoreboard.sv:811) uvm_test_top.env.scoreboard [uvm_test_top.env.scoreboard] ERASE ADDR:0xeebc4 scb_flash_data: 0xffffffff
UVM_INFO @ 5622434.9 ns: (flash_ctrl_scoreboard.sv:811) uvm_test_top.env.scoreboard [uvm_test_top.env.scoreboard] ERASE ADDR:0xeebc8 scb_flash_data: 0xffffffff
UVM_INFO @ 5622434.9 ns: (flash_ctrl_scoreboard.sv:811) uvm_test_top.env.scoreboard [uvm_test_top.env.scoreboard] ERASE ADDR:0xeebcc scb_flash_data: 0xffffffff
UVM_INFO @ 5622434.9 ns: (flash_ctrl_scoreboard.sv:811) uvm_test_top.env.scoreboard [uvm_test_top.env.scoreboard] ERASE ADDR:0xeebd0 scb_flash_data: 0xffffffff
UVM_INFO @ 5622434.9 ns: (flash_ctrl_scoreboard.sv:811) uvm_test_top.env.scoreboard [uvm_test_top.env.scoreboard] ERASE ADDR:0xeebd4 scb_flash_data: 0xffffffff
UVM_INFO @ 5622434.9 ns: (flash_ctrl_scoreboard.sv:811) uvm_test_top.env.scoreboard [uvm_test_top.env.scoreboard] ERASE ADDR:0xeebd8 scb_flash_data: 0xffffffff
UVM_INFO @ 5622434.9 ns: (flash_ctrl_scoreboard.sv:811) uvm_test_top.env.scoreboard [uvm_test_top.env.scoreboard] ERASE ADDR:0xeebdc scb_flash_data: 0xffffffff
UVM_INFO @ 5622434.9 ns: (flash_ctrl_scoreboard.sv:811) uvm_test_top.env.scoreboard [uvm_test_top.env.scoreboard] ERASE ADDR:0xeebe0 scb_flash_data: 0xffffffff
UVM_INFO @ 5622434.9 ns: (flash_ctrl_scoreboard.sv:811) uvm_test_top.env.scoreboard [uvm_test_top.env.scoreboard] ERASE ADDR:0xeebe4 scb_flash_data: 0xffffffff
UVM_INFO @ 5622434.9 ns: (flash_ctrl_scoreboard.sv:811) uvm_test_top.env.scoreboard [uvm_test_top.env.scoreboard] ERASE ADDR:0xeebe8 scb_flash_data: 0xffffffff
UVM_INFO @ 5622434.9 ns: (flash_ctrl_scoreboard.sv:811) uvm_test_top.env.scoreboard [uvm_test_top.env.scoreboard] ERASE ADDR:0xeebec scb_flash_data: 0xffffffff
UVM_INFO @ 5622434.9 ns: (flash_ctrl_scoreboard.sv:811) uvm_test_top.env.scoreboard [uvm_test_top.env.scoreboard] ERASE ADDR:0xeebf0 scb_flash_data: 0xffffffff
UVM_INFO @ 5622434.9 ns: (flash_ctrl_scoreboard.sv:811) uvm_test_top.env.scoreboard [uvm_test_top.env.scoreboard] ERASE ADDR:0xeebf4 scb_flash_data: 0xffffffff
UVM_INFO @ 5622434.9 ns: (flash_ctrl_scoreboard.sv:811) uvm_test_top.env.scoreboard [uvm_test_top.env.scoreboard] ERASE ADDR:0xeebf8 scb_flash_data: 0xffffffff
UVM_INFO @ 5622434.9 ns: (flash_ctrl_scoreboard.sv:811) uvm_test_top.env.scoreboard [uvm_test_top.env.scoreboard] ERASE ADDR:0xeebfc scb_flash_data: 0xffffffff
UVM_INFO @ 5622434.9 ns: (flash_ctrl_scoreboard.sv:811) uvm_test_top.env.scoreboard [uvm_test_top.env.scoreboard] ERASE ADDR:0xeec00 scb_flash_data: 0xffffffff
UVM_INFO @ 5622434.9 ns: (flash_ctrl_scoreboard.sv:811) uvm_test_top.env.scoreboard [uvm_test_top.env.scoreboard] ERASE ADDR:0xeec04 scb_flash_data: 0xffffffff
UVM_INFO @ 5622434.9 ns: (flash_ctrl_scoreboard.sv:811) uvm_test_top.env.scoreboard [uvm_test_top.env.scoreboard] ERASE ADDR:0xeec08 scb_flash_data: 0xffffffff
UVM_INFO @ 5622434.9 ns: (flash_ctrl_scoreboard.sv:811) uvm_test_top.env.scoreboard [uvm_test_top.env.scoreboard] ERASE ADDR:0xeec0c scb_flash_data: 0xffffffff
UVM_INFO @ 5622434.9 ns: (flash_ctrl_scoreboard.sv:811) uvm_test_top.env.scoreboard [uvm_test_top.env.scoreboard] ERASE ADDR:0xeec10 scb_flash_data: 0xffffffff
UVM_INFO @ 5622434.9 ns: (flash_ctrl_scoreboard.sv:811) uvm_test_top.env.scoreboard [uvm_test_top.env.scoreboard] ERASE ADDR:0xeec14 scb_flash_data: 0xffffffff
UVM_INFO @ 5622434.9 ns: (flash_ctrl_scoreboard.sv:811) uvm_test_top.env.scoreboard [uvm_test_top.env.scoreboard] ERASE ADDR:0xeec18 scb_flash_data: 0xffffffff
UVM_INFO @ 5622434.9 ns: (flash_ctrl_scoreboard.sv:811) uvm_test_top.env.scoreboard [uvm_test_top.env.scoreboard] ERASE ADDR:0xeec1c scb_flash_data: 0xffffffff
UVM_INFO @ 5622434.9 ns: (flash_ctrl_scoreboard.sv:811) uvm_test_top.env.scoreboard [uvm_test_top.env.scoreboard] ERASE ADDR:0xeec20 scb_flash_data: 0xffffffff
UVM_INFO @ 5622434.9 ns: (flash_ctrl_scoreboard.sv:811) uvm_test_top.env.scoreboard [uvm_test_top.env.scoreboard] ERASE ADDR:0xeec24 scb_flash_data: 0xffffffff
UVM_INFO @ 5622434.9 ns: (flash_ctrl_scoreboard.sv:811) uvm_test_top.env.scoreboard [uvm_test_top.env.scoreboard] ERASE ADDR:0xeec28 scb_flash_data: 0xffffffff
UVM_INFO @ 5622434.9 ns: (flash_ctrl_scoreboard.sv:811) uvm_test_top.env.scoreboard [uvm_test_top.env.scoreboard] ERASE ADDR:0xeec2c scb_flash_data: 0xffffffff
UVM_INFO @ 5622434.9 ns: (flash_ctrl_scoreboard.sv:811) uvm_test_top.env.scoreboard [uvm_test_top.env.scoreboard] ERASE ADDR:0xeec30 scb_flash_data: 0xffffffff
UVM_INFO @ 5622434.9 ns: (flash_ctrl_scoreboard.sv:811) uvm_test_top.env.scoreboard [uvm_test_top.env.scoreboard] ERASE ADDR:0xeec34 scb_flash_data: 0xffffffff
UVM_INFO @ 5622434.9 ns: (flash_ctrl_scoreboard.sv:811) uvm_test_top.env.scoreboard [uvm_test_top.env.scoreboard] ERASE ADDR:0xeec38 scb_flash_data: 0xffffffff
UVM_INFO @ 5622434.9 ns: (flash_ctrl_scoreboard.sv:811) uvm_test_top.env.scoreboard [uvm_test_top.env.scoreboard] ERASE ADDR:0xeec3c scb_flash_data: 0xffffffff
UVM_INFO @ 5622434.9 ns: (flash_ctrl_scoreboard.sv:811) uvm_test_top.env.scoreboard [uvm_test_top.env.scoreboard] ERASE ADDR:0xeec40 scb_flash_data: 0xffffffff
UVM_INFO @ 5622434.9 ns: (flash_ctrl_scoreboard.sv:811) uvm_test_top.env.scoreboard [uvm_test_top.env.scoreboard] ERASE ADDR:0xeec44 scb_flash_data: 0xffffffff
UVM_INFO @ 5622434.9 ns: (flash_ctrl_scoreboard.sv:811) uvm_test_top.env.scoreboard [uvm_test_top.env.scoreboard] ERASE ADDR:0xeec48 scb_flash_data: 0xffffffff
UVM_INFO @ 5622434.9 ns: (flash_ctrl_scoreboard.sv:811) uvm_test_top.env.scoreboard [uvm_test_top.env.scoreboard] ERASE ADDR:0xeec4c scb_flash_data: 0xffffffff
UVM_INFO @ 5622434.9 ns: (flash_ctrl_scoreboard.sv:811) uvm_test_top.env.scoreboard [uvm_test_top.env.scoreboard] ERASE ADDR:0xeec50 scb_flash_data: 0xffffffff
UVM_INFO @ 5622434.9 ns: (flash_ctrl_scoreboard.sv:811) uvm_test_top.env.scoreboard [uvm_test_top.env.scoreboard] ERASE ADDR:0xeec54 scb_flash_data: 0xffffffff
UVM_INFO @ 5622434.9 ns: (flash_ctrl_scoreboard.sv:811) uvm_test_top.env.scoreboard [uvm_test_top.env.scoreboard] ERASE ADDR:0xeec58 scb_flash_data: 0xffffffff
UVM_INFO @ 5622434.9 ns: (flash_ctrl_scoreboard.sv:811) uvm_test_top.env.scoreboard [uvm_test_top.env.scoreboard] ERASE ADDR:0xeec5c scb_flash_data: 0xffffffff
UVM_INFO @ 5622434.9 ns: (flash_ctrl_scoreboard.sv:811) uvm_test_top.env.scoreboard [uvm_test_top.env.scoreboard] ERASE ADDR:0xeec60 scb_flash_data: 0xffffffff
UVM_INFO @ 5622434.9 ns: (flash_ctrl_scoreboard.sv:811) uvm_test_top.env.scoreboard [uvm_test_top.env.scoreboard] ERASE ADDR:0xeec64 scb_flash_data: 0xffffffff
UVM_INFO @ 5622434.9 ns: (flash_ctrl_scoreboard.sv:811) uvm_test_top.env.scoreboard [uvm_test_top.env.scoreboard] ERASE ADDR:0xeec68 scb_flash_data: 0xffffffff
UVM_INFO @ 5622434.9 ns: (flash_ctrl_scoreboard.sv:811) uvm_test_top.env.scoreboard [uvm_test_top.env.scoreboard] ERASE ADDR:0xeec6c scb_flash_data: 0xffffffff
UVM_INFO @ 5622434.9 ns: (flash_ctrl_scoreboard.sv:811) uvm_test_top.env.scoreboard [uvm_test_top.env.scoreboard] ERASE ADDR:0xeec70 scb_flash_data: 0xffffffff
UVM_INFO @ 5622434.9 ns: (flash_ctrl_scoreboard.sv:811) uvm_test_top.env.scoreboard [uvm_test_top.env.scoreboard] ERASE ADDR:0xeec74 scb_flash_data: 0xffffffff
UVM_INFO @ 5622434.9 ns: (flash_ctrl_scoreboard.sv:811) uvm_test_top.env.scoreboard [uvm_test_top.env.scoreboard] ERASE ADDR:0xeec78 scb_flash_data: 0xffffffff
UVM_INFO @ 5622434.9 ns: (flash_ctrl_scoreboard.sv:811) uvm_test_top.env.scoreboard [uvm_test_top.env.scoreboard] ERASE ADDR:0xeec7c scb_flash_data: 0xffffffff
UVM_INFO @ 5622434.9 ns: (flash_ctrl_scoreboard.sv:811) uvm_test_top.env.scoreboard [uvm_test_top.env.scoreboard] ERASE ADDR:0xeec80 scb_flash_data: 0xffffffff
UVM_INFO @ 5622434.9 ns: (flash_ctrl_scoreboard.sv:811) uvm_test_top.env.scoreboard [uvm_test_top.env.scoreboard] ERASE ADDR:0xeec84 scb_flash_data: 0xffffffff
UVM_INFO @ 5622434.9 ns: (flash_ctrl_scoreboard.sv:811) uvm_test_top.env.scoreboard [uvm_test_top.env.scoreboard] ERASE ADDR:0xeec88 scb_flash_data: 0xffffffff
UVM_INFO @ 5622434.9 ns: (flash_ctrl_scoreboard.sv:811) uvm_test_top.env.scoreboard [uvm_test_top.env.scoreboard] ERASE ADDR:0xeec8c scb_flash_data: 0xffffffff
UVM_INFO @ 5622434.9 ns: (flash_ctrl_scoreboard.sv:811) uvm_test_top.env.scoreboard [uvm_test_top.env.scoreboard] ERASE ADDR:0xeec90 scb_flash_data: 0xffffffff
UVM_INFO @ 5622434.9 ns: (flash_ctrl_scoreboard.sv:811) uvm_test_top.env.scoreboard [uvm_test_top.env.scoreboard] ERASE ADDR:0xeec94 scb_flash_data: 0xffffffff
UVM_INFO @ 5622434.9 ns: (flash_ctrl_scoreboard.sv:811) uvm_test_top.env.scoreboard [uvm_test_top.env.scoreboard] ERASE ADDR:0xeec98 scb_flash_data: 0xffffffff
UVM_INFO @ 5622434.9 ns: (flash_ctrl_scoreboard.sv:811) uvm_test_top.env.scoreboard [uvm_test_top.env.scoreboard] ERASE ADDR:0xeec9c scb_flash_data: 0xffffffff
UVM_INFO @ 5622434.9 ns: (flash_ctrl_scoreboard.sv:811) uvm_test_top.env.scoreboard [uvm_test_top.env.scoreboard] ERASE ADDR:0xeeca0 scb_flash_data: 0xffffffff
UVM_INFO @ 5622434.9 ns: (flash_ctrl_scoreboard.sv:811) uvm_test_top.env.scoreboard [uvm_test_top.env.scoreboard] ERASE ADDR:0xeeca4 scb_flash_data: 0xffffffff
UVM_INFO @ 5622434.9 ns: (flash_ctrl_scoreboard.sv:811) uvm_test_top.env.scoreboard [uvm_test_top.env.scoreboard] ERASE ADDR:0xeeca8 scb_flash_data: 0xffffffff
UVM_INFO @ 5622434.9 ns: (flash_ctrl_scoreboard.sv:811) uvm_test_top.env.scoreboard [uvm_test_top.env.scoreboard] ERASE ADDR:0xeecac scb_flash_data: 0xffffffff
UVM_INFO @ 5622434.9 ns: (flash_ctrl_scoreboard.sv:811) uvm_test_top.env.scoreboard [uvm_test_top.env.scoreboard] ERASE ADDR:0xeecb0 scb_flash_data: 0xffffffff
UVM_INFO @ 5622434.9 ns: (flash_ctrl_scoreboard.sv:811) uvm_test_top.env.scoreboard [uvm_test_top.env.scoreboard] ERASE ADDR:0xeecb4 scb_flash_data: 0xffffffff
UVM_INFO @ 5622434.9 ns: (flash_ctrl_scoreboard.sv:811) uvm_test_top.env.scoreboard [uvm_test_top.env.scoreboard] ERASE ADDR:0xeecb8 scb_flash_data: 0xffffffff
UVM_INFO @ 5622434.9 ns: (flash_ctrl_scoreboard.sv:811) uvm_test_top.env.scoreboard [uvm_test_top.env.scoreboard] ERASE ADDR:0xeecbc scb_flash_data: 0xffffffff
UVM_INFO @ 5622434.9 ns: (flash_ctrl_scoreboard.sv:811) uvm_test_top.env.scoreboard [uvm_test_top.env.scoreboard] ERASE ADDR:0xeecc0 scb_flash_data: 0xffffffff
UVM_INFO @ 5622434.9 ns: (flash_ctrl_scoreboard.sv:811) uvm_test_top.env.scoreboard [uvm_test_top.env.scoreboard] ERASE ADDR:0xeecc4 scb_flash_data: 0xffffffff
UVM_INFO @ 5622434.9 ns: (flash_ctrl_scoreboard.sv:811) uvm_test_top.env.scoreboard [uvm_test_top.env.scoreboard] ERASE ADDR:0xeecc8 scb_flash_data: 0xffffffff
UVM_INFO @ 5622434.9 ns: (flash_ctrl_scoreboard.sv:811) uvm_test_top.env.scoreboard [uvm_test_top.env.scoreboard] ERASE ADDR:0xeeccc scb_flash_data: 0xffffffff
UVM_INFO @ 5622434.9 ns: (flash_ctrl_scoreboard.sv:811) uvm_test_top.env.scoreboard [uvm_test_top.env.scoreboard] ERASE ADDR:0xeecd0 scb_flash_data: 0xffffffff
UVM_INFO @ 5622434.9 ns: (flash_ctrl_scoreboard.sv:811) uvm_test_top.env.scoreboard [uvm_test_top.env.scoreboard] ERASE ADDR:0xeecd4 scb_flash_data: 0xffffffff
UVM_INFO @ 5622434.9 ns: (flash_ctrl_scoreboard.sv:811) uvm_test_top.env.scoreboard [uvm_test_top.env.scoreboard] ERASE ADDR:0xeecd8 scb_flash_data: 0xffffffff
UVM_INFO @ 5622434.9 ns: (flash_ctrl_scoreboard.sv:811) uvm_test_top.env.scoreboard [uvm_test_top.env.scoreboard] ERASE ADDR:0xeecdc scb_flash_data: 0xffffffff
UVM_INFO @ 5622434.9 ns: (flash_ctrl_scoreboard.sv:811) uvm_test_top.env.scoreboard [uvm_test_top.env.scoreboard] ERASE ADDR:0xeece0 scb_flash_data: 0xffffffff
UVM_INFO @ 5622434.9 ns: (flash_ctrl_scoreboard.sv:811) uvm_test_top.env.scoreboard [uvm_test_top.env.scoreboard] ERASE ADDR:0xeece4 scb_flash_data: 0xffffffff
UVM_INFO @ 5622434.9 ns: (flash_ctrl_scoreboard.sv:811) uvm_test_top.env.scoreboard [uvm_test_top.env.scoreboard] ERASE ADDR:0xeece8 scb_flash_data: 0xffffffff
UVM_INFO @ 5622434.9 ns: (flash_ctrl_scoreboard.sv:811) uvm_test_top.env.scoreboard [uvm_test_top.env.scoreboard] ERASE ADDR:0xeecec scb_flash_data: 0xffffffff
UVM_INFO @ 5622434.9 ns: (flash_ctrl_scoreboard.sv:811) uvm_test_top.env.scoreboard [uvm_test_top.env.scoreboard] ERASE ADDR:0xeecf0 scb_flash_data: 0xffffffff
UVM_INFO @ 5622434.9 ns: (flash_ctrl_scoreboard.sv:811) uvm_test_top.env.scoreboard [uvm_test_top.env.scoreboard] ERASE ADDR:0xeecf4 scb_flash_data: 0xffffffff
UVM_INFO @ 5622434.9 ns: (flash_ctrl_scoreboard.sv:811) uvm_test_top.env.scoreboard [uvm_test_top.env.scoreboard] ERASE ADDR:0xeecf8 scb_flash_data: 0xffffffff
UVM_INFO @ 5622434.9 ns: (flash_ctrl_scoreboard.sv:811) uvm_test_top.env.scoreboard [uvm_test_top.env.scoreboard] ERASE ADDR:0xeecfc scb_flash_data: 0xffffffff
UVM_INFO @ 5622434.9 ns: (flash_ctrl_scoreboard.sv:811) uvm_test_top.env.scoreboard [uvm_test_top.env.scoreboard] ERASE ADDR:0xeed00 scb_flash_data: 0xffffffff
UVM_INFO @ 5622434.9 ns: (flash_ctrl_scoreboard.sv:811) uvm_test_top.env.scoreboard [uvm_test_top.env.scoreboard] ERASE ADDR:0xeed04 scb_flash_data: 0xffffffff
UVM_INFO @ 5622434.9 ns: (flash_ctrl_scoreboard.sv:811) uvm_test_top.env.scoreboard [uvm_test_top.env.scoreboard] ERASE ADDR:0xeed08 scb_flash_data: 0xffffffff
UVM_INFO @ 5622434.9 ns: (flash_ctrl_scoreboard.sv:811) uvm_test_top.env.scoreboard [uvm_test_top.env.scoreboard] ERASE ADDR:0xeed0c scb_flash_data: 0xffffffff
UVM_INFO @ 5622434.9 ns: (flash_ctrl_scoreboard.sv:811) uvm_test_top.env.scoreboard [uvm_test_top.env.scoreboard] ERASE ADDR:0xeed10 scb_flash_data: 0xffffffff
UVM_INFO @ 5622434.9 ns: (flash_ctrl_scoreboard.sv:811) uvm_test_top.env.scoreboard [uvm_test_top.env.scoreboard] ERASE ADDR:0xeed14 scb_flash_data: 0xffffffff
UVM_INFO @ 5622434.9 ns: (flash_ctrl_scoreboard.sv:811) uvm_test_top.env.scoreboard [uvm_test_top.env.scoreboard] ERASE ADDR:0xeed18 scb_flash_data: 0xffffffff
UVM_INFO @ 5622434.9 ns: (flash_ctrl_scoreboard.sv:811) uvm_test_top.env.scoreboard [uvm_test_top.env.scoreboard] ERASE ADDR:0xeed1c scb_flash_data: 0xffffffff
UVM_INFO @ 5622434.9 ns: (flash_ctrl_scoreboard.sv:811) uvm_test_top.env.scoreboard [uvm_test_top.env.scoreboard] ERASE ADDR:0xeed20 scb_flash_data: 0xffffffff
UVM_INFO @ 5622434.9 ns: (flash_ctrl_scoreboard.sv:811) uvm_test_top.env.scoreboard [uvm_test_top.env.scoreboard] ERASE ADDR:0xeed24 scb_flash_data: 0xffffffff
UVM_INFO @ 5622434.9 ns: (flash_ctrl_scoreboard.sv:811) uvm_test_top.env.scoreboard [uvm_test_top.env.scoreboard] ERASE ADDR:0xeed28 scb_flash_data: 0xffffffff
UVM_INFO @ 5622434.9 ns: (flash_ctrl_scoreboard.sv:811) uvm_test_top.env.scoreboard [uvm_test_top.env.scoreboard] ERASE ADDR:0xeed2c scb_flash_data: 0xffffffff
UVM_INFO @ 5622434.9 ns: (flash_ctrl_scoreboard.sv:811) uvm_test_top.env.scoreboard [uvm_test_top.env.scoreboard] ERASE ADDR:0xeed30 scb_flash_data: 0xffffffff
UVM_INFO @ 5622434.9 ns: (flash_ctrl_scoreboard.sv:811) uvm_test_top.env.scoreboard [uvm_test_top.env.scoreboard] ERASE ADDR:0xeed34 scb_flash_data: 0xffffffff
UVM_INFO @ 5622434.9 ns: (flash_ctrl_scoreboard.sv:811) uvm_test_top.env.scoreboard [uvm_test_top.env.scoreboard] ERASE ADDR:0xeed38 scb_flash_data: 0xffffffff
UVM_INFO @ 5622434.9 ns: (flash_ctrl_scoreboard.sv:811) uvm_test_top.env.scoreboard [uvm_test_top.env.scoreboard] ERASE ADDR:0xeed3c scb_flash_data: 0xffffffff
UVM_INFO @ 5622434.9 ns: (flash_ctrl_scoreboard.sv:811) uvm_test_top.env.scoreboard [uvm_test_top.env.scoreboard] ERASE ADDR:0xeed40 scb_flash_data: 0xffffffff
UVM_INFO @ 5622434.9 ns: (flash_ctrl_scoreboard.sv:811) uvm_test_top.env.scoreboard [uvm_test_top.env.scoreboard] ERASE ADDR:0xeed44 scb_flash_data: 0xffffffff
UVM_INFO @ 5622434.9 ns: (flash_ctrl_scoreboard.sv:811) uvm_test_top.env.scoreboard [uvm_test_top.env.scoreboard] ERASE ADDR:0xeed48 scb_flash_data: 0xffffffff
UVM_INFO @ 5622434.9 ns: (flash_ctrl_scoreboard.sv:811) uvm_test_top.env.scoreboard [uvm_test_top.env.scoreboard] ERASE ADDR:0xeed4c scb_flash_data: 0xffffffff
UVM_INFO @ 5622434.9 ns: (flash_ctrl_scoreboard.sv:811) uvm_test_top.env.scoreboard [uvm_test_top.env.scoreboard] ERASE ADDR:0xeed50 scb_flash_data: 0xffffffff
UVM_INFO @ 5622434.9 ns: (flash_ctrl_scoreboard.sv:811) uvm_test_top.env.scoreboard [uvm_test_top.env.scoreboard] ERASE ADDR:0xeed54 scb_flash_data: 0xffffffff
UVM_INFO @ 5622434.9 ns: (flash_ctrl_scoreboard.sv:811) uvm_test_top.env.scoreboard [uvm_test_top.env.scoreboard] ERASE ADDR:0xeed58 scb_flash_data: 0xffffffff
UVM_INFO @ 5622434.9 ns: (flash_ctrl_scoreboard.sv:811) uvm_test_top.env.scoreboard [uvm_test_top.env.scoreboard] ERASE ADDR:0xeed5c scb_flash_data: 0xffffffff
UVM_INFO @ 5622434.9 ns: (flash_ctrl_scoreboard.sv:811) uvm_test_top.env.scoreboard [uvm_test_top.env.scoreboard] ERASE ADDR:0xeed60 scb_flash_data: 0xffffffff
UVM_INFO @ 5622434.9 ns: (flash_ctrl_scoreboard.sv:811) uvm_test_top.env.scoreboard [uvm_test_top.env.scoreboard] ERASE ADDR:0xeed64 scb_flash_data: 0xffffffff
UVM_INFO @ 5622434.9 ns: (flash_ctrl_scoreboard.sv:811) uvm_test_top.env.scoreboard [uvm_test_top.env.scoreboard] ERASE ADDR:0xeed68 scb_flash_data: 0xffffffff
UVM_INFO @ 5622434.9 ns: (flash_ctrl_scoreboard.sv:811) uvm_test_top.env.scoreboard [uvm_test_top.env.scoreboard] ERASE ADDR:0xeed6c scb_flash_data: 0xffffffff
UVM_INFO @ 5622434.9 ns: (flash_ctrl_scoreboard.sv:811) uvm_test_top.env.scoreboard [uvm_test_top.env.scoreboard] ERASE ADDR:0xeed70 scb_flash_data: 0xffffffff
UVM_INFO @ 5622434.9 ns: (flash_ctrl_scoreboard.sv:811) uvm_test_top.env.scoreboard [uvm_test_top.env.scoreboard] ERASE ADDR:0xeed74 scb_flash_data: 0xffffffff
UVM_INFO @ 5622434.9 ns: (flash_ctrl_scoreboard.sv:811) uvm_test_top.env.scoreboard [uvm_test_top.env.scoreboard] ERASE ADDR:0xeed78 scb_flash_data: 0xffffffff
UVM_INFO @ 5622434.9 ns: (flash_ctrl_scoreboard.sv:811) uvm_test_top.env.scoreboard [uvm_test_top.env.scoreboard] ERASE ADDR:0xeed7c scb_flash_data: 0xffffffff
UVM_INFO @ 5622434.9 ns: (flash_ctrl_scoreboard.sv:811) uvm_test_top.env.scoreboard [uvm_test_top.env.scoreboard] ERASE ADDR:0xeed80 scb_flash_data: 0xffffffff
UVM_INFO @ 5622434.9 ns: (flash_ctrl_scoreboard.sv:811) uvm_test_top.env.scoreboard [uvm_test_top.env.scoreboard] ERASE ADDR:0xeed84 scb_flash_data: 0xffffffff
UVM_INFO @ 5622434.9 ns: (flash_ctrl_scoreboard.sv:811) uvm_test_top.env.scoreboard [uvm_test_top.env.scoreboard] ERASE ADDR:0xeed88 scb_flash_data: 0xffffffff
UVM_INFO @ 5622434.9 ns: (flash_ctrl_scoreboard.sv:811) uvm_test_top.env.scoreboard [uvm_test_top.env.scoreboard] ERASE ADDR:0xeed8c scb_flash_data: 0xffffffff
UVM_INFO @ 5622434.9 ns: (flash_ctrl_scoreboard.sv:811) uvm_test_top.env.scoreboard [uvm_test_top.env.scoreboard] ERASE ADDR:0xeed90 scb_flash_data: 0xffffffff
UVM_INFO @ 5622434.9 ns: (flash_ctrl_scoreboard.sv:811) uvm_test_top.env.scoreboard [uvm_test_top.env.scoreboard] ERASE ADDR:0xeed94 scb_flash_data: 0xffffffff
UVM_INFO @ 5622434.9 ns: (flash_ctrl_scoreboard.sv:811) uvm_test_top.env.scoreboard [uvm_test_top.env.scoreboard] ERASE ADDR:0xeed98 scb_flash_data: 0xffffffff
UVM_INFO @ 5622434.9 ns: (flash_ctrl_scoreboard.sv:811) uvm_test_top.env.scoreboard [uvm_test_top.env.scoreboard] ERASE ADDR:0xeed9c scb_flash_data: 0xffffffff
UVM_INFO @ 5622434.9 ns: (flash_ctrl_scoreboard.sv:811) uvm_test_top.env.scoreboard [uvm_test_top.env.scoreboard] ERASE ADDR:0xeeda0 scb_flash_data: 0xffffffff
UVM_INFO @ 5622434.9 ns: (flash_ctrl_scoreboard.sv:811) uvm_test_top.env.scoreboard [uvm_test_top.env.scoreboard] ERASE ADDR:0xeeda4 scb_flash_data: 0xffffffff
UVM_INFO @ 5622434.9 ns: (flash_ctrl_scoreboard.sv:811) uvm_test_top.env.scoreboard [uvm_test_top.env.scoreboard] ERASE ADDR:0xeeda8 scb_flash_data: 0xffffffff
UVM_INFO @ 5622434.9 ns: (flash_ctrl_scoreboard.sv:811) uvm_test_top.env.scoreboard [uvm_test_top.env.scoreboard] ERASE ADDR:0xeedac scb_flash_data: 0xffffffff
UVM_INFO @ 5622434.9 ns: (flash_ctrl_scoreboard.sv:811) uvm_test_top.env.scoreboard [uvm_test_top.env.scoreboard] ERASE ADDR:0xeedb0 scb_flash_data: 0xffffffff
UVM_INFO @ 5622434.9 ns: (flash_ctrl_scoreboard.sv:811) uvm_test_top.env.scoreboard [uvm_test_top.env.scoreboard] ERASE ADDR:0xeedb4 scb_flash_data: 0xffffffff
UVM_INFO @ 5622434.9 ns: (flash_ctrl_scoreboard.sv:811) uvm_test_top.env.scoreboard [uvm_test_top.env.scoreboard] ERASE ADDR:0xeedb8 scb_flash_data: 0xffffffff
UVM_INFO @ 5622434.9 ns: (flash_ctrl_scoreboard.sv:811) uvm_test_top.env.scoreboard [uvm_test_top.env.scoreboard] ERASE ADDR:0xeedbc scb_flash_data: 0xffffffff
UVM_INFO @ 5622434.9 ns: (flash_ctrl_scoreboard.sv:811) uvm_test_top.env.scoreboard [uvm_test_top.env.scoreboard] ERASE ADDR:0xeedc0 scb_flash_data: 0xffffffff
UVM_INFO @ 5622434.9 ns: (flash_ctrl_scoreboard.sv:811) uvm_test_top.env.scoreboard [uvm_test_top.env.scoreboard] ERASE ADDR:0xeedc4 scb_flash_data: 0xffffffff
UVM_INFO @ 5622434.9 ns: (flash_ctrl_scoreboard.sv:811) uvm_test_top.env.scoreboard [uvm_test_top.env.scoreboard] ERASE ADDR:0xeedc8 scb_flash_data: 0xffffffff
UVM_INFO @ 5622434.9 ns: (flash_ctrl_scoreboard.sv:811) uvm_test_top.env.scoreboard [uvm_test_top.env.scoreboard] ERASE ADDR:0xeedcc scb_flash_data: 0xffffffff
UVM_INFO @ 5622434.9 ns: (flash_ctrl_scoreboard.sv:811) uvm_test_top.env.scoreboard [uvm_test_top.env.scoreboard] ERASE ADDR:0xeedd0 scb_flash_data: 0xffffffff
UVM_INFO @ 5622434.9 ns: (flash_ctrl_scoreboard.sv:811) uvm_test_top.env.scoreboard [uvm_test_top.env.scoreboard] ERASE ADDR:0xeedd4 scb_flash_data: 0xffffffff
UVM_INFO @ 5622434.9 ns: (flash_ctrl_scoreboard.sv:811) uvm_test_top.env.scoreboard [uvm_test_top.env.scoreboard] ERASE ADDR:0xeedd8 scb_flash_data: 0xffffffff
UVM_INFO @ 5622434.9 ns: (flash_ctrl_scoreboard.sv:811) uvm_test_top.env.scoreboard [uvm_test_top.env.scoreboard] ERASE ADDR:0xeeddc scb_flash_data: 0xffffffff
UVM_INFO @ 5622434.9 ns: (flash_ctrl_scoreboard.sv:811) uvm_test_top.env.scoreboard [uvm_test_top.env.scoreboard] ERASE ADDR:0xeede0 scb_flash_data: 0xffffffff
UVM_INFO @ 5622434.9 ns: (flash_ctrl_scoreboard.sv:811) uvm_test_top.env.scoreboard [uvm_test_top.env.scoreboard] ERASE ADDR:0xeede4 scb_flash_data: 0xffffffff
UVM_INFO @ 5622434.9 ns: (flash_ctrl_scoreboard.sv:811) uvm_test_top.env.scoreboard [uvm_test_top.env.scoreboard] ERASE ADDR:0xeede8 scb_flash_data: 0xffffffff
UVM_INFO @ 5622434.9 ns: (flash_ctrl_scoreboard.sv:811) uvm_test_top.env.scoreboard [uvm_test_top.env.scoreboard] ERASE ADDR:0xeedec scb_flash_data: 0xffffffff
UVM_INFO @ 5622434.9 ns: (flash_ctrl_scoreboard.sv:811) uvm_test_top.env.scoreboard [uvm_test_top.env.scoreboard] ERASE ADDR:0xeedf0 scb_flash_data: 0xffffffff
UVM_INFO @ 5622434.9 ns: (flash_ctrl_scoreboard.sv:811) uvm_test_top.env.scoreboard [uvm_test_top.env.scoreboard] ERASE ADDR:0xeedf4 scb_flash_data: 0xffffffff
UVM_INFO @ 5622434.9 ns: (flash_ctrl_scoreboard.sv:811) uvm_test_top.env.scoreboard [uvm_test_top.env.scoreboard] ERASE ADDR:0xeedf8 scb_flash_data: 0xffffffff
UVM_INFO @ 5622434.9 ns: (flash_ctrl_scoreboard.sv:811) uvm_test_top.env.scoreboard [uvm_test_top.env.scoreboard] ERASE ADDR:0xeedfc scb_flash_data: 0xffffffff
UVM_INFO @ 5622434.9 ns: (flash_ctrl_scoreboard.sv:811) uvm_test_top.env.scoreboard [uvm_test_top.env.scoreboard] ERASE ADDR:0xeee00 scb_flash_data: 0xffffffff
UVM_INFO @ 5622434.9 ns: (flash_ctrl_scoreboard.sv:811) uvm_test_top.env.scoreboard [uvm_test_top.env.scoreboard] ERASE ADDR:0xeee04 scb_flash_data: 0xffffffff
UVM_INFO @ 5622434.9 ns: (flash_ctrl_scoreboard.sv:811) uvm_test_top.env.scoreboard [uvm_test_top.env.scoreboard] ERASE ADDR:0xeee08 scb_flash_data: 0xffffffff
UVM_INFO @ 5622434.9 ns: (flash_ctrl_scoreboard.sv:811) uvm_test_top.env.scoreboard [uvm_test_top.env.scoreboard] ERASE ADDR:0xeee0c scb_flash_data: 0xffffffff
UVM_INFO @ 5622434.9 ns: (flash_ctrl_scoreboard.sv:811) uvm_test_top.env.scoreboard [uvm_test_top.env.scoreboard] ERASE ADDR:0xeee10 scb_flash_data: 0xffffffff
UVM_INFO @ 5622434.9 ns: (flash_ctrl_scoreboard.sv:811) uvm_test_top.env.scoreboard [uvm_test_top.env.scoreboard] ERASE ADDR:0xeee14 scb_flash_data: 0xffffffff
UVM_INFO @ 5622434.9 ns: (flash_ctrl_scoreboard.sv:811) uvm_test_top.env.scoreboard [uvm_test_top.env.scoreboard] ERASE ADDR:0xeee18 scb_flash_data: 0xffffffff
UVM_INFO @ 5622434.9 ns: (flash_ctrl_scoreboard.sv:811) uvm_test_top.env.scoreboard [uvm_test_top.env.scoreboard] ERASE ADDR:0xeee1c scb_flash_data: 0xffffffff
UVM_INFO @ 5622434.9 ns: (flash_ctrl_scoreboard.sv:811) uvm_test_top.env.scoreboard [uvm_test_top.env.scoreboard] ERASE ADDR:0xeee20 scb_flash_data: 0xffffffff
UVM_INFO @ 5622434.9 ns: (flash_ctrl_scoreboard.sv:811) uvm_test_top.env.scoreboard [uvm_test_top.env.scoreboard] ERASE ADDR:0xeee24 scb_flash_data: 0xffffffff
UVM_INFO @ 5622434.9 ns: (flash_ctrl_scoreboard.sv:811) uvm_test_top.env.scoreboard [uvm_test_top.env.scoreboard] ERASE ADDR:0xeee28 scb_flash_data: 0xffffffff
UVM_INFO @ 5622434.9 ns: (flash_ctrl_scoreboard.sv:811) uvm_test_top.env.scoreboard [uvm_test_top.env.scoreboard] ERASE ADDR:0xeee2c scb_flash_data: 0xffffffff
UVM_INFO @ 5622434.9 ns: (flash_ctrl_scoreboard.sv:811) uvm_test_top.env.scoreboard [uvm_test_top.env.scoreboard] ERASE ADDR:0xeee30 scb_flash_data: 0xffffffff
UVM_INFO @ 5622434.9 ns: (flash_ctrl_scoreboard.sv:811) uvm_test_top.env.scoreboard [uvm_test_top.env.scoreboard] ERASE ADDR:0xeee34 scb_flash_data: 0xffffffff
UVM_INFO @ 5622434.9 ns: (flash_ctrl_scoreboard.sv:811) uvm_test_top.env.scoreboard [uvm_test_top.env.scoreboard] ERASE ADDR:0xeee38 scb_flash_data: 0xffffffff
UVM_INFO @ 5622434.9 ns: (flash_ctrl_scoreboard.sv:811) uvm_test_top.env.scoreboard [uvm_test_top.env.scoreboard] ERASE ADDR:0xeee3c scb_flash_data: 0xffffffff
UVM_INFO @ 5622434.9 ns: (flash_ctrl_scoreboard.sv:811) uvm_test_top.env.scoreboard [uvm_test_top.env.scoreboard] ERASE ADDR:0xeee40 scb_flash_data: 0xffffffff
UVM_INFO @ 5622434.9 ns: (flash_ctrl_scoreboard.sv:811) uvm_test_top.env.scoreboard [uvm_test_top.env.scoreboard] ERASE ADDR:0xeee44 scb_flash_data: 0xffffffff
UVM_INFO @ 5622434.9 ns: (flash_ctrl_scoreboard.sv:811) uvm_test_top.env.scoreboard [uvm_test_top.env.scoreboard] ERASE ADDR:0xeee48 scb_flash_data: 0xffffffff
UVM_INFO @ 5622434.9 ns: (flash_ctrl_scoreboard.sv:811) uvm_test_top.env.scoreboard [uvm_test_top.env.scoreboard] ERASE ADDR:0xeee4c scb_flash_data: 0xffffffff
UVM_INFO @ 5622434.9 ns: (flash_ctrl_scoreboard.sv:811) uvm_test_top.env.scoreboard [uvm_test_top.env.scoreboard] ERASE ADDR:0xeee50 scb_flash_data: 0xffffffff
UVM_INFO @ 5622434.9 ns: (flash_ctrl_scoreboard.sv:811) uvm_test_top.env.scoreboard [uvm_test_top.env.scoreboard] ERASE ADDR:0xeee54 scb_flash_data: 0xffffffff
UVM_INFO @ 5622434.9 ns: (flash_ctrl_scoreboard.sv:811) uvm_test_top.env.scoreboard [uvm_test_top.env.scoreboard] ERASE ADDR:0xeee58 scb_flash_data: 0xffffffff
UVM_INFO @ 5622434.9 ns: (flash_ctrl_scoreboard.sv:811) uvm_test_top.env.scoreboard [uvm_test_top.env.scoreboard] ERASE ADDR:0xeee5c scb_flash_data: 0xffffffff
UVM_INFO @ 5622434.9 ns: (flash_ctrl_scoreboard.sv:811) uvm_test_top.env.scoreboard [uvm_test_top.env.scoreboard] ERASE ADDR:0xeee60 scb_flash_data: 0xffffffff
UVM_INFO @ 5622434.9 ns: (flash_ctrl_scoreboard.sv:811) uvm_test_top.env.scoreboard [uvm_test_top.env.scoreboard] ERASE ADDR:0xeee64 scb_flash_data: 0xffffffff
UVM_INFO @ 5622434.9 ns: (flash_ctrl_scoreboard.sv:811) uvm_test_top.env.scoreboard [uvm_test_top.env.scoreboard] ERASE ADDR:0xeee68 scb_flash_data: 0xffffffff
UVM_INFO @ 5622434.9 ns: (flash_ctrl_scoreboard.sv:811) uvm_test_top.env.scoreboard [uvm_test_top.env.scoreboard] ERASE ADDR:0xeee6c scb_flash_data: 0xffffffff
UVM_INFO @ 5622434.9 ns: (flash_ctrl_scoreboard.sv:811) uvm_test_top.env.scoreboard [uvm_test_top.env.scoreboard] ERASE ADDR:0xeee70 scb_flash_data: 0xffffffff
UVM_INFO @ 5622434.9 ns: (flash_ctrl_scoreboard.sv:811) uvm_test_top.env.scoreboard [uvm_test_top.env.scoreboard] ERASE ADDR:0xeee74 scb_flash_data: 0xffffffff
UVM_INFO @ 5622434.9 ns: (flash_ctrl_scoreboard.sv:811) uvm_test_top.env.scoreboard [uvm_test_top.env.scoreboard] ERASE ADDR:0xeee78 scb_flash_data: 0xffffffff
UVM_INFO @ 5622434.9 ns: (flash_ctrl_scoreboard.sv:811) uvm_test_top.env.scoreboard [uvm_test_top.env.scoreboard] ERASE ADDR:0xeee7c scb_flash_data: 0xffffffff
UVM_INFO @ 5622434.9 ns: (flash_ctrl_scoreboard.sv:811) uvm_test_top.env.scoreboard [uvm_test_top.env.scoreboard] ERASE ADDR:0xeee80 scb_flash_data: 0xffffffff
UVM_INFO @ 5622434.9 ns: (flash_ctrl_scoreboard.sv:811) uvm_test_top.env.scoreboard [uvm_test_top.env.scoreboard] ERASE ADDR:0xeee84 scb_flash_data: 0xffffffff
UVM_INFO @ 5622434.9 ns: (flash_ctrl_scoreboard.sv:811) uvm_test_top.env.scoreboard [uvm_test_top.env.scoreboard] ERASE ADDR:0xeee88 scb_flash_data: 0xffffffff
UVM_INFO @ 5622434.9 ns: (flash_ctrl_scoreboard.sv:811) uvm_test_top.env.scoreboard [uvm_test_top.env.scoreboard] ERASE ADDR:0xeee8c scb_flash_data: 0xffffffff
UVM_INFO @ 5622434.9 ns: (flash_ctrl_scoreboard.sv:811) uvm_test_top.env.scoreboard [uvm_test_top.env.scoreboard] ERASE ADDR:0xeee90 scb_flash_data: 0xffffffff
UVM_INFO @ 5622434.9 ns: (flash_ctrl_scoreboard.sv:811) uvm_test_top.env.scoreboard [uvm_test_top.env.scoreboard] ERASE ADDR:0xeee94 scb_flash_data: 0xffffffff
UVM_INFO @ 5622434.9 ns: (flash_ctrl_scoreboard.sv:811) uvm_test_top.env.scoreboard [uvm_test_top.env.scoreboard] ERASE ADDR:0xeee98 scb_flash_data: 0xffffffff
UVM_INFO @ 5622434.9 ns: (flash_ctrl_scoreboard.sv:811) uvm_test_top.env.scoreboard [uvm_test_top.env.scoreboard] ERASE ADDR:0xeee9c scb_flash_data: 0xffffffff
UVM_INFO @ 5622434.9 ns: (flash_ctrl_scoreboard.sv:811) uvm_test_top.env.scoreboard [uvm_test_top.env.scoreboard] ERASE ADDR:0xeeea0 scb_flash_data: 0xffffffff
UVM_INFO @ 5622434.9 ns: (flash_ctrl_scoreboard.sv:811) uvm_test_top.env.scoreboard [uvm_test_top.env.scoreboard] ERASE ADDR:0xeeea4 scb_flash_data: 0xffffffff
UVM_INFO @ 5622434.9 ns: (flash_ctrl_scoreboard.sv:811) uvm_test_top.env.scoreboard [uvm_test_top.env.scoreboard] ERASE ADDR:0xeeea8 scb_flash_data: 0xffffffff
UVM_INFO @ 5622434.9 ns: (flash_ctrl_scoreboard.sv:811) uvm_test_top.env.scoreboard [uvm_test_top.env.scoreboard] ERASE ADDR:0xeeeac scb_flash_data: 0xffffffff
UVM_INFO @ 5622434.9 ns: (flash_ctrl_scoreboard.sv:811) uvm_test_top.env.scoreboard [uvm_test_top.env.scoreboard] ERASE ADDR:0xeeeb0 scb_flash_data: 0xffffffff
UVM_INFO @ 5622434.9 ns: (flash_ctrl_scoreboard.sv:811) uvm_test_top.env.scoreboard [uvm_test_top.env.scoreboard] ERASE ADDR:0xeeeb4 scb_flash_data: 0xffffffff
UVM_INFO @ 5622434.9 ns: (flash_ctrl_scoreboard.sv:811) uvm_test_top.env.scoreboard [uvm_test_top.env.scoreboard] ERASE ADDR:0xeeeb8 scb_flash_data: 0xffffffff
UVM_INFO @ 5622434.9 ns: (flash_ctrl_scoreboard.sv:811) uvm_test_top.env.scoreboard [uvm_test_top.env.scoreboard] ERASE ADDR:0xeeebc scb_flash_data: 0xffffffff
UVM_INFO @ 5622434.9 ns: (flash_ctrl_scoreboard.sv:811) uvm_test_top.env.scoreboard [uvm_test_top.env.scoreboard] ERASE ADDR:0xeeec0 scb_flash_data: 0xffffffff
UVM_INFO @ 5622434.9 ns: (flash_ctrl_scoreboard.sv:811) uvm_test_top.env.scoreboard [uvm_test_top.env.scoreboard] ERASE ADDR:0xeeec4 scb_flash_data: 0xffffffff
UVM_INFO @ 5622434.9 ns: (flash_ctrl_scoreboard.sv:811) uvm_test_top.env.scoreboard [uvm_test_top.env.scoreboard] ERASE ADDR:0xeeec8 scb_flash_data: 0xffffffff
UVM_INFO @ 5622434.9 ns: (flash_ctrl_scoreboard.sv:811) uvm_test_top.env.scoreboard [uvm_test_top.env.scoreboard] ERASE ADDR:0xeeecc scb_flash_data: 0xffffffff
UVM_INFO @ 5622434.9 ns: (flash_ctrl_scoreboard.sv:811) uvm_test_top.env.scoreboard [uvm_test_top.env.scoreboard] ERASE ADDR:0xeeed0 scb_flash_data: 0xffffffff
UVM_INFO @ 5622434.9 ns: (flash_ctrl_scoreboard.sv:811) uvm_test_top.env.scoreboard [uvm_test_top.env.scoreboard] ERASE ADDR:0xeeed4 scb_flash_data: 0xffffffff
UVM_INFO @ 5622434.9 ns: (flash_ctrl_scoreboard.sv:811) uvm_test_top.env.scoreboard [uvm_test_top.env.scoreboard] ERASE ADDR:0xeeed8 scb_flash_data: 0xffffffff
UVM_INFO @ 5622434.9 ns: (flash_ctrl_scoreboard.sv:811) uvm_test_top.env.scoreboard [uvm_test_top.env.scoreboard] ERASE ADDR:0xeeedc scb_flash_data: 0xffffffff
UVM_INFO @ 5622434.9 ns: (flash_ctrl_scoreboard.sv:811) uvm_test_top.env.scoreboard [uvm_test_top.env.scoreboard] ERASE ADDR:0xeeee0 scb_flash_data: 0xffffffff
UVM_INFO @ 5622434.9 ns: (flash_ctrl_scoreboard.sv:811) uvm_test_top.env.scoreboard [uvm_test_top.env.scoreboard] ERASE ADDR:0xeeee4 scb_flash_data: 0xffffffff
UVM_INFO @ 5622434.9 ns: (flash_ctrl_scoreboard.sv:811) uvm_test_top.env.scoreboard [uvm_test_top.env.scoreboard] ERASE ADDR:0xeeee8 scb_flash_data: 0xffffffff
UVM_INFO @ 5622434.9 ns: (flash_ctrl_scoreboard.sv:811) uvm_test_top.env.scoreboard [uvm_test_top.env.scoreboard] ERASE ADDR:0xeeeec scb_flash_data: 0xffffffff
UVM_INFO @ 5622434.9 ns: (flash_ctrl_scoreboard.sv:811) uvm_test_top.env.scoreboard [uvm_test_top.env.scoreboard] ERASE ADDR:0xeeef0 scb_flash_data: 0xffffffff
UVM_INFO @ 5622434.9 ns: (flash_ctrl_scoreboard.sv:811) uvm_test_top.env.scoreboard [uvm_test_top.env.scoreboard] ERASE ADDR:0xeeef4 scb_flash_data: 0xffffffff
UVM_INFO @ 5622434.9 ns: (flash_ctrl_scoreboard.sv:811) uvm_test_top.env.scoreboard [uvm_test_top.env.scoreboard] ERASE ADDR:0xeeef8 scb_flash_data: 0xffffffff
UVM_INFO @ 5622434.9 ns: (flash_ctrl_scoreboard.sv:811) uvm_test_top.env.scoreboard [uvm_test_top.env.scoreboard] ERASE ADDR:0xeeefc scb_flash_data: 0xffffffff
UVM_INFO @ 5622434.9 ns: (flash_ctrl_scoreboard.sv:811) uvm_test_top.env.scoreboard [uvm_test_top.env.scoreboard] ERASE ADDR:0xeef00 scb_flash_data: 0xffffffff
UVM_INFO @ 5622434.9 ns: (flash_ctrl_scoreboard.sv:811) uvm_test_top.env.scoreboard [uvm_test_top.env.scoreboard] ERASE ADDR:0xeef04 scb_flash_data: 0xffffffff
UVM_INFO @ 5622434.9 ns: (flash_ctrl_scoreboard.sv:811) uvm_test_top.env.scoreboard [uvm_test_top.env.scoreboard] ERASE ADDR:0xeef08 scb_flash_data: 0xffffffff
UVM_INFO @ 5622434.9 ns: (flash_ctrl_scoreboard.sv:811) uvm_test_top.env.scoreboard [uvm_test_top.env.scoreboard] ERASE ADDR:0xeef0c scb_flash_data: 0xffffffff
UVM_INFO @ 5622434.9 ns: (flash_ctrl_scoreboard.sv:811) uvm_test_top.env.scoreboard [uvm_test_top.env.scoreboard] ERASE ADDR:0xeef10 scb_flash_data: 0xffffffff
UVM_INFO @ 5622434.9 ns: (flash_ctrl_scoreboard.sv:811) uvm_test_top.env.scoreboard [uvm_test_top.env.scoreboard] ERASE ADDR:0xeef14 scb_flash_data: 0xffffffff
UVM_INFO @ 5622434.9 ns: (flash_ctrl_scoreboard.sv:811) uvm_test_top.env.scoreboard [uvm_test_top.env.scoreboard] ERASE ADDR:0xeef18 scb_flash_data: 0xffffffff
UVM_INFO @ 5622434.9 ns: (flash_ctrl_scoreboard.sv:811) uvm_test_top.env.scoreboard [uvm_test_top.env.scoreboard] ERASE ADDR:0xeef1c scb_flash_data: 0xffffffff
UVM_INFO @ 5622434.9 ns: (flash_ctrl_scoreboard.sv:811) uvm_test_top.env.scoreboard [uvm_test_top.env.scoreboard] ERASE ADDR:0xeef20 scb_flash_data: 0xffffffff
UVM_INFO @ 5622434.9 ns: (flash_ctrl_scoreboard.sv:811) uvm_test_top.env.scoreboard [uvm_test_top.env.scoreboard] ERASE ADDR:0xeef24 scb_flash_data: 0xffffffff
UVM_INFO @ 5622434.9 ns: (flash_ctrl_scoreboard.sv:811) uvm_test_top.env.scoreboard [uvm_test_top.env.scoreboard] ERASE ADDR:0xeef28 scb_flash_data: 0xffffffff
UVM_INFO @ 5622434.9 ns: (flash_ctrl_scoreboard.sv:811) uvm_test_top.env.scoreboard [uvm_test_top.env.scoreboard] ERASE ADDR:0xeef2c scb_flash_data: 0xffffffff
UVM_INFO @ 5622434.9 ns: (flash_ctrl_scoreboard.sv:811) uvm_test_top.env.scoreboard [uvm_test_top.env.scoreboard] ERASE ADDR:0xeef30 scb_flash_data: 0xffffffff
UVM_INFO @ 5622434.9 ns: (flash_ctrl_scoreboard.sv:811) uvm_test_top.env.scoreboard [uvm_test_top.env.scoreboard] ERASE ADDR:0xeef34 scb_flash_data: 0xffffffff
UVM_INFO @ 5622434.9 ns: (flash_ctrl_scoreboard.sv:811) uvm_test_top.env.scoreboard [uvm_test_top.env.scoreboard] ERASE ADDR:0xeef38 scb_flash_data: 0xffffffff
UVM_INFO @ 5622434.9 ns: (flash_ctrl_scoreboard.sv:811) uvm_test_top.env.scoreboard [uvm_test_top.env.scoreboard] ERASE ADDR:0xeef3c scb_flash_data: 0xffffffff
UVM_INFO @ 5622434.9 ns: (flash_ctrl_scoreboard.sv:811) uvm_test_top.env.scoreboard [uvm_test_top.env.scoreboard] ERASE ADDR:0xeef40 scb_flash_data: 0xffffffff
UVM_INFO @ 5622434.9 ns: (flash_ctrl_scoreboard.sv:811) uvm_test_top.env.scoreboard [uvm_test_top.env.scoreboard] ERASE ADDR:0xeef44 scb_flash_data: 0xffffffff
UVM_INFO @ 5622434.9 ns: (flash_ctrl_scoreboard.sv:811) uvm_test_top.env.scoreboard [uvm_test_top.env.scoreboard] ERASE ADDR:0xeef48 scb_flash_data: 0xffffffff
UVM_INFO @ 5622434.9 ns: (flash_ctrl_scoreboard.sv:811) uvm_test_top.env.scoreboard [uvm_test_top.env.scoreboard] ERASE ADDR:0xeef4c scb_flash_data: 0xffffffff
UVM_INFO @ 5622434.9 ns: (flash_ctrl_scoreboard.sv:811) uvm_test_top.env.scoreboard [uvm_test_top.env.scoreboard] ERASE ADDR:0xeef50 scb_flash_data: 0xffffffff
UVM_INFO @ 5622434.9 ns: (flash_ctrl_scoreboard.sv:811) uvm_test_top.env.scoreboard [uvm_test_top.env.scoreboard] ERASE ADDR:0xeef54 scb_flash_data: 0xffffffff
UVM_INFO @ 5622434.9 ns: (flash_ctrl_scoreboard.sv:811) uvm_test_top.env.scoreboard [uvm_test_top.env.scoreboard] ERASE ADDR:0xeef58 scb_flash_data: 0xffffffff
UVM_INFO @ 5622434.9 ns: (flash_ctrl_scoreboard.sv:811) uvm_test_top.env.scoreboard [uvm_test_top.env.scoreboard] ERASE ADDR:0xeef5c scb_flash_data: 0xffffffff
UVM_INFO @ 5622434.9 ns: (flash_ctrl_scoreboard.sv:811) uvm_test_top.env.scoreboard [uvm_test_top.env.scoreboard] ERASE ADDR:0xeef60 scb_flash_data: 0xffffffff
UVM_INFO @ 5622434.9 ns: (flash_ctrl_scoreboard.sv:811) uvm_test_top.env.scoreboard [uvm_test_top.env.scoreboard] ERASE ADDR:0xeef64 scb_flash_data: 0xffffffff
UVM_INFO @ 5622434.9 ns: (flash_ctrl_scoreboard.sv:811) uvm_test_top.env.scoreboard [uvm_test_top.env.scoreboard] ERASE ADDR:0xeef68 scb_flash_data: 0xffffffff
UVM_INFO @ 5622434.9 ns: (flash_ctrl_scoreboard.sv:811) uvm_test_top.env.scoreboard [uvm_test_top.env.scoreboard] ERASE ADDR:0xeef6c scb_flash_data: 0xffffffff
UVM_INFO @ 5622434.9 ns: (flash_ctrl_scoreboard.sv:811) uvm_test_top.env.scoreboard [uvm_test_top.env.scoreboard] ERASE ADDR:0xeef70 scb_flash_data: 0xffffffff
UVM_INFO @ 5622434.9 ns: (flash_ctrl_scoreboard.sv:811) uvm_test_top.env.scoreboard [uvm_test_top.env.scoreboard] ERASE ADDR:0xeef74 scb_flash_data: 0xffffffff
UVM_INFO @ 5622434.9 ns: (flash_ctrl_scoreboard.sv:811) uvm_test_top.env.scoreboard [uvm_test_top.env.scoreboard] ERASE ADDR:0xeef78 scb_flash_data: 0xffffffff
UVM_INFO @ 5622434.9 ns: (flash_ctrl_scoreboard.sv:811) uvm_test_top.env.scoreboard [uvm_test_top.env.scoreboard] ERASE ADDR:0xeef7c scb_flash_data: 0xffffffff
UVM_INFO @ 5622434.9 ns: (flash_ctrl_scoreboard.sv:811) uvm_test_top.env.scoreboard [uvm_test_top.env.scoreboard] ERASE ADDR:0xeef80 scb_flash_data: 0xffffffff
UVM_INFO @ 5622434.9 ns: (flash_ctrl_scoreboard.sv:811) uvm_test_top.env.scoreboard [uvm_test_top.env.scoreboard] ERASE ADDR:0xeef84 scb_flash_data: 0xffffffff
UVM_INFO @ 5622434.9 ns: (flash_ctrl_scoreboard.sv:811) uvm_test_top.env.scoreboard [uvm_test_top.env.scoreboard] ERASE ADDR:0xeef88 scb_flash_data: 0xffffffff
UVM_INFO @ 5622434.9 ns: (flash_ctrl_scoreboard.sv:811) uvm_test_top.env.scoreboard [uvm_test_top.env.scoreboard] ERASE ADDR:0xeef8c scb_flash_data: 0xffffffff
UVM_INFO @ 5622434.9 ns: (flash_ctrl_scoreboard.sv:811) uvm_test_top.env.scoreboard [uvm_test_top.env.scoreboard] ERASE ADDR:0xeef90 scb_flash_data: 0xffffffff
UVM_INFO @ 5622434.9 ns: (flash_ctrl_scoreboard.sv:811) uvm_test_top.env.scoreboard [uvm_test_top.env.scoreboard] ERASE ADDR:0xeef94 scb_flash_data: 0xffffffff
UVM_INFO @ 5622434.9 ns: (flash_ctrl_scoreboard.sv:811) uvm_test_top.env.scoreboard [uvm_test_top.env.scoreboard] ERASE ADDR:0xeef98 scb_flash_data: 0xffffffff
UVM_INFO @ 5622434.9 ns: (flash_ctrl_scoreboard.sv:811) uvm_test_top.env.scoreboard [uvm_test_top.env.scoreboard] ERASE ADDR:0xeef9c scb_flash_data: 0xffffffff
UVM_INFO @ 5622434.9 ns: (flash_ctrl_scoreboard.sv:811) uvm_test_top.env.scoreboard [uvm_test_top.env.scoreboard] ERASE ADDR:0xeefa0 scb_flash_data: 0xffffffff
UVM_INFO @ 5622434.9 ns: (flash_ctrl_scoreboard.sv:811) uvm_test_top.env.scoreboard [uvm_test_top.env.scoreboard] ERASE ADDR:0xeefa4 scb_flash_data: 0xffffffff
UVM_INFO @ 5622434.9 ns: (flash_ctrl_scoreboard.sv:811) uvm_test_top.env.scoreboard [uvm_test_top.env.scoreboard] ERASE ADDR:0xeefa8 scb_flash_data: 0xffffffff
UVM_INFO @ 5622434.9 ns: (flash_ctrl_scoreboard.sv:811) uvm_test_top.env.scoreboard [uvm_test_top.env.scoreboard] ERASE ADDR:0xeefac scb_flash_data: 0xffffffff
UVM_INFO @ 5622434.9 ns: (flash_ctrl_scoreboard.sv:811) uvm_test_top.env.scoreboard [uvm_test_top.env.scoreboard] ERASE ADDR:0xeefb0 scb_flash_data: 0xffffffff
UVM_INFO @ 5622434.9 ns: (flash_ctrl_scoreboard.sv:811) uvm_test_top.env.scoreboard [uvm_test_top.env.scoreboard] ERASE ADDR:0xeefb4 scb_flash_data: 0xffffffff
UVM_INFO @ 5622434.9 ns: (flash_ctrl_scoreboard.sv:811) uvm_test_top.env.scoreboard [uvm_test_top.env.scoreboard] ERASE ADDR:0xeefb8 scb_flash_data: 0xffffffff
UVM_INFO @ 5622434.9 ns: (flash_ctrl_scoreboard.sv:811) uvm_test_top.env.scoreboard [uvm_test_top.env.scoreboard] ERASE ADDR:0xeefbc scb_flash_data: 0xffffffff
UVM_INFO @ 5622434.9 ns: (flash_ctrl_scoreboard.sv:811) uvm_test_top.env.scoreboard [uvm_test_top.env.scoreboard] ERASE ADDR:0xeefc0 scb_flash_data: 0xffffffff
UVM_INFO @ 5622434.9 ns: (flash_ctrl_scoreboard.sv:811) uvm_test_top.env.scoreboard [uvm_test_top.env.scoreboard] ERASE ADDR:0xeefc4 scb_flash_data: 0xffffffff
UVM_INFO @ 5622434.9 ns: (flash_ctrl_scoreboard.sv:811) uvm_test_top.env.scoreboard [uvm_test_top.env.scoreboard] ERASE ADDR:0xeefc8 scb_flash_data: 0xffffffff
UVM_INFO @ 5622434.9 ns: (flash_ctrl_scoreboard.sv:811) uvm_test_top.env.scoreboard [uvm_test_top.env.scoreboard] ERASE ADDR:0xeefcc scb_flash_data: 0xffffffff
UVM_INFO @ 5622434.9 ns: (flash_ctrl_scoreboard.sv:811) uvm_test_top.env.scoreboard [uvm_test_top.env.scoreboard] ERASE ADDR:0xeefd0 scb_flash_data: 0xffffffff
UVM_INFO @ 5622434.9 ns: (flash_ctrl_scoreboard.sv:811) uvm_test_top.env.scoreboard [uvm_test_top.env.scoreboard] ERASE ADDR:0xeefd4 scb_flash_data: 0xffffffff
UVM_INFO @ 5622434.9 ns: (flash_ctrl_scoreboard.sv:811) uvm_test_top.env.scoreboard [uvm_test_top.env.scoreboard] ERASE ADDR:0xeefd8 scb_flash_data: 0xffffffff
UVM_INFO @ 5622434.9 ns: (flash_ctrl_scoreboard.sv:811) uvm_test_top.env.scoreboard [uvm_test_top.env.scoreboard] ERASE ADDR:0xeefdc scb_flash_data: 0xffffffff
UVM_INFO @ 5622434.9 ns: (flash_ctrl_scoreboard.sv:811) uvm_test_top.env.scoreboard [uvm_test_top.env.scoreboard] ERASE ADDR:0xeefe0 scb_flash_data: 0xffffffff
UVM_INFO @ 5622434.9 ns: (flash_ctrl_scoreboard.sv:811) uvm_test_top.env.scoreboard [uvm_test_top.env.scoreboard] ERASE ADDR:0xeefe4 scb_flash_data: 0xffffffff
UVM_INFO @ 5622434.9 ns: (flash_ctrl_scoreboard.sv:811) uvm_test_top.env.scoreboard [uvm_test_top.env.scoreboard] ERASE ADDR:0xeefe8 scb_flash_data: 0xffffffff
UVM_INFO @ 5622434.9 ns: (flash_ctrl_scoreboard.sv:811) uvm_test_top.env.scoreboard [uvm_test_top.env.scoreboard] ERASE ADDR:0xeefec scb_flash_data: 0xffffffff
UVM_INFO @ 5622434.9 ns: (flash_ctrl_scoreboard.sv:811) uvm_test_top.env.scoreboard [uvm_test_top.env.scoreboard] ERASE ADDR:0xeeff0 scb_flash_data: 0xffffffff
UVM_INFO @ 5622434.9 ns: (flash_ctrl_scoreboard.sv:811) uvm_test_top.env.scoreboard [uvm_test_top.env.scoreboard] ERASE ADDR:0xeeff4 scb_flash_data: 0xffffffff
UVM_INFO @ 5622434.9 ns: (flash_ctrl_scoreboard.sv:811) uvm_test_top.env.scoreboard [uvm_test_top.env.scoreboard] ERASE ADDR:0xeeff8 scb_flash_data: 0xffffffff
UVM_INFO @ 5622434.9 ns: (flash_ctrl_scoreboard.sv:811) uvm_test_top.env.scoreboard [uvm_test_top.env.scoreboard] ERASE ADDR:0xeeffc scb_flash_data: 0xffffffff
