Running compiler/VVP tests for Icarus Verilog version: 13.
----------------------------------------------------------------------------
                                                                   always_comb: Passed.
                                                              always_comb_fail: Passed - CE.
                                                             always_comb_fail3: Passed - CE.
                                                             always_comb_fail4: Passed - CE.
                                                           always_comb_no_sens: Passed.
                                                             always_comb_rfunc: Passed.
                                                              always_comb_trig: Passed.
                                                         always_comb_void_func: Passed.
                                                              always_comb_warn: Passed.
                                                                     always_ff: Passed.
                                                                always_ff_fail: Passed - CE.
                                                               always_ff_fail2: Passed - CE.
                                                               always_ff_fail3: Passed - CE.
                                                               always_ff_fail4: Passed - CE.
                                                             always_ff_no_sens: Passed - CE.
                                                   synth_modern_process_reject: Passed - CE.
                                    synth_branch_disjoint_partial_latch_reject: Passed - CE.
                                               synth_noop_partial_latch_reject: Passed - CE.
                                synth_overlapping_conditional_packed_processes: Passed - CE.
                                            synth_overlapping_packed_processes: Passed - CE.
                                                    synth_partial_latch_reject: Passed - CE.
                                              synth_packed_loop_overlap_reject: Passed - CE.
                                         synth_sequential_partial_latch_reject: Passed - CE.
                                           synth_variable_partial_latch_reject: Passed - CE.
                                        synth_variable_full_width_latch_reject: Passed - CE.
                                                                always_ff_warn: Passed.
                                                           always_ff_warn_sens: Passed.
                                                                  always_latch: Passed.
                                                             always_latch_fail: Passed - CE.
                                                            always_latch_fail3: Passed - CE.
                                                            always_latch_fail4: Passed - CE.
                                                          always_latch_no_sens: Passed - CE.
                                                             always_latch_trig: Passed.
                                                             always_latch_warn: Passed.
                                                                    array_size: Passed.
                                                                  array_string: Passed.
                                                       array_unpacked_sysfunct: Passed.
                                                                  array_packed: Passed.
                                                          assign_op_after_cmp1: Passed.
                                                          assign_op_after_cmp2: Passed.
                                                          assign_op_after_cmp3: Passed.
                                                              assign_op_concat: Passed.
                                                                 assign_op_oob: Passed.
                                                          assign_op_real_array: Passed.
                                                      assign_op_real_array_oob: Passed.
                                                                assign_op_type: Passed.
                                                             automatic_error14: Passed - CE.
                                                             automatic_error15: Passed - CE.
                                                             automatic_error16: Passed - CE.
                                                             automatic_error17: Passed - CE.
                                                             automatic_error18: Passed - CE.
                                                                         bitp1: Passed.
                                                                          bits: Passed.
                                                                         bits2: Passed.
                                                                         bits3: Passed.
                                                                         br884: Passed.
                                                                        br917a: Passed.
                                                                        br917b: Passed.
                                                                        br917c: Passed.
                                                                        br917d: Passed.
                                                                         br921: Passed.
                                                                        br932a: Passed.
                                                                        br932b: Passed.
                                                                         br936: Passed.
                                                                         br956: Passed.
                                                                         br959: Passed.
                                                                         br962: Passed.
                                                                         br963: Passed.
                                                                         br973: Passed.
                                                                        br974a: Passed.
                                                                        br974b: Passed.
                                                                        br974c: Passed.
                                                                         br975: Passed - CE.
                                                                         br979: Passed.
                                                                        br991b: Passed - CE.
                                                                       br1003a: Passed.
                                                                       br1003b: Passed.
                                                                       br1003c: Passed.
                                                                       br1003d: Passed.
                                                                        br1004: Passed.
                                                                        br1005: Passed.
                                                                        br1025: Passed.
                                                                       br1027b: Passed.
                                                                       br1027d: Passed.
                                                                       br1027f: Passed.
                                                                        br_gh4: Passed.
                                                                       br_gh4a: Passed.
                                                                      br_gh72a: Passed.
                                                                      br_gh72b: Passed.
                                                                 br_gh72b_fail: Passed - CE.
                                                                     br_gh104a: Passed.
                                                                     br_gh104b: Passed.
                                                                     br_gh105a: Passed.
                                                                     br_gh105b: Passed.
                                                                     br_gh112a: Passed.
                                                                     br_gh112b: Passed.
                                                                     br_gh112c: Passed.
                                                                     br_gh112d: Passed.
                                                                     br_gh112e: Passed.
                                                                     br_gh112f: Passed.
                                                                      br_gh129: Passed.
                                                                     br_gh130a: Passed - CE.
                                                                     br_gh130b: Passed.
                                                                      br_gh165: Passed.
                                                                     br_gh164a: Passed.
                                                                     br_gh164b: Passed.
                                                                     br_gh164c: Passed.
                                                                     br_gh164d: Passed.
                                                                     br_gh164e: Passed.
                                                                     br_gh167a: Passed.
                                                                     br_gh167b: Passed.
                                                                     br_gh177a: Passed.
                                                                     br_gh177b: Passed.
                                                                br_gh191_break: Passed.
                                                             br_gh191_continue: Passed.
                                                                      br_gh194: Passed.
                                                                      br_gh219: Passed.
                                                                      br_gh220: Passed.
                                                                      br_gh224: Passed.
                                                                      br_gh226: Passed.
                                                                      br_gh231: Passed.
                                                                      br_gh243: Passed.
                                                                      br_gh265: Passed - CE.
                                                                     br_gh277b: Passed.
                                                                      br_gh280: Passed.
                                                                      br_gh281: Passed.
                                                                     br_gh281b: Passed.
                                                                     br_gh289a: Passed.
                                                                     br_gh289b: Passed.
                                                                     br_gh289c: Passed.
                                                                     br_gh289d: Passed.
                                                                      br_gh337: Passed.
                                                                      br_gh361: Passed.
                                                                      br_gh365: Passed.
                                                                      br_gh366: Passed.
                                                                      br_gh368: Passed.
                                                                      br_gh374: Passed.
                                                                     br_gh386a: Passed.
                                                                     br_gh386b: Passed.
                                                                     br_gh386c: Passed - CE.
                                                                     br_gh386d: Passed.
                                                                      br_gh388: Passed.
                                                                      br_gh391: Passed.
                                                                      br_gh411: Passed.
                                                                      br_gh418: Passed.
                                                                      br_gh433: Passed.
                                                                      br_gh437: Passed.
                                                                      br_gh443: Passed.
                                                                      br_gh445: Passed.
                                                                      br_gh461: Passed.
                                                                      br_gh477: Passed.
                                                                      br_gh478: Passed.
                                                                      br_gh498: Passed.
                                                                     br_gh508a: Passed.
                                                                      br_gh527: Passed.
                                                                      br_gh530: Passed - CO.
                                                                      br_gh540: Passed.
                                                                      br_gh553: Passed.
                                                                      br_gh556: Passed.
                                                                      br_gh568: Passed.
                                                                     br_gh661a: Passed.
                                                                     br_gh661b: Passed.
                                                                      br_gh672: Passed.
                                                                      br_gh699: Passed - CE.
                                                                      br_gh756: Passed.
                                                                     br_gh782a: Passed.
                                                                     br_gh782b: Passed.
                                                                      br_gh800: Passed.
                                                                      br_gh801: Passed.
                                                                     br_gh801b: Passed.
                                                                     br_gh1222: Passed - CE.
                                                                    br_gh1223a: Passed.
                                                                    br_gh1223b: Passed.
                                                                    br_gh1223c: Passed.
                                                                     br_gh1230: Passed.
                                                                 br_ml20171017: Passed.
                                                                 br_ml20180227: Passed - CO.
                                                                br_ml20180309a: Passed.
                                                                br_ml20180309b: Passed.
                                                                br_ml20181012a: Passed - CE.
                                                                br_ml20181012b: Passed - CE.
                                                                br_ml20181012c: Passed - CE.
                                                                br_ml20181012d: Passed - CE.
                                                                 br_ml20191221: Passed.
                                                                 br_mw20200501: Passed.
                                                                 case_priority: Passed.
                                                                   case_unique: Passed.
                                                    sv_case_unique_multimatch1: Passed.
                                                    sv_case_exit_stack_balance: Passed.
                                                                     cast_real: Passed.
                                                         cfunc_assign_op_mixed: Passed.
                                                            cfunc_assign_op_pv: Passed.
                                                          cfunc_assign_op_real: Passed.
                                                           cfunc_assign_op_vec: Passed.
                                                                    clkgen_bit: Passed.
                                                                  clkgen_logic: Passed.
                                                                    clkgen_net: Passed.
                                                                    clkgen_reg: Passed.
                                                              disable_fork_cmd: Passed.
                                                                   display_bug: Passed.
                                                                          edge: Passed.
                                                               enum_base_atom2: Passed.
                                                          enum_base_fail_array: Passed - CE.
                                                         enum_base_fail_darray: Passed - CE.
                                                           enum_base_fail_enum: Passed - CE.
                                                          enum_base_fail_queue: Passed - CE.
                                                         enum_base_fail_range1: Passed - CE.
                                                         enum_base_fail_range2: Passed - CE.
                                                         enum_base_fail_range3: Passed - CE.
                                                          enum_base_fail_real1: Passed - CE.
                                                          enum_base_fail_real2: Passed - CE.
                                                        enum_base_fail_string1: Passed - CE.
                                                        enum_base_fail_string2: Passed - CE.
                                                         enum_base_fail_struct: Passed - CE.
                                                             enum_base_integer: Passed.
                                                                enum_base_none: Passed.
                                                               enum_base_range: Passed.
                                                              enum_base_scalar: Passed.
                                                                enum_base_time: Passed.
                                                           enum_base_typename1: Passed.
                                                           enum_base_typename2: Passed.
                                                           enum_compatibility1: Passed.
                                                           enum_compatibility2: Passed.
                                                           enum_compatibility3: Passed.
                                                           enum_compatibility4: Passed.
                                                           enum_compatibility5: Passed.
                                                           enum_compatibility6: Passed.
                                                           enum_compatibility7: Passed.
                                                           enum_compatibility8: Passed.
                                                      enum_compatibility_fail1: Passed - CE.
                                                      enum_compatibility_fail2: Passed - CE.
                                                      enum_compatibility_fail3: Passed - CE.
                                                      enum_compatibility_fail4: Passed - CE.
                                                      enum_compatibility_fail5: Passed - CE.
                                                      enum_compatibility_fail6: Passed - CE.
                                                      enum_compatibility_fail7: Passed - CE.
                                                      enum_compatibility_fail8: Passed - CE.
                                                              enum_elem_ranges: Passed.
                                                             enum_dims_invalid: Passed - CE.
                                                                enum_in_struct: Passed.
                                                                 enum_in_class: Passed.
                                                       enum_in_class_name_coll: Passed - CE.
                                                                enum_line_info: Passed - CE.
                                                           enum_method_signed1: Passed.
                                                           enum_method_signed2: Passed.
                                                           enum_method_signed3: Passed.
                                                           enum_method_signed4: Passed.
                                                                     enum_next: Passed.
                                                                    enum_order: Passed.
                                                                    enum_ports: Passed.
                                                                    enum_test1: Passed.
                                                                    enum_test2: Passed.
                                                                    enum_test3: Passed - CE.
                                                                    enum_test4: Passed.
                                                                    enum_test5: Passed - CE.
                                                                    enum_test6: Passed - CE.
                                                                    enum_test7: Passed - CE.
                                                                    enum_test8: Passed.
                                                               enum_value_expr: Passed.
                                                                   enum_values: Passed.
                                                            escaped_macro_name: Passed.
                                                               extra_semicolon: Passed.
                                                                      fileline: Passed.
                                                                     fileline2: Passed.
                                                                         final: Passed.
                                                                        final2: Passed.
                                                                first_last_num: Passed.
                                                                 fork_join_any: Passed.
                                                                 fork_join_dis: Passed.
                                                                fork_join_none: Passed.
                                               sv_class_prop_packed_member_var: Passed.
                                             sv_class_prop_struct_member_index: Passed.
                                                   sv_class_static_prop_arrays: Passed.
                                                   sv_class_static_struct_pool: Passed.
                                               sv_class_nested_ctor_provenance: Passed.
                                          sv_class_nested_ctor_provenance_2023: Passed.
                                      sv_container_method_multi_index_receiver: Passed.
                                 sv_container_method_multi_index_receiver_2023: Passed.
                                               sv_container_elem_queue_autoviv: Passed.
                                                 sv_container_whole_copy_value: Passed.
                                                            sv_fork_auto_init1: Passed.
                                                                          fr49: Passed.
                                                               func_empty_arg1: Passed.
                                                               func_empty_arg2: Passed.
                                                               func_empty_arg3: Passed.
                                                          func_empty_arg_fail1: Passed - CE.
                                                          func_empty_arg_fail2: Passed - CE.
                                                          func_empty_arg_fail3: Passed - CE.
                                                          func_empty_arg_fail4: Passed - CE.
                                                                func_init_var1: Passed.
                                                                func_init_var2: Passed.
                                                                func_init_var3: Passed.
                                                        func_void_in_expr_fail: Passed - CE.
                                                                    function10: Passed - CO.
                                                                    function11: Passed - CE.
                                                                    function12: Passed.
                                                                genvar_inc_dec: Passed.
                                                             genvar_compressed: Passed.
                                                               generate_module: Passed - CE.
                                                             generate_timeunit: Passed - CE.
                                                                     ibit_test: Passed.
                                                                    ibyte_test: Passed.
                                                                     iint_test: Passed.
                                                                 ilongint_test: Passed.
                                                                implicit_cast1: Passed.
                                                                implicit_cast2: Passed.
                                                                implicit_cast3: Passed.
                                                                implicit_cast4: Passed.
                                                                implicit_cast5: Passed.
                                                                implicit_cast6: Passed.
                                                                implicit_cast7: Passed.
                                                                implicit_cast8: Passed.
                                                                implicit_cast9: Passed.
                                                               implicit_cast10: Passed.
                                                               implicit_cast11: Passed.
                                                               implicit_cast12: Passed.
                                                               implicit_cast13: Passed.
                                                                implicit-port1: Passed.
                                                                implicit-port2: Passed - CE.
                                                                implicit-port3: Passed - CE.
                                                                implicit-port4: Passed.
                                                                implicit-port5: Passed.
                                                                implicit-port6: Passed - CE.
                                                                implicit-port7: Passed.
                                                                  inc_dec_stmt: Passed.
                                                                     int_param: Passed.
                                                                ishortint_test: Passed.
                                                                        iuint1: Passed.
                                                                        l_impl: Passed.
                                                                       l_equiv: Passed.
                                                                    l_equiv_ca: Passed.
                                                                 l_equiv_const: Passed.
                                                           localparam_implicit: Passed.
                                                          localparam_implicit2: Passed - CE.
                                                          localparam_implicit3: Passed - CE.
                                                              localparam_query: Passed.
                                                              localparam_type2: Passed.
                                                         logical_short_circuit: Passed.
                                                                         logp2: Passed.
                                                                  mod_inst_pkg: Passed.
                                                     module_nonansi_atom2_fail: Passed - CE.
                                                          module_nonansi_enum1: Passed.
                                                          module_nonansi_enum2: Passed.
                                                      module_nonansi_enum_fail: Passed - CE.
                                                           module_nonansi_int1: Passed.
                                                           module_nonansi_int2: Passed.
                                                        module_nonansi_parray1: Passed.
                                                        module_nonansi_parray2: Passed.
                                                    module_nonansi_parray_fail: Passed - CE.
                                                          module_nonansi_real1: Passed.
                                                          module_nonansi_real2: Passed.
                                                      module_nonansi_real_fail: Passed - CE.
                                                        module_nonansi_struct1: Passed.
                                                        module_nonansi_struct2: Passed.
                                                    module_nonansi_struct_fail: Passed - CE.
                                                    module_output_port_sv_var1: Passed.
                                                    module_output_port_sv_var2: Passed.
                                                    module_port_typedef_array1: Passed.
                                                    module_port_typedef_vector: Passed.
                                                                   named_begin: Passed.
                                                              named_begin_fail: Passed - CE.
                                                                    named_fork: Passed.
                                                               named_fork_fail: Passed - CE.
                                                                net_class_fail: Passed - CE.
                                                               net_darray_fail: Passed - CE.
                                                                net_queue_fail: Passed - CE.
                                                               net_string_fail: Passed - CE.
                                                       package_vec_part_select: Passed.
                                                                       packeda: Passed.
                                                                      packeda2: Passed.
                                                        parameter_in_generate2: Passed - CE.
                                                          parameter_no_default: Passed.
                                                    parameter_no_default_fail1: Passed - CE.
                                                    parameter_no_default_fail2: Passed - CE.
                                                   parameter_no_default_toplvl: Passed.
                                                   parameter_override_invalid7: Passed - CE.
                                                   parameter_override_invalid8: Passed - CE.
                                                              parameter_scalar: Passed.
                                                               parameter_type2: Passed.
                                                                   parpkg_test: Passed.
                                                                  parpkg_test2: Passed.
                                                                  parpkg_test3: Passed.
                                                                 part_sel_port: Passed.
                                                                        plus_5: Passed.
                                                                     pr3366114: Passed.
                                                                    pr3366217a: Passed - CE.
                                                                    pr3366217b: Passed - CE.
                                                                    pr3366217c: Passed - CE.
                                                                    pr3366217d: Passed - CE.
                                                                    pr3366217e: Passed.
                                                                    pr3366217f: Passed.
                                                                    pr3366217g: Passed - CE.
                                                                    pr3366217h: Passed.
                                                                    pr3366217i: Passed.
                                                                     pr3390385: Passed.
                                                                    pr3390385b: Passed.
                                                                    pr3390385c: Passed.
                                                                    pr3390385d: Passed.
                                                                     pr3462145: Passed.
                                                                     pr3515542: Passed - CE.
                                                                     pr3534333: Passed.
                                                                     pr3576165: Passed.
                                                                      program2: Passed.
                                                                      program3: Passed.
                                                                     program3b: Passed - CE.
                                                                      program4: Passed.
                                                                     program5a: Passed - CE.
                                                                     program5b: Passed - CE.
                                                                 program_hello: Passed.
                                                                program_hello2: Passed - CE.
                                                                    pv_wr_vec2: Passed.
                                                                 pv_wr_vec2_nb: Passed.
                                                              pv_wr_vec2_nb_ec: Passed.
                                                                   pv_wr_vec2a: Passed.
                                                                pv_wr_vec2a_nb: Passed.
                                                             pv_wr_vec2a_nb_ec: Passed.
                                                               recursive_func2: Passed.
                                                         recursive_func_const2: Passed.
                                                                    sbyte_test: Passed.
                                                                 scalar_vector: Passed.
                                                                  sf_countbits: Passed.
                                                                  sf_countones: Passed.
                                                                  sf_isunknown: Passed.
                                                                     sf_onehot: Passed.
                                                                    sf_onehot0: Passed.
                                                                      sformatf: Passed.
                                                                   simple_byte: Passed.
                                                                    simple_int: Passed.
                                                                simple_longint: Passed.
                                                               simple_shortint: Passed.
                                                                     sint_test: Passed.
                                                                     size_cast: Passed.
                                                                    size_cast2: Passed.
                                                                    size_cast3: Passed.
                                                                    size_cast4: Passed.
                                                                    size_cast5: Passed.
                                                               size_cast_fail1: Passed - CE.
                                                               size_cast_fail2: Passed - CE.
                                                               size_cast_fail3: Passed - CE.
                                                                 slongint_test: Passed.
                                                                sshortint_test: Passed.
                                                                 string_events: Passed.
                                                                  string_index: Passed.
                                                                       struct1: Passed.
                                                                       struct2: Passed.
                                                                       struct3: Passed.
                                                                      struct3b: Passed.
                                                                       struct4: Passed.
                                                                       struct5: Passed.
                                                                       struct6: Passed.
                                                                       struct7: Passed.
                                                                       struct8: Passed.
                                                                       struct9: Passed.
                                                                      struct10: Passed.
                                                              struct_line_info: Passed - CE.
                                                          struct_member_signed: Passed.
                                                           struct_packed_array: Passed.
                                                          struct_packed_array2: Passed.
                                                     struct_packed_darray_fail: Passed - CE.
                                                      struct_packed_member_def: Passed - CE.
                                                      struct_packed_queue_fail: Passed - CE.
                                                        struct_packed_sysfunct: Passed.
                                                       struct_packed_sysfunct2: Passed.
                                                     struct_packed_uarray_fail: Passed - CE.
                                                         struct_invalid_member: Passed - CE.
                                                                 struct_signed: Passed.
                                                                  sv-constants: Passed.
                                                                 sv_ap_parray1: Passed.
                                                                 sv_ap_parray2: Passed.
                                                                 sv_ap_parray3: Passed.
                                                                 sv_ap_parray4: Passed.
                                                            sv_ap_parray_fail1: Passed - CE.
                                                            sv_ap_parray_fail2: Passed - CE.
                                                            sv_ap_parray_fail3: Passed - CE.
                                                                 sv_ap_struct1: Passed.
                                                                 sv_ap_struct2: Passed.
                                                                 sv_ap_struct3: Passed.
                                                                 sv_ap_struct4: Passed.
                                                            sv_ap_struct_fail1: Passed - CE.
                                                            sv_ap_struct_fail2: Passed - CE.
                                                        sv_assign_pattern_cast: Passed.
                                                       sv_assign_pattern_const: Passed.
                                                      sv_assign_pattern_concat: Passed.
                                                      sv_assign_pattern_expand: Passed.
                                                        sv_assign_pattern_func: Passed.
                                                          sv_assign_pattern_op: Passed.
                                                        sv_assign_pattern_part: Passed.
                                                      sv_array_assign_pattern2: Passed.
                                                             sv_array_cassign1: Passed.
                                                             sv_array_cassign2: Passed.
                                                             sv_array_cassign3: Passed.
                                                             sv_array_cassign4: Passed.
                                                             sv_array_cassign5: Passed.
                                                        sv_array_cassign_fail1: Passed - CE.
                                                        sv_array_cassign_fail2: Passed - CE.
                                                        sv_array_cassign_fail3: Passed - CE.
                                                        sv_array_cassign_fail4: Passed - CE.
                                                        sv_array_cassign_fail5: Passed - CE.
                                                        sv_array_cassign_fail6: Passed - CE.
                                                        sv_array_cassign_fail7: Passed - CE.
                                                        sv_array_cassign_fail8: Passed - CE.
                                                        sv_array_cassign_fail9: Passed - CE.
                                                       sv_array_cassign_fail10: Passed - CE.
                                                       sv_array_cassign_fail11: Passed - CE.
                                                sv_class_fixed_array_reduction: Passed.
                                           sv_constraint_fixed_array_reduction: Passed.
                                           sv_class_fixed_array_reduction_fail: Passed - CE.
                                                            sv_array_find_last: Passed.
                                                 sv_array_find_last_assoc_fail: Passed - CE.
                                                 sv_array_find_last_fixed_base: Passed.
                                                  sv_locator_fixed_nonintegral: Passed.
                                        sv_bitstream_cast_unpacked_struct_fail: Passed - CE.
                                               sv_bitstream_cast_packed_struct: Passed.
                                                          sv_inside_queue_expr: Passed.
                                              sv_property_queue_string_charsel: Passed.
                                           sv_array_find_last_fixed_shape_fail: Passed - CE.
                                                  sv_array_find_last_type_fail: Passed - CE.
                                                  sv_array_find_last_with_fail: Passed - CE.
                                               sv_array_locator_fixed_property: Passed.
                                          sv_array_locator_fixed_property_fail: Passed - CE.
                                                     sv_array_minmax_parenless: Passed.
                                                 sv_array_minmax_residual_fail: Passed - CE.
                                                     sv_array_minmax_type_fail: Passed - CE.
                                                 sv_array_unique_argument_fail: Passed - CE.
                                                sv_array_unique_aggregate_fail: Passed - CE.
                                                 sv_array_unique_class_handles: Passed.
                                                   sv_array_unique_fixed_types: Passed.
                                               sv_array_unique_fixed_wide_fail: Passed - CE.
                                                sv_array_unique_width_boundary: Passed.
                                                    sv_array_unique_attributes: Passed.
                                                     sv_array_unique_parenless: Passed.
                                                  sv_array_unique_scalar_types: Passed.
                                                     sv_array_unique_type_fail: Passed - CE.
                                                   sv_array_unique_with_object: Passed.
                                                sv_array_unique_with_eval_once: Passed.
                                             sv_array_unique_with_scalar_types: Passed.
                                         sv_array_unique_with_object_type_fail: Passed - CE.
                                                         sv_assoc_unique_typed: Passed.
                                                    sv_assoc_unique_with_types: Passed.
                                                 sv_assoc_unique_wildcard_fail: Passed - CE.
                                           sv_assoc_unique_index_wildcard_fail: Passed - CE.
                                      sv_assoc_unique_wildcard_iter_index_fail: Passed - CE.
                                             sv_assoc_unique_object_index_fail: Passed - CE.
                                                                sv_array_query: Passed.
                                                               sv_cast_integer: Passed.
                                                              sv_cast_integer2: Passed.
                                                          sv_cast_packed_array: Passed.
                                                         sv_cast_packed_struct: Passed.
                                                                sv_cast_string: Passed.
                                                               sv_cast_typedef: Passed.
                                                                     sv_class1: Passed.
                                                                     sv_class2: Passed.
                                                                     sv_class3: Passed.
                                                                     sv_class4: Passed.
                                                                     sv_class5: Passed.
                                                                     sv_class6: Passed.
                                                                     sv_class7: Passed.
                                                                     sv_class8: Passed.
                                                                     sv_class9: Passed.
                                                                    sv_class10: Passed.
                                                                    sv_class11: Passed.
                                                                    sv_class12: Passed.
                                                                    sv_class13: Passed.
                                                                    sv_class14: Passed.
                                                                    sv_class15: Passed.
                                                                    sv_class16: Passed.
                                                                    sv_class17: Passed.
                                                                    sv_class18: Passed.
                                                                    sv_class19: Passed.
                                                                    sv_class20: Passed.
                                                                    sv_class21: Passed.
                                                                    sv_class22: Passed.
                                                                    sv_class23: Passed.
                                                                    sv_class24: Passed.
                                                  sv_class_assoc_ternary_null1: Passed.
                                            sv_class_implicit_virtual_dispatch: Passed.
                                               sv_class_prop_assoc_obj_member1: Passed.
                                                    sv_class_call_result_prop1: Passed.
                                                     sv_class_queue_last_prop1: Passed.
                                                  sv_class_recursive_new_prop1: Passed.
                                               sv_class_super_recursive_assoc1: Passed.
                                                  sv_class_prop_darray_assign1: Passed.
                                                     sv_class_prop_queue_size1: Passed.
                                           sv_class_static_assoc_string_store1: Passed.
                                                              sv_class_compat1: Passed.
                                                              sv_class_compat2: Passed.
                                                         sv_class_compat_fail1: Passed - CE.
                                                         sv_class_compat_fail2: Passed - CE.
                                                         sv_class_compat_fail3: Passed - CE.
                                                         sv_class_constructor1: Passed.
                                                     sv_class_constructor_fail: Passed - CE.
                                                           sv_class_empty_item: Passed.
                                                       sv_class_extends_scoped: Passed.
                                                           sv_class_localparam: Passed.
                                        sv_class_method_localparam_outer_param: Passed.
                                                            sv_class_new_fail1: Passed - CE.
                                                    sv_real_string_assign_fail: Passed - CE.
                                                            sv_class_new_fail2: Passed - CE.
                                                             sv_class_new_init: Passed.
                                                           sv_class_new_typed1: Passed.
                                                           sv_class_new_typed2: Passed.
                                                           sv_class_new_typed3: Passed.
                                                      sv_class_new_typed_fail1: Passed - CE.
                                                      sv_class_new_typed_fail2: Passed - CE.
                                                      sv_class_new_typed_fail3: Passed - CE.
                                                      sv_class_new_typed_fail4: Passed - CE.
                                sv_param_class_scoped_parameter_specialization: Passed.
                                              sv_class_new_typed_parameterized: Passed.
                                                sv_param_class_randomize_hooks: Passed.
                                       sv_param_class_randomize_hook_task_fail: Passed - CE.
                                                   sv_implicit_randomize_hooks: Passed.
                                          sv_implicit_randomize_hook_args_fail: Passed - CE.
                                      sv_param_class_bare_parameter_scope_fail: Passed - CE.
                                  sv_class_new_typed_parameterized_compat_fail: Passed - CE.
                                                       sv_class_in_module_decl: Passed.
                                                     sv_class_method_call_void: Passed.
                                                      sv_class_method_default1: Passed.
                                                      sv_class_method_default2: Passed.
                                                    sv_class_method_lt_static1: Passed - CE.
                                                    sv_class_method_lt_static2: Passed - CE.
                                                       sv_class_method_signed1: Passed.
                                                       sv_class_method_signed2: Passed.
                                                      sv_class_method_var_init: Passed.
                                                  sv_class_method_auto_return1: Passed.
                                                         sv_class_prop_shadow1: Passed.
                                                         sv_class_prop_shadow2: Passed.
                                                     sv_class_property_signed1: Passed.
                                                     sv_class_property_signed2: Passed.
                                                     sv_class_property_signed3: Passed.
                                                     sv_class_property_signed4: Passed.
                                                               sv_class_return: Passed.
                                                         sv_class_static_prop1: Passed.
                                                         sv_class_static_prop2: Passed.
                                                         sv_class_static_prop3: Passed.
                                                         sv_class_static_prop4: Passed.
                                                               sv_class_super1: Passed.
                                                               sv_class_super2: Passed.
                                                               sv_class_super3: Passed.
                                                               sv_class_super4: Passed.
                                                               sv_class_super5: Passed.
                                                               sv_class_super6: Passed.
                                                                sv_class_task1: Passed.
                                                        sv_class_virt_new_fail: Passed - CE.
                                                                    sv_darray1: Passed.
                                                                    sv_darray2: Passed.
                                                                    sv_darray3: Passed.
                                                                    sv_darray4: Passed.
                                                                    sv_darray5: Passed.
                                                                   sv_darray5b: Passed.
                                                                    sv_darray6: Passed.
                                                                    sv_darray7: Passed.
                                                               sv_darray_args1: Passed.
                                                               sv_darray_args2: Passed.
                                                              sv_darray_args2b: Passed.
                                                               sv_darray_args3: Passed.
                                                               sv_darray_args4: Passed.
                                                             sv_darray_assign1: Passed.
                                                             sv_darray_assign2: Passed.
                                                        sv_darray_assign_fail1: Passed - CE.
                                                        sv_darray_assign_fail2: Passed - CE.
                                                        sv_darray_assign_fail3: Passed - CE.
                                                        sv_darray_assign_fail4: Passed - CE.
                                                        sv_darray_assign_fail5: Passed - CE.
                                                        sv_darray_assign_fail6: Passed - CE.
                                                         sv_darray_copy_empty1: Passed.
                                                         sv_darray_copy_empty2: Passed.
                                                         sv_darray_copy_empty3: Passed.
                                                         sv_darray_copy_empty4: Passed.
                                                         sv_darray_decl_assign: Passed.
                                                            sv_darray_function: Passed.
                                                    sv_darray_new_default_fill: Passed.
                                            sv_darray_new_default_runtime_size: Passed.
                                               sv_darray_new_default_type_fail: Passed - CE.
                                                            sv_darray_oob_real: Passed.
                                                          sv_darray_oob_string: Passed.
                                                            sv_darray_oob_vec2: Passed.
                                                            sv_darray_oob_vec4: Passed.
                                                              sv_darray_signed: Passed.
                                                           sv_darray_word_size: Passed.
                                                           sv_deferred_assert1: Passed.
                                                           sv_deferred_assert2: Passed.
                                                           sv_deferred_assume1: Passed.
                                                           sv_deferred_assume2: Passed.
                                                                  sv_end_label: Passed.
                                                             sv_end_label_fail: Passed - CE.
                                                                 sv_end_labels: Passed.
                                                             sv_end_labels_bad: Passed - CE.
                                                         sv_end_labels_unnamed: Passed - CE.
                                                                      sv_enum1: Passed.
                                                                    sv_export1: Passed.
                                                                    sv_export2: Passed.
                                                                    sv_export3: Passed.
                                                                    sv_export4: Passed.
                                                                    sv_export5: Passed.
                                                                    sv_export6: Passed.
                                                               sv_export_fail1: Passed - CE.
                                                               sv_export_fail2: Passed - CE.
                                                               sv_export_fail3: Passed - CE.
                                                               sv_export_fail4: Passed - CE.
                                                               sv_export_fail5: Passed - CE.
                                                               sv_export_fail6: Passed - CE.
                                                               sv_for_variable: Passed.
                                                                   sv_foreach1: Passed.
                                                                   sv_foreach2: Passed.
                                                                   sv_foreach3: Passed.
                                                                   sv_foreach4: Passed.
                                                                   sv_foreach5: Passed.
                                                                   sv_foreach6: Passed.
                                                                   sv_foreach7: Passed.
                                                                   sv_foreach8: Passed.
                                                              sv_foreach_fail1: Passed - CE.
                                                           sv_immediate_assert: Passed.
                                                           sv_immediate_assume: Passed.
                                                     sv_immediate_cover_action: Passed.
                                                          sv_import_hier_fail1: Passed - CE.
                                                          sv_import_hier_fail2: Passed - CE.
                                                          sv_import_hier_fail3: Passed - CE.
                                                                      sv_macro: Passed.
                                                                     sv_macro2: Passed.
                                                                    sv_macro3a: Passed.
                                                                    sv_macro3b: Passed.
                                                   sv_macro_definition_context: Passed.
                                                 sv_macro_recursion_limit_fail: Passed - CE.
                                             sv_macro_unterminated_string_fail: Passed - CE.
                                               sv_nested_container_elem_member: Passed.
                                                  sv_nested_packed_field_write: Passed.
                                                            sv_new_array_error: Passed - CE.
                                                                    sv_package: Passed.
                                                                   sv_package2: Passed.
                                                                   sv_package3: Passed.
                                                                   sv_package4: Passed.
                                                                   sv_package5: Passed.
                                                      sv_package_implicit_var1: Passed - CE.
                                                      sv_package_implicit_var2: Passed - CE.
                                                    sv_packed_member_var_index: Passed.
                                                               sv_packed_port1: Passed.
                                                               sv_packed_port2: Passed.
                                                            sv_param_port_list: Passed.
                                                                  sv_pkg_class: Passed.
                                                              sv_port_default1: Passed.
                                                              sv_port_default2: Passed.
                                                              sv_port_default3: Passed.
                                                              sv_port_default4: Passed.
                                                              sv_port_default5: Passed.
                                                              sv_port_default6: Passed.
                                                              sv_port_default7: Passed.
                                                              sv_port_default8: Passed.
                                                              sv_port_default9: Passed.
                                                             sv_port_default10: Passed.
                                                             sv_port_default11: Passed.
                                                             sv_port_default12: Passed.
                                                             sv_port_default13: Passed - CE.
                                                             sv_port_default14: Passed - CE.
                                                           sv_ps_array_cassign: Passed.
                                                               sv_ps_function1: Passed.
                                                               sv_ps_function2: Passed.
                                                               sv_ps_function3: Passed.
                                                               sv_ps_function4: Passed.
                                                               sv_ps_function5: Passed.
                                                               sv_ps_function6: Passed.
                                                               sv_ps_function7: Passed.
                                                          sv_ps_function_fail1: Passed - CE.
                                                          sv_ps_function_fail2: Passed - CE.
                                                          sv_ps_function_fail3: Passed - CE.
                                                              sv_ps_hier_fail1: Passed - CE.
                                                              sv_ps_hier_fail2: Passed - CE.
                                                             sv_ps_member_sel1: Passed.
                                                             sv_ps_member_sel2: Passed.
                                                             sv_ps_member_sel3: Passed.
                                                                 sv_ps_method1: Passed.
                                                                 sv_ps_method2: Passed.
                                                                 sv_ps_method3: Passed.
                                                                 sv_ps_method4: Passed.
                                                                   sv_ps_type1: Passed.
                                                              sv_ps_type_cast1: Passed.
                                                              sv_ps_type_cast2: Passed.
                                                             sv_ps_type_class1: Passed.
                                                         sv_ps_type_class_prop: Passed.
                                                              sv_ps_type_enum1: Passed.
                                                              sv_ps_type_expr1: Passed.
                                                              sv_ps_type_expr2: Passed.
                                                            sv_ps_type_struct1: Passed.
                                                                    sv_ps_var1: Passed.
                                                                     sv_queue1: Passed.
                                                                     sv_queue2: Passed.
                                                                     sv_queue3: Passed.
                                                              sv_queue_assign1: Passed.
                                                              sv_queue_assign2: Passed.
                                                      sv_queue_concat_snapshot: Passed.
                                                     sv_queue_concat_type_fail: Passed - CE.
                                                         sv_queue_assign_fail1: Passed - CE.
                                                         sv_queue_assign_fail2: Passed - CE.
                                                         sv_queue_assign_fail3: Passed - CE.
                                                         sv_queue_assign_fail4: Passed - CE.
                                                         sv_queue_assign_fail5: Passed - CE.
                                                         sv_queue_assign_fail6: Passed - CE.
                                                          sv_queue_copy_empty1: Passed.
                                                          sv_queue_copy_empty2: Passed.
                                                            sv_queue_function1: Passed.
                                                            sv_queue_function2: Passed.
                                                             sv_queue_oob_real: Passed.
                                                           sv_queue_oob_string: Passed.
                                                             sv_queue_oob_vec2: Passed.
                                                             sv_queue_oob_vec4: Passed.
                                                               sv_queue_parray: Passed.
                                                       sv_queue_parray_bounded: Passed.
                                                          sv_queue_parray_fail: Passed - CE.
                                                                 sv_queue_real: Passed.
                                                         sv_queue_real_bounded: Passed.
                                                            sv_queue_real_fail: Passed - CE.
                                                       sv_queue_method_signed1: Passed.
                                                       sv_queue_method_signed2: Passed.
                                                       sv_queue_method_signed3: Passed.
                                                       sv_queue_method_signed4: Passed.
                                                      sv_queue_ref_persistence: Passed.
                                                  sv_queue_slice_dollar_offset: Passed.
                                                    sv_queue_slice_dollar_left: Passed.
                                               sv_queue_slice_dollar_left_2023: Passed.
                                               sv_queue_slice_dollar_left_fail: Passed - CE.
                                          sv_queue_slice_dollar_left_fail_2023: Passed - CE.
                                        sv_queue_slice_dollar_left_lvalue_fail: Passed - CE.
                                   sv_queue_slice_dollar_left_lvalue_fail_2023: Passed - CE.
                                         sv_queue_slice_nonintegral_bound_fail: Passed - CE.
                                                sv_queue_slice_variable_bounds: Passed.
                                     sv_packed_part_select_variable_bound_fail: Passed - CE.
                                                 sv_dynamic_array_slice_rvalue: Passed.
                                    sv_dynamic_array_slice_variable_bound_fail: Passed - CE.
                                               sv_associative_array_slice_fail: Passed - CE.
                                                               sv_queue_string: Passed.
                                                       sv_queue_string_bounded: Passed.
                                                          sv_queue_string_fail: Passed - CE.
                                                                  sv_queue_vec: Passed.
                                                          sv_queue_vec_bounded: Passed.
                                                             sv_queue_vec_fail: Passed - CE.
                                                                 sv_root_class: Passed.
                                                                  sv_root_func: Passed.
                                                                  sv_root_task: Passed.
                                                                 sv_sign_cast1: Passed.
                                                                 sv_sign_cast2: Passed.
                                                                 sv_sign_cast3: Passed.
                                                                    sv_string1: Passed.
                                                                    sv_string2: Passed.
                                                                    sv_string3: Passed.
                                                                    sv_string4: Passed.
                                                                    sv_string5: Passed.
                                                                    sv_string6: Passed.
                                                                    sv_string7: Passed.
                                                                   sv_string7b: Passed.
                                                                    sv_string8: Passed.
                                                                    sv_string9: Passed.
                                             sv_struct_field_container_methods: Passed.
                                                sv_struct_handle_member_access: Passed.
                                          sv_struct_member_container_elem_read: Passed.
                                                  sv_struct_member_idx_partsel: Passed.
                                                             sv_timeunit_prec1: Passed.
                                                             sv_timeunit_prec2: Passed.
                                                            sv_timeunit_prec3a: Passed.
                                                            sv_timeunit_prec3b: Passed.
                                                            sv_timeunit_prec3c: Passed.
                                                            sv_timeunit_prec3d: Passed.
                                                            sv_timeunit_prec4a: Passed.
                                                            sv_timeunit_prec4b: Passed.
                                                        sv_timeunit_prec_fail1: Passed - CE.
                                                        sv_timeunit_prec_fail2: Passed - CE.
                                                                sv_type_param1: Passed.
                                                                sv_type_param2: Passed.
                                                                sv_type_param3: Passed.
                                                                sv_type_param4: Passed.
                                                        sv_stub_type_parameter: Passed - CO.
                                                                sv_type_param5: Passed.
                                                                sv_type_param6: Passed.
                                                                sv_type_param7: Passed.
                                                           sv_type_param_fail1: Passed - CE.
                                                           sv_type_param_fail2: Passed - CE.
                                                        sv_typedef_array_base1: Passed.
                                                        sv_typedef_array_base2: Passed.
                                                        sv_typedef_array_base3: Passed.
                                                        sv_typedef_array_base4: Passed.
                                                            sv_typedef_chained: Passed.
                                                          sv_typedef_circular1: Passed - CE.
                                                          sv_typedef_circular2: Passed - CE.
                                                       sv_typedef_darray_base1: Passed.
                                                       sv_typedef_darray_base2: Passed.
                                                       sv_typedef_darray_base3: Passed.
                                                       sv_typedef_darray_base4: Passed.
                                                           sv_typedef_fwd_base: Passed.
                                                          sv_typedef_fwd_class: Passed.
                                                         sv_typedef_fwd_class2: Passed.
                                                          sv_typedef_fwd_union: Passed.
                                                     sv_typedef_fwd_union_fail: Passed - CE.
                                                          sv_typedef_fwd_enum1: Passed.
                                                          sv_typedef_fwd_enum2: Passed.
                                                          sv_typedef_fwd_enum3: Passed.
                                                      sv_typedef_fwd_enum_fail: Passed - CE.
                                                         sv_typedef_fwd_struct: Passed.
                                                    sv_typedef_fwd_struct_fail: Passed - CE.
                                                       sv_typedef_nested_array: Passed.
                                                        sv_typedef_queue_base1: Passed.
                                                        sv_typedef_queue_base2: Passed.
                                                        sv_typedef_queue_base3: Passed.
                                                        sv_typedef_queue_base4: Passed.
                                                             sv_typedef_scope1: Passed.
                                                             sv_typedef_scope2: Passed.
                                                             sv_typedef_scope3: Passed.
                                                                     sv_union1: Passed.
                                                                    sv_union1b: Passed.
                                                                     sv_union2: Passed.
                                                                    sv_union2b: Passed.
                                                                     sv_union3: Passed.
                                                                    sv_union3b: Passed.
                                                                    sv_union4b: Passed.
                                                                     sv_unit1b: Passed.
                                                                     sv_unit1c: Passed.
                                                                     sv_unit2b: Passed.
                                                                     sv_unit3b: Passed.
                                                                     sv_unit4b: Passed.
                                                              sv_unpacked_port: Passed.
                                                             sv_unpacked_port2: Passed.
                                                              sv_unpacked_wire: Passed.
                                                             sv_unpacked_wire2: Passed.
                                                                     sv_uwire1: Passed.
                                                                     sv_uwire2: Passed.
                                                                     sv_uwire3: Passed.
                                                                     sv_uwire4: Passed.
                                                                  sv_var_block: Passed.
                                                                    sv_var_for: Passed.
                                                               sv_var_for_fail: Passed - CE.
                                                               sv_var_function: Passed.
                                                                  sv_var_init1: Passed.
                                                                  sv_var_init2: Passed.
                                                                 sv_var_module: Passed.
                                                          sv_var_module_inout1: Passed - CE.
                                                          sv_var_module_inout2: Passed - CE.
                                                          sv_var_module_input1: Passed.
                                                          sv_var_module_input2: Passed.
                                                         sv_var_module_output1: Passed.
                                                         sv_var_module_output2: Passed.
                                                                sv_var_package: Passed.
                                                                   sv_var_task: Passed.
                                                                 sv_void_cast1: Passed.
                                                                 sv_void_cast2: Passed.
                                                                 sv_void_cast3: Passed.
                                                                 sv_void_cast4: Passed.
                                                            sv_void_cast_fail1: Passed - CE.
                                                            sv_void_cast_fail2: Passed - CE.
                                                            sv_void_cast_fail3: Passed - CE.
                                                    sv_void_cast_struct_method: Passed.
                                               sv_void_cast_struct_method_fail: Passed - CE.
                                                           sv_wildcard_import1: Passed.
                                                           sv_wildcard_import2: Passed.
                                                           sv_wildcard_import3: Passed.
                                                           sv_wildcard_import4: Passed - CE.
                                                           sv_wildcard_import5: Passed - CE.
                                                           sv_wildcard_import6: Passed.
                                                           sv_wildcard_import7: Passed.
                                               sv_class_member_wildcard_import: Passed.
                                          sv_class_member_wildcard_import_2023: Passed.
                                     sv_class_member_wildcard_import_ambiguous: Passed - CE.
                                sv_class_member_wildcard_import_ambiguous_2023: Passed - CE.
                               sv_class_member_wildcard_imported_function_fail: Passed - CE.
                          sv_class_member_wildcard_imported_function_fail_2023: Passed - CE.
                                                              sys_func_as_task: Passed.
                                                              task_init_assign: Passed.
                                                                task_init_var1: Passed.
                                                                task_init_var2: Passed.
                                                                task_init_var3: Passed.
                                                       task_nonansi_atom2_fail: Passed - CE.
                                                            task_nonansi_enum1: Passed.
                                                            task_nonansi_enum2: Passed.
                                                        task_nonansi_enum_fail: Passed - CE.
                                                             task_nonansi_int1: Passed.
                                                             task_nonansi_int2: Passed.
                                                          task_nonansi_parray1: Passed.
                                                          task_nonansi_parray2: Passed.
                                                      task_nonansi_parray_fail: Passed - CE.
                                                          task_nonansi_struct1: Passed.
                                                          task_nonansi_struct2: Passed.
                                                      task_nonansi_struct_fail: Passed - CE.
                                                              task_port_types1: Passed.
                                                              task_port_types2: Passed.
                                                                   task_scope2: Passed.
                                                                  test_inc_dec: Passed.
                                                                 test_tliteral: Passed.
                                                                   timeliteral: Passed.
                                                             two_state_display: Passed.
                                                                    ubyte_test: Passed.
                                                                     uint_test: Passed.
                                                                 ulongint_test: Passed.
                                                          undef_lval_select_SV: Passed.
                                                      union_packed_darray_fail: Passed - CE.
                                                       union_packed_queue_fail: Passed - CE.
                                                      union_packed_uarray_fail: Passed - CE.
                                                            sv_uarray_locator1: Passed.
                                                             unp_array_typedef: Passed.
                                                     packed_dims_invalid_class: Passed - CE.
                                                    packed_dims_invalid_module: Passed - CE.
                                                                ushortint_test: Passed.
                                                              vvp_recv_vec4_pv: Passed.
                                                                     wait_fork: Passed.
                                                 sv_wait_literal_false_suspend: Passed.
                                                                        sf1289: Passed.
                                                                wild_cmp_const: Passed.
                                                                  wild_cmp_net: Passed.
                                                                  wild_cmp_var: Passed.
                                                                  wild_cmp_err: Passed - CE.
                                                                 wild_cmp_err2: Passed - CE.
                                                                        gh161a: Passed.
                                                                        gh161b: Passed.
                                                                      pull371b: Passed.
                                                sv_class_static_queue_pop_back: Passed.
                                                    sv_class_phase_wait_sched1: Passed.
                                                    sv_auto_func_static_local1: Passed.
                                              sv_param_static_local_singleton1: Passed.
                                        sv_unpacked_struct_member_func_assign1: Passed.
                                       sv_unpacked_struct_local_member_assign1: Passed.
                                               sv_class_prop_assoc_struct_lit1: Passed.
                                            sv_queue_struct_member_slice_push1: Passed.
                                                   sv_queue_class_member_lval1: Passed.
                                                 sv_queue_class_concat_member1: Passed.
                                                     sv_uarray_struct_pattern1: Passed.
                                         sv_class_static_assoc_string_literal1: Passed.
                                                                      br_gh175: Passed.
                                                                      br_gh307: Passed.
                                                                     br_gh390a: Passed - CE.
                                                                     br_gh390b: Passed.
                                                                      br_gh412: Passed.
                                                                      br_gh414: Passed.
                                                                      br_gh436: Passed.
                                                                      br_gh451: Passed.
                                                                      br_gh453: Passed.
                                                                      br_gh460: Passed.
                                                                      issue576: Passed.
                                                                     br_gh823a: Passed - CE.
                                                                     br_gh823b: Passed - CE.
                                                                     br_gh840a: Passed - CE.
                                                                     br_gh840b: Passed - CE.
                                                                      br_gh979: Passed.
                                                               bitsel_real_idx: Passed - CE.
                                                              partsel_real_idx: Passed - CE.
                                                           ipsdownsel_real_idx: Passed - CE.
                                                             ipsupsel_real_idx: Passed - CE.
                                                                    real_edges: Passed - CE.
                                                    sv_struct_string_arg_push1: Passed.
                                             sv_queue_virtual_method_dispatch1: Passed.
                                                           sv_assoc_delete_all: Passed.
                                                         sv_assoc_obj_methods1: Passed.
                                                         sv_assoc_obj_foreach1: Passed.
                                                     sv_assoc_obj_foreach_key1: Passed.
                                                        sv_assoc_obj_key_size1: Passed.
                                                  sv_assoc_size_num_properties: Passed.
                                                    sv_assoc_obj_key_bit_copy1: Passed.
                                                      sv_assoc_obj_key_delete1: Passed.
                                                   sv_assoc_class_key_lifetime: Passed.
                                                     sv_assoc_signed_traversal: Passed.
                                                  sv_assoc_obj_graph_mutation1: Passed.
                                               sv_assoc_nested_member_foreach1: Passed.
                                                 sv_class_nested_assoc_foreach: Passed.
                                                        sv_class_event_member1: Passed.
                                                   sv_class_event_per_instance: Passed.
                                                  sv_class_static_event_shared: Passed.
                                                     sv_class_prop_assoc_find1: Passed.
                                                  sv_assoc_queue_class_select1: Passed.
                                                       sv_assoc_queue_foreach1: Passed.
                                                sv_scoped_class_static_member1: Passed.
                                                sv_assoc_static_class_foreach1: Passed.
                                                      sv_assoc_string_methods1: Passed.
                                                      sv_assoc_string_foreach1: Passed.
                                                  sv_assoc_string_foreach_key1: Passed.
                                          sv_class_assoc_ref_string_traversal1: Passed.
                                                      sv_callf_nonlocal_break1: Passed.
                                                   sv_callf_nonlocal_continue1: Passed.
                                          sv_virtual_formal_receiver_dispatch1: Passed.
                                                  sv_virtual_inherit_dispatch1: Passed.
                                           sv_virtual_if_specialized_dispatch1: Passed.
                                                  sv_virtual_task_output_copy1: Passed.
                                              sv_virtual_prop_return_dispatch1: Passed.
                                                 sv_class_ctor_state_fidelity1: Passed.
                                                    sv_class_assoc_edges_copy1: Passed.
                                                   sv_class_queue_output_copy1: Passed.
                                                        sv_class_fork_capture1: Passed.
                                                        sv_class_cast_runtime1: Passed.
                                                         sv_class_cast_return1: Passed.
                                                 sv_class_static_param_create1: Passed.
                                                 sv_assoc_typedef_foreach_key1: Passed.
                                                sv_class_auto_recursive_raise1: Passed.
                                                sv_class_auto_recursive_state1: Passed.
                                                sv_class_assoc_recursive_find1: Passed.
                                                      sv_darray_obj_duplicate1: Passed.
                                                    sv_class_prop_wait_wakeup1: Passed.
                                             sv_class_method_prop_wait_wakeup1: Passed.
                                                   sv_object_alias_rebind_wait: Passed.
                                                         sv_class_extern_task1: Passed.
                                              sv_class_extern_ctor_const_init1: Passed.
                                                   sv_nested_class_scope_stack: Passed.
                                                sv_module_scoped_class_methods: Passed.
                                                sv_pure_method_nonvirtual_fail: Passed - CE.
                                       sv_scoped_class_method_wrong_scope_fail: Passed - CE.
                                          sv_scoped_class_method_generate_fail: Passed - CE.
                                      sv_scoped_constructor_unknown_class_fail: Passed - CE.
                                                   sv_class_queue_wait_wakeup1: Passed.
                                            sv_class_static_queue_wait_wakeup1: Passed.
                                            sv_class_queue_insert_wait_wakeup1: Passed.
                                                       sv_class_packed_prop2d1: Passed.
                                                sv_class_method_receiver_copy1: Passed.
                                                    sv_class_case_wait_wakeup1: Passed.
                                                sv_class_forward_typeparam_cb1: Passed.
                                                sv_class_inherited_enum_extern: Passed.
                                           sv_class_assoc_prop_copy_isolation1: Passed.
                                                  sv_class_derived_ctor_state1: Passed.
                                                  sv_class_recursive_ctor_add1: Passed.
                                              sv_class_recursive_find_wrapper1: Passed.
                                                          sv_string_cmp_empty1: Passed.
                                                   sv_string_to_vector_assign1: Passed.
                                                  sv_class_getter_handle_wait1: Passed.
                                                     sv_mailbox_blocking_peek1: Passed.
                                                           sv_mailbox_try_int1: Passed.
                                                 sv_class_static_assoc_method1: Passed.
                                                  sv_class_function_fork_task1: Passed.
                                             sv_fork_lazy_param_typedef_return: Passed.
                                              fork_disable_detached_grandchild: Passed.
                                                       sv_array_obj_prop_store: Passed.
                                                       sv_unit_class_timescale: Passed.
                                        sv_unpacked_array_packed_struct_member: Passed.
                                                   sv_class_prop_array_pattern: Passed.
                                                    sv_uarray_func_return_fail: Passed - CE.
                                                 sv_uarray_func_return_nb_fail: Passed - CE.
                                                         sv_uarray_func_return: Passed.
                                          sv_uarray_func_return_queue_property: Passed.
                                               sv_class_prop_real_string_array: Passed.
                                                      sv_fork_call_arg_capture: Passed.
                                                  sv_this_nested_detached_fork: Passed.
                                                   sv_loop_local_detached_fork: Passed.
                                                       sv_display_p_aggregates: Passed.
                                                     sv_process_suspend_resume: Passed.
                                                sv_uarray_slice_pattern_assign: Passed.
                                                    sv_modport_visibility_fail: Passed - CE.
                                               sv_modport_read_visibility_fail: Passed - CE.
                                               sv_interface_member_sensitivity: Passed.
                                     sv_interface_member_contassign_decl_delay: Passed.
                              sv_interface_member_contassign_oob_instance_fail: Passed - CE.
                                  sv_interface_member_contassign_net_semantics: Passed.
                           sv_interface_member_contassign_function_sensitivity: Passed.
                                  sv_interface_member_contassign_timing_reject: Passed - CE.
                         sv_interface_member_uwire_contassign_multidriver_fail: Passed - CE.
                      sv_interface_member_variable_contassign_multidriver_fail: Passed - CE.
                                        sv_interface_net_contassign_resolution: Passed.
                                         synth_interface_member_dynamic_select: Passed.
                                      synth_interface_member_contassign_shapes: Passed.
                                               synth_selected_input_port_async: Passed.
                                            synth_precise_select_async_control: Passed.
                                                sv_concat_object_lvalue_shapes: Passed.
                                        sv_concat_object_lvalue_unknown_offset: Passed.
                                           sv_property_extreme_negative_offset: Passed.
                               sv_concat_object_lvalue_extreme_negative_offset: Passed.
                                                  sv_wide_lvalue_runtime_index: Passed.
                                          sv_interface_member_cast_sensitivity: Passed.
                                                      sv_vif_event_initialized: Passed.
                                                      sv_vif_null_anyedge_fail: Passed - RE.
                                                      sv_vif_null_posedge_fail: Passed - RE.
                                                      sv_vif_null_negedge_fail: Passed - RE.
                                                        sv_vif_null_multi_fail: Passed - RE.
                                                       sv_vif_null_method_fail: Passed - RE.
                                           sv_vif_null_method_no_instance_fail: Passed - RE.
                                                sv_vif_task_from_function_fail: Passed - CE.
                                                sv_vif_input_array_method_fail: Passed - CE.
                                                       sv_vif_fixed_input_task: Passed.
                                        sv_interface_member_select_sensitivity: Passed.
                                                          sv_vif_dispatch_many: Passed.
                                                     sv_vif_named_default_args: Passed.
                                                     sv_vif_default_decl_scope: Passed.
                                             sv_param_class_cached_vif_default: Passed.
                                        sv_interface_initial_event_start_order: Passed.
                                                sv_vif_nested_interface_method: Passed.
                                          sv_auto_complex_class_property_event: Passed.
                                                     sv_auto_complex_vif_event: Passed.
                                                sv_class_array_method_dispatch: Passed.
                                                    sv_typeparam_formal_member: Passed.
                                                  sv_typeparam_receiver_method: Passed.
                                             sv_typeparam_receiver_method_fail: Passed - CE.
                                                                   sv_randcase: Passed.
                                                sv_scope_randomize_unqualified: Passed.
                                                        sv_std_randomize_scope: Passed.
                                                  sv_std_randomize_with_solver: Passed.
                                                          sv_constraint_unique: Passed.
                                              sv_constraint_small_domain_probe: Passed.
                                                       sv_assoc_wildcard_index: Passed.
                                                 sv_process_status_transitions: Passed.
                                                           sv_display_p_signed: Passed.
                                            sv_array_handle_const_index_method: Passed.
                                            sv_cast_param_class_specialization: Passed.
                                                      sv_ustruct_array_element: Passed.
                                                       sv_ustruct_array_member: Passed.
                                                           sv_dyn_array_member: Passed.
                                                         sv_ustruct_value_copy: Passed.
                                              sv_ustruct_value_copy_containers: Passed.
                                                             sv_clocking_audit: Passed.
                                                        sv_clocking_skew_audit: Passed.
                                                          sv_vif_member_access: Passed.
                                                    sv_vif_array_runtime_index: Passed.
                                                             sv_unit_scope_vif: Passed.
                                                    sv_program_clocking_finish: Passed.
                                                            sv_abort_operators: Passed.
                                                       sv_property_combinators: Passed.
                                                sv_typeparm_aggregate_property: Passed.
                                                               sv_disable_soft: Passed.
                                                               sv_randsequence: Passed.
                                                  sv_randsequence_control_flow: Passed.
                                                sv_randsequence_recursive_fail: Passed - CE.
                                       sv_randsequence_nonconstant_actual_fail: Passed - CE.
                                              sv_randsequence_join_nested_fail: Passed - CE.
                                             sv_randsequence_value_return_fail: Passed - CE.
                                                           sv_param_spec_audit: Passed.
                                                     sv_nested_container_audit: Passed.
                                               sv_class_property_partial_write: Passed.
                                                sv_struct_member_partial_write: Passed.
                                                     sv_vif_struct_field_write: Passed.
                                                    sv_assoc_elem_member_write: Passed.
                                                 sv_multidim_packed_prop_write: Passed.
                                                sv_class_property_partial_read: Passed.
                                                 sv_struct_member_partial_read: Passed.
                                               sv_container_elem_read_defaults: Passed.
                                                   sv_array_word_part_compound: Passed.
                                                         sv_nba_class_property: Passed.
                                                         sv_nba_property_field: Passed.
                                                      sv_nba_property_reactive: Passed.
                                                 sv_nba_concat_property_reject: Passed - CE.
                                                       sv_nba_property_dynamic: Passed.
                                               sv_nba_vif_selected_bit_capture: Passed.
                                             sv_task_codegen_error_status_fail: Passed - CE.
                                               sv_task_codegen_error_status_ok: Passed.
                                                    sv_function_nba_persistent: Passed.
                                                sv_function_nba_automatic_fail: Passed - CE.
                                       sv_function_nba_explicit_automatic_fail: Passed - CE.
                                                    sv_function_nba_const_fail: Passed - CE.
                                                     function_nba_verilog_fail: Passed - CE.
                                        sv_class_vif_property_assignment_width: Passed.
                                                   sv_assoc_elem_partial_write: Passed.
                                                         sv_multidim_oob_write: Passed.
                                                            sv_cast_enum_check: Passed.
                                                  sv_covergroup_chained_sample: Passed.
                                                  sv_inside_property_container: Passed.
                                                sv_constraint_inside_container: Passed.
                                              sv_constraint_nonrand_queue_size: Passed.
                                                 sv_constraint_rand_queue_size: Passed.
                                           sv_constraint_darray_size_parenless: Passed.
                                         sv_constraint_darray_size_local_scope: Passed.
                                         sv_constraint_method_local_queue_size: Passed.
                                   sv_constraint_method_local_queue_size_unsat: Passed.
                                                            sv_queue_of_queues: Passed.
                                                              sv_queue_slice_p: Passed.
                                                        sv_queue_slice_to_last: Passed.
                                                  sv_class_queue_slice_to_last: Passed.
                                                       sv_assoc_queue_property: Passed.
                                                        sv_mailbox_string_real: Passed.
                                                      sv_stream_unpacked_array: Passed.
                                                sv_stream_dynamic_multi_target: Passed.
                                                sv_stream_dynamic_target_short: Passed.
                                            sv_stream_dynamic_target_type_fail: Passed - CE.
                                      sv_stream_dynamic_target_fixed_type_fail: Passed - CE.
                                    sv_stream_dynamic_target_static_short_fail: Passed - CE.
                                         sv_stream_dynamic_target_control_fail: Passed - CE.
                                 sv_stream_dynamic_target_nested_residual_fail: Passed.
                                                  sv_stream_with_svtests_exact: Passed.
                                                        sv_stream_with_runtime: Passed.
                                                 sv_stream_with_property_order: Passed.
                                                  sv_stream_with_runtime_error: Passed.
                                                   sv_stream_with_fixed_linear: Passed.
                                                    sv_stream_with_fixed_limit: Passed.
                                                 sv_stream_with_const_oob_fail: Passed - CE.
                                                       sv_stream_with_nba_fail: Passed - CE.
                                           sv_stream_with_unbounded_order_fail: Passed - CE.
                                                sv_stream_with_range_type_fail: Passed - CE.
                                             sv_stream_with_extreme_const_fail: Passed - CE.
                                                    sv_stream_with_syntax_fail: Passed - CE.
                                                              sv_checker_basic: Passed.
                                                    sv_checker_nested_instance: Passed.
                                                               sv_checker_bind: Passed.
                                                     sv_generic_interface_port: Passed.
                                                      sv_covergroup_standalone: Passed.
                                                     sv_covergroup_task_sample: Passed.
                                                     sv_covergroup_with_sample: Passed.
                                                         sv_covergroup_options: Passed.
                                                     sv_covergroup_adversarial: Passed.
                                                     sv_covergroup_class_event: Passed.
                                                       sv_covergroup_cross_iff: Passed.
                                                  sv_covergroup_cross_variable: Passed.
                                                sv_covergroup_transition_cross: Passed.
                                                     sv_struct_value_copy_args: Passed.
                                               sv_timing_check_edge_descriptor: Passed.
                                                  sv_class_array_element_index: Passed.
                                                sv_class_arrayprop_elem_select: Passed.
                                                 sv_assert_in_procedural_block: Passed.
                                      sv_immediate_assert_action_synth_warning: Passed.
                                           sv_assert_procedural_implicit_clock: Passed.
                                              sv_assert_select_preponed_sample: Passed.
                                       sv_assert_packed_member_preponed_sample: Passed.
                                      sv_assert_preponed_resolved_net_strength: Passed.
                                                 sv_assert_net_uarray_preponed: Passed.
                                             sv_clocking_itemless_static_event: Passed.
                                                sv_clocking_itemless_vif_event: Passed.
                                            sv_clocking_itemless_program_event: Passed.
                                                   sv_clocking_vif_no_t0_event: Passed.
                                       sv_vif_clocking_partial_member_preserve: Passed.
                                       sv_vif_clocking_partial_select_preserve: Passed.
                                             sv_vif_clocking_output_skew_scope: Passed.
                                          sv_clocking_static_output_skew_scope: Passed.
                                            sv_clocking_selected_output_static: Passed.
                                             sv_clocking_selected_output_alias: Passed.
                                      sv_clocking_selected_output_dynamic_fail: Passed - CE.
                                      sv_clocking_class_handle_shadow_selected: Passed.
                                          sv_clocking_vif_skew_precision_order: Passed.
                                                sv_clocking_vif_skew_type_only: Passed.
                                         sv_clocking_vif_selected_dynamic_fail: Passed - CE.
                                          sv_vif_clocking_output_complex_alias: Passed.
                                     sv_vif_clocking_output_target_select_fail: Passed - CE.
                                                sv_clocking_vif_modport_output: Passed.
                                           sv_clocking_vif_modport_input_event: Passed.
                                       sv_clocking_vif_modport_raw_member_fail: Passed - CE.
                              sv_clocking_vif_modport_unexported_clocking_fail: Passed - CE.
                                          sv_clocking_class_vif_modport_output: Passed.
                                     sv_clocking_class_vif_modport_input_event: Passed.
                                 sv_clocking_class_vif_modport_raw_member_fail: Passed - CE.
                        sv_clocking_class_vif_modport_unexported_clocking_fail: Passed - CE.
                         sv_clocking_class_vif_modport_clocking_collision_fail: Passed - CE.
                              sv_clocking_class_vif_modport_property_isolation: Passed.
                               sv_clocking_vif_modport_typedef_raw_member_fail: Passed - CE.
                       sv_clocking_class_typeparam_vif_modport_raw_member_fail: Passed - CE.
                                sv_clocking_struct_vif_modport_raw_member_fail: Passed - CE.
                                 sv_clocking_vif_numeric_input_skew_zero_order: Passed.
                                sv_clocking_vif_numeric_input_skew_delay_order: Passed.
                                         sv_clocking_concat_member_lvalue_fail: Passed - CE.
                                       sv_clocking_indexed_class_receiver_fail: Passed - CE.
                                  sv_clocking_root_indexed_class_receiver_fail: Passed - CE.
                                      sv_clocking_unpacked_output_storage_fail: Passed - CE.
                                  sv_clocking_selected_decl_assign_target_fail: Passed - CE.
                                            sv_clocking_vif_input_sys_task_arg: Passed.
                                                sv_clocking_vif_vpi_write_fail: Passed - RE.
                                      sv_clocking_nonconstant_output_skew_fail: Passed - CE.
                                   sv_clocking_output_continuous_alias_overlap: Passed - CE.
                                sv_clocking_output_continuous_declaration_only: Passed.
                                        sv_clocking_output_continuous_disjoint: Passed.
                                 sv_clocking_output_continuous_pending_overlap: Passed - CE.
                              sv_clocking_output_continuous_same_scope_overlap: Passed - CE.
                                  sv_clocking_output_continuous_static_overlap: Passed - CE.
                                 sv_clocking_output_continuous_virtual_overlap: Passed - CE.
                                 sv_assert_parameterized_unpacked_array_sample: Passed.
                                            sv_assert_multiclock_cover_disable: Passed.
                                            sv_assert_multiclock_action_blocks: Passed.
                                               sv_assert_multiclock_clock_flow: Passed.
                                             sv_assert_multiclock_multiplicity: Passed.
                                              sv_assert_multiclock_nested_flow: Passed.
                                           sv_assert_multiclock_sampled_values: Passed.
                                                   sv_assert_multiclock_varlen: Passed.
                                            sv_assert_wildcard_parameter_delay: Passed.
                                                  sv_assert_genvar_cycle_delay: Passed.
                                              sv_assert_struct_parameter_delay: Passed.
                                     sv_assert_unpacked_struct_parameter_delay: Passed.
                                          sv_assert_struct_variable_delay_fail: Passed - CE.
                                       sv_assert_named_parameter_repeat_window: Passed.
                                         sv_assert_parameter_window_fixed_tree: Passed.
                                              sv_assert_repeat_parameter_smoke: Passed.
                                           sv_assert_repeat_parameter_override: Passed.
                                    sv_assert_disable_iff_nba_parameter_repeat: Passed.
                                  sv_assert_disable_iff_async_parameter_repeat: Passed.
                                             sv_assert_repeat_parameter_direct: Passed.
                                                    sv_task_localparam_untyped: Passed.
                                           sv_based_literal_leading_underscore: Passed.
                                                         sv_covergroup_bin_iff: Passed.
                                               sv_covergroup_constructor_scope: Passed.
                                                 sv_covergroup_ctor_bin_ranges: Passed.
                                            sv_covergroup_ctor_bin_ranges_2023: Passed.
                                   sv_covergroup_ctor_bin_ranges_type_coverage: Passed.
                              sv_covergroup_ctor_bin_ranges_type_coverage_2023: Passed.
                                          sv_covergroup_class_const_bin_ranges: Passed.
                                     sv_covergroup_class_const_bin_ranges_2023: Passed.
                                     sv_covergroup_class_const_bin_ranges_fail: Passed - CE.
                                sv_covergroup_class_const_bin_ranges_fail_2023: Passed - CE.
                                                  sv_class_instance_const_flow: Passed.
                                             sv_class_instance_const_flow_2023: Passed.
                                           sv_class_instance_const_static_fail: Passed - CE.
                                      sv_class_instance_const_static_fail_2023: Passed - CE.
                                     sv_class_instance_const_loop_runtime_fail: Passed - RE.
                                sv_class_instance_const_loop_runtime_fail_2023: Passed - RE.
                              sv_class_instance_const_conditional_runtime_fail: Passed - RE.
                         sv_class_instance_const_conditional_runtime_fail_2023: Passed - RE.
                                     sv_class_instance_const_fork_runtime_fail: Passed - RE.
                                sv_class_instance_const_fork_runtime_fail_2023: Passed - RE.
                                 sv_class_instance_const_for_step_runtime_fail: Passed - RE.
                            sv_class_instance_const_for_step_runtime_fail_2023: Passed - RE.
                                           sv_class_repeat_count_probe_warning: Passed - CE.
                                      sv_class_repeat_count_probe_warning_2023: Passed - CE.
                                                    sv_class_repeat_count_flow: Passed.
                                               sv_class_repeat_count_flow_2023: Passed.
                                             sv_class_repeat_count_shadow_fail: Passed - CE.
                                        sv_class_repeat_count_shadow_fail_2023: Passed - CE.
                                           sv_class_static_const_for_init_fail: Passed - CE.
                                      sv_class_static_const_for_init_fail_2023: Passed - CE.
                                                  sv_covergroup_ctor_bin_typed: Passed.
                                             sv_covergroup_ctor_bin_typed_2023: Passed.
                                             sv_covergroup_ctor_bin_resolution: Passed.
                                        sv_covergroup_ctor_bin_resolution_2023: Passed.
                                      sv_covergroup_ctor_bin_ranges_unresolved: Passed.
                                 sv_covergroup_ctor_bin_ranges_unresolved_2023: Passed.
                                                 sv_covergroup_ctor_method_bin: Passed.
                                            sv_covergroup_ctor_method_bin_2023: Passed.
                                 sv_covergroup_ctor_method_bin_default_mutable: Passed - CE.
                            sv_covergroup_ctor_method_bin_default_mutable_2023: Passed - CE.
                                    sv_covergroup_ctor_method_bin_default_pure: Passed.
                               sv_covergroup_ctor_method_bin_default_pure_2023: Passed.
                                  sv_covergroup_ctor_method_bin_illegal_impure: Passed - CE.
                             sv_covergroup_ctor_method_bin_illegal_impure_2023: Passed - CE.
                                 sv_covergroup_ctor_method_bin_illegal_mutable: Passed - CE.
                            sv_covergroup_ctor_method_bin_illegal_mutable_2023: Passed - CE.
                                     sv_covergroup_ctor_method_bin_illegal_ref: Passed - CE.
                                sv_covergroup_ctor_method_bin_illegal_ref_2023: Passed - CE.
                                    sv_covergroup_ctor_method_bin_nested_const: Passed - CE.
                               sv_covergroup_ctor_method_bin_nested_const_2023: Passed - CE.
                                            sv_covergroup_ctor_method_bin_null: Passed - RE.
                                       sv_covergroup_ctor_method_bin_null_2023: Passed - RE.
                                          sv_covergroup_ctor_method_bin_signed: Passed.
                                     sv_covergroup_ctor_method_bin_signed_2023: Passed.
                                          sv_covergroup_ctor_method_bin_unsafe: Passed.
                                     sv_covergroup_ctor_method_bin_unsafe_2023: Passed.
                                  sv_covergroup_ctor_method_bin_unsafe_dynamic: Passed - CE.
                             sv_covergroup_ctor_method_bin_unsafe_dynamic_2023: Passed - CE.
                               sv_covergroup_ctor_method_bin_unsafe_huge_index: Passed - CE.
                          sv_covergroup_ctor_method_bin_unsafe_huge_index_2023: Passed - CE.
                                  sv_covergroup_ctor_method_bin_unsafe_mutator: Passed.
                             sv_covergroup_ctor_method_bin_unsafe_mutator_2023: Passed.
                           sv_covergroup_ctor_method_bin_unsafe_mutator_strict: Passed - CE.
                      sv_covergroup_ctor_method_bin_unsafe_mutator_strict_2023: Passed - CE.
                                      sv_covergroup_ctor_method_bin_unsafe_oob: Passed - CE.
                                 sv_covergroup_ctor_method_bin_unsafe_oob_2023: Passed - CE.
                                   sv_covergroup_ctor_method_bin_unsafe_strict: Passed - CE.
                              sv_covergroup_ctor_method_bin_unsafe_strict_2023: Passed - CE.
                                               sv_covergroup_ctor_method_bin_x: Passed - RE.
                                          sv_covergroup_ctor_method_bin_x_2023: Passed - RE.
                                              sv_covergroup_array_bin_identity: Passed.
                                         sv_covergroup_array_bin_identity_2023: Passed.
                                            sv_covergroup_fixed_bin_post_carve: Passed.
                                       sv_covergroup_fixed_bin_post_carve_2023: Passed.
                                                   sv_covergroup_dynamic_cross: Passed.
                                              sv_covergroup_dynamic_cross_2023: Passed.
                                            sv_covergroup_dynamic_cross_binsof: Passed.
                                       sv_covergroup_dynamic_cross_binsof_2023: Passed.
                                            sv_covergroup_cross_bin_precedence: Passed.
                                       sv_covergroup_cross_bin_precedence_2023: Passed.
                                     sv_covergroup_cross_retain_auto_bins_2017: Passed - CE.
                                     sv_covergroup_cross_retain_auto_bins_2023: Passed.
                                         sv_covergroup_cross_retain_scope_fail: Passed - CE.
                                      sv_covergroup_cross_range_tuple_overflow: Passed.
                                                      sv_covergroup_cross_with: Passed.
                                          sv_covergroup_cross_with_select_expr: Passed.
                                            sv_covergroup_following_localparam: Passed.
                                              sv_covergroup_hierarchical_cross: Passed.
                                         sv_covergroup_procedural_item_options: Passed.
                             sv_covergroup_procedural_item_options_unsupported: Passed - CE.
                                                sv_covergroup_transition_modes: Passed.
                                               sv_covergroup_transition_repeat: Passed.
                                          sv_covergroup_transition_repeat_fail: Passed - CE.
                                           sv_assert_control_labeled_selective: Passed.
                                           sv_assert_control_instance_identity: Passed.
                                           sv_assert_control_relative_selector: Passed.
                                          sv_assert_control_undefined_selector: Passed.
                                                 sv_assertkill_active_attempts: Passed.
                                               sv_assertkill_multiclock_active: Passed.
                                               sv_assertkill_final_obligations: Passed.
                                                      sv_assert_eventually_not: Passed.
                                          sv_assert_endpoint_obligation_fanout: Passed.
                                            sv_assert_nested_nonoverlap_fanout: Passed.
                                         sv_assert_nested_nonoverlap_unbounded: Passed.
                                        sv_assert_property_local_declared_type: Passed.
                                               sv_assert_property_local_packed: Passed.
                                       sv_assert_property_local_unbounded_wait: Passed.
                                             sv_assert_modport_preponed_sample: Passed.
                                             sv_cover_parameter_bound_override: Passed.
                                                 sv_cover_parameter_exact_zero: Passed.
                                              sv_cover_parameter_disable_async: Passed.
                                      sv_cover_parameter_standalone_range_fail: Passed - CE.
                                             sv_cover_parameter_exact_negative: Passed - CE.
                                            sv_cover_parameter_window_reversed: Passed - CE.
                                 sv_cover_parameter_repeat_negative_lower_fail: Passed - CE.
                                sv_assert_parameter_consequent_repeat_negative: Passed - CE.
                           sv_assert_parameter_consequent_repeat_negative_2023: Passed - CE.
                             sv_assert_named_param_consequent_unknown_negative: Passed - CE.
                        sv_assert_named_param_consequent_unknown_negative_2023: Passed - CE.
                           sv_assert_named_param_consequent_multistep_negative: Passed - CE.
                      sv_assert_named_param_consequent_multistep_negative_2023: Passed - CE.
                                 sv_cover_parameter_repeat_range_reversed_fail: Passed - CE.
                                 sv_cover_parameter_window_negative_lower_fail: Passed - CE.
                                         sv_cover_parameter_exact_unknown_fail: Passed - CE.
                                         sv_cover_parameter_repeat_range_equal: Passed.
                                      sv_cover_parameter_window_lower_override: Passed.
                                                   sv_assert_multiclock_chain3: Passed.
                                                   sv_process_self_named_block: Passed.
                                                     sv_assert_observed_region: Passed.
                                                     sv_assert_reactive_action: Passed.
                                                      sv_assert_reactive_drain: Passed.
                                                  sv_constraint_inherited_soft: Passed.
                                                   sv_constraint_soft_priority: Passed.
                                                     sv_default_assign_pattern: Passed.
                                               sv_foreach_in_class_constructor: Passed.
                                           sv_class_property_container_element: Passed.
                                                           sv_vif_array_member: Passed.
                                                      sv_vif_modport_qualified: Passed.
                                                sv_foreach_hierarchical_target: Passed.
                                            sv_foreach_indexed_instance_target: Passed.
                                                 sv_randomize_variable_control: Passed.
                                            sv_object_randomize_statement_with: Passed.
                                               sv_randomize_receiver_eval_once: Passed.
                                                sv_pure_constraint_inheritance: Passed.
                                               sv_pure_constraint_missing_fail: Passed - CE.
                                            sv_pure_constraint_nonvirtual_fail: Passed - CE.
                                 sv_pure_constraint_static_implementation_fail: Passed - CE.
                                            sv_randomize_with_identifier_scope: Passed.
                                     sv_randomize_with_identifier_unknown_fail: Passed - CE.
                                    sv_randomize_with_identifier_no_block_fail: Passed - CE.
                                  sv_scope_randomize_with_identifier_list_fail: Passed - CE.
                                                   sv_sampled_value_procedural: Passed.
                                                      sv_constraint_expr_width: Passed.
                                            sv_constraint_dist_boolean_subject: Passed.
                                          sv_constraint_dist_wide_literal_fail: Passed - CE.
                                                         sv_rand_distribution1: Passed.
                                                         sv_randc_constrained1: Passed.
                                             sv_sampled_value_default_clocking: Passed.
                                               sv_sampled_value_explicit_clock: Passed.
                                                     sv_cast_class_destination: Passed.
                                                 sv_cast_container_destination: Passed.
                                                sv_cast_container_task_failure: Passed.
                                                          sv_cast_task_failure: Passed.
                                                    sv_process_kill_subprocess: Passed.
                                                  sv_process_suspend_subthread: Passed.
                                         sv_ref_arg_inside_storage_adversarial: Passed.
                                                sv_ref_arg_inside_storage_bind: Passed.
                                                sv_ref_argument_is_a_reference: Passed.
                                                 sv_ref_arg_object_fork_detach: Passed.
                                                         sv_assert_pass_action: Passed.
                                             sv_fork_join_none_automatic_frame: Passed.
                                                   sv_assert_strong_eos_action: Passed.
                                           sv_assert_strong_eos_package_action: Passed.
                                                sv_struct_array_member_element: Passed.
                                               sv_struct_array_member_open_arg: Passed.
                                                 sv_whole_aggregate_value_copy: Passed.
                                              sv_whole_aggregate_size_mismatch: Passed.
                                                        sv_open_array_multidim: Passed.
                                                    sv_process_status_identity: Passed.
                                                       sv_stacktrace_task_call: Passed.
                                                                sv_event_array: Passed.
                                                     sv_event_array_llp64_pack: Passed.
                                                   sv_event_lifetime_qualifier: Passed.
                                                sv_automatic_task_static_event: Passed.
                                                            sv_deferred_flush1: Passed - CE.
                                                     sv_deferred_final_latest1: Passed.
                                                      sv_deferred_final_order0: Passed.
                                                   sv_deferred_final_contexts0: Passed.
                                             sv_deferred_final_assert_control0: Passed.
                                               sv_deferred_final_null_default0: Passed.
                                                     sv_deferred_final_finish0: Passed.
                                         sv_deferred_final_in_final_procedure0: Passed.
                                                  sv_deferred_final_user_task0: Passed.
                                            sv_deferred_final_user_task_error0: Passed.
                                                  sv_deferred_final_block_fail: Passed - CE.
                                              sv_deferred_final_void_cast_fail: Passed - CE.
                                                  sv_deferred_static_generate0: Passed.
                                                       sv_deferred_fifo_flush0: Passed.
                                                   sv_deferred_reactive_order0: Passed.
                                                      sv_deferred_null_action0: Passed.
                                                   sv_deferred_assert_control0: Passed.
                                                  sv_deferred_matured_disable0: Passed.
                                                   sv_deferred_supported_only0: Passed.
                                                    sv_deferred_observed_args0: Passed.
                                              sv_deferred_observed_error_args0: Passed.
                                                    sv_deferred_cover_actions0: Passed.
                                                   sv_deferred_cover_disabled0: Passed.
                                             sv_deferred_void_cast_action_fail: Passed - CE.
                                                                  sv_typename1: Passed.
                                                             sv_type_operator1: Passed.
                                                         sv_type_operator_case: Passed.
                                               sv_specparam_constant_expr_fail: Passed - CE.
                                                       sv_param_type_identity1: Passed.
                                                      sv_assert_paren_property: Passed.
                                                       sv_assert_paren_boolean: Passed.
                                                sv_case_inside_concat_selector: Passed.
                                                    sv_case_inside_mixed_items: Passed.
                                                  sv_case_inside_recovery_fail: Passed - CE.
                                             sv_case_range_without_inside_fail: Passed - CE.
                                                   sv_generate_inside_constant: Passed.
                                                          sv_enum_ternary_type: Passed.
                                                          sv_enum_unbased_fill: Passed.
                                                   sv_cast_size_string_literal: Passed.
                                                  sv_lnet_parray_struct_member: Passed.
                                                         sv_for_multi_var_decl: Passed.
                                                        sv_for_decl_type_forms: Passed.
                                                   sv_for_decl_type_forms_2023: Passed.
                                                       sv_for_decl_scope_forms: Passed.
                                                  sv_for_decl_scope_forms_2023: Passed.
                                               sv_auto_block_shared_wait_event: Passed.
                                                      sv_assert_star_unbounded: Passed.
                                                   sv_assert_impl_s_eventually: Passed.
                                                      sv_rand_conformance_pin1: Passed.
                                                      sv_rand_conformance_pin2: Passed.
                                                  sv_packed_multidim_var_index: Passed.
                                    sv_unpacked_word_packed_multidim_var_index: Passed.
                                               sv_param_multidim_packed_select: Passed.
                                              sv_param_pattern_override_import: Passed.
                                             sv_param_unpacked_default_pattern: Passed.
                                                sv_param_unpacked_array_select: Passed.
                                            sv_param_unpacked_array_slice_port: Passed.
                                                 sv_string_concat_packed_param: Passed.
                                                sv_typed_string_concat_context: Passed.
                                           sv_typed_string_concat_context_2023: Passed.
                                          sv_typed_string_repeat_runtime_error: Passed.
                                     sv_typed_string_repeat_runtime_error_2023: Passed.
                                             sv_typed_string_method_arity_fail: Passed - CE.
                                        sv_typed_string_method_arity_fail_2023: Passed - CE.
                                             sv_typed_string_concat_mixed_fail: Passed - CE.
                                        sv_typed_string_concat_mixed_fail_2023: Passed - CE.
                                    sv_typed_string_concat_type_parameter_fail: Passed - CE.
                               sv_typed_string_concat_type_parameter_fail_2023: Passed - CE.
                                          sv_typed_string_concat_integral_fail: Passed - CE.
                                     sv_typed_string_concat_integral_fail_2023: Passed - CE.
                                   sv_typed_string_concat_integral_target_fail: Passed - CE.
                              sv_typed_string_concat_integral_target_fail_2023: Passed - CE.
                                  sv_typed_string_concat_procedural_mixed_fail: Passed - CE.
                             sv_typed_string_concat_procedural_mixed_fail_2023: Passed - CE.
                                     sv_typed_string_concat_vector_select_fail: Passed - CE.
                                sv_typed_string_concat_vector_select_fail_2023: Passed - CE.
                                       sv_typed_string_concat_repeat_type_fail: Passed - CE.
                                  sv_typed_string_concat_repeat_type_fail_2023: Passed - CE.
                                           sv_string_localparam_sformatf_scope: Passed.
                                                     sv_edition_stacktrace_old: Passed - CE.
                                                     sv_edition_stacktrace_def: Passed.
                                                  sv_edition_stacktrace_latest: Passed.
                                               sv_edition_stacktrace_neighbour: Passed.
                                                     sv_edition_iter_index_old: Passed - CE.
                                                     sv_edition_iter_index_def: Passed.
                                                  sv_edition_iter_index_latest: Passed.
                                               sv_edition_iter_index_neighbour: Passed.
                                                    sv_edition_stacktrace_2017: Passed - CE.
                                                     sva_s_eventually_liveness: Passed.
                                                  sv_assert_liveness_no_action: Passed.
                                           sv_assert_liveness_real_action_fail: Passed - CE.
                                          sv_assert_named_property_forward_ref: Passed.
                                       sv_assert_named_property_undefined_fail: Passed - CE.
                                     sv_assert_property_local_multi_ident_decl: Passed.
                                                 sv_sva_cycle_delay_paren_expr: Passed.
                                             sv_unpacked_array_slice_port_conn: Passed.
                                    sv_unpacked_array_slice_port_conn_dir_fail: Passed - CE.
                                                  sv_array_elem_member_cassign: Passed.
                                                 sv_struct_member_mixed_assign: Passed.
                                                      sv_uparam_dim_decl_scope: Passed.
                                                             sv_nb_uarray_copy: Passed.
                                                    sv_packed_runtime_idx_part: Passed.
                                          sv_packed_singleton_runtime_idx_part: Passed.
                                                      sv_enum_packed_array_sel: Passed.
                                                sv_enum_full_width_lval_select: Passed.
                                          sv_enum_whole_continuous_assign_fail: Passed - CE.
                                   sv_enum_packed_element_integral_assign_fail: Passed - CE.
                                              sv_enum_select_rhs_to_whole_fail: Passed - CE.
                                      sv_enum_indexed_select_rhs_to_whole_fail: Passed - CE.
                                 sv_enum_indexed_down_select_rhs_to_whole_fail: Passed - CE.
                                                         sv_pkg_export_resolve: Passed.
                                                sv_packed_struct_array_pattern: Passed.
                                                  sv_net_member_nested_pattern: Passed.
                                                   sv_ternary_pattern_type_ctx: Passed.
                                                   sv_ternary_typed_aggregates: Passed.
                                                     sv_uwire_promote_generate: Passed.
                                                   sv_always_comb_partsel_sens: Passed.
                                            sv_always_comb_precise_select_sens: Passed.
                                            sv_always_comb_func_local_interval: Passed.
                                       sv_always_comb_func_local_interval_2023: Passed.
                                                       sv_uarray_const_ternary: Passed.
                                                        sv_default_disable_iff: Passed.
                                    sv_disable_iff_past_sampling_unconditional: Passed.
                                                    sva_throughout_goto_repeat: Passed.
                                                    sva_clocking_member_assert: Passed.
                                                        sva_seq_generate_scope: Passed.
                                                          sva_paren_seq_conseq: Passed.
                                                      sva_paren_prop_conseq_ce: Passed.
                                                          sv_uarray_nb_pattern: Passed.
                                                    sv_uarray_nb_pattern_slice: Passed.
                                                  sv_uarray_partial_index_copy: Passed.
                                         sv_uarray_partial_index_boundary_fail: Passed - CE.
                                           sv_uarray_partial_index_driver_fail: Passed - CE.
                                             sv_uarray_partial_index_type_fail: Passed - CE.
                                                           sv_uarray_slice_ops: Passed.
                                           sv_subroutine_fixed_slice_direction: Passed.
                                      sv_subroutine_fixed_slice_direction_2023: Passed.
                                      sv_class_fixed_uarray_slice_lval_pattern: Passed.
                                         sv_class_fixed_uarray_slice_lval_fail: Passed - CE.
                                                sv_uarray_slice_direction_fail: Passed - CE.
                                                   sv_uarray_slice_bounds_fail: Passed - CE.
                                                     sv_uarray_slice_size_fail: Passed - CE.
                                                    sv_uarray_slice_width_fail: Passed - CE.
                                                     sv_uarray_slice_type_fail: Passed - CE.
                                              sv_force_continuous_driver_order: Passed.
                                                           sv_force_array_word: Passed.
                                                 sv_force_partial_live_overlap: Passed.
                                                      sv_force_binary_rhs_live: Passed.
                                                         sv_force_urandom_once: Passed.
                                                 sv_force_auto_static_rhs_live: Passed.
                                                   sv_uarray_partial_index_oob: Passed.
                                                  sv_packed_array_elem_pattern: Passed.
                                                   sv_param_uarray_packed_elem: Passed.
                                                           sv_uparam_multi_dim: Passed.
                                                    sv_import_unknown_pkg_diag: Passed - CE.
                                                  sv_darray_queue_arg_by_value: Passed.
                                                   sv_function_repeated_calls1: Passed.
                                                 sv_unit_import_interface_type: Passed.
                                                sv_interface_port_array_member: Passed.
                                            sv_csrng_interface_array_same_name: Passed.
                                       sv_csrng_interface_array_same_name_2023: Passed.
                                           sv_csrng_interface_scalar_same_name: Passed.
                                      sv_csrng_interface_scalar_same_name_2023: Passed.
                                  sv_csrng_interface_array_missing_member_fail: Passed - CE.
                             sv_csrng_interface_array_missing_member_fail_2023: Passed - CE.
                                sv_csrng_interface_array_missing_instance_fail: Passed - CE.
                           sv_csrng_interface_array_missing_instance_fail_2023: Passed - CE.
                                             sv_unpacked_array_concat_mismatch: Passed - CE.
                                                   concat_unsized_expr_operand: Passed.
                                                 sv_method_call_cache_identity: Passed.
                                                      sv_root_hierarchical_ref: Passed.
                                              sv_scope_index_constant_function: Passed.
                                                   sv_scope_index_dynamic_fail: Passed - CE.
                                                      sv_always_stmt_attribute: Passed.
                                                       sv_gate_output_variable: Passed.
                                                       sv_bind_target_instance: Passed.
                                              sv_bind_indexed_relative_targets: Passed.
                                         sv_bind_indexed_relative_targets_2023: Passed.
                                                 sv_bind_target_dynamic_select: Passed - CE.
                                            sv_bind_target_dynamic_select_2023: Passed - CE.
                                                   sv_bind_target_range_select: Passed - CE.
                                              sv_bind_target_range_select_2023: Passed - CE.
                                                sv_bind_target_path_shape_fail: Passed - CE.
                                           sv_bind_target_path_shape_fail_2023: Passed - CE.
                                         sv_bind_conditional_duplicate_targets: Passed.
                                    sv_bind_conditional_duplicate_targets_2023: Passed.
                                           sv_bind_conditional_different_types: Passed.
                                      sv_bind_conditional_different_types_2023: Passed.
                                                sv_bind_owner_generate_lexical: Passed.
                                           sv_bind_owner_generate_lexical_2023: Passed.
                                               sv_bind_owner_inactive_generate: Passed.
                                          sv_bind_owner_inactive_generate_2023: Passed.
                                               sv_bind_owner_excluded_absolute: Passed.
                                          sv_bind_owner_excluded_absolute_2023: Passed.
                                              sv_bind_owner_scoped_target_list: Passed.
                                         sv_bind_owner_scoped_target_list_2023: Passed.
                                      sv_bind_owner_select_specialization_fail: Passed - CE.
                                 sv_bind_owner_select_specialization_fail_2023: Passed - CE.
                                           sv_bind_owner_nonroot_absolute_fail: Passed - CE.
                                      sv_bind_owner_nonroot_absolute_fail_2023: Passed - CE.
                                               sv_bind_owner_nested_first_fail: Passed - CE.
                                          sv_bind_owner_nested_first_fail_2023: Passed - CE.
                                            sv_bind_owner_nested_reversed_fail: Passed - CE.
                                       sv_bind_owner_nested_reversed_fail_2023: Passed - CE.
                                              sv_bind_owner_loop_genvar_select: Passed.
                                         sv_bind_owner_loop_genvar_select_2023: Passed.
                                       sv_bind_owner_duplicate_designwide_fail: Passed - CE.
                                  sv_bind_owner_duplicate_designwide_fail_2023: Passed - CE.
                                          sv_bind_target_unselected_array_fail: Passed - CE.
                                     sv_bind_target_unselected_array_fail_2023: Passed - CE.
                                          sv_bind_conditional_array_shape_fail: Passed - CE.
                                     sv_bind_conditional_array_shape_fail_2023: Passed - CE.
                                               sv_bind_owner_absolute_disjoint: Passed.
                                          sv_bind_owner_absolute_disjoint_2023: Passed.
                                           sv_bind_owner_absolute_overlap_fail: Passed - CE.
                                      sv_bind_owner_absolute_overlap_fail_2023: Passed - CE.
                                                    sv_bind_same_name_disjoint: Passed.
                                               sv_bind_same_name_disjoint_2023: Passed.
                                         sv_bind_same_name_target_overlap_fail: Passed - CE.
                                    sv_bind_same_name_target_overlap_fail_2023: Passed - CE.
                                           sv_bind_same_name_list_overlap_fail: Passed - CE.
                                      sv_bind_same_name_list_overlap_fail_2023: Passed - CE.
                                        sv_bind_target_list_invalid_first_fail: Passed - CE.
                                   sv_bind_target_list_invalid_first_fail_2023: Passed - CE.
                                         sv_bind_target_list_invalid_last_fail: Passed - CE.
                                    sv_bind_target_list_invalid_last_fail_2023: Passed - CE.
                                              sv_bind_nested_direct_first_fail: Passed - CE.
                                         sv_bind_nested_direct_first_fail_2023: Passed - CE.
                                           sv_bind_nested_direct_reversed_fail: Passed - CE.
                                      sv_bind_nested_direct_reversed_fail_2023: Passed - CE.
                                                  sv_bind_nested_deferred_fail: Passed - CE.
                                             sv_bind_nested_deferred_fail_2023: Passed - CE.
                                                sv_bind_owner_inactive_invalid: Passed.
                                           sv_bind_owner_inactive_invalid_2023: Passed.
                                        sv_bind_fixed_point_owner_overlap_fail: Passed - CE.
                                   sv_bind_fixed_point_owner_overlap_fail_2023: Passed - CE.
                                        sv_bind_same_base_array_collision_fail: Passed - CE.
                                   sv_bind_same_base_array_collision_fail_2023: Passed - CE.
                                                 sv_bind_interface_module_fail: Passed - CE.
                                            sv_bind_interface_module_fail_2023: Passed - CE.
                                        sv_bind_interface_inactive_alternative: Passed.
                                   sv_bind_interface_inactive_alternative_2023: Passed.
                                                         sv_bind_self_instance: Passed.
                                                    sv_bind_self_instance_2023: Passed.
                                                     sv_bind_interface_checker: Passed.
                                                sv_bind_interface_checker_2023: Passed.
                                             sv_bind_owner_active_invalid_fail: Passed - CE.
                                        sv_bind_owner_active_invalid_fail_2023: Passed - CE.
                                       sv_bind_owner_definition_collision_fail: Passed - CE.
                                  sv_bind_owner_definition_collision_fail_2023: Passed - CE.
                                                   sv_bind_checker_target_fail: Passed - CE.
                                              sv_bind_checker_target_fail_2023: Passed - CE.
                                                    sv_bind_interface_udp_fail: Passed - CE.
                                               sv_bind_interface_udp_fail_2023: Passed - CE.
                                             sv_bind_explicit_root_target_list: Passed.
                                        sv_bind_explicit_root_target_list_2023: Passed.
                                         sv_bind_fixed_point_target_first_fail: Passed - CE.
                                    sv_bind_fixed_point_target_first_fail_2023: Passed - CE.
                                      sv_bind_fixed_point_target_reversed_fail: Passed - CE.
                                 sv_bind_fixed_point_target_reversed_fail_2023: Passed - CE.
                                            sv_bind_conditional_generate_shape: Passed.
                                       sv_bind_conditional_generate_shape_2023: Passed.
                                          sv_bind_program_instance_target_fail: Passed - CE.
                                     sv_bind_program_instance_target_fail_2023: Passed - CE.
                                                     sv_bind_origin_scope_fail: Passed - CE.
                                                sv_bind_origin_scope_fail_2023: Passed - CE.
                                     sv_bind_conditional_generate_scalar_shape: Passed.
                                sv_bind_conditional_generate_scalar_shape_2023: Passed.
                                                sv_bind_checker_root_selection: Passed.
                                           sv_bind_checker_root_selection_2023: Passed.
                                                        sv_bind_library_target: Passed.
                                                   sv_bind_library_target_2023: Passed.
                                                          sv_bind_library_path: Passed.
                                                     sv_bind_library_path_2023: Passed.
                                                     sv_bind_library_late_root: Passed.
                                                sv_bind_library_late_root_2023: Passed.
                                                 sv_bind_library_udp_kind_fail: Passed - CE.
                                            sv_bind_library_udp_kind_fail_2023: Passed - CE.
                                              sv_bind_owner_library_cu_closure: Passed.
                                         sv_bind_owner_library_cu_closure_2023: Passed.
                                                sv_bind_owner_inactive_library: Passed.
                                           sv_bind_owner_inactive_library_2023: Passed.
                                                       sv_bind_module_udp_fail: Passed - CE.
                                                  sv_bind_module_udp_fail_2023: Passed - CE.
                                           sv_bind_target_list_scope_kind_fail: Passed - CE.
                                      sv_bind_target_list_scope_kind_fail_2023: Passed - CE.
                                                     sv_class_var_shadows_type: Passed.
                                                       sv_const_decl_not_first: Passed.
                                                 sv_default_arg_assign_pattern: Passed.
                                                       sv_iter_ctx_cache_stale: Passed.
                                        sv_randomize_with_unresolvable_dropped: Passed - CE.
                                            sv_constraint_foreach_hierarchical: Passed - CE.
                                                    sv_queue_dollar_arithmetic: Passed.
                                              sv_foreach_hierarchical_dual_dim: Passed.
                                                 concat_unsized_literal_reject: Passed - CE.
                                                       sv_assoc_default_values: Passed.
                                                      sv_assoc_function_output: Passed.
                                          sv_assoc_function_output_lvalue_fail: Passed - CE.
                                              sv_assoc_task_output_lvalue_fail: Passed - CE.
                                          sv_assoc_default_expression_contexts: Passed.
                                                    sv_assoc_default_cast_fail: Passed - CE.
                                                    sv_assoc_default_null_fail: Passed - CE.
                                             sv_assoc_default_typed_empty_fail: Passed - CE.
                                           sv_assoc_default_const_ternary_fail: Passed - CE.
                                             sv_assoc_default_formal_type_fail: Passed - CE.
                                             sv_assoc_default_formal_null_fail: Passed - CE.
                                             sv_assoc_output_element_type_fail: Passed - CE.
                                               sv_assoc_output_index_type_fail: Passed - CE.
                                                        sv_assoc_to_queue_fail: Passed - CE.
                                                       sv_assoc_to_darray_fail: Passed - CE.
                                                        sv_assoc_to_fixed_fail: Passed - CE.
                                         sv_assoc_nonassoc_formal_default_fail: Passed - CE.
                                           sv_assoc_scalar_formal_default_fail: Passed - CE.
                                                     sv_assoc_nested_type_fail: Passed - CE.
                                                    sv_assoc_nested_value_copy: Passed.
                                             sv_assoc_nested_wrapper_type_fail: Passed - CE.
                                                   sv_assoc_wildcard_type_fail: Passed - CE.
                                                 sv_assoc_output_nonassoc_fail: Passed - CE.
                                                   sv_assoc_cast_to_queue_fail: Passed - CE.
                                                    sv_default_formal_contexts: Passed.
                                                  sv_enum_default_formal_width: Passed.
                                              sv_enum_default_formal_cast_fail: Passed - CE.
                                              sv_enum_compound_assignment_fail: Passed - CE.
                                                     sv_enum_return_provenance: Passed.
                                                sv_enum_return_provenance_fail: Passed - CE.
                                                sv_enum_class_typedef_identity: Passed.
                                                  sv_enum_class_typedef_shadow: Passed.
                                           sv_enum_class_typedef_mismatch_fail: Passed - CE.
                                                     sv_enum_vpi_scalar_format: Passed.
                                                sv_enum_vpi_scalar_format_2023: Passed.
                                    sv_class_static_get_specialization_reentry: Passed.
                                         sv_class_static_get_recursive_control: Passed.
                                         sv_class_static_get_bad_receiver_fail: Passed - CE.
                                             sv_typeparam_enum_receiver_method: Passed.
                                        sv_typeparam_enum_receiver_method_fail: Passed - CE.
                                  sv_typeparam_enum_receiver_cache_orders_fail: Passed - CE.
                                sv_typeparam_enum_receiver_concrete_outer_fail: Passed - CE.
                           sv_typeparam_enum_receiver_pkg_alias_collision_fail: Passed - CE.
                                               sv_typeparam_default_cycle_fail: Passed - CE.
                                        sv_typeparam_virtual_interface_default: Passed.
                               sv_typeparam_virtual_interface_default_override: Passed.
                               sv_typeparam_virtual_interface_explicit_modport: Passed.
                        sv_typeparam_virtual_interface_known_noninterface_fail: Passed - CE.
                               sv_typeparam_virtual_interface_default_use_fail: Passed - CE.
                                      sv_vif_explicit_interface_class_property: Passed.
                                 sv_vif_explicit_interface_class_property_2023: Passed.
                                                    sv_vif_instance_comparison: Passed.
                                               sv_vif_instance_comparison_2023: Passed.
                                       sv_vif_instance_runtime_index_extension: Passed.
                                  sv_vif_instance_runtime_index_extension_2023: Passed.
                                  sv_vif_explicit_interface_class_modport_fail: Passed - CE.
                             sv_vif_explicit_interface_class_modport_fail_2023: Passed - CE.
                             sv_vif_explicit_interface_class_noninterface_fail: Passed - CE.
                        sv_vif_explicit_interface_class_noninterface_fail_2023: Passed - CE.
                                  sv_vif_explicit_interface_class_missing_fail: Passed - CE.
                             sv_vif_explicit_interface_class_missing_fail_2023: Passed - CE.
                                  sv_vif_explicit_interface_data_type_contexts: Passed.
                             sv_vif_explicit_interface_data_type_contexts_2023: Passed.
                                                    sv_vif_forbidden_port_fail: Passed - CE.
                                               sv_vif_forbidden_port_fail_2023: Passed - CE.
                                          sv_vif_forbidden_interface_item_fail: Passed - CE.
                                     sv_vif_forbidden_interface_item_fail_2023: Passed - CE.
                           sv_vif_forbidden_interface_item_type_parameter_fail: Passed - CE.
                      sv_vif_forbidden_interface_item_type_parameter_fail_2023: Passed - CE.
                                            sv_vif_forbidden_union_member_fail: Passed - CE.
                                       sv_vif_forbidden_union_member_fail_2023: Passed - CE.
                                           sv_typedef_eager_invalid_width_fail: Passed - CE.
                                      sv_typedef_eager_unresolved_forward_fail: Passed - CE.
                                                        sv_typedef_eager_valid: Passed.
                                          sv_param_class_bare_forward_identity: Passed.
                                             sv_param_class_bare_base_identity: Passed.
                                 sv_param_class_dependent_super_value_identity: Passed.
                                  sv_param_class_dependent_super_real_identity: Passed.
                                    sv_param_class_cache_probe_diagnostic_fail: Passed - CE.
                                          sv_param_class_builtin_property_type: Passed.
                                                sv_package_param_class_extends: Passed.
                                      sv_param_class_bare_static_function_fail: Passed - CE.
                                          sv_param_class_bare_static_task_fail: Passed - CE.
                                      sv_param_class_bare_static_property_fail: Passed - CE.
                                   sv_param_class_typedef_static_function_fail: Passed - CE.
                                       sv_param_class_typedef_static_task_fail: Passed - CE.
                                        sv_param_class_typedef_static_property: Passed.
                                                  sv_typeparam_static_dispatch: Passed.
                                      sv_class_static_nested_property_lifetime: Passed.
                                  sv_class_static_nested_property_missing_fail: Passed - CE.
                               sv_typeparam_enum_receiver_omitted_default_fail: Passed - CE.
                         sv_typeparam_enum_receiver_omitted_default_array_fail: Passed - CE.
                      sv_typeparam_enum_receiver_omitted_default_property_fail: Passed - CE.
                               sv_typeparam_receiver_omitted_default_task_fail: Passed - CE.
                     sv_typeparam_enum_receiver_omitted_default_inherited_fail: Passed - CE.
                                            sv_assoc_default_struct_value_copy: Passed.
                                       sv_assoc_default_struct_value_copy_2023: Passed.
                                              sv_assoc_explicit_pattern_values: Passed.
                                         sv_assoc_explicit_pattern_values_2023: Passed.
                                           sv_assoc_explicit_pattern_opentitan: Passed.
                                      sv_assoc_explicit_pattern_opentitan_2023: Passed.
                                             sv_assoc_fixed_prefix_real_values: Passed.
                                        sv_assoc_fixed_prefix_real_values_2023: Passed.
                                                 sv_assoc_fixed_prefix_pattern: Passed.
                                            sv_assoc_fixed_prefix_pattern_2023: Passed.
                                       sv_assoc_fixed_prefix_entry_select_fail: Passed - CE.
                                  sv_assoc_fixed_prefix_entry_select_fail_2023: Passed - CE.
                                  sv_assoc_explicit_pattern_duplicate_key_fail: Passed - CE.
                             sv_assoc_explicit_pattern_duplicate_key_fail_2023: Passed - CE.
                                sv_assoc_explicit_pattern_nonconstant_key_fail: Passed - CE.
                           sv_assoc_explicit_pattern_nonconstant_key_fail_2023: Passed - CE.
                                         sv_assoc_explicit_pattern_xz_key_fail: Passed - CE.
                                    sv_assoc_explicit_pattern_xz_key_fail_2023: Passed - CE.
                              sv_assoc_explicit_pattern_duplicate_default_fail: Passed - CE.
                         sv_assoc_explicit_pattern_duplicate_default_fail_2023: Passed - CE.
                                       sv_assoc_explicit_pattern_key_type_fail: Passed - CE.
                                  sv_assoc_explicit_pattern_key_type_fail_2023: Passed - CE.
                               sv_assoc_explicit_pattern_queue_value_type_fail: Passed - CE.
                          sv_assoc_explicit_pattern_queue_value_type_fail_2023: Passed - CE.
                               sv_assoc_explicit_pattern_class_value_type_fail: Passed - CE.
                          sv_assoc_explicit_pattern_class_value_type_fail_2023: Passed - CE.
                                                    sv_ustruct_member_defaults: Passed.
                                         sv_ustruct_member_defaults_shape_fail: Passed - CE.
                                   sv_ustruct_member_defaults_nonconstant_fail: Passed - CE.
                                         sv_ustruct_member_defaults_union_fail: Passed - CE.
                                         sv_ustruct_member_defaults_scope_fail: Passed.
                                   sv_ustruct_member_defaults_class_scope_fail: Passed - CE.
                                        sv_ustruct_member_defaults_declaration: Passed.
                                   sv_ustruct_member_defaults_declaration_fail: Passed - CE.
                                   sv_ustruct_member_defaults_unused_kind_fail: Passed - CE.
                                  sv_ustruct_member_defaults_unused_shape_fail: Passed - CE.
                                               sv_ustruct_member_defaults_edge: Passed.
                                   sv_struct_member_defaults_invalid_kind_fail: Passed - CE.
                               sv_param_class_bare_static_property_lvalue_fail: Passed - CE.
                                       sv_enum_class_typedef_forward_kind_fail: Passed - CE.
                                    sv_class_typedef_parameterized_shadow_fail: Passed - CE.
                                    sv_class_typedef_scoped_static_shadow_fail: Passed - CE.
                              sv_param_class_scoped_static_lvalue_invalid_fail: Passed - CE.
                                          sv_param_class_package_static_lvalue: Passed.
                                sv_param_class_package_bare_static_lvalue_fail: Passed - CE.
                                                 sv_package_nested_static_call: Passed.
                                            sv_package_nested_static_call_fail: Passed - CE.
                                     sv_inherited_typeparam_nested_static_call: Passed.
                                sv_inherited_typeparam_nested_static_call_fail: Passed - CE.
                                         sv_inherited_class_parameter_vif_task: Passed.
                                    sv_inherited_class_parameter_vif_task_2023: Passed.
                                    sv_param_class_scoped_static_lvalue_nested: Passed.
                                 sv_param_class_scoped_static_lvalue_recursive: Passed.
                               sv_param_class_scoped_static_lvalue_special_rhs: Passed.
                                      sv_typeparam_static_lvalue_nonclass_fail: Passed - CE.
                                                  sv_queue_suffix_slice_lvalue: Passed.
                                     sv_class_scoped_static_queue_slice_lvalue: Passed.
                                          sv_queue_suffix_slice_lvalue_runtime: Passed.
                                        sv_queue_suffix_slice_lvalue_type_fail: Passed - CE.
                                                 sv_package_self_queue_methods: Passed.
                                        sv_param_class_static_container_method: Passed.
                                        sv_package_self_class_method_collision: Passed.
                                                       sv_package_self_typedef: Passed.
                                                  sv_package_self_typedef_2023: Passed.
                                          sv_package_self_typedef_missing_fail: Passed - CE.
                                     sv_package_self_typedef_missing_fail_2023: Passed - CE.
                                          sv_package_self_typedef_forward_fail: Passed - CE.
                                     sv_package_self_typedef_forward_fail_2023: Passed - CE.
                                           sv_package_self_typedef_shadow_fail: Passed - CE.
                                      sv_package_self_typedef_shadow_fail_2023: Passed - CE.
                                              sv_package_lazy_subroutine_scope: Passed - CO.
                                        sv_package_lazy_subroutine_post_repair: Passed.
                                      sv_class_local_struct_shadows_outer_type: Passed.
                                  sv_class_local_value_shadows_outer_type_fail: Passed - CE.
                                                    sv_class_static_const_init: Passed.
                                               sv_class_const_constructor_init: Passed.
                                            sv_class_static_const_missing_fail: Passed - CE.
                                           sv_class_static_const_reassign_fail: Passed - CE.
                                    sv_class_static_const_scoped_reassign_fail: Passed - CE.
                                           sv_param_class_virtual_override_tlm: Passed.
                                 sv_randomization_builtin_method_override_fail: Passed - CE.
                     sv_randomization_builtin_method_override_adversarial_fail: Passed - CE.
                       sv_randomization_builtin_method_override_multiroot_fail: Passed - CE.
                                                 sv_declaration_class_frontier: Passed.
                                                sv_static_const_qualifier_fail: Passed - CE.
                                                   sv_struct_member_constraint: Passed.
                                             sv_struct_member_constraint_paths: Passed.
                                                 sv_struct_member_disable_soft: Passed.
                                              sv_struct_member_constraint_fail: Passed - CE.
                                                    sv_struct_member_randc_cap: Passed.
                                                sv_struct_member_randomization: Passed.
                                        sv_struct_member_random_qualifier_fail: Passed - CE.
                                      sv_struct_member_random_unsupported_fail: Passed.
                                                  sv_static_rand_value_storage: Passed.
                                                  sv_static_rand_typed_storage: Passed.
                                                   sv_static_rand_fixed_arrays: Passed.
                                             sv_static_rand_inheritance_hiding: Passed.
                                           sv_static_rand_specialization_alias: Passed.
                                                sv_static_rand_unsat_copy_mode: Passed.
                                            sv_rand_mode_nested_class_property: Passed.
                                sv_rand_mode_static_inheritance_specialization: Passed.
                                      sv_param_value_forward_compound_identity: Passed.
                                                    sv_randc_txn_unsat_history: Passed.
                                                  sv_randc_txn_two_pass_commit: Passed.
                                                sv_randc_txn_constrained_cycle: Passed.
                                               sv_randc_txn_static_alias_cycle: Passed.
                                                       sv_randc_txn_object_rng: Passed.
                                              sv_randc_txn_full_cycle_boundary: Passed.
                                               sv_randc_txn_shallow_copy_state: Passed.
                                                  sv_randc_txn_unbiased_choice: Passed.
                                               sv_randc_txn_two_pass_rng_order: Passed.
                                                  sv_randc_txn_reentrant_hooks: Passed.
                                              sv_randc_txn_final_actual_commit: Passed.
                                               sv_randc_txn_recursive_rollback: Passed.
                                            sv_randc_txn_recursive_alias_cycle: Passed.
                                      sv_randc_txn_recursive_atomic_visibility: Passed.
                                                      sv_randc_txn_legal_types: Passed.
                                                sv_randc_txn_class_handle_fail: Passed - CE.
                                             sv_randc_txn_unpacked_struct_fail: Passed - CE.
                                                        sv_randc_txn_dist_fail: Passed - CE.
                                                        sv_randc_txn_soft_fail: Passed - CE.
                                                sv_randc_txn_solve_before_fail: Passed - CE.
                                sv_constraint_darray_size_parenless_randc_fail: Passed - CE.
                                  sv_constraint_darray_size_nonrand_order_fail: Passed - CE.
                                                      sv_randc_txn_unique_fail: Passed - CE.
                                                     sv_randc_container_cycles: Passed.
                                               sv_randc_container_transactions: Passed.
                                                    sv_randc_fixed_array_modes: Passed.
                                              sv_rand_array_mode_object_struct: Passed.
                                                   sv_rand_mode_fixed_indexing: Passed.
                                                    sv_rand_mode_packed_select: Passed.
                                               sv_rand_mode_invalid_field_fail: Passed - CE.
                                                 sv_rand_mode_dynamic_indexing: Passed.
                                          sv_static_rand_mode_dynamic_indexing: Passed.
                                         sv_rand_mode_dynamic_whole_query_fail: Passed - CE.
                                                sv_randc_constraint_provenance: Passed.
                                           sv_randc_constraint_provenance_fail: Passed - CE.
                                                 sv_assoc_integral_key_context: Passed.
                                              sv_assoc_traversal_key_type_fail: Passed - CE.
                                                        sv_statement_label_seq: Passed.
                                                   sv_statement_label_seq_fail: Passed - CE.
                                                   sv_statement_label_parallel: Passed.
                                              sv_statement_label_parallel_fail: Passed - CE.
                                                          sv_event_conditional: Passed.
                                                     sv_event_conditional_fail: Passed - CE.
                                             sv_struct_array_flat_pattern_fail: Passed - CE.
                                                      sv_assignment_expression: Passed.
                                 sv_assignment_expression_unparenthesized_fail: Passed - CE.
                                          sv_assignment_expression_select_fail: Passed - CE.
                                                          sv_byte_array_string: Passed.
                                                     sv_byte_array_string_fail: Passed - CE.
                                                      sv_concat_postfix_select: Passed.
                                       sv_concat_postfix_select_ascending_fail: Passed - CE.
                                        sv_concat_postfix_select_queue_element: Passed.
                                   sv_concat_postfix_select_queue_operand_fail: Passed - CE.
                                               sv_concat_initial_port_delivery: Passed.
                                                                 sv_quality_if: Passed.
                                                     sv_union_unpacked_storage: Passed.
                                                       sv_union_tagged_runtime: Passed.
                                                sv_union_tagged_packed_storage: Passed.
                                            sv_union_tagged_inactive_read_fail: Passed - RE.
                                                sv_pattern_matching_structured: Passed.
                                              sv_pattern_matching_invalid_fail: Passed - CE.
                                            sv_pattern_matching_duplicate_fail: Passed - CE.
                                        sv_assignment_pattern_keys_replication: Passed.
                                               sv_assignment_pattern_keys_fail: Passed - CE.
                                                    sv_interface_class_runtime: Passed.
                                           sv_interface_class_lexical_boundary: Passed.
                                        sv_interface_class_missing_method_fail: Passed - CE.
                                             sv_interface_class_signature_fail: Passed - CE.
                                        sv_class_parameter_missing_actual_fail: Passed - CE.
                                            sv_class_multi_value_identity_2017: Passed.
                                            sv_class_multi_value_identity_2023: Passed.
                                       sv_class_multi_value_identity_fail_2017: Passed - CE.
                                       sv_class_multi_value_identity_fail_2023: Passed - CE.
                                sv_class_multi_value_dependent_width_fail_2017: Passed - CE.
                                sv_class_multi_value_dependent_width_fail_2023: Passed - CE.
                                         sv_interface_class_illegal_items_fail: Passed - CE.
                                              sv_interface_class_relation_fail: Passed - CE.
                                             sv_interface_class_qualifier_fail: Passed - CE.
                                     sv_interface_class_nonvirtual_method_fail: Passed - CE.
                                          sv_package_param_interface_relations: Passed.
                                                        sv_nettype_corpus_decl: Passed - CN.
                                               sv_nettype_corpus_resolution_fn: Passed - CN.
                                                        sv_interconnect_corpus: Passed - CN.
                                                             sv_nettype_direct: Passed.
                                                              sv_nettype_alias: Passed.
                                                            sv_nettype_package: Passed.
                                                sv_nettype_parameter_instances: Passed.
                                                   sv_nettype_class_scope_scan: Passed.
                                                      sv_nettype_single_driver: Passed.
                                     sv_nettype_resolved_runtime_boundary_fail: Passed.
                                                        sv_interconnect_scalar: Passed.
                                                        sv_interconnect_shapes: Passed.
                                            sv_nettype_invalid_underlying_fail: Passed - CE.
                                                        sv_nettype_lookup_fail: Passed - CE.
                                            sv_nettype_resolver_signature_fail: Passed - CE.
                                    sv_nettype_unresolved_multiple_driver_fail: Passed - CE.
                                      sv_nettype_unresolved_select_driver_fail: Passed - CE.
                                              sv_interconnect_declaration_fail: Passed - CE.
                                                sv_interconnect_reference_fail: Passed - CE.
                                                 sv_interconnect_variable_fail: Passed - CE.
                                            sv_interconnect_udnt_conflict_fail: Passed - CE.
                                               sv_interconnect_unresolved_fail: Passed - CE.
                                                  sv_rootless_compilation_unit: Passed.
                                                     sv_empty_compilation_unit: Passed.
                                             sv_rootless_compilation_unit_fail: Passed - CE.
                                      sv_rootless_randsequence_undeclared_fail: Passed - CE.
                                    sv_rootless_extern_constraint_missing_fail: Passed - CE.
                                                 sv_rootless_explicit_top_fail: Passed - CE.
                                                      sv_rootless_verilog_fail: Passed - CE.
                                                          sv_dumpports_runtime: Passed.
                                                        sv_dumpports_multifile: Passed.
                                                   sv_dumpports_limit_prestart: Passed.
                                                   sv_dumpports_finish_pending: Passed.
                                                    sv_dumpports_metadata_base: Passed.
                                                     sv_dumpports_no_use_inout: Passed.
                                                     sv_dumpports_svtests_21_7: Passed.
                                                        sv_dumpports_args_fail: Passed - RE.
                                                sv_dumpports_control_args_fail: Passed - RE.
                                                  sv_dumpports_limit_args_fail: Passed - RE.
                                             sv_dumpports_duplicate_scope_fail: Passed - RE.
                                              sv_dumpports_duplicate_file_fail: Passed - RE.
                                                        sv_dumpports_late_fail: Passed - RE.
                                                         sv_finish_event_rearm: Passed.
                                                           sv_ch20_isunbounded: Passed.
                                                  sv_ch20_isunbounded_use_fail: Passed - CE.
                                                 sv_ch20_isunbounded_type_fail: Passed - CE.
                                                sv_ch20_isunbounded_arity_fail: Passed - CE.
                                                              sv_system_return: Passed.
                                                         sv_system_return_2023: Passed.
                                                              sv_ch20_coverage: Passed.
                                                   sv_ch20_coverage_bad_domain: Passed.
                                                    sv_ch20_coverage_call_fail: Passed - CE.
                                            sv_vthread_zero_time_named_reclaim: Passed.
                                                      sv_net_decl_delay_corpus: Passed.
                                                    sv_net_decl_delay_inertial: Passed.
                                                      sv_net_decl_delay_vector: Passed.
                                                       sv_net_decl_delay_ports: Passed.
                                                  sv_net_decl_delay_pull_chain: Passed.
                                                       sv_net_decl_delay_table: Passed.
                                                    sv_net_decl_delay_strength: Passed.
                                                        sv_net_decl_delay_wide: Passed.
                                           sv_net_decl_delay_invalid_expr_fail: Passed - CE.
                                            sv_net_decl_delay_port_inline_fail: Passed - CE.
                                                    sv_function_fork_join_none: Passed.
                                                sv_function_fork_blocking_fail: Passed - CE.
                                       sv_binary_self_determined_operand_width: Passed.
                                                    sv_array_port_string_event: Passed.
                                                    sv_array_port_object_event: Passed.
                                     sv_interface_port_array_direction_methods: Passed.
                                            sv_interface_port_array_shape_fail: Passed - CE.
                                  sv_interface_port_array_forwarded_shape_fail: Passed - CE.
                                         sv_interface_port_array_copyback_task: Passed.
                                       sv_class_fixed_array_container_property: Passed.
                              sv_class_fixed_array_container_packed_select_oob: Passed.
                                         sv_class_fixed_array_scalar_index_oob: Passed.
                                           sv_class_fixed_array_deep_container: Passed.
                               sv_class_fixed_array_container_outer_assignment: Passed.
                                 sv_class_fixed_array_container_invalid_delete: Passed.
                                  sv_class_fixed_array_container_property_fail: Passed - CE.
                                sv_class_static_fixed_array_container_property: Passed.
                       sv_class_static_fixed_array_container_element_read_fail: Passed - CE.
                     sv_param_class_static_fixed_array_container_property_fail: Passed - CE.
                                               sv_signal_fixed_array_container: Passed.
                                   sv_signal_struct_fixed_array_container_fail: Passed - CE.
                                sv_class_fixed_array_container_outer_read_fail: Passed - CE.
                              sv_class_fixed_array_container_slice_lvalue_fail: Passed - CE.
                             sv_class_struct_nested_fixed_array_container_fail: Passed - CE.
                                               synth_interface_member_top_port: Passed - CO.
                                             synth_compound_assignment_carrier: Passed.
                                      synth_compound_assignment_concat_carrier: Passed.
                                        synth_compound_assignment_concat_edges: Passed.
                                               synth_interface_member_transfer: Passed.
                                          synth_parameterized_interface_member: Passed.
                                    synth_parameterized_interface_member_array: Passed.
                               synth_parameterized_interface_selected_instance: Passed.
                                 synth_forwarded_parameterized_interface_array: Passed.
                                               sv_synth_integral_member_lvalue: Passed.
                                                   sv_mailbox_kill_blocked_get: Passed.
                                                  sv_mailbox_kill_blocked_peek: Passed.
                                                   sv_mailbox_kill_blocked_put: Passed.
                                                 sv_semaphore_kill_blocked_get: Passed.
                                                  sv_resource_wait_normal_wake: Passed.
                                                sv_process_await_resource_wait: Passed.
                                                  sv_resource_wait_sync_nested: Passed.
                                                  sv_process_kill_join_reducer: Passed.
                                           sv_static_task_explicit_auto_darray: Passed.
                                     sv_mixed_lifetime_fixed_array_named_block: Passed.
                                                sv_subroutine_init_before_fork: Passed.
                                              sv_vif_mixed_lifetime_call_frame: Passed.
                                  sv_explicit_static_fixed_array_force_release: Passed.
                                        sv_static_task_auto_array_port_context: Passed.
                                        sv_class_property_always_comb_mutation: Passed.
                                          sv_class_property_event_value_change: Passed.
                                      sv_class_property_event_filter_isolation: Passed.
                                    sv_class_property_array_event_value_change: Passed.
                               sv_class_property_packed_bit_event_value_change: Passed.
                                          sv_class_property_event_disable_fork: Passed.
                                      sv_class_property_invalid_selector_event: Passed.
                                               sv_class_property_compound_wait: Passed.
                                 sv_class_property_compound_event_value_change: Passed.
                                          sv_class_property_mixed_event_reject: Passed - CE.
                                    sv_class_property_mixed_event_value_change: Passed.
                                                  sv_event_list_vif_mixed_once: Passed.
                                             sv_event_list_vif_mixed_once_2023: Passed.
                                            sv_event_list_vif_preserved_leaves: Passed.
                                       sv_event_list_vif_preserved_leaves_2023: Passed.
                                        sv_event_list_prepare_single_diag_fail: Passed - CE.
                                   sv_event_list_prepare_single_diag_fail_2023: Passed - CE.
                                        sv_event_list_prepare_static_diag_fail: Passed - CE.
                                   sv_event_list_prepare_static_diag_fail_2023: Passed - CE.
                                     sv_class_property_mixed_wait_value_change: Passed.
                                        sv_class_property_wait_method_receiver: Passed.
                                           sv_class_assoc_object_property_wait: Passed.
                                          sv_class_assoc_object_property_event: Passed.
                                                  sv_queue_darray_state_compat: Passed.
                                             sv_queue_darray_state_compat_2023: Passed.
                                             sv_queue_darray_state_compat_fail: Passed - CE.
                                        sv_queue_darray_state_compat_fail_2023: Passed - CE.
                                                     sv_commercial_unsafe_fail: Passed - CE.
                                                sv_commercial_unsafe_fail_2023: Passed - CE.
                                              sv_commercial_unsafe_strict_fail: Passed - CE.
                                         sv_commercial_unsafe_strict_fail_2023: Passed - CE.
                                           sv_bounded_queue_same_kind_contexts: Passed.
                                      sv_bounded_queue_same_kind_contexts_2023: Passed.
                                           sv_container_cross_kind_destination: Passed.
                                      sv_container_cross_kind_destination_2023: Passed.
                                              sv_container_cross_kind_contexts: Passed.
                                         sv_container_cross_kind_contexts_2023: Passed.
                                             sv_task_output_container_lifetime: Passed.
                                        sv_task_output_container_lifetime_2023: Passed.
                                    sv_task_output_container_untouched_default: Passed.
                               sv_task_output_container_untouched_default_2023: Passed.
                                        sv_task_output_container_formal_compat: Passed.
                                   sv_task_output_container_formal_compat_2023: Passed.
                                          sv_task_output_container_formal_fail: Passed - CE.
                                     sv_task_output_container_formal_fail_2023: Passed - CE.
                                   sv_nonvoid_function_container_formal_compat: Passed.
                              sv_nonvoid_function_container_formal_compat_2023: Passed.
                                                sv_fixed_output_copyback_shape: Passed.
                                           sv_fixed_output_copyback_shape_2023: Passed.
                                               sv_nonvoid_function_fixed_slice: Passed.
                                          sv_nonvoid_function_fixed_slice_2023: Passed.
                                         sv_nonvoid_function_fixed_formal_fail: Passed - CE.
                                    sv_nonvoid_function_fixed_formal_fail_2023: Passed - CE.
                                     sv_nonvoid_function_container_formal_fail: Passed - CE.
                                sv_nonvoid_function_container_formal_fail_2023: Passed - CE.
                                    sv_subroutine_nested_container_formal_fail: Passed - CE.
                               sv_subroutine_nested_container_formal_fail_2023: Passed - CE.
                               sv_subroutine_fixed_container_state_formal_fail: Passed - CE.
                          sv_subroutine_fixed_container_state_formal_fail_2023: Passed - CE.
                                               sv_empty_task_input_side_effect: Passed.
                                          sv_empty_task_input_side_effect_2023: Passed.
                                              sv_static_task_output_auto_frame: Passed.
                                         sv_static_task_output_auto_frame_2023: Passed.
                                              sv_container_cross_kind_builders: Passed.
                                         sv_container_cross_kind_builders_2023: Passed.
                                sv_selected_container_struct_fixed_member_read: Passed.
                           sv_selected_container_struct_fixed_member_read_2023: Passed.
                                         sv_unpacked_concat_nested_scalar_fail: Passed - CE.
                                    sv_unpacked_concat_nested_scalar_fail_2023: Passed - CE.
                                            sv_container_cross_kind_provenance: Passed.
                                       sv_container_cross_kind_provenance_2023: Passed.
                                                    sv_container_explicit_cast: Passed.
                                               sv_container_explicit_cast_2023: Passed.
                                        sv_positional_container_bitstream_cast: Passed.
                                   sv_positional_container_bitstream_cast_2023: Passed.
                              sv_positional_container_bitstream_cast_size_fail: Passed - RE.
                         sv_positional_container_bitstream_cast_size_fail_2023: Passed - RE.
                             sv_positional_container_bitstream_cast_bound_fail: Passed - RE.
                        sv_positional_container_bitstream_cast_bound_fail_2023: Passed - RE.
                                        sv_container_conditional_explicit_cast: Passed.
                                   sv_container_conditional_explicit_cast_2023: Passed.
                                   sv_container_conditional_explicit_cast_fail: Passed - CE.
                              sv_container_conditional_explicit_cast_fail_2023: Passed - CE.
                                         sv_positional_assoc_element_same_type: Passed.
                                    sv_positional_assoc_element_same_type_2023: Passed.
                                         sv_positional_assoc_element_cast_fail: Passed - CE.
                                    sv_positional_assoc_element_cast_fail_2023: Passed - CE.
                                 sv_nonvoid_function_assoc_element_formal_fail: Passed - CE.
                            sv_nonvoid_function_assoc_element_formal_fail_2023: Passed - CE.
                                               sv_container_explicit_cast_fail: Passed - CE.
                                          sv_container_explicit_cast_fail_2023: Passed - CE.
                                       sv_container_explicit_cast_fail_reverse: Passed - CE.
                                  sv_container_explicit_cast_fail_reverse_2023: Passed - CE.
                                                    sv_always_comb_fixed_point: Passed.
                                              sv_always_comb_named_fixed_point: Passed.
                                            sv_always_comb_observer_visibility: Passed.
                                    sv_always_comb_assertion_action_visibility: Passed.
                                                      sv_vif_function_dispatch: Passed.
                                                 sv_vif_function_dispatch_2023: Passed.
                                       sv_vif_function_static_formal_semantics: Passed.
                                  sv_vif_function_static_formal_semantics_2023: Passed.
                                                     sv_vif_null_function_fail: Passed - RE.
                                                sv_vif_null_function_fail_2023: Passed - RE.
                                         sv_vif_null_function_no_instance_fail: Passed - RE.
                                    sv_vif_null_function_no_instance_fail_2023: Passed - RE.
                                             sv_vif_function_statement_discard: Passed.
                                        sv_vif_function_statement_discard_2023: Passed.
                                sv_vif_function_parameterized_candidate_filter: Passed.
                           sv_vif_function_parameterized_candidate_filter_2023: Passed.
                                            sv_vif_function_recursive_dispatch: Passed.
                                       sv_vif_function_recursive_dispatch_2023: Passed.
                                    sv_vif_function_static_object_stack_growth: Passed.
                               sv_vif_function_static_object_stack_growth_2023: Passed.
                                    sv_vif_function_named_then_positional_fail: Passed - CE.
                               sv_vif_function_named_then_positional_fail_2023: Passed - CE.
                             sv_vif_null_function_no_instance_missing_arg_fail: Passed - CE.
                        sv_vif_null_function_no_instance_missing_arg_fail_2023: Passed - CE.
                                             sv_vif_function_copyback_arg_fail: Passed - CE.
                                        sv_vif_function_copyback_arg_fail_2023: Passed - CE.
                                                sv_vif_function_fixed_arg_fail: Passed - CE.
                                           sv_vif_function_fixed_arg_fail_2023: Passed - CE.
                                             sv_vif_function_fixed_return_fail: Passed - CE.
                                        sv_vif_function_fixed_return_fail_2023: Passed - CE.
                             sv_interface_port_array_function_sensitivity_2012: Passed.
                                  sv_interface_port_array_function_sensitivity: Passed.
                             sv_interface_port_array_function_sensitivity_2023: Passed.
                                               sv_interface_port_forward_chain: Passed.
                                          sv_interface_port_forward_chain_2023: Passed.
                                              sv_interface_port_forward_direct: Passed.
                                         sv_interface_port_forward_direct_2023: Passed.
                                              sv_interface_port_forward_onehop: Passed.
                                         sv_interface_port_forward_onehop_2023: Passed.
                                                sv_interface_port_forward_null: Passed - RE.
                                           sv_interface_port_forward_null_2023: Passed - RE.
                                       sv_vif_parameter_specialization_members: Passed.
                                  sv_vif_parameter_specialization_members_2023: Passed.
                                   sv_vif_parameter_specialization_class_cache: Passed.
                              sv_vif_parameter_specialization_class_cache_2023: Passed.
                              sv_vif_parameter_specialization_cache_provenance: Passed.
                         sv_vif_parameter_specialization_cache_provenance_2023: Passed.
                                       sv_vif_parameter_specialization_methods: Passed.
                                  sv_vif_parameter_specialization_methods_2023: Passed.
                                          sv_vif_parameter_specialization_pins: Passed.
                                     sv_vif_parameter_specialization_pins_2023: Passed.
                                                 sv_vif_modport_prototype_fail: Passed - CE.
                                            sv_vif_modport_prototype_fail_2023: Passed - CE.
                               sv_vif_parameter_specialization_assignment_fail: Passed - CE.
                          sv_vif_parameter_specialization_assignment_fail_2023: Passed - CE.
                               sv_vif_parameter_specialization_comparison_fail: Passed - CE.
                          sv_vif_parameter_specialization_comparison_fail_2023: Passed - CE.
                                 sv_vif_parameter_specialization_defparam_fail: Passed - CE.
                            sv_vif_parameter_specialization_defparam_fail_2023: Passed - CE.
                                     sv_vif_parameter_specialization_null_fail: Passed - RE.
                                sv_vif_parameter_specialization_null_fail_2023: Passed - RE.
                          sv_interface_port_selected_actual_unqualified_formal: Passed.
                     sv_interface_port_selected_actual_unqualified_formal_2023: Passed.
                                              sv_vif_modport_identifier_import: Passed.
                                         sv_vif_modport_identifier_import_2023: Passed.
                                         sv_modport_tf_prototype_recovery_fail: Passed - CE.
                                    sv_modport_tf_prototype_recovery_fail_2023: Passed - CE.
                                                sv_modport_export_missing_fail: Passed - CE.
                                           sv_modport_export_missing_fail_2023: Passed - CE.
                               sv_vif_parameter_specialization_allocator_reuse: Passed.
                          sv_vif_parameter_specialization_allocator_reuse_2023: Passed.
                            sv_vif_parameter_specialization_queue_bound_layout: Passed.
                       sv_vif_parameter_specialization_queue_bound_layout_2023: Passed.
                                                sv_typed_mailbox_type_identity: Passed.
                                           sv_typed_mailbox_type_identity_2023: Passed.
                                         sv_typed_mailbox_expression_type_fail: Passed - CE.
                                    sv_typed_mailbox_expression_type_fail_2023: Passed - CE.
                                               sv_typed_mailbox_statement_type: Passed.
                                          sv_typed_mailbox_statement_type_2023: Passed.
                                          sv_typed_mailbox_statement_type_fail: Passed - CE.
                                     sv_typed_mailbox_statement_type_fail_2023: Passed - CE.
                                            sv_mailbox_ref_output_assoc_signal: Passed.
                                       sv_mailbox_ref_output_assoc_signal_2023: Passed.
                                          sv_mailbox_ref_output_class_property: Passed.
                                     sv_mailbox_ref_output_class_property_2023: Passed.
                                                  sv_mailbox_ref_output_lvalue: Passed.
                                             sv_mailbox_ref_output_lvalue_2023: Passed.
                                                    sv_mailbox_ref_output_fail: Passed - CE.
                                               sv_mailbox_ref_output_fail_2023: Passed - CE.
                                  sv_modport_tf_prototype_syntax_recovery_fail: Passed - CE.
                             sv_modport_tf_prototype_syntax_recovery_fail_2023: Passed - CE.
                                 sv_interface_port_selected_actual_access_fail: Passed - CE.
                            sv_interface_port_selected_actual_access_fail_2023: Passed - CE.
                                             sv_vif_modport_hidden_method_fail: Passed - CE.
                                        sv_vif_modport_hidden_method_fail_2023: Passed - CE.
                                 sv_vif_modport_prototype_earlier_default_fail: Passed - CE.
                            sv_vif_modport_prototype_earlier_default_fail_2023: Passed - CE.
                                   sv_vif_modport_prototype_type_mismatch_fail: Passed - CE.
                              sv_vif_modport_prototype_type_mismatch_fail_2023: Passed - CE.
                         sv_interface_port_selected_actual_export_missing_fail: Passed - CE.
                    sv_interface_port_selected_actual_export_missing_fail_2023: Passed - CE.
                                      sv_modport_function_implicit_return_fail: Passed - CE.
                                 sv_modport_function_implicit_return_fail_2023: Passed - CE.
                                                  sv_modport_tf_duplicate_fail: Passed - CE.
                                             sv_modport_tf_duplicate_fail_2023: Passed - CE.
                                    sv_modport_tf_prototype_file_recovery_fail: Passed - CE.
                               sv_modport_tf_prototype_file_recovery_fail_2023: Passed - CE.
                                          sv_vif_local_nominal_function_result: Passed.
                                     sv_vif_local_nominal_function_result_2023: Passed.
                                     sv_vif_local_nominal_function_result_fail: Passed - CE.
                                sv_vif_local_nominal_function_result_fail_2023: Passed - CE.
                                                   sv_vif_task_scalar_copyback: Passed.
                                              sv_vif_task_scalar_copyback_2023: Passed.
                                              sv_vif_task_scalar_copyback_fail: Passed - CE.
                                         sv_vif_task_scalar_copyback_fail_2023: Passed - CE.
                                             sv_fixed_container_array_elements: Passed.
                                        sv_fixed_container_array_elements_2023: Passed.
                                              sv_foreach_package_scoped_target: Passed.
                                         sv_foreach_package_scoped_target_2023: Passed.
                                                sv_foreach_package_param_array: Passed.
                                           sv_foreach_package_param_array_2023: Passed.
                                            sv_array_parameter_typedef_pattern: Passed.
                                              sv_foreach_package_param_missing: Passed - CE.
                                         sv_foreach_package_param_missing_2023: Passed - CE.
                                             sv_foreach_package_param_nonarray: Passed - CE.
                                        sv_foreach_package_param_nonarray_2023: Passed - CE.
                                             sv_class_packed_struct_queue_size: Passed.
                                        sv_class_packed_struct_queue_size_2023: Passed.
                                      sv_class_packed_struct_missing_size_fail: Passed - CE.
                                 sv_class_packed_struct_missing_size_fail_2023: Passed - CE.
                                               sv_constraint_cast_unbased_fill: Passed.
                                          sv_constraint_cast_unbased_fill_2023: Passed.
                                sv_constraint_cast_unbased_fill_fourstate_fail: Passed - CE.
                           sv_constraint_cast_unbased_fill_fourstate_fail_2023: Passed - CE.
                                     sv_constraint_cast_unbased_fill_wide_fail: Passed - CE.
                                sv_constraint_cast_unbased_fill_wide_fail_2023: Passed - CE.
                                              sv_param_string_override_untyped: Passed.
                                         sv_param_string_override_untyped_2023: Passed.
                                                     sv_param_string_cast_fail: Passed - CE.
                                          sv_interface_instance_name_collision: Passed.
                                     sv_interface_instance_name_collision_2023: Passed.
                                           sv_param_unsized_unpacked_dimension: Passed.
                                      sv_param_unsized_unpacked_dimension_2023: Passed.
                                                sv_param_unsized_multidim_fail: Passed - CE.
                                 sv_class_type_param_scoped_call_template_seed: Passed.
                            sv_class_type_param_scoped_call_template_seed_2023: Passed.
                                        sv_class_type_param_bound_missing_fail: Passed - CE.
                                         sv_class_type_param_default_spec_fail: Passed - CE.
                                      sv_class_type_param_virtual_default_seed: Passed.
                                 sv_class_type_param_virtual_default_seed_2023: Passed.
                                           sv_class_virtual_new_in_method_fail: Passed - CE.
                                          sv_param_string_array_runtime_access: Passed.
                                     sv_param_string_array_runtime_access_2023: Passed.
                                        sv_class_parenless_method_via_property: Passed.
                                   sv_class_parenless_method_via_property_2023: Passed.
                                         sv_class_parenless_unqualified_method: Passed.
                                    sv_class_parenless_unqualified_method_2023: Passed.
                                            sv_ref_queue_formal_unrelated_fork: Passed.
                                       sv_ref_queue_formal_unrelated_fork_2023: Passed.
                                             sv_constraint_const_sysfunc_clog2: Passed.
                                        sv_constraint_const_sysfunc_clog2_2023: Passed.
                                       sv_constraint_foreach_object_queue_prop: Passed.
                                  sv_constraint_foreach_object_queue_prop_2023: Passed.
                                          sv_class_seed_derived_specialization: Passed.
                                     sv_class_seed_derived_specialization_2023: Passed.
                                               sv_constraint_clog2_unsupported: Passed - CE.
                                          sv_constraint_clog2_unsupported_2023: Passed - CE.
                                          sv_constraint_foreach_selected_queue: Passed.
                                     sv_constraint_foreach_selected_queue_2023: Passed.
                                            sv_constraint_foreach_index_signed: Passed.
                                       sv_constraint_foreach_index_signed_2023: Passed.
                                            sv_constraint_foreach_state_guards: Passed.
                                       sv_constraint_foreach_state_guards_2023: Passed.
                                             sv_queue_selected_receiver_assign: Passed.
                                        sv_queue_selected_receiver_assign_2023: Passed.
                                            sv_constraint_foreach_state_errors: Passed.
                                       sv_constraint_foreach_state_errors_2023: Passed.
                                sv_constraint_foreach_undotted_selected_prefix: Passed.
                                    sv_constraint_foreach_selected_unsupported: Passed - CE.
                               sv_constraint_foreach_selected_unsupported_2023: Passed - CE.
                                           sv_constraint_foreach_member_access: Passed - CE.
                                      sv_constraint_foreach_member_access_2023: Passed - CE.
                                                    sv_randomize_dynamic_hooks: Passed.
                                               sv_randomize_dynamic_hooks_2023: Passed.
                                                     sv_randomize_hook_context: Passed.
                                                sv_randomize_hook_context_2023: Passed.
                                               sv_randomize_hook_escaped_names: Passed.
                                          sv_randomize_hook_escaped_names_2023: Passed.
                                                     sv_randomize_member_hooks: Passed.
                                                sv_randomize_member_hooks_2023: Passed.
                                              sv_randomize_member_reachability: Passed.
                                         sv_randomize_member_reachability_2023: Passed.
                                                 sv_randomize_member_selection: Passed.
                                            sv_randomize_member_selection_2023: Passed.
                                           sv_randomize_member_container_modes: Passed.
                                      sv_randomize_member_container_modes_2023: Passed.
                                              sv_randomize_member_nested_hooks: Passed.
                                         sv_randomize_member_nested_hooks_2023: Passed.
                                                    sv_randomize_global_domain: Passed.
                                               sv_randomize_global_domain_2023: Passed.
                                                sv_randomize_global_alias_soft: Passed.
                                           sv_randomize_global_alias_soft_2023: Passed.
                                                sv_randomize_global_soft_order: Passed.
                                           sv_randomize_global_soft_order_2023: Passed.
                                                     sv_randomize_global_randc: Passed.
                                                sv_randomize_global_randc_2023: Passed.
                                             sv_randomize_global_owner_domains: Passed.
                                        sv_randomize_global_owner_domains_2023: Passed.
                                           sv_randomize_global_source_priority: Passed.
                                      sv_randomize_global_source_priority_2023: Passed.
                                          sv_randomize_global_handle_size_fail: Passed.
                                     sv_randomize_global_handle_size_fail_2023: Passed.
                                                sv_randomize_global_cycle_fail: Passed.
                                           sv_randomize_global_cycle_fail_2023: Passed.
                                                   sv_randomize_global_uniform: Passed.
                                              sv_randomize_global_uniform_2023: Passed.
                                             sv_randomize_global_sampling_fail: Passed.
                                        sv_randomize_global_sampling_fail_2023: Passed.
                                        sv_constraint_prototype_collision_fail: Passed - CE.
                                   sv_constraint_prototype_collision_fail_2023: Passed - CE.
                                              sv_randomize_global_history_fail: Passed.
                                         sv_randomize_global_history_fail_2023: Passed.
                                         sv_randomize_global_container_history: Passed.
                                    sv_randomize_global_container_history_2023: Passed.
                                                sv_randomize_global_queue_fail: Passed.
                                           sv_randomize_global_queue_fail_2023: Passed.
                                          sv_scope_randomize_local_queue_exact: Passed.
                                     sv_scope_randomize_local_queue_exact_2023: Passed.
                                    sv_scope_randomize_local_queue_unsupported: Passed.
                               sv_scope_randomize_local_queue_unsupported_2023: Passed.
                                                 sv_constraint_handle_identity: Passed.
                                            sv_constraint_handle_identity_2023: Passed.
                                                   sv_constraint_handle_inline: Passed.
                                              sv_constraint_handle_inline_2023: Passed.
                                                 sv_constraint_handle_rollback: Passed.
                                            sv_constraint_handle_rollback_2023: Passed.
                                              sv_constraint_handle_state_guard: Passed.
                                         sv_constraint_handle_state_guard_2023: Passed.
                                                sv_constraint_handle_selection: Passed.
                                           sv_constraint_handle_selection_2023: Passed.
                                                 sv_constraint_handle_guard_xz: Passed.
                                            sv_constraint_handle_guard_xz_2023: Passed.
                                                  sv_constraint_handle_foreach: Passed.
                                             sv_constraint_handle_foreach_2023: Passed.
                                                sv_constraint_handle_case_fail: Passed - CE.
                                           sv_constraint_handle_case_fail_2023: Passed - CE.
                                         sv_constraint_handle_inline_case_fail: Passed - CE.
                                    sv_constraint_handle_inline_case_fail_2023: Passed - CE.
                                          sv_constraint_handle_scope_case_fail: Passed - CE.
                                     sv_constraint_handle_scope_case_fail_2023: Passed - CE.
                                            sv_constraint_foreach_global_alias: Passed.
                                       sv_constraint_foreach_global_alias_2023: Passed.
                                          sv_constraint_foreach_inactive_width: Passed.
                                     sv_constraint_foreach_inactive_width_2023: Passed.
                                             sv_constraint_foreach_assoc_state: Passed.
                                        sv_constraint_foreach_assoc_state_2023: Passed.
                                                sv_randomize_global_components: Passed.
                                           sv_randomize_global_components_2023: Passed.
                                           sv_randomize_global_dist_components: Passed.
                                      sv_randomize_global_dist_components_2023: Passed.
                                           sv_randomize_global_components_fail: Passed.
                                      sv_randomize_global_components_fail_2023: Passed.
                                                     sv_fork_function_children: Passed.
                                                sv_fork_function_children_2023: Passed.
                                                            sv_fork_null_child: Passed.
                                                       sv_fork_null_child_2023: Passed.
                                                           sv_fork_empty_child: Passed.
                                                      sv_fork_empty_child_2023: Passed.
                                                  sv_fork_deferred_null_action: Passed.
                                             sv_fork_deferred_null_action_2023: Passed.
                                                     sv_fork_singleton_process: Passed.
                                                sv_fork_singleton_process_2023: Passed.
                                                     sv_fork_singleton_control: Passed.
                                                sv_fork_singleton_control_2023: Passed.
                                                   sv_randomize_global_ordered: Passed.
                                              sv_randomize_global_ordered_2023: Passed.
                                              sv_randomize_global_ordered_fail: Passed.
                                         sv_randomize_global_ordered_fail_2023: Passed.
                                             sv_randomize_global_ordered_limit: Passed.
                                        sv_randomize_global_ordered_limit_2023: Passed.
                                                   sv_constraint_inline_reject: Passed - CE.
                                              sv_constraint_inline_reject_2023: Passed - CE.
                                                    sv_constraint_inline_empty: Passed.
                                               sv_constraint_inline_empty_2023: Passed.
                                                    sv_foreach_selected_member: Passed.
                                               sv_foreach_selected_member_2023: Passed.
                                                   sv_foreach_selected_missing: Passed - CE.
                                              sv_foreach_selected_missing_2023: Passed - CE.
                                                     sv_foreach_selected_comma: Passed - CE.
                                                sv_foreach_selected_comma_2023: Passed - CE.
                                                         sv_auto_block_reentry: Passed.
                                                    sv_auto_block_reentry_2023: Passed.
                                                sv_auto_event_ancestor_history: Passed.
                                           sv_auto_event_ancestor_history_2023: Passed.
                                              sv_covergroup_merged_value_union: Passed.
                                         sv_covergroup_merged_value_union_2023: Passed.
                                                sv_covergroup_instance_average: Passed.
                                           sv_covergroup_instance_average_2023: Passed.
                                                   sv_covergroup_average_empty: Passed.
                                              sv_covergroup_average_empty_2023: Passed.
                                          sv_covergroup_inst_option_write_fail: Passed - CE.
                                     sv_covergroup_inst_option_write_fail_2023: Passed - CE.
                                                  sv_covergroup_parent_options: Passed.
                                             sv_covergroup_parent_options_2023: Passed.
                                              sv_covergroup_four_state_options: Passed.
                                         sv_covergroup_four_state_options_2023: Passed.
                                                    sv_covergroup_option_scope: Passed.
                                               sv_covergroup_option_scope_2023: Passed.
                                                     sv_covergroup_type_weight: Passed.
                                                sv_covergroup_type_weight_2023: Passed.
                                                sv_covergroup_type_weight_zero: Passed.
                                           sv_covergroup_type_weight_zero_2023: Passed.
                                       sv_covergroup_type_weight_negative_fail: Passed - CE.
                                  sv_covergroup_type_weight_negative_fail_2023: Passed - CE.
                                    sv_covergroup_type_weight_nonconstant_fail: Passed - CE.
                               sv_covergroup_type_weight_nonconstant_fail_2023: Passed - CE.
                                         sv_covergroup_type_weight_signed_fail: Passed - CE.
                                    sv_covergroup_type_weight_signed_fail_2023: Passed - CE.
                                                     sv_assert_attempt_verdict: Passed.
                                                sv_assert_attempt_verdict_2023: Passed.
                                       sv_assert_literal_overlap_failure_count: Passed.
                                  sv_assert_literal_overlap_failure_count_2023: Passed.
                                          sv_assert_literal_overlap_boundaries: Passed.
                                     sv_assert_literal_overlap_boundaries_2023: Passed.
                                                      sv_assert_vacuous_action: Passed.
                                                 sv_assert_vacuous_action_2023: Passed.
                                                   sv_assert_long_register_999: Passed.
                                              sv_assert_long_register_999_2023: Passed.
                                                  sv_assert_long_register_1000: Passed.
                                             sv_assert_long_register_1000_2023: Passed.
                                                  sv_assert_long_register_1001: Passed.
                                             sv_assert_long_register_1001_2023: Passed.
                                            sv_assert_parameter_vacuous_action: Passed.
                                       sv_assert_parameter_vacuous_action_2023: Passed.
                                               sv_assert_window_vacuous_action: Passed.
                                          sv_assert_window_vacuous_action_2023: Passed.
                                                     sv_assert_vacuous_disable: Passed.
                                                sv_assert_vacuous_disable_2023: Passed.
                                             sv_assert_symbolic_parent_verdict: Passed.
                                        sv_assert_symbolic_parent_verdict_2023: Passed.
                                          sv_assert_symbolic_parent_boundaries: Passed.
                                     sv_assert_symbolic_parent_boundaries_2023: Passed.
                                               sv_assert_symbolic_empty_window: Passed.
                                          sv_assert_symbolic_empty_window_2023: Passed.
                                             sv_assert_symbolic_parent_overlap: Passed.
                                        sv_assert_symbolic_parent_overlap_2023: Passed.
                                          sv_assert_symbolic_parent_zero_range: Passed.
                                     sv_assert_symbolic_parent_zero_range_2023: Passed.
                                         sv_assert_symbolic_empty_overlap_fail: Passed - CE.
                                    sv_assert_symbolic_empty_overlap_fail_2023: Passed - CE.
                                              sv_assert_symbolic_parent_cancel: Passed.
                                         sv_assert_symbolic_parent_cancel_2023: Passed.
                                                sv_assert_cycle_delay_override: Passed.
                                           sv_assert_cycle_delay_override_2023: Passed.
                                                   sv_assert_cycle_delay_empty: Passed.
                                              sv_assert_cycle_delay_empty_2023: Passed.
                                                  sv_assert_cycle_delay_cancel: Passed.
                                             sv_assert_cycle_delay_cancel_2023: Passed.
                                                 sv_cover_cycle_delay_override: Passed.
                                            sv_cover_cycle_delay_override_2023: Passed.
                                           sv_assert_cycle_delay_negative_fail: Passed - CE.
                                      sv_assert_cycle_delay_negative_fail_2023: Passed - CE.
                                            sv_assert_cycle_delay_unknown_fail: Passed - CE.
                                       sv_assert_cycle_delay_unknown_fail_2023: Passed - CE.
                                    sv_assert_cycle_delay_offset_negative_fail: Passed - CE.
                               sv_assert_cycle_delay_offset_negative_fail_2023: Passed - CE.
                                        sv_assert_cycle_delay_composition_fail: Passed - CE.
                                   sv_assert_cycle_delay_composition_fail_2023: Passed - CE.
                                           sv_assert_cycle_delay_operand_width: Passed.
                                      sv_assert_cycle_delay_operand_width_2023: Passed.
                                               sv_assert_nested_sequence_alias: Passed.
                                          sv_assert_nested_sequence_alias_2023: Passed.
                                              sv_assert_nested_sequence_shadow: Passed.
                                         sv_assert_nested_sequence_shadow_2023: Passed.
                                        sv_assert_nested_sequence_actual_scope: Passed.
                                   sv_assert_nested_sequence_actual_scope_2023: Passed.
                                          sv_assert_sequence_branch_cycle_fail: Passed - CE.
                                     sv_assert_sequence_branch_cycle_fail_2023: Passed - CE.
                                          sv_assert_sequence_mutual_cycle_fail: Passed - CE.
                                     sv_assert_sequence_mutual_cycle_fail_2023: Passed - CE.
                                          sv_assert_sequence_actual_cycle_fail: Passed - CE.
                                     sv_assert_sequence_actual_cycle_fail_2023: Passed - CE.
                                          sv_automatic_integral_default_events: Passed.
                                     sv_automatic_integral_default_events_2023: Passed.
                                       sv_automatic_integral_default_recursive: Passed.
                                  sv_automatic_integral_default_recursive_2023: Passed.
                                       sv_automatic_boolean_history_expression: Passed.
                                  sv_automatic_boolean_history_expression_2023: Passed.
                                           sv_automatic_boolean_mixed_operands: Passed.
                                      sv_automatic_boolean_mixed_operands_2023: Passed.
                                         sv_automatic_boolean_chained_operands: Passed.
                                    sv_automatic_boolean_chained_operands_2023: Passed.
                                            sv_automatic_boolean_default_chain: Passed.
                                       sv_automatic_boolean_default_chain_2023: Passed.
                                           sv_automatic_boolean_nba_coalescing: Passed.
                                      sv_automatic_boolean_nba_coalescing_2023: Passed.
                                                sv_automatic_boolean_recursive: Passed.
                                           sv_automatic_boolean_recursive_2023: Passed.
                                             sv_foreach_selected_member_string: Passed.
                                        sv_foreach_selected_member_string_2023: Passed.
                                               sv_foreach_selected_member_keys: Passed.
                                          sv_foreach_selected_member_keys_2023: Passed.
                                          sv_foreach_selected_member_inherited: Passed.
                                     sv_foreach_selected_member_inherited_2023: Passed.
                                             sv_foreach_selected_member_shadow: Passed.
                                        sv_foreach_selected_member_shadow_2023: Passed.
                                           sv_foreach_selected_member_lifetime: Passed.
                                      sv_foreach_selected_member_lifetime_2023: Passed.
                                              sv_covergroup_merged_wide_totals: Passed.
                                         sv_covergroup_merged_wide_totals_2023: Passed.
                                           sv_covergroup_merged_cross_universe: Passed.
                                      sv_covergroup_merged_cross_universe_2023: Passed.
                                           sv_covergroup_merged_cross_identity: Passed.
                                      sv_covergroup_merged_cross_identity_2023: Passed.
                                          sv_covergroup_merged_cross_threshold: Passed.
                                     sv_covergroup_merged_cross_threshold_2023: Passed.
                                              sv_covergroup_merged_cross_named: Passed.
                                         sv_covergroup_merged_cross_named_2023: Passed.
                                             sv_covergroup_merged_cross_parent: Passed.
                                        sv_covergroup_merged_cross_parent_2023: Passed.
                                          sv_covergroup_merged_cross_retention: Passed.
                                         sv_covergroup_merged_cross_transition: Passed.
                                    sv_covergroup_merged_cross_transition_2023: Passed.
                                                sv_covergroup_item_type_weight: Passed.
                                           sv_covergroup_item_type_weight_2023: Passed.
                                          sv_covergroup_item_type_weight_cross: Passed.
                                     sv_covergroup_item_type_weight_cross_2023: Passed.
                                          sv_covergroup_item_type_weight_modes: Passed.
                                     sv_covergroup_item_type_weight_modes_2023: Passed.
                                           sv_covergroup_item_type_weight_zero: Passed.
                                      sv_covergroup_item_type_weight_zero_2023: Passed.
                                          sv_covergroup_item_type_weight_scope: Passed.
                                     sv_covergroup_item_type_weight_scope_2023: Passed.
                                  sv_covergroup_item_type_weight_negative_fail: Passed - CE.
                             sv_covergroup_item_type_weight_negative_fail_2023: Passed - CE.
                                    sv_covergroup_item_type_weight_signed_fail: Passed - CE.
                               sv_covergroup_item_type_weight_signed_fail_2023: Passed - CE.
                               sv_covergroup_item_type_weight_nonconstant_fail: Passed - CE.
                          sv_covergroup_item_type_weight_nonconstant_fail_2023: Passed - CE.
                                  sv_covergroup_item_type_weight_compound_fail: Passed - CE.
                             sv_covergroup_item_type_weight_compound_fail_2023: Passed - CE.
                            sv_covergroup_item_type_weight_group_compound_fail: Passed - CE.
                       sv_covergroup_item_type_weight_group_compound_fail_2023: Passed - CE.
                            sv_covergroup_item_type_weight_point_compound_fail: Passed - CE.
                       sv_covergroup_item_type_weight_point_compound_fail_2023: Passed - CE.
                                                 sv_covergroup_type_population: Passed.
                                            sv_covergroup_type_population_2023: Passed.
                                           sv_covergroup_type_population_cross: Passed.
                                      sv_covergroup_type_population_cross_2023: Passed.
                                           sv_covergroup_type_population_modes: Passed.
                                      sv_covergroup_type_population_modes_2023: Passed.
                                                     sv_ustruct_queue_defaults: Passed.
                                                sv_ustruct_queue_defaults_2023: Passed.
                                 sv_ustruct_queue_defaults_array_boundary_fail: Passed - CE.
                            sv_ustruct_queue_defaults_array_boundary_fail_2023: Passed - CE.
                                           sv_ustruct_queue_defaults_kind_fail: Passed - CE.
                                      sv_ustruct_queue_defaults_kind_fail_2023: Passed - CE.
                                    sv_ustruct_queue_defaults_nonconstant_fail: Passed - CE.
                               sv_ustruct_queue_defaults_nonconstant_fail_2023: Passed - CE.
                                               sv_ustruct_queue_defaults_scope: Passed.
                                          sv_ustruct_queue_defaults_scope_2023: Passed.
                                 sv_ustruct_queue_defaults_shape_boundary_fail: Passed - CE.
                            sv_ustruct_queue_defaults_shape_boundary_fail_2023: Passed - CE.
                                              sv_ustruct_queue_defaults_shapes: Passed.
                                         sv_ustruct_queue_defaults_shapes_2023: Passed.
                                                          sv_queue_last_lvalue: Passed.
                                                     sv_queue_last_lvalue_2023: Passed.
                                                    sv_queue_last_lvalue_parts: Passed.
                                               sv_queue_last_lvalue_parts_2023: Passed.
                                                    sv_queue_last_lvalue_empty: Passed.
                                               sv_queue_last_lvalue_empty_2023: Passed.
                                                      sv_queue_last_lvalue_nba: Passed.
                                                 sv_queue_last_lvalue_nba_2023: Passed.
                                                  sv_queue_last_lvalue_invalid: Passed - CE.
                                             sv_queue_last_lvalue_invalid_2023: Passed - CE.
                                              sv_process_kill_task_descendants: Passed.
                                         sv_process_kill_task_descendants_2023: Passed.
                                                     sv_process_kill_task_self: Passed.
                                                sv_process_kill_task_self_2023: Passed.
                                                 sv_process_kill_task_resource: Passed.
                                            sv_process_kill_task_resource_2023: Passed.
                                                         sv_scoped_type_actual: Passed.
                                                    sv_scoped_type_actual_2023: Passed.
                                             sv_scoped_type_actual_escape_fail: Passed - CE.
                                        sv_scoped_type_actual_escape_fail_2023: Passed - CE.
                                              sv_scoped_type_actual_index_fail: Passed - CE.
                                         sv_scoped_type_actual_index_fail_2023: Passed - CE.
                                         sv_scoped_type_actual_specializations: Passed.
                                    sv_scoped_type_actual_specializations_2023: Passed.
                                             sv_scoped_type_actual_values_fail: Passed - CE.
                                        sv_scoped_type_actual_values_fail_2023: Passed - CE.
                                           sv_class_recursive_argument_context: Passed.
                                      sv_class_recursive_argument_context_2023: Passed.
                                                    sv_recursive_output_actual: Passed.
                                               sv_recursive_output_actual_2023: Passed.
                                                     sv_recursive_output_index: Passed.
                                                sv_recursive_output_index_2023: Passed.
                                                     sv_recursive_output_types: Passed.
                                                sv_recursive_output_types_2023: Passed.
                                                sv_function_scalar_output_once: Passed.
                                           sv_function_scalar_output_once_2023: Passed.
                                            sv_function_scalar_output_defaults: Passed.
                                       sv_function_scalar_output_defaults_2023: Passed.
                                                sv_fixed_property_output_types: Passed.
                                           sv_fixed_property_output_types_2023: Passed.
                                                sv_fixed_property_output_index: Passed.
                                           sv_fixed_property_output_index_2023: Passed.
                                              sv_fixed_property_output_invalid: Passed.
                                         sv_fixed_property_output_invalid_2023: Passed.
                                          sv_fixed_property_output_string_fail: Passed - CE.
                                     sv_fixed_property_output_string_fail_2023: Passed - CE.
                                                        sv_member_delay_compat: Passed.
                                                   sv_member_delay_compat_2023: Passed.
                                                 sv_member_delay_parenthesized: Passed.
                                            sv_member_delay_parenthesized_2023: Passed.
                                                   sv_member_delay_strict_fail: Passed - CE.
                                              sv_member_delay_strict_fail_2023: Passed - CE.
                                               sv_member_delay_expression_fail: Passed - CE.
                                          sv_member_delay_expression_fail_2023: Passed - CE.
                                                         sv_string_byte_signed: Passed.
                                                    sv_string_byte_signed_2023: Passed.
                                               sv_string_byte_unsigned_context: Passed.
                                          sv_string_byte_unsigned_context_2023: Passed.
                                                      sv_string_parameter_byte: Passed.
                                                 sv_string_parameter_byte_2023: Passed.
                                                        sv_struct_string_index: Passed.
                                                   sv_struct_string_index_2023: Passed.
                                                 sv_struct_string_index_bounds: Passed.
                                            sv_struct_string_index_bounds_2023: Passed.
                                              sv_struct_string_index_real_fail: Passed - CE.
                                         sv_struct_string_index_real_fail_2023: Passed - CE.
                                                          sv_hier_static_local: Passed.
                                                     sv_hier_static_local_2023: Passed.
                                                          sv_hier_static_event: Passed.
                                                     sv_hier_static_event_2023: Passed.
                                                  sv_hier_automatic_local_fail: Passed - CE.
                                             sv_hier_automatic_local_fail_2023: Passed - CE.
                                                 sv_hier_automatic_nested_fail: Passed - CE.
                                            sv_hier_automatic_nested_fail_2023: Passed - CE.
                                                  sv_hier_automatic_event_fail: Passed - CE.
                                             sv_hier_automatic_event_fail_2023: Passed - CE.
                                                   sv_hier_unnamed_static_fail: Passed - CE.
                                              sv_hier_unnamed_static_fail_2023: Passed - CE.
                                                    sv_inherited_method_lookup: Passed.
                                               sv_inherited_method_lookup_2023: Passed.
                                                sv_inherited_method_visibility: Passed.
                                           sv_inherited_method_visibility_2023: Passed.
                                               sv_inherited_method_static_fail: Passed - CE.
                                          sv_inherited_method_static_fail_2023: Passed - CE.
                                                 sv_macro_pasted_function_name: Passed.
                                            sv_macro_pasted_function_name_2023: Passed.
                                              sv_macro_casted_argument_balance: Passed.
                                              sv_macro_matched_bracket_actuals: Passed.
                                          sv_macro_actual_delimiter_boundaries: Passed.
                                                sv_macro_mismatched_group_fail: Passed - CE.
                                                        sv_const_handle_member: Passed.
                                                   sv_const_handle_member_2023: Passed.
                                                   sv_const_handle_rebind_fail: Passed - CE.
                                              sv_const_handle_rebind_fail_2023: Passed - CE.
                                                 sv_const_handle_property_fail: Passed - CE.
                                            sv_const_handle_property_fail_2023: Passed - CE.
                                                    sv_const_value_member_fail: Passed - CE.
                                               sv_const_value_member_fail_2023: Passed - CE.
                                                   sv_property_compound_signed: Passed.
                                              sv_property_compound_signed_2023: Passed.
                                                sv_compound_four_state_operand: Passed.
                                           sv_compound_four_state_operand_2023: Passed.
                                                   sv_compound_operation_width: Passed.
                                              sv_compound_operation_width_2023: Passed.
                                                 sv_captured_class_root_rebind: Passed.
                                            sv_captured_class_root_rebind_2023: Passed.
                                                   sv_darray_property_compound: Passed.
                                              sv_darray_property_compound_2023: Passed.
                                                         sv_process_state_type: Passed.
                                                    sv_process_state_type_2023: Passed.
                                                    sv_process_state_type_fail: Passed - CE.
                                               sv_process_state_type_fail_2023: Passed - CE.
                                                 sv_process_state_missing_root: Passed - CE.
                                            sv_process_state_missing_root_2023: Passed - CE.
                                                   sv_function_background_join: Passed.
                                              sv_function_background_join_2023: Passed.
                                              sv_function_background_join_fail: Passed - CE.
                                         sv_function_background_join_fail_2023: Passed - CE.
                                               sv_void_function_cast_statement: Passed.
                                          sv_void_function_cast_statement_2023: Passed.
                                            sv_void_function_cast_restrictions: Passed - CE.
                                       sv_void_function_cast_restrictions_2023: Passed - CE.
                                                        sv_function_return_ref: Passed.
                                                   sv_function_return_ref_2023: Passed.
                                                 sv_class_independent_defaults: Passed.
                                            sv_class_independent_defaults_2023: Passed.
                                                 sv_generic_master_static_init: Passed.
                                            sv_generic_master_static_init_2023: Passed.
                                                 sv_forwarded_type_static_init: Passed.
                                            sv_forwarded_type_static_init_2023: Passed.
                                                    sv_forwarded_callback_init: Passed.
                                               sv_forwarded_callback_init_2023: Passed.
                                                  sv_block_scope_recovery_fail: Passed - CE.
                                             sv_block_scope_recovery_fail_2023: Passed - CE.
                                            sv_named_block_scope_recovery_fail: Passed - CE.
                                       sv_named_block_scope_recovery_fail_2023: Passed - CE.
                                          sv_labeled_block_scope_recovery_fail: Passed - CE.
                                     sv_labeled_block_scope_recovery_fail_2023: Passed - CE.
                                           sv_compat_block_scope_recovery_fail: Passed - CE.
                                      sv_compat_block_scope_recovery_fail_2023: Passed - CE.
                                                   sv_fork_scope_recovery_fail: Passed - CE.
                                              sv_fork_scope_recovery_fail_2023: Passed - CE.
                                                      sv_block_scope_lifetimes: Passed.
                                                 sv_block_scope_lifetimes_2023: Passed.
                                                          sv_module_class_type: Passed.
                                                     sv_module_class_type_2023: Passed.
                                             sv_module_class_type_missing_fail: Passed - CE.
                                        sv_module_class_type_missing_fail_2023: Passed - CE.
                                            sv_module_class_type_non_type_fail: Passed - CE.
                                       sv_module_class_type_non_type_fail_2023: Passed - CE.
                                          sv_module_class_type_incomplete_fail: Passed - CE.
                                     sv_module_class_type_incomplete_fail_2023: Passed - CE.
                                           sv_module_class_type_parameter_fail: Passed - CE.
                                      sv_module_class_type_parameter_fail_2023: Passed - CE.
                                       sv_module_class_type_enum_mismatch_fail: Passed - CE.
                                  sv_module_class_type_enum_mismatch_fail_2023: Passed - CE.
                                                      sv_assoc_compound_typing: Passed.
                                                 sv_assoc_compound_typing_2023: Passed.
                                       sv_class_handle_string_specialized_fail: Passed - CE.
                                                sv_class_handle_string_seed_ok: Passed.
                                                     sv_class_body_import_fail: Passed - CE.
                                           sv_class_property_string_conversion: Passed.
                                                  sv_procedural_package_import: Passed.
                                        sv_procedural_package_import_late_fail: Passed - CE.
                                sv_procedural_package_import_substatement_fail: Passed - CE.
                                               sv_packed_mixed_driver_compound: Passed.
                                         sv_packed_indexed_subpart_read_bounds: Passed.
                                           sv_packed_wide_constant_select_read: Passed.
                                                 sv_packed_wide_select_monitor: Passed.
                                              sv_wire_procedural_compound_fail: Passed - CE.
                                                     sv_task_lookup_resolution: Passed.
                                                     sv_missing_bare_task_fail: Passed - CE.
                                                  sv_packed_prefix_read_bounds: Passed.
                                                   sv_packed_prefix_read_synth: Passed.
                                                    sv_packed_real_prefix_fail: Passed - CE.
                                                sv_packed_element_write_bounds: Passed.
                                              sv_packed_element_write_compound: Passed.
                                                   sv_packed_element_write_nba: Passed.
                                                 sv_packed_element_write_synth: Passed.
                                           sv_synth_empty_implicit_sensitivity: Passed.
                               sv_synth_empty_implicit_sensitivity_forced_fail: Passed - CE.
                                        sv_package_qualified_subroutine_lookup: Passed.
                                                     sv_self_package_enum_cast: Passed.
                                                sv_self_package_enum_cast_2023: Passed.
                                   sv_self_package_enum_cast_unknown_type_fail: Passed - CE.
                              sv_self_package_enum_cast_unknown_type_fail_2023: Passed - CE.
                                                  sv_missing_package_task_fail: Passed - CE.
                                           sv_missing_package_task_shadow_fail: Passed - CE.
                                             sv_missing_package_self_task_fail: Passed - CE.
                                           sv_indexed_hierarchical_task_lookup: Passed.
                                     sv_indexed_hierarchical_missing_task_fail: Passed - CE.
                                      sv_indexed_hierarchical_nonconstant_fail: Passed - CE.
                                     sv_indexed_hierarchical_out_of_range_fail: Passed - CE.
                                             sv_indexed_hierarchical_wide_fail: Passed - CE.
                                             sv_hierarchical_subroutine_lookup: Passed.
                                             sv_hierarchical_missing_task_fail: Passed - CE.
                                            sv_disjoint_dynamic_packed_subpart: Passed.
                                    sv_overlapping_dynamic_packed_subpart_fail: Passed - CE.
                                               sv_dynamic_packed_prefix_writes: Passed.
                                               sv_dynamic_packed_prefix_shapes: Passed.
                                                sv_dynamic_packed_prefix_synth: Passed.
                                           sv_dynamic_packed_prefix_wide_synth: Passed.
                                                sv_dynamic_packed_nonleaf_part: Passed.
                                                   sv_receiver_task_resolution: Passed.
                                              sv_unresolved_receiver_task_fail: Passed - CE.
                                     sv_constant_assignment_expression_effects: Passed.
                                          sv_constant_assignment_indexed_local: Passed - CN.
                                   sv_constant_assignment_packed_index_effects: Passed.
                           sv_constant_assignment_expression_restrictions_fail: Passed - CE.
                                   sv_runtime_assignment_expression_conversion: Passed.
                                               sv_runtime_array_element_incdec: Passed.
                                                    sv_runtime_property_incdec: Passed.
                                            sv_runtime_string_array_wide_index: Passed.
                                         sv_runtime_const_property_incdec_fail: Passed - CE.
                                            sv_runtime_array_const_incdec_fail: Passed - CE.
                                        sv_runtime_array_static_invalid_incdec: Passed.
                                                  sv_deferred_array_index_live: Passed.
                                               sv_type_parameter_static_method: Passed.
                                  sv_type_parameter_static_method_missing_fail: Passed - CE.
                                sv_type_parameter_static_method_nonstatic_fail: Passed - CE.
                                 sv_type_parameter_static_method_nonclass_fail: Passed - CE.
                           sv_type_parameter_static_method_static_context_fail: Passed - CE.
                                          sv_constraint_function_state_changes: Passed.
                                     sv_constraint_function_state_changes_2023: Passed.
                                         sv_constraint_function_state_argument: Passed.
                                    sv_constraint_function_state_argument_2023: Passed.
                                    sv_constraint_function_argument_conversion: Passed.
                               sv_constraint_function_argument_conversion_2023: Passed.
                                     sv_constraint_function_const_ref_argument: Passed.
                                sv_constraint_function_const_ref_argument_2023: Passed.
                                      sv_constraint_function_virtual_inherited: Passed.
                                 sv_constraint_function_virtual_inherited_2023: Passed.
                                     sv_constraint_function_typed_state_2state: Passed.
                                sv_constraint_function_typed_state_2state_2023: Passed.
                                     sv_constraint_function_wide_signed_return: Passed.
                                sv_constraint_function_wide_signed_return_2023: Passed.
                                         sv_constraint_function_argument_order: Passed.
                                    sv_constraint_function_argument_order_2023: Passed.
                                         sv_constraint_function_argument_chain: Passed.
                                    sv_constraint_function_argument_chain_2023: Passed.
                                        sv_constraint_function_argument_inline: Passed.
                                   sv_constraint_function_argument_inline_2023: Passed.
                                    sv_constraint_function_argument_late_unsat: Passed.
                               sv_constraint_function_argument_late_unsat_2023: Passed.
                                      sv_constraint_function_argument_inactive: Passed.
                                 sv_constraint_function_argument_inactive_2023: Passed.
                                    sv_constraint_function_argument_peer_level: Passed.
                               sv_constraint_function_argument_peer_level_2023: Passed.
                               sv_constraint_function_argument_multiple_inputs: Passed.
                          sv_constraint_function_argument_multiple_inputs_2023: Passed.
                                      sv_constraint_function_purity_local_loop: Passed.
                                 sv_constraint_function_purity_local_loop_2023: Passed.
                                      sv_constraint_function_staged_state_size: Passed.
                                 sv_constraint_function_staged_state_size_2023: Passed.
                                   sv_constraint_function_staged_state_element: Passed.
                              sv_constraint_function_staged_state_element_2023: Passed.
                                    sv_constraint_function_staged_state_member: Passed.
                               sv_constraint_function_staged_state_member_2023: Passed.
                              sv_constraint_function_expression_state_argument: Passed.
                         sv_constraint_function_expression_state_argument_2023: Passed.
                             sv_constraint_function_expression_random_argument: Passed.
                        sv_constraint_function_expression_random_argument_2023: Passed.
                                sv_constraint_function_named_default_arguments: Passed.
                           sv_constraint_function_named_default_arguments_2023: Passed.
                             sv_constraint_function_nested_expression_argument: Passed.
                        sv_constraint_function_nested_expression_argument_2023: Passed.
                            sv_constraint_function_const_ref_selected_argument: Passed.
                       sv_constraint_function_const_ref_selected_argument_2023: Passed.
                                        sv_constraint_function_static_argument: Passed.
                                   sv_constraint_function_static_argument_2023: Passed.
                               sv_constraint_function_static_argument_rollback: Passed.
                          sv_constraint_function_static_argument_rollback_2023: Passed.
                              sv_constraint_function_static_const_ref_argument: Passed.
                         sv_constraint_function_static_const_ref_argument_2023: Passed.
                                     sv_constraint_function_static_nested_read: Passed.
                                sv_constraint_function_static_nested_read_2023: Passed.
                                 sv_constraint_function_static_rollback_events: Passed.
                            sv_constraint_function_static_rollback_events_2023: Passed.
                                            sv_constraint_function_output_fail: Passed - CE.
                                       sv_constraint_function_output_fail_2023: Passed - CE.
                                             sv_constraint_function_inout_fail: Passed - CE.
                                        sv_constraint_function_inout_fail_2023: Passed - CE.
                                               sv_constraint_function_ref_fail: Passed - CE.
                                          sv_constraint_function_ref_fail_2023: Passed - CE.
                             sv_constraint_function_purity_external_write_fail: Passed - CE.
                        sv_constraint_function_purity_external_write_fail_2023: Passed - CE.
                           sv_constraint_function_purity_transitive_write_fail: Passed - CE.
                      sv_constraint_function_purity_transitive_write_fail_2023: Passed - CE.
                                        sv_constraint_function_purity_rng_fail: Passed - CE.
                                   sv_constraint_function_purity_rng_fail_2023: Passed - CE.
                                       sv_constraint_function_purity_mode_fail: Passed - CE.
                                  sv_constraint_function_purity_mode_fail_2023: Passed - CE.
                              sv_constraint_function_purity_virtual_write_fail: Passed - CE.
                         sv_constraint_function_purity_virtual_write_fail_2023: Passed - CE.
                               sv_constraint_function_purity_static_local_fail: Passed - CE.
                          sv_constraint_function_purity_static_local_fail_2023: Passed - CE.
                              sv_constraint_function_purity_file_function_fail: Passed - CE.
                         sv_constraint_function_purity_file_function_fail_2023: Passed - CE.
                              sv_constraint_function_static_selected_const_ref: Passed.
                         sv_constraint_function_static_selected_const_ref_2023: Passed.
                                    sv_constraint_function_typed_element_input: Passed.
                               sv_constraint_function_typed_element_input_2023: Passed.
                                      sv_constraint_function_typed_element_ref: Passed.
                                 sv_constraint_function_typed_element_ref_2023: Passed.
                             sv_constraint_function_typed_static_element_input: Passed.
                        sv_constraint_function_typed_static_element_input_2023: Passed.
                               sv_constraint_function_typed_static_element_ref: Passed.
                          sv_constraint_function_typed_static_element_ref_2023: Passed.
                                  sv_constraint_function_typed_member_priority: Passed.
                             sv_constraint_function_typed_member_priority_2023: Passed.
                                 sv_constraint_function_typed_element_inactive: Passed.
                            sv_constraint_function_typed_element_inactive_2023: Passed.
                                   sv_constraint_function_typed_randc_neighbor: Passed.
                              sv_constraint_function_typed_randc_neighbor_2023: Passed.
                                  sv_constraint_function_dynamic_size_priority: Passed.
                             sv_constraint_function_dynamic_size_priority_2023: Passed.
                                  sv_constraint_function_dynamic_queue_element: Passed.
                             sv_constraint_function_dynamic_queue_element_2023: Passed.
                                sv_constraint_function_dynamic_unordered_peers: Passed.
                           sv_constraint_function_dynamic_unordered_peers_2023: Passed.
                                      sv_constraint_function_dynamic_size_zero: Passed.
                                 sv_constraint_function_dynamic_size_zero_2023: Passed.
                                      sv_constraint_function_dynamic_size_mode: Passed.
                                 sv_constraint_function_dynamic_size_mode_2023: Passed.
                                    sv_constraint_function_dynamic_array_input: Passed.
                               sv_constraint_function_dynamic_array_input_2023: Passed.
                                sv_constraint_function_dynamic_array_const_ref: Passed.
                           sv_constraint_function_dynamic_array_const_ref_2023: Passed.
                                 sv_constraint_function_dynamic_array_inactive: Passed.
                            sv_constraint_function_dynamic_array_inactive_2023: Passed.
                                    sv_constraint_function_static_dynamic_size: Passed.
                               sv_constraint_function_static_dynamic_size_2023: Passed.
                           sv_constraint_function_static_dynamic_element_input: Passed.
                      sv_constraint_function_static_dynamic_element_input_2023: Passed.
                       sv_constraint_function_static_dynamic_element_const_ref: Passed.
                  sv_constraint_function_static_dynamic_element_const_ref_2023: Passed.
                                 sv_constraint_function_dynamic_randc_neighbor: Passed.
                            sv_constraint_function_dynamic_randc_neighbor_2023: Passed.
                               sv_constraint_function_dynamic_foreach_argument: Passed.
                          sv_constraint_function_dynamic_foreach_argument_2023: Passed.
                                 sv_constraint_function_dynamic_foreach_repeat: Passed.
                            sv_constraint_function_dynamic_foreach_repeat_2023: Passed.
                              sv_constraint_function_dynamic_unrelated_foreach: Passed.
                         sv_constraint_function_dynamic_unrelated_foreach_2023: Passed.
                              sv_constraint_function_dynamic_foreach_lower_ref: Passed.
                         sv_constraint_function_dynamic_foreach_lower_ref_2023: Passed.
                             sv_constraint_function_dynamic_foreach_future_ref: Passed.
                        sv_constraint_function_dynamic_foreach_future_ref_2023: Passed.
                                    sv_constraint_function_static_member_input: Passed.
                               sv_constraint_function_static_member_input_2023: Passed.
                                sv_constraint_function_static_member_const_ref: Passed.
                           sv_constraint_function_static_member_const_ref_2023: Passed.
                          sv_constraint_function_dynamic_foreach_multiple_args: Passed.
                     sv_constraint_function_dynamic_foreach_multiple_args_2023: Passed.
                                     sv_constraint_function_selected_array_sum: Passed.
                                sv_constraint_function_selected_array_sum_2023: Passed.
                              sv_constraint_function_active_selected_array_sum: Passed.
                         sv_constraint_function_active_selected_array_sum_2023: Passed.
                       sv_constraint_function_purity_static_return_retain_fail: Passed - CE.
                  sv_constraint_function_purity_static_return_retain_fail_2023: Passed - CE.
                      sv_constraint_function_purity_static_missing_return_fail: Passed - CE.
                 sv_constraint_function_purity_static_missing_return_fail_2023: Passed - CE.
                      sv_constraint_function_purity_static_partial_return_fail: Passed - CE.
                 sv_constraint_function_purity_static_partial_return_fail_2023: Passed - CE.
                                        sv_constraint_function_qualified_calls: Passed.
                                   sv_constraint_function_qualified_calls_2023: Passed.
                                   sv_constraint_function_qualified_enum_steps: Passed.
                              sv_constraint_function_qualified_enum_steps_2023: Passed.
                                sv_constraint_function_locator_nested_integral: Passed.
                           sv_constraint_function_locator_nested_integral_2023: Passed.
                                 sv_constraint_function_locator_integral_truth: Passed.
                            sv_constraint_function_locator_integral_truth_2023: Passed.
                                sv_constraint_function_locator_iterator_shadow: Passed.
                           sv_constraint_function_locator_iterator_shadow_2023: Passed.
                                   sv_constraint_function_fixed_member_control: Passed.
                              sv_constraint_function_fixed_member_control_2023: Passed.
                                  sv_constraint_function_fixed_member_multidim: Passed.
                             sv_constraint_function_fixed_member_multidim_2023: Passed.
                                  sv_constraint_function_locator_active_member: Passed.
                             sv_constraint_function_locator_active_member_2023: Passed.
                                 sv_constraint_function_locator_integral_count: Passed.
                            sv_constraint_function_locator_integral_count_2023: Passed.
                                    sv_constraint_function_locator_class_count: Passed.
                               sv_constraint_function_locator_class_count_2023: Passed.
                               sv_constraint_function_foreach_multidimensional: Passed.
                          sv_constraint_function_foreach_multidimensional_2023: Passed.
                             sv_constraint_function_foreach_omitted_dimensions: Passed.
                        sv_constraint_function_foreach_omitted_dimensions_2023: Passed.
                                  sv_constraint_function_locator_chained_count: Passed.
                             sv_constraint_function_locator_chained_count_2023: Passed.
                           sv_constraint_function_locator_chained_index_shadow: Passed.
                      sv_constraint_function_locator_chained_index_shadow_2023: Passed.
                             sv_constraint_function_locator_chained_duplicates: Passed.
                        sv_constraint_function_locator_chained_duplicates_2023: Passed.
                               sv_constraint_function_foreach_class_key_member: Passed.
                          sv_constraint_function_foreach_class_key_member_2023: Passed.
                               sv_constraint_function_foreach_active_key_alias: Passed.
                          sv_constraint_function_foreach_active_key_alias_2023: Passed.
                                sv_constraint_function_locator_selected_method: Passed.
                           sv_constraint_function_locator_selected_method_2023: Passed.
                                sv_constraint_function_foreach_soft_key_shadow: Passed.
                           sv_constraint_function_foreach_soft_key_shadow_2023: Passed.
                         sv_constraint_function_locator_method_sideeffect_fail: Passed - CE.
                    sv_constraint_function_locator_method_sideeffect_fail_2023: Passed - CE.
                                  sv_constraint_function_locator_scoped_static: Passed.
                             sv_constraint_function_locator_scoped_static_2023: Passed.
                             sv_constraint_function_locator_method_noarg_state: Passed.
                        sv_constraint_function_locator_method_noarg_state_2023: Passed.
                              sv_constraint_function_locator_scoped_index_fail: Passed - CE.
                         sv_constraint_function_locator_scoped_index_fail_2023: Passed - CE.
                                    sv_constraint_function_scoped_method_state: Passed.
                               sv_constraint_function_scoped_method_state_2023: Passed.
                          sv_constraint_function_scoped_method_sideeffect_fail: Passed - CE.
                     sv_constraint_function_scoped_method_sideeffect_fail_2023: Passed - CE.
                                sv_constraint_function_conditional_member_type: Passed.
                           sv_constraint_function_conditional_member_type_2023: Passed.
                            sv_constraint_function_conditional_member_inactive: Passed.
                       sv_constraint_function_conditional_member_inactive_2023: Passed.
                              sv_constraint_function_conditional_member_active: Passed.
                         sv_constraint_function_conditional_member_active_2023: Passed.
                              sv_constraint_function_conditional_member_signed: Passed.
                         sv_constraint_function_conditional_member_signed_2023: Passed.
                         sv_constraint_function_conditional_member_right_guard: Passed.
                    sv_constraint_function_conditional_member_right_guard_2023: Passed.
                              sv_constraint_function_conditional_nested_handle: Passed.
                         sv_constraint_function_conditional_nested_handle_2023: Passed.
                              sv_constraint_function_conditional_nested_scopes: Passed.
                         sv_constraint_function_conditional_nested_scopes_2023: Passed.
                                               sv_constraint_multiprefix_state: Passed.
                                          sv_constraint_multiprefix_state_2023: Passed.
                                              sv_constraint_multiprefix_active: Passed.
                                         sv_constraint_multiprefix_active_2023: Passed.
                                               sv_constraint_multiprefix_rank4: Passed.
                                          sv_constraint_multiprefix_rank4_2023: Passed.
                                                sv_constraint_multiprefix_fail: Passed - CE.
                                           sv_constraint_multiprefix_fail_2023: Passed - CE.
                                       sv_constraint_local_outside_inline_fail: Passed - CE.
                                               sv_typed_uarray_return_elements: Passed.
                                          sv_typed_uarray_return_elements_2023: Passed.
                                                sv_real_uarray_return_compound: Passed.
                                           sv_real_uarray_return_compound_2023: Passed.
                                                sv_real_uarray_return_boundary: Passed.
                                           sv_real_uarray_return_boundary_2023: Passed.
                                              sv_string_uarray_return_boundary: Passed.
                                         sv_string_uarray_return_boundary_2023: Passed.
                                                       sv_packed_select_incdec: Passed.
                                                  sv_packed_select_incdec_2023: Passed.
                                                sv_packed_select_incdec_bounds: Passed.
                                           sv_packed_select_incdec_bounds_2023: Passed.
                                               sv_packed_select_incdec_context: Passed.
                                          sv_packed_select_incdec_context_2023: Passed.
                                                  sv_packed_select_incdec_fail: Passed - CE.
                                             sv_packed_select_incdec_fail_2023: Passed - CE.
                                                 sv_array_packed_select_incdec: Passed.
                                            sv_array_packed_select_incdec_2023: Passed.
                                          sv_array_packed_select_incdec_bounds: Passed.
                                     sv_array_packed_select_incdec_bounds_2023: Passed.
                                          sv_array_packed_select_incdec_scopes: Passed.
                                     sv_array_packed_select_incdec_scopes_2023: Passed.
                                            sv_array_packed_select_incdec_fail: Passed - CE.
                                       sv_array_packed_select_incdec_fail_2023: Passed - CE.
                                                 sv_class_packed_select_incdec: Passed.
                                            sv_class_packed_select_incdec_2023: Passed.
                                            sv_class_packed_select_incdec_wrap: Passed.
                                       sv_class_packed_select_incdec_wrap_2023: Passed.
                                          sv_class_packed_select_incdec_bounds: Passed.
                                     sv_class_packed_select_incdec_bounds_2023: Passed.
                                          sv_class_packed_select_incdec_nested: Passed.
                                     sv_class_packed_select_incdec_nested_2023: Passed.
                                            sv_class_packed_select_incdec_fail: Passed - CE.
                                       sv_class_packed_select_incdec_fail_2023: Passed - CE.
                                                  sv_class_array_packed_incdec: Passed.
                                             sv_class_array_packed_incdec_2023: Passed.
                                           sv_class_array_packed_incdec_bounds: Passed.
                                      sv_class_array_packed_incdec_bounds_2023: Passed.
                                         sv_class_array_packed_incdec_multidim: Passed.
                                    sv_class_array_packed_incdec_multidim_2023: Passed.
                                          sv_class_array_packed_incdec_context: Passed.
                                     sv_class_array_packed_incdec_context_2023: Passed.
                                             sv_class_array_packed_incdec_fail: Passed - CE.
                                        sv_class_array_packed_incdec_fail_2023: Passed - CE.
                                                     sv_const_string_character: Passed.
                                                sv_const_string_character_2023: Passed.
                                                sv_const_string_character_fail: Passed - CE.
                                           sv_const_string_character_fail_2023: Passed - CE.
                                                       sv_nested_packed_incdec: Passed.
                                                  sv_nested_packed_incdec_2023: Passed.
                                                sv_nested_packed_incdec_bounds: Passed.
                                           sv_nested_packed_incdec_bounds_2023: Passed.
                                                  sv_nested_packed_incdec_fail: Passed - CE.
                                             sv_nested_packed_incdec_fail_2023: Passed - CE.
                                               sv_const_string_character_write: Passed.
                                          sv_const_string_character_write_2023: Passed.
                                        sv_const_string_character_write_bounds: Passed.
                                   sv_const_string_character_write_bounds_2023: Passed.
                                          sv_const_string_character_write_fail: Passed - CE.
                                     sv_const_string_character_write_fail_2023: Passed - CE.
                                       sv_const_string_character_write_runtime: Passed.
                                  sv_const_string_character_write_runtime_2023: Passed.
                                  sv_const_string_character_write_package_fail: Passed - CE.
                             sv_const_string_character_write_package_fail_2023: Passed - CE.
                                    sv_const_string_character_write_mixed_fail: Passed - CE.
                               sv_const_string_character_write_mixed_fail_2023: Passed - CE.
                                sv_const_string_character_write_compound_const: Passed - CO.
                           sv_const_string_character_write_compound_const_2023: Passed - CO.
                                                  sv_string_character_compound: Passed.
                                             sv_string_character_compound_2023: Passed.
                                           sv_string_character_compound_bounds: Passed.
                                      sv_string_character_compound_bounds_2023: Passed.
                                             sv_string_character_compound_fail: Passed - CE.
                                        sv_string_character_compound_fail_2023: Passed - CE.
                                                    sv_string_return_character: Passed.
                                               sv_string_return_character_2023: Passed.
                                             sv_string_return_character_bounds: Passed.
                                        sv_string_return_character_bounds_2023: Passed.
                                                sv_string_return_character_ops: Passed.
                                           sv_string_return_character_ops_2023: Passed.
                                               sv_string_return_character_fail: Passed - CE.
                                          sv_string_return_character_fail_2023: Passed - CE.
                                                       sv_const_string_toupper: Passed.
                                                  sv_const_string_toupper_2023: Passed.
                                                sv_const_string_toupper_bounds: Passed.
                                           sv_const_string_toupper_bounds_2023: Passed.
                                                  sv_const_string_toupper_fail: Passed - CE.
                                             sv_const_string_toupper_fail_2023: Passed - CE.
                                                    sv_string_character_incdec: Passed.
                                               sv_string_character_incdec_2023: Passed.
                                             sv_string_character_incdec_return: Passed.
                                        sv_string_character_incdec_return_2023: Passed.
                                               sv_string_character_incdec_fail: Passed - CE.
                                          sv_string_character_incdec_fail_2023: Passed - CE.
                                             sv_string_character_incdec_bounds: Passed.
                                        sv_string_character_incdec_bounds_2023: Passed.
                                                    sv_const_string_comparison: Passed.
                                               sv_const_string_comparison_2023: Passed.
                                             sv_const_string_comparison_bounds: Passed.
                                        sv_const_string_comparison_bounds_2023: Passed.
                                               sv_const_string_comparison_fail: Passed - CE.
                                          sv_const_string_comparison_fail_2023: Passed - CE.
                                               sv_array_string_character_store: Passed.
                                          sv_array_string_character_store_2023: Passed.
                                        sv_array_string_character_store_bounds: Passed.
                                   sv_array_string_character_store_bounds_2023: Passed.
                                          sv_array_string_character_store_fail: Passed - CE.
                                     sv_array_string_character_store_fail_2023: Passed - CE.
                                                        sv_const_string_substr: Passed.
                                                   sv_const_string_substr_2023: Passed.
                                                 sv_const_string_substr_bounds: Passed.
                                            sv_const_string_substr_bounds_2023: Passed.
                                                   sv_const_string_substr_fail: Passed - CE.
                                              sv_const_string_substr_fail_2023: Passed - CE.
                                            sv_array_string_character_compound: Passed.
                                       sv_array_string_character_compound_2023: Passed.
                                        sv_array_string_character_compound_ops: Passed.
                                   sv_array_string_character_compound_ops_2023: Passed.
                                     sv_array_string_character_compound_bounds: Passed.
                                sv_array_string_character_compound_bounds_2023: Passed.
                                       sv_array_string_character_compound_fail: Passed - CE.
                                  sv_array_string_character_compound_fail_2023: Passed - CE.
                                                       sv_const_string_integer: Passed.
                                                  sv_const_string_integer_2023: Passed.
                                                sv_const_string_integer_bounds: Passed.
                                           sv_const_string_integer_bounds_2023: Passed.
                                                  sv_const_string_integer_fail: Passed - CE.
                                             sv_const_string_integer_fail_2023: Passed - CE.
                                              sv_array_string_character_incdec: Passed.
                                         sv_array_string_character_incdec_2023: Passed.
                                       sv_array_string_character_incdec_bounds: Passed.
                                  sv_array_string_character_incdec_bounds_2023: Passed.
                                         sv_array_string_character_incdec_fail: Passed - CE.
                                    sv_array_string_character_incdec_fail_2023: Passed - CE.
                                  sv_array_string_character_incdec_return_fail: Passed - CE.
                             sv_array_string_character_incdec_return_fail_2023: Passed - CE.
                                              sv_const_string_character_incdec: Passed.
                                         sv_const_string_character_incdec_2023: Passed.
                                       sv_const_string_character_incdec_bounds: Passed.
                                  sv_const_string_character_incdec_bounds_2023: Passed.
                                         sv_const_string_character_incdec_fail: Passed - CE.
                                    sv_const_string_character_incdec_fail_2023: Passed - CE.
                                               sv_randomize_joint_ordered_dist: Passed.
                                          sv_randomize_joint_ordered_dist_2023: Passed.
                                   sv_randomize_joint_ordered_dist_transaction: Passed.
                              sv_randomize_joint_ordered_dist_transaction_2023: Passed.
                                        sv_randomize_joint_ordered_dist_ranges: Passed.
                                   sv_randomize_joint_ordered_dist_ranges_2023: Passed.
                                          sv_randomize_joint_ordered_dist_fail: Passed.
                                     sv_randomize_joint_ordered_dist_fail_2023: Passed.
                                              sv_randomize_joint_element_order: Passed.
                                         sv_randomize_joint_element_order_2023: Passed.
                                        sv_randomize_joint_element_order_mixed: Passed.
                                   sv_randomize_joint_element_order_mixed_2023: Passed.
                                         sv_randomize_joint_element_order_dist: Passed.
                                    sv_randomize_joint_element_order_dist_2023: Passed.
                                         sv_randomize_joint_element_order_fail: Passed.
                                    sv_randomize_joint_element_order_fail_2023: Passed.
                                     sv_randomize_joint_element_order_oob_fail: Passed - CE.
                                sv_randomize_joint_element_order_oob_fail_2023: Passed - CE.
                                      sv_randomize_joint_dynamic_element_order: Passed.
                                 sv_randomize_joint_dynamic_element_order_2023: Passed.
                                sv_randomize_joint_dynamic_element_order_mixed: Passed.
                           sv_randomize_joint_dynamic_element_order_mixed_2023: Passed.
                                 sv_randomize_joint_dynamic_element_order_dist: Passed.
                            sv_randomize_joint_dynamic_element_order_dist_2023: Passed.
                                 sv_randomize_joint_dynamic_element_order_fail: Passed.
                            sv_randomize_joint_dynamic_element_order_fail_2023: Passed.
                       sv_randomize_joint_dynamic_element_order_nonrandom_fail: Passed - CE.
                  sv_randomize_joint_dynamic_element_order_nonrandom_fail_2023: Passed - CE.
                                        sv_randomize_joint_queue_element_order: Passed.
                                   sv_randomize_joint_queue_element_order_2023: Passed.
                                  sv_randomize_joint_queue_element_order_mixed: Passed.
                             sv_randomize_joint_queue_element_order_mixed_2023: Passed.
                                   sv_randomize_joint_queue_element_order_dist: Passed.
                              sv_randomize_joint_queue_element_order_dist_2023: Passed.
                                   sv_randomize_joint_queue_element_order_fail: Passed.
                              sv_randomize_joint_queue_element_order_fail_2023: Passed.
                         sv_randomize_joint_queue_element_order_nonrandom_fail: Passed - CE.
                    sv_randomize_joint_queue_element_order_nonrandom_fail_2023: Passed - CE.
                                        sv_randomize_joint_power_two_component: Passed.
                                   sv_randomize_joint_power_two_component_2023: Passed.
                                       sv_assert_multiclock_bounded_antecedent: Passed.
                                  sv_assert_multiclock_bounded_antecedent_2023: Passed.
                 sv_assert_multiclock_bounded_antecedent_source_closure_timing: Passed.
            sv_assert_multiclock_bounded_antecedent_source_closure_timing_2023: Passed.
                   sv_assert_multiclock_bounded_antecedent_early_child_failure: Passed.
              sv_assert_multiclock_bounded_antecedent_early_child_failure_2023: Passed.
     sv_assert_multiclock_bounded_antecedent_vacuity_without_destination_clock: Passed.
sv_assert_multiclock_bounded_antecedent_vacuity_without_destination_clock_2023: Passed.
                              sv_assert_multiclock_bounded_antecedent_internal: Passed.
                         sv_assert_multiclock_bounded_antecedent_internal_2023: Passed.
                                 sv_assert_multiclock_bounded_antecedent_cover: Passed.
                            sv_assert_multiclock_bounded_antecedent_cover_2023: Passed.
                               sv_assert_multiclock_bounded_antecedent_disable: Passed.
                          sv_assert_multiclock_bounded_antecedent_disable_2023: Passed.
                                sv_assert_multiclock_bounded_antecedent_prefix: Passed.
                           sv_assert_multiclock_bounded_antecedent_prefix_2023: Passed.
            sv_assert_multiclock_bounded_antecedent_coincident_overlap_forward: Passed.
       sv_assert_multiclock_bounded_antecedent_coincident_overlap_forward_2023: Passed.
            sv_assert_multiclock_bounded_antecedent_coincident_overlap_reverse: Passed.
       sv_assert_multiclock_bounded_antecedent_coincident_overlap_reverse_2023: Passed.
         sv_assert_multiclock_bounded_antecedent_coincident_nonoverlap_forward: Passed.
    sv_assert_multiclock_bounded_antecedent_coincident_nonoverlap_forward_2023: Passed.
         sv_assert_multiclock_bounded_antecedent_coincident_nonoverlap_reverse: Passed.
    sv_assert_multiclock_bounded_antecedent_coincident_nonoverlap_reverse_2023: Passed.
               sv_assert_multiclock_bounded_antecedent_kill_paused_destination: Passed.
          sv_assert_multiclock_bounded_antecedent_kill_paused_destination_2023: Passed.
                   sv_assert_multiclock_bounded_antecedent_lifecycle_retention: Passed.
              sv_assert_multiclock_bounded_antecedent_lifecycle_retention_2023: Passed.
                      sv_assert_multiclock_bounded_antecedent_lifecycle_resume: Passed.
                 sv_assert_multiclock_bounded_antecedent_lifecycle_resume_2023: Passed.
                           sv_assert_multiclock_bounded_antecedent_equal_bound: Passed.
                      sv_assert_multiclock_bounded_antecedent_equal_bound_2023: Passed.
                          sv_assert_multiclock_bounded_antecedent_64tick_bound: Passed.
                     sv_assert_multiclock_bounded_antecedent_64tick_bound_2023: Passed.
       sv_assert_multiclock_bounded_antecedent_kill_restart_before_source_edge: Passed.
  sv_assert_multiclock_bounded_antecedent_kill_restart_before_source_edge_2023: Passed.
                   sv_assert_multiclock_bounded_antecedent_overlapping_parents: Passed.
              sv_assert_multiclock_bounded_antecedent_overlapping_parents_2023: Passed.
                     sv_assert_multiclock_bounded_antecedent_nonoverlap_prefix: Passed.
                sv_assert_multiclock_bounded_antecedent_nonoverlap_prefix_2023: Passed.
              sv_assert_multiclock_bounded_antecedent_unsupported_65tick_bound: Passed - CE.
         sv_assert_multiclock_bounded_antecedent_unsupported_65tick_bound_2023: Passed - CE.
                 sv_assert_multiclock_bounded_antecedent_unsupported_unbounded: Passed - CE.
            sv_assert_multiclock_bounded_antecedent_unsupported_unbounded_2023: Passed - CE.
                               sv_assert_multiclock_bounded_antecedent_backlog: Passed.
                          sv_assert_multiclock_bounded_antecedent_backlog_2023: Passed.
                                     sv_assert_multiclock_boolean_repeat_range: Passed.
                                sv_assert_multiclock_boolean_repeat_range_2023: Passed.
                          sv_assert_multiclock_boolean_repeat_empty_nonoverlap: Passed.
                     sv_assert_multiclock_boolean_repeat_empty_nonoverlap_2023: Passed.
                               sv_assert_multiclock_boolean_repeat_empty_range: Passed.
                          sv_assert_multiclock_boolean_repeat_empty_range_2023: Passed.
                              sv_assert_multiclock_boolean_repeat_64tick_bound: Passed.
                         sv_assert_multiclock_boolean_repeat_64tick_bound_2023: Passed.
                           sv_assert_multiclock_boolean_repeat_disable_restart: Passed.
                      sv_assert_multiclock_boolean_repeat_disable_restart_2023: Passed.
                              sv_assert_multiclock_boolean_repeat_empty_prefix: Passed.
                         sv_assert_multiclock_boolean_repeat_empty_prefix_2023: Passed.
                             sv_assert_multiclock_boolean_repeat_internal_zero: Passed.
                        sv_assert_multiclock_boolean_repeat_internal_zero_2023: Passed.
                          sv_assert_multiclock_boolean_repeat_mixed_coincident: Passed.
                     sv_assert_multiclock_boolean_repeat_mixed_coincident_2023: Passed.
                       sv_assert_multiclock_boolean_repeat_ranged_vector_truth: Passed.
                  sv_assert_multiclock_boolean_repeat_ranged_vector_truth_2023: Passed.
                              sv_assert_multiclock_boolean_repeat_vector_truth: Passed.
                         sv_assert_multiclock_boolean_repeat_vector_truth_2023: Passed.
                              sv_assert_multiclock_boolean_repeat_kill_restart: Passed.
                         sv_assert_multiclock_boolean_repeat_kill_restart_2023: Passed.
                        sv_assert_multiclock_boolean_repeat_empty_overlap_fail: Passed - CE.
                   sv_assert_multiclock_boolean_repeat_empty_overlap_fail_2023: Passed - CE.
                              sv_assert_multiclock_boolean_repeat_grouped_fail: Passed.
                         sv_assert_multiclock_boolean_repeat_grouped_fail_2023: Passed.
                            sv_assert_multiclock_boolean_repeat_unsupported_65: Passed - CE.
                       sv_assert_multiclock_boolean_repeat_unsupported_65_2023: Passed - CE.
                     sv_assert_multiclock_boolean_repeat_unsupported_unbounded: Passed - CE.
                sv_assert_multiclock_boolean_repeat_unsupported_unbounded_2023: Passed - CE.
                   sv_assert_multiclock_boolean_repeat_mixed_prefix_coincident: Passed.
              sv_assert_multiclock_boolean_repeat_mixed_prefix_coincident_2023: Passed.
                            sv_assert_multiclock_boolean_repeat_paused_backlog: Passed.
                       sv_assert_multiclock_boolean_repeat_paused_backlog_2023: Passed.
                                         sv_class_enum_container_packed_select: Passed.
                                    sv_class_enum_container_packed_select_2023: Passed.
                                  sv_class_enum_container_packed_select_bounds: Passed.
                             sv_class_enum_container_packed_select_bounds_2023: Passed.
                                    sv_class_enum_container_packed_select_fail: Passed - CE.
                               sv_class_enum_container_packed_select_fail_2023: Passed - CE.
                                    sv_class_enum_container_packed_select_once: Passed.
                               sv_class_enum_container_packed_select_once_2023: Passed.
                               sv_class_enum_container_packed_select_ascending: Passed.
                          sv_class_enum_container_packed_select_ascending_2023: Passed.
                                  sv_class_member_shadows_unrelated_class_name: Passed.
                                        sv_sequence_solo_ref_in_generate_block: Passed.
                                             sv_elab_task_fatal_undef_arg_fail: Passed - CE.
                                          sv_static_qualifier_module_task_fail: Passed - CE.
                                            sv_sva_match_item_partsel_lhs_fail: Passed - CE.
                                            sv_sva_chained_leading_cycle_delay: Passed.
                                              sv_foreach_selected_prefix_assoc: Passed.
                                      sv_foreach_undotted_selected_prefix_fail: Passed - CE.
                                           sv_foreach_nested_assoc_no_selector: Passed.
                                       sv_foreach_selected_prefix_static_array: Passed.
                                        sv_assert_multiclock_fixed_control_off: Passed.
                                   sv_assert_multiclock_fixed_control_off_2023: Passed.
                                       sv_assert_multiclock_fixed_control_kill: Passed.
                                  sv_assert_multiclock_fixed_control_kill_2023: Passed.
                             sv_assert_multiclock_fixed_control_pending_repeat: Passed.
                        sv_assert_multiclock_fixed_control_pending_repeat_2023: Passed.
                                      sv_assert_multiclock_fixed_control_plain: Passed.
                                 sv_assert_multiclock_fixed_control_plain_2023: Passed.
                                    sv_assert_multiclock_fixed_control_restart: Passed.
                               sv_assert_multiclock_fixed_control_restart_2023: Passed.
                            sv_assert_multiclock_fixed_control_pending_failure: Passed.
                       sv_assert_multiclock_fixed_control_pending_failure_2023: Passed.
                                 sv_assert_multiclock_fixed_control_no_vacuity: Passed.
                            sv_assert_multiclock_fixed_control_no_vacuity_2023: Passed.
                             sv_assert_multiclock_fixed_control_prefix_pending: Passed.
                        sv_assert_multiclock_fixed_control_prefix_pending_2023: Passed.
                                   sv_assert_multiclock_fixed_control_selected: Passed.
                              sv_assert_multiclock_fixed_control_selected_2023: Passed.
                                 sv_assert_multiclock_fixed_control_coincident: Passed.
                            sv_assert_multiclock_fixed_control_coincident_2023: Passed.
                                                        sv_const_string_format: Passed.
                                                   sv_const_string_format_2023: Passed.
                                                   sv_const_string_format_fail: Passed - CE.
                                              sv_const_string_format_fail_2023: Passed - CE.
                                          sv_const_string_format_argument_fail: Passed - CE.
                                     sv_const_string_format_argument_fail_2023: Passed - CE.
                                     sv_const_string_real_format_argument_fail: Passed - CE.
                                sv_const_string_real_format_argument_fail_2023: Passed - CE.
                                                          sv_const_string_putc: Passed.
                                                     sv_const_string_putc_2023: Passed.
                                                     sv_const_string_putc_fail: Passed - CE.
                                                sv_const_string_putc_fail_2023: Passed - CE.
                                            sv_const_string_putc_argument_fail: Passed - CE.
                                       sv_const_string_putc_argument_fail_2023: Passed - CE.
                                           sv_const_string_putc_character_fail: Passed - CE.
                                      sv_const_string_putc_character_fail_2023: Passed - CE.
                                             sv_assert_multiclock_group_repeat: Passed.
                                        sv_assert_multiclock_group_repeat_2023: Passed.
                                sv_assert_multiclock_group_repeat_64tick_bound: Passed.
                           sv_assert_multiclock_group_repeat_64tick_bound_2023: Passed.
                               sv_assert_multiclock_group_repeat_adjacent_zero: Passed.
                          sv_assert_multiclock_group_repeat_adjacent_zero_2023: Passed.
                            sv_assert_multiclock_group_repeat_consequent_exact: Passed.
                       sv_assert_multiclock_group_repeat_consequent_exact_2023: Passed.
              sv_assert_multiclock_group_repeat_consequent_internal_range_fail: Passed.
         sv_assert_multiclock_group_repeat_consequent_internal_range_fail_2023: Passed.
                            sv_assert_multiclock_group_repeat_empty_nonoverlap: Passed.
                       sv_assert_multiclock_group_repeat_empty_nonoverlap_2023: Passed.
                          sv_assert_multiclock_group_repeat_empty_overlap_fail: Passed - CE.
                     sv_assert_multiclock_group_repeat_empty_overlap_fail_2023: Passed - CE.
                                       sv_assert_multiclock_group_repeat_exact: Passed.
                                  sv_assert_multiclock_group_repeat_exact_2023: Passed.
                             sv_assert_multiclock_group_repeat_external_window: Passed.
                        sv_assert_multiclock_group_repeat_external_window_2023: Passed.
                              sv_assert_multiclock_group_repeat_interior_guard: Passed.
                         sv_assert_multiclock_group_repeat_interior_guard_2023: Passed.
                                    sv_assert_multiclock_group_repeat_internal: Passed.
                               sv_assert_multiclock_group_repeat_internal_2023: Passed.
                            sv_assert_multiclock_group_repeat_intrinsic_window: Passed.
                       sv_assert_multiclock_group_repeat_intrinsic_window_2023: Passed.
                                sv_assert_multiclock_group_repeat_kill_restart: Passed.
                           sv_assert_multiclock_group_repeat_kill_restart_2023: Passed.
                               sv_assert_multiclock_group_repeat_leading_delay: Passed.
                          sv_assert_multiclock_group_repeat_leading_delay_2023: Passed.
                            sv_assert_multiclock_group_repeat_multiple_parents: Passed.
                       sv_assert_multiclock_group_repeat_multiple_parents_2023: Passed.
                                 sv_assert_multiclock_group_repeat_nested_fail: Passed.
                            sv_assert_multiclock_group_repeat_nested_fail_2023: Passed.
                                 sv_assert_multiclock_group_repeat_outer_delay: Passed.
                            sv_assert_multiclock_group_repeat_outer_delay_2023: Passed.
                                      sv_assert_multiclock_group_repeat_prefix: Passed.
                                 sv_assert_multiclock_group_repeat_prefix_2023: Passed.
                                sv_assert_multiclock_group_repeat_prefix_exact: Passed.
                           sv_assert_multiclock_group_repeat_prefix_exact_2023: Passed.
                                   sv_assert_multiclock_group_repeat_sameclock: Passed.
                              sv_assert_multiclock_group_repeat_sameclock_2023: Passed.
                              sv_assert_multiclock_group_repeat_unbounded_fail: Passed - CE.
                         sv_assert_multiclock_group_repeat_unbounded_fail_2023: Passed - CE.
                              sv_assert_multiclock_group_repeat_unsupported_65: Passed - CE.
                         sv_assert_multiclock_group_repeat_unsupported_65_2023: Passed - CE.
                                        sv_assert_multiclock_group_repeat_zero: Passed.
                                   sv_assert_multiclock_group_repeat_zero_2023: Passed.
                                sv_assert_multiclock_group_repeat_zero_concat0: Passed - CE.
                           sv_assert_multiclock_group_repeat_zero_concat0_2023: Passed - CE.
                            sv_assert_multiclock_group_repeat_zero_outer_delay: Passed.
                       sv_assert_multiclock_group_repeat_zero_outer_delay_2023: Passed.
                       sv_assert_multiclock_group_repeat_zero_suppression_left: Passed.
                  sv_assert_multiclock_group_repeat_zero_suppression_left_2023: Passed.
                      sv_assert_multiclock_group_repeat_zero_suppression_right: Passed.
                 sv_assert_multiclock_group_repeat_zero_suppression_right_2023: Passed.
                           sv_assert_multiclock_group_repeat_zero_then_concat0: Passed - CE.
                      sv_assert_multiclock_group_repeat_zero_then_concat0_2023: Passed - CE.
                               sv_assert_multiclock_group_repeat_zero_trailing: Passed.
                          sv_assert_multiclock_group_repeat_zero_trailing_2023: Passed.
                                 sv_assert_multiclock_variable_antecedent_2012: Passed.
                                      sv_assert_multiclock_variable_antecedent: Passed.
                                 sv_assert_multiclock_variable_antecedent_2023: Passed.
                                                      sv_const_function_formal: Passed.
                                                 sv_const_function_formal_2023: Passed.
                                          sv_const_function_formal_output_fail: Passed - CE.
                                     sv_const_function_formal_output_fail_2023: Passed - CE.
                                           sv_const_function_formal_inout_fail: Passed - CE.
                                      sv_const_function_formal_inout_fail_2023: Passed - CE.
                                             sv_const_function_formal_ref_fail: Passed - CE.
                                        sv_const_function_formal_ref_fail_2023: Passed - CE.
                                       sv_const_function_formal_const_ref_fail: Passed - CE.
                                  sv_const_function_formal_const_ref_fail_2023: Passed - CE.
                                                    sv_const_function_generate: Passed.
                                               sv_const_function_generate_2023: Passed.
                                        sv_const_function_generate_direct_fail: Passed - CE.
                                   sv_const_function_generate_direct_fail_2023: Passed - CE.
                                        sv_const_function_generate_nested_fail: Passed - CE.
                                   sv_const_function_generate_nested_fail_2023: Passed - CE.
                                           sv_const_function_generate_for_fail: Passed - CE.
                                      sv_const_function_generate_for_fail_2023: Passed - CE.
                                        sv_const_function_generate_cached_fail: Passed - CE.
                                   sv_const_function_generate_cached_fail_2023: Passed - CE.
                                                  sv_assert_nested_group_exact: Passed.
                                             sv_assert_nested_group_exact_2023: Passed.
                                                 sv_assert_nested_group_ranged: Passed.
                                            sv_assert_nested_group_ranged_2023: Passed.
                                             sv_assert_nested_group_inner_zero: Passed.
                                        sv_assert_nested_group_inner_zero_2023: Passed.
                                         sv_assert_nested_group_nullable_whole: Passed.
                                    sv_assert_nested_group_nullable_whole_2023: Passed.
                                    sv_assert_nested_group_outer_zero_survives: Passed.
                               sv_assert_nested_group_outer_zero_survives_2023: Passed.
                                       sv_assert_nested_group_consequent_exact: Passed.
                                  sv_assert_nested_group_consequent_exact_2023: Passed.
                                           sv_assert_nested_group_prefix_exact: Passed.
                                      sv_assert_nested_group_prefix_exact_2023: Passed.
                                           sv_assert_nested_group_64tick_bound: Passed.
                                      sv_assert_nested_group_64tick_bound_2023: Passed.
                                           sv_assert_nested_group_kill_restart: Passed.
                                      sv_assert_nested_group_kill_restart_2023: Passed.
                                  sv_assert_nested_group_consequent_range_fail: Passed.
                             sv_assert_nested_group_consequent_range_fail_2023: Passed.
                                sv_assert_nested_group_outer_zero_overlap_fail: Passed - CE.
                           sv_assert_nested_group_outer_zero_overlap_fail_2023: Passed - CE.
                                     sv_assert_nested_group_product_bound_fail: Passed - CE.
                                sv_assert_nested_group_product_bound_fail_2023: Passed - CE.
                                         sv_assert_nested_group_unbounded_fail: Passed - CE.
                                    sv_assert_nested_group_unbounded_fail_2023: Passed - CE.
                                              sv_assert_nested_group_sameclock: Passed.
                                         sv_assert_nested_group_sameclock_2023: Passed.
                                                  sv_const_string_array_method: Passed.
                                             sv_const_string_array_method_2023: Passed.
                                           sv_const_string_array_method_bounds: Passed.
                                      sv_const_string_array_method_bounds_2023: Passed.
                                          sv_const_string_array_method_runtime: Passed.
                                     sv_const_string_array_method_runtime_2023: Passed.
                                    sv_const_string_array_method_argument_fail: Passed - CE.
                               sv_const_string_array_method_argument_fail_2023: Passed - CE.
                                    sv_const_string_array_method_external_fail: Passed - CE.
                               sv_const_string_array_method_external_fail_2023: Passed - CE.
                                     sv_assert_multiclock_consequence_nfa_late: Passed.
                                sv_assert_multiclock_consequence_nfa_late_2023: Passed.
                                     sv_assert_multiclock_consequence_nfa_dead: Passed.
                                sv_assert_multiclock_consequence_nfa_dead_2023: Passed.
                                    sv_assert_multiclock_consequence_nfa_early: Passed.
                               sv_assert_multiclock_consequence_nfa_early_2023: Passed.
                                 sv_assert_multiclock_consequence_nfa_siblings: Passed.
                            sv_assert_multiclock_consequence_nfa_siblings_2023: Passed.
                               sv_assert_multiclock_consequence_nfa_nonoverlap: Passed.
                          sv_assert_multiclock_consequence_nfa_nonoverlap_2023: Passed.
                             sv_assert_multiclock_consequence_nfa_kill_restart: Passed.
                        sv_assert_multiclock_consequence_nfa_kill_restart_2023: Passed.
                                  sv_assert_multiclock_consequence_nfa_backlog: Passed.
                             sv_assert_multiclock_consequence_nfa_backlog_2023: Passed.
                         sv_assert_multiclock_consequence_nfa_empty_nonoverlap: Passed.
                    sv_assert_multiclock_consequence_nfa_empty_nonoverlap_2023: Passed.
                               sv_assert_multiclock_consequence_nfa_prefix_off: Passed.
                          sv_assert_multiclock_consequence_nfa_prefix_off_2023: Passed.
                           sv_assert_multiclock_consequence_nfa_unbounded_fail: Passed - CE.
                      sv_assert_multiclock_consequence_nfa_unbounded_fail_2023: Passed - CE.
                                  sv_assert_multiclock_consequence_nfa_depth64: Passed.
                             sv_assert_multiclock_consequence_nfa_depth64_2023: Passed.
                                  sv_assert_multiclock_consequence_nfa_disable: Passed.
                             sv_assert_multiclock_consequence_nfa_disable_2023: Passed.
                                    sv_assert_multiclock_consequence_nfa_cover: Passed.
                               sv_assert_multiclock_consequence_nfa_cover_2023: Passed.
                            sv_assert_multiclock_consequence_nfa_reverse_order: Passed.
                       sv_assert_multiclock_consequence_nfa_reverse_order_2023: Passed.
                             sv_assert_multiclock_consequence_nfa_depth65_fail: Passed - CE.
                        sv_assert_multiclock_consequence_nfa_depth65_fail_2023: Passed - CE.
                               sv_assert_plain_multiclock_consequence_nfa_late: Passed.
                          sv_assert_plain_multiclock_consequence_nfa_late_2023: Passed.
                              sv_assert_plain_multiclock_consequence_nfa_early: Passed.
                         sv_assert_plain_multiclock_consequence_nfa_early_2023: Passed.
                               sv_assert_plain_multiclock_consequence_nfa_dead: Passed.
                          sv_assert_plain_multiclock_consequence_nfa_dead_2023: Passed.
           sv_assert_plain_multiclock_consequence_nfa_overlap_boundary_reverse: Passed.
      sv_assert_plain_multiclock_consequence_nfa_overlap_boundary_reverse_2023: Passed.
                   sv_assert_plain_multiclock_consequence_nfa_multitick_prefix: Passed.
              sv_assert_plain_multiclock_consequence_nfa_multitick_prefix_2023: Passed.
                 sv_assert_plain_multiclock_consequence_nfa_overlapping_starts: Passed.
            sv_assert_plain_multiclock_consequence_nfa_overlapping_starts_2023: Passed.
                        sv_assert_plain_multiclock_consequence_nfa_false_start: Passed.
                   sv_assert_plain_multiclock_consequence_nfa_false_start_2023: Passed.
                        sv_assert_plain_multiclock_consequence_nfa_prefix_fail: Passed.
                   sv_assert_plain_multiclock_consequence_nfa_prefix_fail_2023: Passed.
                              sv_assert_plain_multiclock_consequence_nfa_cover: Passed.
                         sv_assert_plain_multiclock_consequence_nfa_cover_2023: Passed.
                       sv_assert_plain_multiclock_consequence_nfa_kill_restart: Passed.
                  sv_assert_plain_multiclock_consequence_nfa_kill_restart_2023: Passed.
                            sv_assert_plain_multiclock_consequence_nfa_backlog: Passed.
                       sv_assert_plain_multiclock_consequence_nfa_backlog_2023: Passed.
                            sv_assert_plain_multiclock_consequence_nfa_depth64: Passed.
                       sv_assert_plain_multiclock_consequence_nfa_depth64_2023: Passed.
                       sv_assert_plain_multiclock_consequence_nfa_depth65_fail: Passed - CE.
                  sv_assert_plain_multiclock_consequence_nfa_depth65_fail_2023: Passed - CE.
                            sv_assert_plain_multiclock_consequence_nfa_disable: Passed.
                       sv_assert_plain_multiclock_consequence_nfa_disable_2023: Passed.
                     sv_assert_plain_multiclock_consequence_nfa_unbounded_fail: Passed - CE.
                sv_assert_plain_multiclock_consequence_nfa_unbounded_fail_2023: Passed - CE.
                                        sv_const_array_string_character_incdec: Passed.
                                   sv_const_array_string_character_incdec_2023: Passed.
                                 sv_const_array_string_character_incdec_bounds: Passed.
                            sv_const_array_string_character_incdec_bounds_2023: Passed.
                              sv_const_array_string_character_incdec_recursive: Passed.
                         sv_const_array_string_character_incdec_recursive_2023: Passed.
                                   sv_const_array_string_character_incdec_fail: Passed - CE.
                              sv_const_array_string_character_incdec_fail_2023: Passed - CE.
                          sv_const_array_string_character_incdec_readonly_fail: Passed - CE.
                     sv_const_array_string_character_incdec_readonly_fail_2023: Passed - CE.
                         sv_assert_plain_multiclock_ranged_prefix_late_success: Passed.
                    sv_assert_plain_multiclock_ranged_prefix_late_success_2023: Passed.
                         sv_assert_plain_multiclock_ranged_prefix_open_success: Passed.
                    sv_assert_plain_multiclock_ranged_prefix_open_success_2023: Passed.
                             sv_assert_plain_multiclock_ranged_prefix_all_fail: Passed.
                        sv_assert_plain_multiclock_ranged_prefix_all_fail_2023: Passed.
                           sv_assert_plain_multiclock_ranged_prefix_cover_once: Passed.
                      sv_assert_plain_multiclock_ranged_prefix_cover_once_2023: Passed.
                             sv_assert_plain_multiclock_ranged_prefix_no_match: Passed.
                        sv_assert_plain_multiclock_ranged_prefix_no_match_2023: Passed.
                          sv_assert_plain_multiclock_ranged_prefix_overlapping: Passed.
                     sv_assert_plain_multiclock_ranged_prefix_overlapping_2023: Passed.
                              sv_assert_plain_multiclock_ranged_prefix_backlog: Passed.
                         sv_assert_plain_multiclock_ranged_prefix_backlog_2023: Passed.
                                 sv_assert_plain_multiclock_ranged_prefix_kill: Passed.
                            sv_assert_plain_multiclock_ranged_prefix_kill_2023: Passed.
                              sv_assert_plain_multiclock_ranged_prefix_disable: Passed.
                         sv_assert_plain_multiclock_ranged_prefix_disable_2023: Passed.
                 sv_assert_plain_multiclock_ranged_prefix_implication_neighbor: Passed.
            sv_assert_plain_multiclock_ranged_prefix_implication_neighbor_2023: Passed.
                        sv_assert_plain_multiclock_ranged_prefix_nullable_fail: Passed - CE.
                   sv_assert_plain_multiclock_ranged_prefix_nullable_fail_2023: Passed - CE.
                      sv_assert_plain_multiclock_ranged_prefix_overlap_reverse: Passed.
                 sv_assert_plain_multiclock_ranged_prefix_overlap_reverse_2023: Passed.
                              sv_assert_plain_multiclock_ranged_prefix_depth64: Passed.
                         sv_assert_plain_multiclock_ranged_prefix_depth64_2023: Passed.
                       sv_assert_plain_multiclock_ranged_prefix_unbounded_fail: Passed - CE.
                  sv_assert_plain_multiclock_ranged_prefix_unbounded_fail_2023: Passed - CE.
                         sv_assert_plain_multiclock_ranged_prefix_fixed_suffix: Passed.
                    sv_assert_plain_multiclock_ranged_prefix_fixed_suffix_2023: Passed.
                                                       sv_const_mixed_equality: Passed.
                                                  sv_const_mixed_equality_2023: Passed.
                                               sv_const_mixed_equality_strings: Passed.
                                          sv_const_mixed_equality_strings_2023: Passed.
                                                  sv_const_mixed_equality_fail: Passed - CE.
                                             sv_const_mixed_equality_fail_2023: Passed - CE.
                           sv_const_nonlocal_static_package_scalar_initialized: Passed - CE.
                      sv_const_nonlocal_static_package_scalar_initialized_2023: Passed - CE.
                         sv_const_nonlocal_static_package_scalar_uninitialized: Passed - CE.
                    sv_const_nonlocal_static_package_scalar_uninitialized_2023: Passed - CE.
                           sv_const_nonlocal_static_package_string_initialized: Passed - CE.
                      sv_const_nonlocal_static_package_string_initialized_2023: Passed - CE.
                         sv_const_nonlocal_static_package_string_uninitialized: Passed - CE.
                    sv_const_nonlocal_static_package_string_uninitialized_2023: Passed - CE.
                   sv_const_nonlocal_static_package_string_untyped_initialized: Passed - CE.
              sv_const_nonlocal_static_package_string_untyped_initialized_2023: Passed - CE.
                             sv_const_nonlocal_static_package_qualified_shadow: Passed - CE.
                        sv_const_nonlocal_static_package_qualified_shadow_2023: Passed - CE.
                                         sv_const_nonlocal_static_class_static: Passed - CE.
                                    sv_const_nonlocal_static_class_static_2023: Passed - CE.
                              sv_const_nonlocal_static_legal_locals_parameters: Passed.
                         sv_const_nonlocal_static_legal_locals_parameters_2023: Passed.
                                        sv_const_nonlocal_static_runtime_state: Passed.
                                   sv_const_nonlocal_static_runtime_state_2023: Passed.
                                         sv_covergroup_cross_with_range_values: Passed.
                                    sv_covergroup_cross_with_range_values_2023: Passed.
                                          sv_covergroup_cross_with_value_limit: Passed.
                                     sv_covergroup_cross_with_value_limit_2023: Passed.
                                     sv_covergroup_cross_with_value_limit_fail: Passed - CE.
                                sv_covergroup_cross_with_value_limit_fail_2023: Passed - CE.
                                        sv_constraint_foreach_selector_unknown: Passed - CE.
                                   sv_constraint_foreach_selector_unknown_2023: Passed - CE.
                                           sv_constraint_foreach_selector_type: Passed - CE.
                                      sv_constraint_foreach_selector_type_2023: Passed - CE.
                                       sv_constraint_foreach_selector_declared: Passed.
                                  sv_constraint_foreach_selector_declared_2023: Passed.
                                                sv_foreach_selector_evaluation: Passed.
                                           sv_foreach_selector_evaluation_2023: Passed.
                                                sv_foreach_selector_unresolved: Passed - CE.
                                           sv_foreach_selector_unresolved_2023: Passed - CE.
                                                      sv_foreach_selector_real: Passed - CE.
                                                 sv_foreach_selector_real_2023: Passed - CE.
                                            sv_covergroup_cross_recursive_with: Passed.
                                       sv_covergroup_cross_recursive_with_2023: Passed.
                                    sv_covergroup_cross_recursive_with_illegal: Passed.
                               sv_covergroup_cross_recursive_with_illegal_2023: Passed.
                        sv_covergroup_cross_recursive_with_matches_unsupported: Passed - CE.
                   sv_covergroup_cross_recursive_with_matches_unsupported_2023: Passed - CE.
                                sv_covergroup_cross_recursive_with_unsupported: Passed - CE.
                           sv_covergroup_cross_recursive_with_unsupported_2023: Passed - CE.
                                          sv_assert_grouped_clocked_consequent: Passed.
                                     sv_assert_grouped_clocked_consequent_2023: Passed.
                                                    sv_variable_row_assignment: Passed.
                                               sv_variable_row_assignment_2023: Passed.
                                                  sv_variable_row_whole_source: Passed.
                                             sv_variable_row_whole_source_2023: Passed.
                                                       sv_variable_row_invalid: Passed.
                                                  sv_variable_row_invalid_2023: Passed.
                                                       sv_variable_row_pattern: Passed.
                                                  sv_variable_row_pattern_2023: Passed.
                                                          sv_variable_row_loop: Passed.
                                                     sv_variable_row_loop_2023: Passed.
                                                    sv_variable_row_shape_fail: Passed - CE.
                                               sv_variable_row_shape_fail_2023: Passed - CE.
                                      sv_constraint_state_selected_fixed_array: Passed.
                                 sv_constraint_state_selected_fixed_array_2023: Passed.
                               sv_constraint_state_selected_fixed_array_bounds: Passed.
                          sv_constraint_state_selected_fixed_array_bounds_2023: Passed.
                                         sv_constraint_two_state_x_index_error: Passed.
                                    sv_constraint_two_state_x_index_error_2023: Passed.
                                                    sv_cast_exact_width_solver: Passed.
                                               sv_cast_exact_width_solver_2023: Passed.
                                                         sv_cast_typed_builtin: Passed.
                                                    sv_cast_typed_builtin_2023: Passed.
                          sv_constraint_cast_supported_owner_queue_qfield_cast: Passed.
                     sv_constraint_cast_supported_owner_queue_qfield_cast_2023: Passed.
                                              sv_constraint_integral_cast_core: Passed.
                                         sv_constraint_integral_cast_core_2023: Passed.
                                    sv_constraint_integral_cast_nested_context: Passed.
                               sv_constraint_integral_cast_nested_context_2023: Passed.
                                     sv_constraint_nested_dynamic_outer_resize: Passed.
                                sv_constraint_nested_dynamic_outer_resize_2023: Passed.
                                  sv_constraint_nested_dynamic_handle_boundary: Passed.
                             sv_constraint_nested_dynamic_handle_boundary_2023: Passed.
                                         sv_constraint_foreach_deep_state_path: Passed.
                                    sv_constraint_foreach_deep_state_path_2023: Passed.
                                sv_constraint_foreach_deep_state_path_nonarray: Passed - CE.
                           sv_constraint_foreach_deep_state_path_nonarray_2023: Passed - CE.
                                     sv_constraint_integral_cast_shift_context: Passed.
                                sv_constraint_integral_cast_shift_context_2023: Passed.
                                        sv_constraint_integral_cast_signed_ops: Passed.
                                   sv_constraint_integral_cast_signed_ops_2023: Passed.
                                        sv_constraint_integral_cast_state_fail: Passed.
                                   sv_constraint_integral_cast_state_fail_2023: Passed.
                                                sv_constraint_cast_fixed_index: Passed.
                                           sv_constraint_cast_fixed_index_2023: Passed.
                                              sv_randomize_joint_multiple_dist: Passed.
                                         sv_randomize_joint_multiple_dist_2023: Passed.
                                         sv_randomize_joint_multiple_dist_fail: Passed.
                                    sv_randomize_joint_multiple_dist_fail_2023: Passed.
                                       sv_constraint_cast_inside_global_common: Passed.
                                  sv_constraint_cast_inside_global_common_2023: Passed.
                                          sv_constraint_inside_wide_class_fail: Passed - CE.
                                     sv_constraint_inside_wide_class_fail_2023: Passed - CE.
                                          sv_constraint_inside_wide_scope_fail: Passed - CE.
                                     sv_constraint_inside_wide_scope_fail_2023: Passed - CE.
                                         sv_constraint_cast_inside_queue_state: Passed.
                                    sv_constraint_cast_inside_queue_state_2023: Passed.
                                   sv_constraint_cast_inside_scope_queue_state: Passed.
                              sv_constraint_cast_inside_scope_queue_state_2023: Passed.
                                              sv_constraint_inside_queue_state: Passed.
                                         sv_constraint_inside_queue_state_2023: Passed.
                                        sv_constraint_inside_scope_queue_state: Passed.
                                   sv_constraint_inside_scope_queue_state_2023: Passed.
                                                synth_pending_nba_case_default: Passed.
                                           synth_pending_nba_case_default_2023: Passed.
                                               synth_pending_nba_case_no_match: Passed.
                                          synth_pending_nba_case_no_match_2023: Passed.
                                            synth_pending_nba_compact_old_read: Passed.
                                       synth_pending_nba_compact_old_read_2023: Passed.
                                                synth_pending_nba_concat_order: Passed.
                                           synth_pending_nba_concat_order_2023: Passed.
                                   synth_pending_nba_conditional_blocking_hold: Passed.
                              synth_pending_nba_conditional_blocking_hold_2023: Passed.
                                   synth_pending_nba_conditional_blocking_read: Passed.
                              synth_pending_nba_conditional_blocking_read_2023: Passed.
                                        synth_pending_nba_conditional_disjoint: Passed.
                                   synth_pending_nba_conditional_disjoint_2023: Passed.
                                                synth_pending_nba_loop_capture: Passed.
                                           synth_pending_nba_loop_capture_2023: Passed.
                                            synth_pending_nba_partial_blocking: Passed.
                                       synth_pending_nba_partial_blocking_2023: Passed.
                                       synth_pending_nba_unpacked_dynamic_part: Passed.
                                  synth_pending_nba_unpacked_dynamic_part_2023: Passed.
                                            synth_pending_nba_assignment_order: Passed.
                                       synth_pending_nba_assignment_order_2023: Passed.
                                      synth_pending_nba_assignment_order_async: Passed.
                                 synth_pending_nba_assignment_order_async_2023: Passed.
                                 synth_pending_nba_blocking-overwrite-boundary: Passed.
                            synth_pending_nba_blocking-overwrite-boundary_2023: Passed.
                          synth_pending_nba_blocking-overwrite-packed-boundary: Passed.
                     synth_pending_nba_blocking-overwrite-packed-boundary_2023: Passed.
                                                     sv_wide_word_positive_oob: Passed.
                                                sv_wide_word_positive_oob_2023: Passed.
                                               sv_wide_word_positive_oob_synth: Passed.
                                          sv_wide_word_positive_oob_synth_2023: Passed.
                                                    sv_wide_word_signed_bounds: Passed.
                                               sv_wide_word_signed_bounds_2023: Passed.
                                              sv_wide_word_signed_bounds_synth: Passed.
                                         sv_wide_word_signed_bounds_synth_2023: Passed.
                                                     sv_wide_word_valid_bounds: Passed.
                                                sv_wide_word_valid_bounds_2023: Passed.
                                               sv_wide_word_valid_bounds_synth: Passed.
                                          sv_wide_word_valid_bounds_synth_2023: Passed.
                                       sv_unowned_unpacked_word_initialization: Passed.
                                  sv_unowned_unpacked_word_initialization_2023: Passed.
                                 sv_unowned_unpacked_word_initialization_synth: Passed.
                            sv_unowned_unpacked_word_initialization_synth_2023: Passed.
                                                    sv_word_part_selector_once: Passed.
                                               sv_word_part_selector_once_2023: Passed.
                                            sv_uarray_invalid_row_mixed_driver: Passed.
                                       sv_uarray_invalid_row_mixed_driver_2023: Passed.
                                                                dffsynth4_2017: Passed.
                                                                dffsynth4_2023: Passed.
                                          sv_constraint_object_method_receiver: Passed.
                                     sv_constraint_object_method_receiver_2023: Passed.
                                        sv_constraint_object_method_state_fail: Passed.
                                   sv_constraint_object_method_state_fail_2023: Passed.
                              sv_constraint_object_method_impure_override_fail: Passed - CE.
                         sv_constraint_object_method_impure_override_fail_2023: Passed - CE.
                                                      sv_enum_bare_name_concat: Passed.
                                                 sv_enum_bare_name_concat_2023: Passed.
                                                  sv_enum_bare_num_string_fail: Passed - CE.
                                             sv_enum_bare_num_string_fail_2023: Passed - CE.
                                                   sv_covergroup_signed_ranges: Passed.
                                              sv_covergroup_signed_ranges_2023: Passed.
                                                 sv_covergroup_open_end_ranges: Passed.
                                            sv_covergroup_open_end_ranges_2023: Passed.
                                             sv_covergroup_open_end_transition: Passed.
                                        sv_covergroup_open_end_transition_2023: Passed.
                                           sv_covergroup_open_end_both_illegal: Passed - CE.
                                      sv_covergroup_open_end_both_illegal_2023: Passed - CE.
                                         sv_covergroup_signed_range_resolution: Passed.
                                    sv_covergroup_signed_range_resolution_2023: Passed.
                                                    sv_covergroup_signed_cross: Passed.
                                               sv_covergroup_signed_cross_2023: Passed.
                                      sv_covergroup_inside_unsigned_comparison: Passed.
                                 sv_covergroup_inside_unsigned_comparison_2023: Passed.
                                                sv_covergroup_signed_range_cap: Passed - CE.
                                           sv_covergroup_signed_range_cap_2023: Passed - CE.
                                                     sv_constraint_divmod_zero: Passed.
                                                sv_constraint_divmod_zero_2023: Passed.
                                              sv_randomize_joint_ordered_randc: Passed.
                                         sv_randomize_joint_ordered_randc_2023: Passed.
                                         sv_randomize_joint_ordered_randc_fail: Passed.
                                    sv_randomize_joint_ordered_randc_fail_2023: Passed.
                                                          sv_continuous_string: Passed.
                                                  sv_continuous_string_dynamic: Passed.
                                               sv_string_constant_empty_concat: Passed.
                                                 sv_string_function_dependency: Passed.
                                                            sv_string_timezero: Passed.
                                                        sv_string_update_count: Passed.
                                                          sv_string_zero_delay: Passed.
                                             sv_continuous_string_multi_driver: Passed - CE.
                                                 sv_string_initializer_overlap: Passed - CE.
                                                  sv_string_procedural_overlap: Passed - CE.
                                                  sv_string_synthesis_boundary: Passed - CE.
                                                     sv_continuous_string_2023: Passed.
                                             sv_continuous_string_dynamic_2023: Passed.
                                          sv_string_constant_empty_concat_2023: Passed.
                                            sv_string_function_dependency_2023: Passed.
                                                       sv_string_timezero_2023: Passed.
                                                   sv_string_update_count_2023: Passed.
                                                     sv_string_zero_delay_2023: Passed.
                                        sv_continuous_string_multi_driver_2023: Passed - CE.
                                            sv_string_initializer_overlap_2023: Passed - CE.
                                             sv_string_procedural_overlap_2023: Passed - CE.
                                             sv_string_synthesis_boundary_2023: Passed - CE.
                                               sv_output_variable_logic_vector: Passed.
                                          sv_output_variable_procedural_struct: Passed.
                                         sv_output_variable_interface_resolved: Passed.
                                               sv_output_explicit_wire_control: Passed.
                                              sv_output_variable_scalar_nested: Passed.
                                      sv_output_variable_input_inout_neighbors: Passed.
                                            sv_output_variable_multiple_driver: Passed - CE.
                                         sv_output_variable_procedural_overlap: Passed - CE.
                                        sv_output_variable_initializer_overlap: Passed - CE.
                                            sv_output_variable_selected_actual: Passed.
                                    sv_output_variable_selected_actual_overlap: Passed - CE.
                                            sv_output_variable_unpacked_actual: Passed.
                                        sv_output_variable_scalar_nested_synth: Passed.
                                          sv_output_variable_logic_vector_2023: Passed.
                                     sv_output_variable_procedural_struct_2023: Passed.
                                    sv_output_variable_interface_resolved_2023: Passed.
                                          sv_output_explicit_wire_control_2023: Passed.
                                         sv_output_variable_scalar_nested_2023: Passed.
                                 sv_output_variable_input_inout_neighbors_2023: Passed.
                                       sv_output_variable_multiple_driver_2023: Passed - CE.
                                    sv_output_variable_procedural_overlap_2023: Passed - CE.
                                   sv_output_variable_initializer_overlap_2023: Passed - CE.
                                       sv_output_variable_selected_actual_2023: Passed.
                               sv_output_variable_selected_actual_overlap_2023: Passed - CE.
                                       sv_output_variable_unpacked_actual_2023: Passed.
                                   sv_output_variable_scalar_nested_synth_2023: Passed.
                                sv_randomize_joint_ordered_randc_multiple_dist: Passed.
                           sv_randomize_joint_ordered_randc_multiple_dist_2023: Passed.
                       sv_randomize_joint_ordered_randc_multiple_dist_boundary: Passed.
                  sv_randomize_joint_ordered_randc_multiple_dist_boundary_2023: Passed.
                        sv_randomize_joint_unordered_randc_multiple_dist_large: Passed.
                   sv_randomize_joint_unordered_randc_multiple_dist_large_2023: Passed.
                   sv_randomize_joint_ordered_randc_multidist_range_cap_atomic: Passed.
              sv_randomize_joint_ordered_randc_multidist_range_cap_atomic_2023: Passed.
                                                sv_event_boolean_atomic_static: Passed.
                                           sv_event_boolean_atomic_static_2023: Passed.
                                               sv_event_boolean_atomic_dynamic: Passed.
                                          sv_event_boolean_atomic_dynamic_2023: Passed.
                                                 sv_event_boolean_pulse_static: Passed.
                                            sv_event_boolean_pulse_static_2023: Passed.
                                                  sv_synth_event_clock_coexist: Passed.
                                             sv_synth_event_clock_coexist_2023: Passed.
                                           sv_event_boolean_pulse_static_synth: Passed.
                                      sv_event_boolean_pulse_static_synth_2023: Passed.
                                                sv_event_boolean_pulse_dynamic: Passed.
                                           sv_event_boolean_pulse_dynamic_2023: Passed.
                                          sv_event_boolean_reconvergent_static: Passed.
                                     sv_event_boolean_reconvergent_static_2023: Passed.
                                         sv_event_boolean_reconvergent_dynamic: Passed.
                                    sv_event_boolean_reconvergent_dynamic_2023: Passed.
                                                sv_event_edge_transition_table: Passed.
                                           sv_event_edge_transition_table_2023: Passed.
                                                     sv_event_automatic_rebind: Passed.
                                                sv_event_automatic_rebind_2023: Passed.
                                                       sv_event_compound_edges: Passed.
                                                  sv_event_compound_edges_2023: Passed.
                                                         sv_event_guarded_null: Passed.
                                                    sv_event_guarded_null_2023: Passed.
                                                       sv_event_mixed_event_or: Passed.
                                                  sv_event_mixed_event_or_2023: Passed.
                                                        sv_event_pulse_dynamic: Passed.
                                                   sv_event_pulse_dynamic_2023: Passed.
                                                         sv_event_pulse_static: Passed.
                                                    sv_event_pulse_static_2023: Passed.
                                                        sv_event_rebind_stress: Passed.
                                                   sv_event_rebind_stress_2023: Passed.
                                            sv_event_null_arm_same_slot_rebind: Passed - RE.
                                       sv_event_null_arm_same_slot_rebind_2023: Passed - RE.
                                             sv_event_null_dereference_runtime: Passed - RE.
                                        sv_event_null_dereference_runtime_2023: Passed - RE.
                                                 sv_event_null_negedge_runtime: Passed - RE.
                                            sv_event_null_negedge_runtime_2023: Passed - RE.
                                           sv_event_null_x_conditional_runtime: Passed - RE.
                                      sv_event_null_x_conditional_runtime_2023: Passed - RE.
                                         sv_event_automatic_static_null_active: Passed - RE.
                                    sv_event_automatic_static_null_active_2023: Passed - RE.
                                                     sv_event_real_edge_reject: Passed - CE.
                                                sv_event_real_edge_reject_2023: Passed - CE.
                                               sv_event_automatic_part_context: Passed.
                                          sv_event_automatic_part_context_2023: Passed.
                                           sv_event_automatic_vif_part_context: Passed.
                                      sv_event_automatic_vif_part_context_2023: Passed.
                                               sv_event_nba_active_interaction: Passed.
                                          sv_event_nba_active_interaction_2023: Passed.
                                                    sv_event_nba_context_reuse: Passed.
                                               sv_event_nba_context_reuse_2023: Passed.
                                                 sv_event_nba_vif_guard_settle: Passed.
                                            sv_event_nba_vif_guard_settle_2023: Passed.
                                             sv_event_nba_vif_active_null_fail: Passed - RE.
                                        sv_event_nba_vif_active_null_fail_2023: Passed - RE.
                                             sv_event_renba_boolean_coalescing: Passed.
                                        sv_event_renba_boolean_coalescing_2023: Passed.
                                                    sv_struct_array_constraint: Passed.
                                             sv_struct_array_constraint_bounds: Passed.
                                              sv_struct_array_constraint_state: Passed.
                                               sv_struct_array_constraint_dist: Passed.
                                           sv_struct_array_constraint_explicit: Passed.
                                                     sv_struct_array_rand_mode: Passed.
                                              sv_struct_array_rand_mode_bounds: Passed.
                                                sv_struct_array_randc_rollback: Passed.
                                             sv_struct_array_constraint_4state: Passed.
                                          sv_struct_array_rand_mode_query_fail: Passed - CE.
                                         sv_struct_array_constraint_shape_fail: Passed - CE.
                                                  sv_struct_array_randc_subset: Passed.
                                                    sv_vif_descendant_detached: Passed.
                                                    sv_vif_descendant_retained: Passed.
                                                      sv_vif_descendant_direct: Passed.
                                                  sv_vif_descendant_concurrent: Passed.
                                                      sv_vif_descendant_rebind: Passed.
                                                      sv_vif_descendant_nested: Passed.
                                                       sv_vif_descendant_reuse: Passed.
                                                   sv_vif_descendant_recursive: Passed.
                                                   sv_vif_descendant_null_fail: Passed - RE.
                                               sv_dist_large_exact_probability: Passed.
                                          sv_dist_large_exact_probability_2023: Passed.
                                           sv_dist_large_exact_connected_state: Passed.
                                      sv_dist_large_exact_connected_state_2023: Passed.
                                              sv_dist_large_exact_pinned_state: Passed.
                                         sv_dist_large_exact_pinned_state_2023: Passed.
                                                sv_dist_large_exact_boundaries: Passed.
                                           sv_dist_large_exact_boundaries_2023: Passed.
                                             sv_dist_large_exact_overflow_fail: Passed.
                                        sv_dist_large_exact_overflow_fail_2023: Passed.
                                         sv_dist_large_exact_coupled_projected: Passed.
                                    sv_dist_large_exact_coupled_projected_2023: Passed.
                                          sv_dist_large_exact_reject_projected: Passed.
                                     sv_dist_large_exact_reject_projected_2023: Passed.
                                               sv_packed_tri_feedback_converge: Passed.
                                          sv_packed_tri_feedback_converge_2023: Passed.
                                             sv_packed_tri_feedback_resolution: Passed.
                                        sv_packed_tri_feedback_resolution_2023: Passed.
                                                    sv_packed_tri_startup_slot: Passed.
                                               sv_packed_tri_startup_slot_2023: Passed.
                                      sv_dist_large_exact_singleton_expression: Passed.
                              sv_dist_large_exact_nonsingleton_expression_fail: Passed.
                                           sv_dist_large_exact_singleton_unsat: Passed.
                                 sv_dist_large_exact_singleton_expression_2023: Passed.
                         sv_dist_large_exact_nonsingleton_expression_fail_2023: Passed.
                                      sv_dist_large_exact_singleton_unsat_2023: Passed.
                                             sv_mixed_event_disable_reuse_2017: Passed.
                                             sv_mixed_event_disable_reuse_2023: Passed.
                                          sv_mixed_event_invalid_selector_2017: Passed.
                                          sv_mixed_event_invalid_selector_2023: Passed.
                                  sv_mixed_event_local_index_value_filter_2017: Passed.
                                  sv_mixed_event_local_index_value_filter_2023: Passed.
                                          sv_mixed_event_multi_path_local_2017: Passed.
                                          sv_mixed_event_multi_path_local_2023: Passed.
                                        sv_mixed_event_parallel_automatic_2017: Passed.
                                        sv_mixed_event_parallel_automatic_2023: Passed.
                                     sv_mixed_event_program_queued_writer_2017: Passed.
                                     sv_mixed_event_program_queued_writer_2023: Passed.
                                       sv_mixed_event_root_after_ordinary_2017: Passed.
                                       sv_mixed_event_root_after_ordinary_2023: Passed.
                                       sv_mixed_event_selected_unselected_2017: Passed.
                                       sv_mixed_event_selected_unselected_2023: Passed.
                                              sv_mixed_event_simultaneous_2017: Passed.
                                              sv_mixed_event_simultaneous_2023: Passed.
                                             sv_mixed_event_runtime_chain_2017: Passed.
                                             sv_mixed_event_runtime_chain_2023: Passed.
                                 sv_mixed_event_original_shape_data_pulse_2017: Passed.
                                 sv_mixed_event_original_shape_data_pulse_2023: Passed.
                             sv_mixed_event_original_shape_selector_pulse_2017: Passed.
                             sv_mixed_event_original_shape_selector_pulse_2023: Passed.
                                  sv_mixed_event_transient_selected_pulse_2017: Passed.
                                  sv_mixed_event_transient_selected_pulse_2023: Passed.
                                  sv_mixed_event_transient_selector_pulse_2017: Passed.
                                  sv_mixed_event_transient_selector_pulse_2023: Passed.
                                      sv_mixed_event_automatic_sfunc_expr_2017: Passed.
                                      sv_mixed_event_automatic_sfunc_expr_2023: Passed.
                                   sv_mixed_event_samepins_different_expr_2017: Passed.
                                   sv_mixed_event_samepins_different_expr_2023: Passed.
                                      sv_mixed_event_selector_side_effect_2017: Passed.
                                      sv_mixed_event_selector_side_effect_2023: Passed.
                                       sv_mixed_event_conditional_capture_2017: Passed.
                                       sv_mixed_event_conditional_capture_2023: Passed.
                                   sv_mixed_event_nested_owner_concurrent_2017: Passed.
                                   sv_mixed_event_nested_owner_concurrent_2023: Passed.
                                sv_mixed_event_method_selector_dependency_2017: Passed.
                                sv_mixed_event_method_selector_dependency_2023: Passed.
                                           sv_mixed_event_full_expr_forms_2017: Passed.
                                           sv_mixed_event_full_expr_forms_2023: Passed.
                                     sv_mixed_event_disable_during_sample_2017: Passed.
                                     sv_mixed_event_disable_during_sample_2023: Passed.
                                        sv_whole_function_event_assoc_num_2017: Passed.
                                        sv_whole_function_event_assoc_num_2023: Passed.
                             sv_whole_function_event_concurrent_automatic_2017: Passed.
                             sv_whole_function_event_concurrent_automatic_2023: Passed.
                                    sv_whole_function_event_dual_receiver_2017: Passed.
                                    sv_whole_function_event_dual_receiver_2023: Passed.
                                     sv_whole_function_event_dynamic_size_2017: Passed.
                                     sv_whole_function_event_dynamic_size_2023: Passed.
                                 sv_whole_function_event_factory_constant_2017: Passed.
                                 sv_whole_function_event_factory_constant_2023: Passed.
                                sv_whole_function_event_factory_no_inputs_2017: Passed.
                                sv_whole_function_event_factory_no_inputs_2023: Passed.
                                   sv_whole_function_event_factory_rebind_2017: Passed.
                                   sv_whole_function_event_factory_rebind_2023: Passed.
                                 sv_whole_function_event_factory_receiver_2017: Passed.
                                 sv_whole_function_event_factory_receiver_2023: Passed.
                                      sv_whole_function_event_nested_body_2017: Passed.
                                      sv_whole_function_event_nested_body_2023: Passed.
                                    sv_whole_function_event_nested_rebind_2017: Passed.
                                    sv_whole_function_event_nested_rebind_2023: Passed.
                                 sv_whole_function_event_no_parens_static_2017: Passed.
                                 sv_whole_function_event_no_parens_static_2023: Passed.
                                    sv_whole_function_event_null_negative_2017: Passed - RE.
                                    sv_whole_function_event_null_negative_2023: Passed - RE.
                             sv_whole_function_event_null_nested_negative_2017: Passed - RE.
                             sv_whole_function_event_null_nested_negative_2023: Passed - RE.
                                   sv_whole_function_event_program_queued_2017: Passed.
                                   sv_whole_function_event_program_queued_2023: Passed.
                                       sv_whole_function_event_queue_size_2017: Passed.
                                       sv_whole_function_event_queue_size_2023: Passed.
                                    sv_whole_function_event_real_negative_2017: Passed - CE.
                                    sv_whole_function_event_real_negative_2023: Passed - CE.
                              sv_whole_function_event_receiver_expression_2017: Passed.
                              sv_whole_function_event_receiver_expression_2023: Passed.
                                  sv_whole_function_event_receiver_rebind_2017: Passed.
                                  sv_whole_function_event_receiver_rebind_2023: Passed.
                                         sv_whole_function_event_selector_2017: Passed.
                                         sv_whole_function_event_selector_2023: Passed.
                                   sv_whole_function_event_static_forward_2017: Passed.
                                   sv_whole_function_event_static_forward_2023: Passed.
                                     sv_whole_function_event_static_later_2017: Passed.
                                     sv_whole_function_event_static_later_2023: Passed.
                                    sv_whole_function_event_static_member_2017: Passed.
                                    sv_whole_function_event_static_member_2023: Passed.
                                             sv_class_event_list_comma_or_2017: Passed.
                                             sv_class_event_list_comma_or_2023: Passed.
                                       sv_class_event_list_rebind_refresh_2017: Passed.
                                       sv_class_event_list_rebind_refresh_2023: Passed.
                                    sv_class_event_list_four_state_widths_2017: Passed.
                                    sv_class_event_list_four_state_widths_2023: Passed.
                                     sv_class_event_list_automatic_cancel_2017: Passed.
                                     sv_class_event_list_automatic_cancel_2023: Passed.
                                    sv_class_event_list_prequeued_regions_2017: Passed.
                                    sv_class_event_list_prequeued_regions_2023: Passed.
                                sv_class_event_list_mixed_static_constant_2017: Passed.
                                sv_class_event_list_mixed_static_constant_2023: Passed.
                                      sv_class_event_list_automatic_local_2017: Passed.
                                      sv_class_event_list_automatic_local_2023: Passed.
                                     sv_class_event_list_ordinary_control_2017: Passed.
                                     sv_class_event_list_ordinary_control_2023: Passed.
                                       sv_class_event_list_invalid_member_2017: Passed - CE.
                                       sv_class_event_list_invalid_member_2023: Passed - CE.
                                                 sv_class_event_triggered_2017: Passed.
                                                 sv_class_event_triggered_2023: Passed.
                                    sv_selected_vif_edge_automatic_cancel_2017: Passed.
                                    sv_selected_vif_edge_automatic_cancel_2023: Passed.
                       sv_selected_vif_edge_cached_successor_process_kill_2017: Passed.
                       sv_selected_vif_edge_cached_successor_process_kill_2023: Passed.
                         sv_selected_vif_edge_class_index_ordinary_vector_2017: Passed.
                         sv_selected_vif_edge_class_index_ordinary_vector_2023: Passed.
                       sv_selected_vif_edge_concurrent_same_signal_cancel_2017: Passed.
                       sv_selected_vif_edge_concurrent_same_signal_cancel_2023: Passed.
                     sv_selected_vif_edge_concurrent_same_signal_delivery_2017: Passed.
                     sv_selected_vif_edge_concurrent_same_signal_delivery_2023: Passed.
                                       sv_selected_vif_edge_dynamic_index_2017: Passed.
                                       sv_selected_vif_edge_dynamic_index_2023: Passed.
                               sv_selected_vif_edge_edge_transition_table_2017: Passed.
                               sv_selected_vif_edge_edge_transition_table_2023: Passed.
                                    sv_selected_vif_edge_four_state_edges_2017: Passed.
                                    sv_selected_vif_edge_four_state_edges_2023: Passed.
                                  sv_selected_vif_edge_invalid_real_index_2017: Passed - CE.
                                  sv_selected_vif_edge_invalid_real_index_2023: Passed - CE.
                                       sv_selected_vif_edge_nested_rebind_2017: Passed.
                                       sv_selected_vif_edge_nested_rebind_2023: Passed.
                                sv_selected_vif_edge_null_rebind_negative_2017: Passed - RE.
                                sv_selected_vif_edge_null_rebind_negative_2023: Passed - RE.
                             sv_selected_vif_edge_null_vif_function_guard_2017: Passed.
                             sv_selected_vif_edge_null_vif_function_guard_2023: Passed.
                          sv_selected_vif_edge_null_vif_function_negative_2017: Passed - RE.
                          sv_selected_vif_edge_null_vif_function_negative_2023: Passed - RE.
                                   sv_selected_vif_edge_null_vif_negative_2017: Passed - RE.
                                   sv_selected_vif_edge_null_vif_negative_2023: Passed - RE.
                                sv_selected_vif_edge_ordinary_vif_control_2017: Passed.
                                sv_selected_vif_edge_ordinary_vif_control_2023: Passed.
                             sv_selected_vif_edge_out_of_range_index_edge_2017: Passed.
                             sv_selected_vif_edge_out_of_range_index_edge_2023: Passed.
                                sv_selected_vif_edge_selected_suppression_2017: Passed.
                                sv_selected_vif_edge_selected_suppression_2023: Passed.
                                  sv_selected_vif_edge_unknown_index_edge_2017: Passed.
                                  sv_selected_vif_edge_unknown_index_edge_2023: Passed.
                             sv_selected_vif_edge_vif_function_dependency_2017: Passed.
                             sv_selected_vif_edge_vif_function_dependency_2023: Passed.
                                                    sv_until_continuation_2017: Passed.
                                                    sv_until_continuation_2023: Passed.
                                                       sv_until_fourstate_2017: Passed.
                                                       sv_until_fourstate_2023: Passed.
                                                    sv_until_empty_concat_2017: Passed.
                                                    sv_until_empty_concat_2023: Passed.
                                                   sv_until_leading_empty_2017: Passed.
                                                   sv_until_leading_empty_2023: Passed.
                                                      sv_until_real_truth_2017: Passed.
                                                      sv_until_real_truth_2023: Passed.
                                                   sv_until_leading_delay_2017: Passed.
                                                   sv_until_leading_delay_2023: Passed.
                                                        sv_until_empty_or_2017: Passed.
                                                        sv_until_empty_or_2023: Passed.
                                          sv_until_unknown_local_snapshot_2017: Passed.
                                          sv_until_unknown_local_snapshot_2023: Passed.
                                                    sv_constraint_caller_queue: Passed.
                                               sv_constraint_caller_queue_2023: Passed.
                                           sv_constraint_caller_queue_rollback: Passed.
                                      sv_constraint_caller_queue_rollback_2023: Passed.
                                         sv_constraint_caller_queue_boundaries: Passed.
                                    sv_constraint_caller_queue_boundaries_2023: Passed.
                                     sv_constraint_inline_function_lookup_2017: Passed.
                                     sv_constraint_inline_function_lookup_2023: Passed.
                                     sv_constraint_inline_function_rebind_2017: Passed.
                                     sv_constraint_inline_function_rebind_2023: Passed.
                                       sv_constraint_inline_function_once_2017: Passed.
                                       sv_constraint_inline_function_once_2023: Passed.
                                       sv_constraint_inline_function_null_2017: Passed.
                                       sv_constraint_inline_function_null_2023: Passed.
                                sv_constraint_inline_function_caller_null_2017: Passed.
                                sv_constraint_inline_function_caller_null_2023: Passed.
                                  sv_constraint_inline_function_caller_xz_2017: Passed.
                                  sv_constraint_inline_function_caller_xz_2023: Passed.
                                                   sv_constraint_caller_method: Passed.
                                              sv_constraint_caller_method_2023: Passed.
                                             sv_constraint_caller_method_local: Passed.
                                        sv_constraint_caller_method_local_2023: Passed.
                                         sv_constraint_caller_method_collision: Passed - CE.
                                    sv_constraint_caller_method_collision_2023: Passed - CE.
                                        sv_constraint_solve_before_fixed_array: Passed.
                                   sv_constraint_solve_before_fixed_array_2023: Passed.
                                    sv_constraint_solve_before_fixed_array_neg: Passed - CE.
                               sv_constraint_solve_before_fixed_array_neg_2023: Passed - CE.
                                                        sv_constraint_state_xz: Passed.
                                                   sv_constraint_state_xz_2023: Passed.
                                         sv_class_prop_queue_pop_front_noparen: Passed.
                                    sv_class_prop_queue_pop_front_noparen_2023: Passed.
                                            sv_class_prop_queue_pop_arity_fail: Passed - CE.
                                       sv_class_prop_queue_pop_arity_fail_2023: Passed - CE.
                                                    sv_assoc_queue_pop_invalid: Passed - CE.
                                               sv_assoc_queue_pop_invalid_2023: Passed - CE.
                                                      sv_assoc_find_index_2017: Passed.
                                                      sv_assoc_find_index_2023: Passed.
                                          sv_assoc_find_index_unsupported_2017: Passed - CE.
                                          sv_assoc_find_index_unsupported_2023: Passed - CE.
                                         sv_class_event_multi_object_list_2017: Passed.
                                         sv_class_event_multi_object_list_2023: Passed.
                                               sv_inside_const_array_parameter: Passed.
                                          sv_inside_const_array_parameter_2023: Passed.
                                       sv_inside_const_array_parameter_invalid: Passed - CE.
                                  sv_inside_const_array_parameter_invalid_2023: Passed - CE.
                                          sv_named_event_triggered_sensitivity: Passed.
                                     sv_named_event_triggered_sensitivity_2023: Passed.
                                            sv_named_event_triggered_automatic: Passed.
                                       sv_named_event_triggered_automatic_2023: Passed.
                                    sv_named_event_triggered_mixed_unsupported: Passed - CE.
                               sv_named_event_triggered_mixed_unsupported_2023: Passed - CE.
                                            sv_packed_net_array_forward_concat: Passed.
                                       sv_packed_net_array_forward_concat_2023: Passed.
                                             sv_packed_net_array_proc_net_fail: Passed - CE.
                                        sv_packed_net_array_proc_net_fail_2023: Passed - CE.
                                                   sv_joint_proven_guard_macro: Passed.
                                              sv_joint_proven_guard_macro_2023: Passed.
                                                sv_joint_proven_guard_positive: Passed.
                                           sv_joint_proven_guard_positive_2023: Passed.
                                              sv_joint_proven_guard_unresolved: Passed.
                                         sv_joint_proven_guard_unresolved_2023: Passed.
                                             sv_joint_proven_guard_conjunction: Passed.
                                        sv_joint_proven_guard_conjunction_2023: Passed.
                                               sv_joint_proven_guard_selfproof: Passed.
                                          sv_joint_proven_guard_selfproof_2023: Passed.
                                                  sv_joint_ordered_guard_fiber: Passed.
                                             sv_joint_ordered_guard_fiber_2023: Passed.
                                              sv_joint_ordered_guard_tautology: Passed.
                                         sv_joint_ordered_guard_tautology_2023: Passed.
                                         sv_joint_ordered_guard_coupled_reject: Passed.
                                    sv_joint_ordered_guard_coupled_reject_2023: Passed.
                                       sv_joint_ordered_guard_independent_pair: Passed.
                                  sv_joint_ordered_guard_independent_pair_2023: Passed.
                                           sv_joint_ordered_guard_randc_reject: Passed.
                                      sv_joint_ordered_guard_randc_reject_2023: Passed.
                                      sv_joint_ordered_guard_prefix_cap_reject: Passed.
                                 sv_joint_ordered_guard_prefix_cap_reject_2023: Passed.
                                         sv_interface_task_mixed_driver_strict: Passed - CE.
                                    sv_interface_task_mixed_driver_strict_2023: Passed - CE.
                                  sv_interface_task_mixed_driver_unused_unsafe: Passed.
                             sv_interface_task_mixed_driver_unused_unsafe_2023: Passed.
                                  sv_interface_task_mixed_driver_called_unsafe: Passed - CE.
                             sv_interface_task_mixed_driver_called_unsafe_2023: Passed - CE.
                                sv_interface_task_mixed_driver_indirect_unsafe: Passed - CE.
                           sv_interface_task_mixed_driver_indirect_unsafe_2023: Passed - CE.
                                   sv_interface_task_mixed_driver_alias_unsafe: Passed - CE.
                              sv_interface_task_mixed_driver_alias_unsafe_2023: Passed - CE.
                                 sv_interface_task_mixed_driver_sibling_unsafe: Passed - CE.
                            sv_interface_task_mixed_driver_sibling_unsafe_2023: Passed - CE.
                            sv_interface_task_mixed_driver_live_process_unsafe: Passed - CE.
                       sv_interface_task_mixed_driver_live_process_unsafe_2023: Passed - CE.
                             sv_interface_task_mixed_driver_double_cont_unsafe: Passed - CE.
                        sv_interface_task_mixed_driver_double_cont_unsafe_2023: Passed - CE.
                             sv_interface_task_mixed_driver_static_init_strict: Passed - CE.
                        sv_interface_task_mixed_driver_static_init_strict_2023: Passed - CE.
                             sv_interface_task_mixed_driver_static_init_unsafe: Passed - CE.
                        sv_interface_task_mixed_driver_static_init_unsafe_2023: Passed - CE.
                                      sv_interface_task_mixed_driver_nb_strict: Passed - CE.
                                 sv_interface_task_mixed_driver_nb_strict_2023: Passed - CE.
                               sv_interface_task_mixed_driver_nb_unused_unsafe: Passed.
                          sv_interface_task_mixed_driver_nb_unused_unsafe_2023: Passed.
                               sv_interface_task_mixed_driver_nb_called_unsafe: Passed - CE.
                          sv_interface_task_mixed_driver_nb_called_unsafe_2023: Passed - CE.
                                     sv_interface_task_mixed_driver_ref_strict: Passed - CE.
                                sv_interface_task_mixed_driver_ref_strict_2023: Passed - CE.
                                     sv_interface_task_mixed_driver_ref_unsafe: Passed - CE.
                                sv_interface_task_mixed_driver_ref_unsafe_2023: Passed - CE.
                               sv_interface_task_mixed_driver_ref_class_strict: Passed - CE.
                          sv_interface_task_mixed_driver_ref_class_strict_2023: Passed - CE.
                               sv_interface_task_mixed_driver_ref_class_unsafe: Passed - CE.
                          sv_interface_task_mixed_driver_ref_class_unsafe_2023: Passed - CE.
                                                  sv_fatal_string_first_strict: Passed - RE.
                                             sv_fatal_string_first_strict_2023: Passed - RE.
                                                  sv_fatal_string_first_unsafe: Passed - RE.
                                             sv_fatal_string_first_unsafe_2023: Passed - RE.
                                               sv_fatal_string_variable_unsafe: Passed - RE.
                                          sv_fatal_string_variable_unsafe_2023: Passed - RE.
                                                      sv_fatal_explicit_finish: Passed - RE.
                                                 sv_fatal_explicit_finish_2023: Passed - RE.
                                              sv_assert_nested_packed_preponed: Passed.
                                         sv_assert_nested_packed_preponed_2023: Passed.
                                  sv_interface_port_mixed_driver_called_unsafe: Passed - CE.
                             sv_interface_port_mixed_driver_called_unsafe_2023: Passed - CE.
                            sv_interface_port_mixed_driver_class_handle_unsafe: Passed - CE.
                       sv_interface_port_mixed_driver_class_handle_unsafe_2023: Passed - CE.
                                   sv_interface_port_mixed_driver_clean_strict: Passed.
                              sv_interface_port_mixed_driver_clean_strict_2023: Passed.
                             sv_interface_port_mixed_driver_direct_port_strict: Passed - CE.
                        sv_interface_port_mixed_driver_direct_port_strict_2023: Passed - CE.
                             sv_interface_port_mixed_driver_direct_port_unsafe: Passed - CE.
                        sv_interface_port_mixed_driver_direct_port_unsafe_2023: Passed - CE.
                                 sv_interface_port_mixed_driver_dynamic_unsafe: Passed - CE.
                            sv_interface_port_mixed_driver_dynamic_unsafe_2023: Passed - CE.
                         sv_interface_port_mixed_driver_modport_dynamic_unsafe: Passed - CE.
                    sv_interface_port_mixed_driver_modport_dynamic_unsafe_2023: Passed - CE.
                                sv_interface_port_mixed_driver_ref_port_strict: Passed - CE.
                           sv_interface_port_mixed_driver_ref_port_strict_2023: Passed - CE.
                                sv_interface_port_mixed_driver_ref_port_unsafe: Passed - CE.
                           sv_interface_port_mixed_driver_ref_port_unsafe_2023: Passed - CE.
                                 sv_interface_port_mixed_driver_sibling_unsafe: Passed - CE.
                            sv_interface_port_mixed_driver_sibling_unsafe_2023: Passed - CE.
                                sv_interface_port_mixed_driver_two_port_strict: Passed - CE.
                           sv_interface_port_mixed_driver_two_port_strict_2023: Passed - CE.
                                sv_interface_port_mixed_driver_two_port_unsafe: Passed - CE.
                           sv_interface_port_mixed_driver_two_port_unsafe_2023: Passed - CE.
                                  sv_interface_port_mixed_driver_unused_strict: Passed - CE.
                             sv_interface_port_mixed_driver_unused_strict_2023: Passed - CE.
                                  sv_interface_port_mixed_driver_unused_unsafe: Passed.
                             sv_interface_port_mixed_driver_unused_unsafe_2023: Passed.
                                                 sv_packed_full_feedback_chain: Passed.
                                            sv_packed_full_feedback_chain_2023: Passed.
                                                    sv_packed_partial_feedback: Passed.
                                               sv_packed_partial_feedback_2023: Passed.
                                                sv_packed_partial_overlap_fail: Passed - CE.
                                           sv_packed_partial_overlap_fail_2023: Passed - CE.
                                                  sv_packed_continuous_bit_dag: Passed.
                                             sv_packed_continuous_bit_dag_2023: Passed.
                                             sv_packed_continuous_bit_strength: Passed.
                                        sv_packed_continuous_bit_strength_2023: Passed.
                                     sv_packed_continuous_bit_dag_overlap_fail: Passed - CE.
                                sv_packed_continuous_bit_dag_overlap_fail_2023: Passed - CE.
                                             sv_vif_class_nested_value_handoff: Passed.
                                        sv_vif_class_nested_value_handoff_2023: Passed.
                                           sv_vif_nested_clocking_event_rebind: Passed.
                                      sv_vif_nested_clocking_event_rebind_2023: Passed.
                                 sv_vif_nested_clocking_event_null_parent_fail: Passed - RE.
                            sv_vif_nested_clocking_event_null_parent_fail_2023: Passed - RE.
                                sv_vif_nested_clocking_event_hidden_child_fail: Passed - CE.
                           sv_vif_nested_clocking_event_hidden_child_fail_2023: Passed - CE.
                                     sv_vif_nested_clocking_event_missing_fail: Passed - CE.
                                sv_vif_nested_clocking_event_missing_fail_2023: Passed - CE.
                                        sv_vif_class_nested_value_missing_fail: Passed - CE.
                                   sv_vif_class_nested_value_missing_fail_2023: Passed - CE.
                                     sv_vif_class_nested_value_wrong_type_fail: Passed - CE.
                                sv_vif_class_nested_value_wrong_type_fail_2023: Passed - CE.
                                  sv_vif_class_nested_value_wrong_modport_fail: Passed - CE.
                             sv_vif_class_nested_value_wrong_modport_fail_2023: Passed - CE.
                                           sv_vif_class_nested_value_null_fail: Passed - RE.
                                      sv_vif_class_nested_value_null_fail_2023: Passed - RE.
                               sv_vif_class_nested_value_null_no_instance_fail: Passed - RE.
                          sv_vif_class_nested_value_null_no_instance_fail_2023: Passed - RE.
                         sv_vif_class_nested_value_no_instance_wrong_type_fail: Passed - CE.
                    sv_vif_class_nested_value_no_instance_wrong_type_fail_2023: Passed - CE.
                                               sv_function_output_bit_copyback: Passed.
                                          sv_function_output_bit_copyback_2023: Passed.
                                            sv_randomize_owner_receiver_inline: Passed.
                                       sv_randomize_owner_receiver_inline_2023: Passed.
                                           sv_randomize_owner_receiver_invalid: Passed - CE.
                                      sv_randomize_owner_receiver_invalid_2023: Passed - CE.
                                             sv_function_output_nonlvalue_fail: Passed - CE.
                                        sv_function_output_nonlvalue_fail_2023: Passed - CE.
                                           sv_constraint_partinfo_member_range: Passed.
                                      sv_constraint_partinfo_member_range_2023: Passed.
                                             sv_constraint_partinfo_bad_member: Passed - CE.
                                        sv_constraint_partinfo_bad_member_2023: Passed - CE.
                                    sv_constraint_partinfo_highbit_member_fail: Passed - CE.
                               sv_constraint_partinfo_highbit_member_fail_2023: Passed - CE.
                                             sv_constraint_partinfo_rand_index: Passed.
                                        sv_constraint_partinfo_rand_index_2023: Passed.
                                   sv_constraint_partinfo_rand_index_oob_logic: Passed.
                              sv_constraint_partinfo_rand_index_oob_logic_2023: Passed.
                                     sv_constraint_partinfo_rand_index_oob_bit: Passed.
                                sv_constraint_partinfo_rand_index_oob_bit_2023: Passed.
                                  sv_constraint_partinfo_rand_index_bad_member: Passed - CE.
                             sv_constraint_partinfo_rand_index_bad_member_2023: Passed - CE.
                              sv_constraint_partinfo_rand_index_negative_bound: Passed.
                         sv_constraint_partinfo_rand_index_negative_bound_2023: Passed.
                                      sv_constraint_partinfo_rand_index_x_leaf: Passed.
                                 sv_constraint_partinfo_rand_index_x_leaf_2023: Passed.
============================================================================
Test results:
  Total=4495, Passed=4495, Failed=0, Not Implemented=0, Expected Fail=0
